position_id,mint_address,ticker,strategy,amount_sol,entry_price_sol,opened_at,closed_at,close_reason,age_minutes,mcap_usd,volume_usd,txns_buys,txns_sells,txns_total,buy_sell_ratio,liquidity_usd,fdv,price_change_5m,price_change_1h,dev_holdings_pct,top10_holder_pct,rugcheck_result,profile,vol_mcap_ratio,score_proxy,mint_is_pump,realized_pnl_sol,adjusted_pnl_sol,win
e1d19ed4-54a0-4203-aaef-9addc1798b46,CjSBp63Wyng18WbmTQkeHMRvBhSp6BeHT5EG5wmKpump,BEPE,B,0.05,2.799e-08,2026-08-05T19:45:29.309137+00:00,2026-08-05T19:55:29.924791+00:00,time_stop,17.754232873535155,2084.7,313.01,9,7,16.0,1.2857142857142858,,2084.7,-7.44,-5.42,,100.0,pass,B,0.1501463040245599,60.4,1,0.0,,0
54ee30bb-707c-4857-b765-558e5dc2513f,6j5s6ifvpwAvcC9kufnnPNb7McpiQC28n6K4SsGPsfvA,DICK,B,0.05,4.531e-07,2026-08-05T19:46:28.014953+00:00,2026-08-05T19:48:59.890712+00:00,take_profit,1.0453180623372396,32874.55,1226.44,42,58,100.0,0.7241379310344828,,32874.55,17.62,17.62,,99.1374951042478,pass,B,0.03730667035746497,55.5,0,0.05,,1
5c8b7cb2-58ed-4d83-82b9-ace733a7cbb5,8HPhXPhDvm7REBuyHiYnGXw1bUD1ZNN2WQkj4RzH6viC,DICK,B,0.05,4.372e-07,2026-08-05T19:52:29.814575+00:00,2026-08-05T19:57:29.977734+00:00,hard_stop,1.1043519571940104,34123.76,656.59,7,0,7.0,7.0,,34123.76,22.09,22.09,,98.9133695513012,pass,B,0.019241431776568584,58.8,0,-0.049999012,,0
9218f2d4-6671-4561-b87c-b96518da2d80,4pvsdETD1WUiugwnS4iZ6ZJ8xKF9m1CHZUMfR1w7pump,LARP,B,0.05,3.125e-08,2026-08-05T19:58:28.978343+00:00,2026-08-05T20:08:30.184727+00:00,time_stop,0.6895025268554688,6870.7,4519.05,38,17,55.0,2.235294117647059,,6870.7,157.0,157.0,,100.0,pass,B,0.657727742442546,98.6,1,-0.005056,,0
02f42c58-ea06-4836-8df7-611544c89fca,9RAV8iJApooLquv864rifmDNxdrcMq5hjLXFQHFXhgha,LARP,B,0.05,3.832e-08,2026-08-05T20:00:28.805443+00:00,2026-08-05T20:10:30.222290+00:00,time_stop,0.9265487263997396,2885.79,2892.49,15,11,26.0,1.3636363636363635,,2885.79,8.16,8.16,,100.0,pass,B,1.0023217212617688,81.0,0,-0.013517745,,0
e490d3f4-4f29-49a0-a295-24a676c7dfac,9gVir5CT3Xs6UbbM4rE82BUC83fcSPbruw1gLSE8Lde5,DICK,B,0.05,4.482e-07,2026-08-05T20:01:29.271963+00:00,2026-08-05T20:03:30.271244+00:00,hard_stop,1.0765229614257812,34124.79,656.57,7,0,7.0,7.0,,34124.79,22.1,22.1,,98.9375065873513,pass,B,0.019240264921776808,58.8,0,-0.049999014,,0
400d3c0e-aff3-4c31-adef-eb9617043485,FDSR6Sp5vQj2JzHY9Hx8LXx8Q2RxeewwvSSL4YMHpump,LARP,B,0.05,2.795e-08,2026-08-05T20:01:48.800925+00:00,2026-08-05T20:12:00.249526+00:00,time_stop,1.0597597330729167,2082.67,1106.95,7,8,15.0,0.875,,2082.67,-12.09,-12.09,,100.0,pass,B,0.531505231265635,62.1,1,0.0,,0
5022a476-b299-4b41-b147-df27b5d9e42e,3NGGxqWBWiFU6nJSSHCwA2us6wTisUQFApR6XV2xpump,LARP,B,0.05,2.851e-08,2026-08-05T20:02:28.453205+00:00,2026-08-05T20:12:30.230041+00:00,time_stop,1.4809810424804688,2124.01,1330.36,6,6,12.0,1.0,,2124.01,-20.14,-20.14,,100.0,pass,B,0.626343567120682,63.0,1,-0.000982112,,0
057cdfa3-d993-4dd4-9c38-f898e7745679,BPRvcggk4yZoyXuBbBQtKNMwHD4ZnXC1RYm6QbyBpump,LARP,B,0.05,3.556e-08,2026-08-05T20:04:28.333530+00:00,2026-08-05T20:14:30.321515+00:00,time_stop,1.0626061848958333,2510.83,2339.14,16,13,29.0,1.2307692307692308,,2510.83,-0.06,-0.06,,100.0,pass,B,0.931620221201754,76.6,1,-0.010700225,,0
0c2f35b4-047a-4449-9326-2fd6c28052c9,BM5E8q8NC3LBe95vwedVgjGgYmg6yGCpptTvj4BWpump,SAVYET,B,0.05,4.047e-08,2026-08-05T20:10:29.620650+00:00,2026-08-05T20:11:00.731414+00:00,hard_stop,1.254311328125,3009.8,2711.67,72,70,142.0,1.0285714285714285,,3009.8,43.82,43.82,,100.0,pass,B,0.900946906771214,73.7,1,-0.041746973,,0
bd9a524e-b7af-4979-a036-5d4dd0953ce8,7EVeJ86syExywWDPtgQXJEhiJRCiT8hqm7mjvGPKpump,SEASHELL,B,0.05,4.445e-08,2026-08-05T20:12:29.197976+00:00,2026-08-05T20:13:00.366663+00:00,hard_stop,1.4329271362304687,3399.59,1260.93,13,12,25.0,1.0833333333333333,,3399.59,37.94,37.94,,100.0,pass,B,0.37090649166517137,70.4,1,-0.01856018,,0
3079a8e9-3eff-4296-8b3a-995127f0dbd1,Ag64kPtXAJizGpBrdSH7GEYpKoUqh5iWFgdgra4PayS1,DICK,B,0.05,4.483e-07,2026-08-05T20:13:29.187173+00:00,2026-08-05T20:18:00.619440+00:00,hard_stop,1.1316291625976562,35591.29,825.27,15,13,28.0,1.1538461538461537,,35591.29,27.36,27.36,,98.95097122705072,pass,B,0.023187414673646278,54.5,0,-0.049999069,,0
bbbb7070-af4d-4401-abe4-22e5ca4f3f42,FmvDqjzQv3UFNBzZa78XQWA7goVhqZjyHfUX1wp8pump,LARP,B,0.05,2.878e-08,2026-08-05T20:16:28.926153+00:00,2026-08-05T20:26:30.597763+00:00,time_stop,18.047790795898436,2145.52,25057.56,237,261,498.0,0.9080459770114943,,2145.52,-0.44,-24.05,,100.0,pass,B,11.679014877512213,78.2,1,0.0,,0
ecdf0390-52c5-4a10-b3a5-cebfa50e72ef,EhB8X1XxVdN1fukjsCYnJF7k1BosqJSD7qHwhW13pump,LARP,B,0.05,3.597e-08,2026-08-05T20:21:29.428529+00:00,2026-08-05T20:31:30.724129+00:00,time_stop,1.0870487263997395,2676.98,3045.9,24,14,38.0,1.7142857142857142,,2676.98,0.13,0.13,,100.0,pass,B,1.137812012043422,88.4,1,-0.011148179,,0
64b1478a-b2f1-43c0-8785-2fd59ab29acd,3vA9sXE5Kn22z4quGkYAddBzEhMTrJKHVn49y3ZXpump,Tommy,B,0.05,6.165e-08,2026-08-05T20:21:49.342185+00:00,2026-08-05T20:32:00.754087+00:00,time_stop,1.3001741821289063,3771.38,3299.68,29,25,54.0,1.16,,3771.38,33.11,33.11,,99.93076582118161,pass,B,0.8749264195069179,78.1,1,0.000875912,,1
00c73353-c19f-4a23-8baa-852088205670,B8PFbQTy9eax2h3QgjKVEcfpWas96QJgeCEdFUq1pump,pootin ,B,0.05,2.88e-08,2026-08-05T20:22:30.340473+00:00,2026-08-05T20:32:30.760623+00:00,time_stop,5.949883064778646,2146.35,1038.0,14,14,28.0,1.0,,2146.35,-11.96,-0.05,,100.0,pass,B,0.48361171290796007,61.9,1,0.00015625,,1
8eba8a6a-f526-4c1a-b13e-cdfd1cb7895e,EEa5rsmN1a9rDNpJ8FjnyywkCwXUDKEWNE59eiqC6QbM,DICK,B,0.05,4.631e-07,2026-08-05T20:23:29.924017+00:00,2026-08-05T20:25:31.000691+00:00,hard_stop,1.1226649495442709,32024.16,1530.44,64,81,145.0,0.7901234567901234,,32024.16,14.58,14.58,,98.8700452423848,pass,B,0.047790168422840756,64.1,0,-0.049998974,,0
c5c73152-375a-43a5-8160-dec77faa7d19,3wqkmkCUzdo3gD9z83f64BKUTMLceUqjYtzqK1drpump,LARP,B,0.05,2.799e-08,2026-08-05T20:26:29.221956+00:00,2026-08-05T20:36:30.935057+00:00,time_stop,1.290322802734375,2199.95,8844.28,68,78,146.0,0.8717948717948718,,2199.95,-22.07,-22.07,,100.0,pass,B,4.020218641332758,77.4,1,0.000857449,,1
71ac6f95-5865-4fc7-9a2d-9d75f687e8b1,D4cSLHr7MKXDYEW6cFatXtnvuNHHhc4Y7RZs9L697coW,DICK,B,0.05,4.723e-07,2026-08-05T20:27:30.504557+00:00,2026-08-05T20:32:30.956915+00:00,hard_stop,1.1194926920572916,34463.34,736.39,13,11,24.0,1.1818181818181819,,34463.34,23.37,23.37,,98.9162091883476,pass,B,0.02136734280542745,53.7,0,-0.049997307,,0
63b4d77a-2a68-46d2-a3cf-049d0c365377,D2j3zDGsnxmxwP51hGZXsH6FKEuvrMKAomQB8gfdFbrK,DICK,B,0.05,4.685e-07,2026-08-05T20:36:29.314490+00:00,2026-08-05T20:41:00.971889+00:00,hard_stop,1.1245607788085938,34146.63,662.3,8,5,13.0,1.6,,34146.63,22.32,22.32,,99.1389602235931,pass,B,0.01939576467721705,55.4,0,-0.049999127,,0
3c05c474-a319-48ff-8835-2c1932e37f10,G5S8YTa8LjPqRqqF8ca2ryTvgqPXGUu4pmyiZ3ZSpump,larp,B,0.05,5.484e-08,2026-08-05T20:36:48.501702+00:00,2026-08-05T20:37:30.978302+00:00,hard_stop,1.0268292236328125,3212.91,2617.87,27,4,31.0,6.75,,3212.91,-12.56,-12.56,,99.5779867789857,pass,B,0.8147971776364729,92.9,1,-0.018462801,,0
a83869a1-56bd-4da0-9410-d6fe10555058,ChW45dnLiy18vDCfLfRbyycNwBsdxV6MPEZ8CCVY7XyD,MUSK,B,0.05,4.585e-07,2026-08-05T20:43:29.627818+00:00,2026-08-05T20:44:01.122782+00:00,hard_stop,0.6913165242513021,34440.11,719.77,13,8,21.0,1.625,,34440.11,23.16,23.16,,98.7592899398061,pass,B,0.020899178312728965,62.2,0,-0.04999888,,0
fbaa5673-7c5b-4be1-a82e-805659a9d581,9HSYyMCZC7awJFx1jd1wZkF38ubbYz9pJywcUNaxAV4z,MUSK,B,0.05,4.569e-07,2026-08-05T20:47:29.481086+00:00,2026-08-05T20:51:31.259695+00:00,hard_stop,1.0792408284505208,34160.49,657.98,7,0,7.0,7.0,,34160.49,22.17,22.17,,99.1149753873018,pass,B,0.01926143331082195,58.8,0,-0.049996929,,0
a0543925-9d6d-437b-a184-81d8772e1dcf,4FzaCmDdqwvqonVKbjQNxQEoUr94nnZfb2Nhs95XgMFW,Smokey,B,0.05,5.8e-07,2026-08-05T20:53:30.477647+00:00,2026-08-05T21:03:31.537055+00:00,time_stop,6.380061405436198,42833.0,413793.38,2073,1789,3862.0,1.1587479038569033,17094.88,42833.0,14.42,574.0,,96.9264937950585,pass,B,9.660621016505965,83.2,0,0.019724138,,1
333a68f9-ffcb-4b4d-9291-3e68acfaec1a,2aEohPn9uPEeUWkQDNVMTohP2eoWdUTND4MM9AtEpump,Quentin,B,0.05,2.915e-08,2026-08-05T20:57:30.930593+00:00,2026-08-05T21:07:31.662256+00:00,time_stop,1.4013020263671876,2169.64,3047.59,26,28,54.0,0.9285714285714286,,2169.64,-5.01,-5.01,,100.0,pass,B,1.4046523847274204,72.7,1,-0.002058319,,0
ec5b44f5-709f-47f9-96f0-6d65276f47c2,GMzQtcHcdTN8dgZMq44FdcyjoftUZRDjtUikWvhvMkNZ,Smokey,B,0.05,3.493e-07,2026-08-05T20:57:50.987084+00:00,2026-08-05T21:08:01.701548+00:00,time_stop,10.66475331624349,22955.0,24130.27,1395,113,1508.0,12.345132743362832,22639.89,22955.0,11.53,311.0,,89.4929011232499,pass,B,1.0511988673491615,100.0,0,0.013455482,,1
67586b8e-17ce-4e13-8a01-24161e9b739d,B6NBxbTHxQAJBWbLrJq1wEgft51a1Lp971kHgGhStTqV,MUSK,B,0.05,4.562e-07,2026-08-05T20:58:30.275902+00:00,2026-08-05T21:03:01.853924+00:00,hard_stop,1.1004171020507814,34319.94,691.96,9,4,13.0,2.25,,34319.94,22.89,22.89,,99.1271813002655,pass,B,0.020162039910326182,63.9,0,-0.049999189,,0
3a7c114f-adc5-4c55-956b-21fa34dc1bcb,TVT1vfgsizG18EoiBbozJXroXvKUXVwpDsKFdnUpump,LARP,B,0.05,2.952e-08,2026-08-05T20:58:49.955888+00:00,2026-08-05T21:09:01.897557+00:00,time_stop,1.6337160074869792,2279.54,7207.4,91,88,179.0,1.0340909090909092,,2279.54,-1.87,-1.87,,100.0,pass,B,3.1617782535072863,80.7,1,-0.002642276,,0
fe360a62-d2e0-464d-961d-17f2257a8a43,BpXqkQdeiiSR5LLkZhgurK9wEFhCFQW4jabQETiDpump,LARP,B,0.05,5.928e-07,2026-08-05T21:03:30.845406+00:00,2026-08-05T21:05:31.944009+00:00,hard_stop,2.7685853841145835,40785.0,23174.09,278,261,539.0,1.0651340996168583,13331.57,40785.0,37.26,37.26,,68.42859993750763,pass,B,0.5682012994973642,81.3,1,-0.015038799,,0
21493bd1-688d-44aa-bb6e-5a220eb6af79,HyqoBuh67ityHyj9LzX6m3Chbowr5FCMYUP1AD9d9mMZ,MUSK,B,0.05,4.515e-07,2026-08-05T21:10:29.671626+00:00,2026-08-05T21:13:01.808204+00:00,hard_stop,1.1254976114908855,31429.15,1925.09,73,101,174.0,0.7227722772277227,,31429.15,12.75,12.75,,99.0069911839419,pass,B,0.061251736047586394,65.2,0,-0.049999102,,0
63473ef2-1ded-4000-a67e-dc6067e2702a,7VLtSdKCqWeaN2BWjdK3Zt72J7HQ1SLaZpeuk5diW3DG,Smokey,B,0.05,4.713e-07,2026-08-05T21:12:32.426806+00:00,2026-08-05T21:13:31.824939+00:00,hard_stop,1.4243178385416666,32909.14,1022.67,36,27,63.0,1.3333333333333333,,32909.14,245.0,245.0,,94.936680064177,pass,B,0.03107556137899684,63.4,0,-0.049999126,,0
98b69fac-a51b-4fbd-8ea3-c16eb34295e1,A4d57hxQiCYctPFpMLVMBBVa4PLGUgvvDx5Cxxbtpump,FU,B,0.05,1.35e-07,2026-08-05T21:12:52.195795+00:00,2026-08-05T21:23:02.026114+00:00,time_stop,13.724785062662761,10028.49,3545.63,29,27,56.0,1.0740740740740742,,10028.49,270.0,374.0,,100.0,pass,B,0.3535557197544197,75.2,1,0.00037037,,1
4363abe5-7216-4d4e-982a-8598e853f48a,7H5d1SPTaGFBaHf1ujLseaR6tc4mg8cwEVGYQqiSwXzF,Smokey,B,0.05,4.497e-07,2026-08-05T21:14:30.741800+00:00,2026-08-05T21:24:32.062624+00:00,time_stop,0.9559133382161459,33245.64,815.57,18,6,24.0,3.0,,33245.64,248.0,248.0,,94.94626241757241,pass,B,0.02453163783281056,72.2,0,-0.011318657,,0
4dfeaee8-d0d1-4286-9964-d940c2e9564d,246FUcoV1UAy65gCDF2W54txLiQKHdSFaGUZfDiLpump,DICK,B,0.05,4.881e-09,2026-08-05T21:18:29.569091+00:00,2026-08-05T21:28:32.139265+00:00,time_stop,4.555991280110677,3813.73,205.81,14,16,30.0,0.875,,3813.73,82.36,82.36,,100.0,pass,B,0.05396554029781867,62.2,1,-0.000522434,,0
127b3c4c-8bfc-4031-88e4-be9303ba94f7,57Hb6fZzWi3r5XRZxHaZyhPviduwnTrHJrKqoFRFpump,LARP,B,0.05,7.469e-08,2026-08-05T21:19:31.551646+00:00,2026-08-05T21:20:02.248085+00:00,hard_stop,1.1427070393880208,5549.63,5722.22,48,21,69.0,2.2857142857142856,,5549.63,110.0,110.0,,99.99999999999999,pass,B,1.03109937058867,100.0,1,-0.030352122,,0
1c7ed050-617d-410a-8af6-47f1f6ccdb81,ZgcFy1EXJK6sMuyH1TUraVPMEP7k2AnKCukgbeDpump,LARP,B,0.05,2.935e-08,2026-08-05T21:24:35.785743+00:00,2026-08-05T21:35:02.272953+00:00,time_stop,1.1303185221354166,2177.98,559.67,4,3,7.0,1.3333333333333333,,2177.98,-1.73,-1.73,,100.0,pass,B,0.2569674652659804,63.6,1,-0.002385009,,0
02047d1d-fdfd-4737-8b1a-a08b36e5c3a1,5w9vjMuqCywkm34CKW1Zg4noQMUAFK5BytMK7XtKpump,MAYBE,B,0.05,5.579e-07,2026-08-05T21:24:56.591300+00:00,2026-08-05T21:35:02.389488+00:00,time_stop,19.897643216959636,40945.0,23035.53,806,496,1302.0,1.625,13620.23,40945.0,17.54,40.94,,62.54795634636497,pass,B,0.562596898278178,92.5,1,0.009141423,,1
6c4531b2-f0a8-4d96-a5c3-4ffba29081cd,9e4HuYJUS3LmE8sSNYMKAErqyWgMeMT9z77PqLiGpxXF,Smokey,B,0.05,4.79e-07,2026-08-05T21:30:31.434152+00:00,2026-08-05T21:32:02.454625+00:00,hard_stop,1.345468115234375,32175.86,760.0,13,2,15.0,6.5,,32175.86,238.0,238.0,,95.117394844848,pass,B,0.023620192280796846,67.7,0,-0.049998895,,0
95507585-a01d-48bf-b146-a58ac2994d6f,AAQxE51RdLPyV25mYiD75MGirRhXQLqAV9CEs6Rqpump,LARP,B,0.05,2.838e-08,2026-08-05T21:33:31.646648+00:00,2026-08-05T21:43:32.515778+00:00,time_stop,1.4795152303059895,2106.32,1593.87,7,11,18.0,0.6363636363636364,,2106.32,1.31,1.31,,100.0,pass,B,0.7567083823920391,61.0,1,-0.000757576,,0
c90327c4-6f23-4119-ad58-660ba5ac733c,DYhQC56hpLdMif9jBCwDT2UsTqWMzWyDuFVoXzAWdNJd,Smokey,B,0.05,4.84e-07,2026-08-05T21:33:51.326926+00:00,2026-08-05T21:41:32.538877+00:00,take_profit,1.5127185709635416,33737.64,845.27,22,11,33.0,2.0,,33737.64,254.0,254.0,,94.920427258661,pass,B,0.025054212446395184,72.6,0,0.05,,1
0aed9ecd-24e9-4cf1-8d9e-00457c739677,CwHqqUCvJqSqpQWrNCWxNVez5FWMnFqT1CDfKXb6pump,JUDGE,B,0.05,3.757e-08,2026-08-05T21:34:10.726372+00:00,2026-08-05T21:44:32.565557+00:00,time_stop,0.8663750813802084,2787.4,435.09,5,2,7.0,2.5,,2787.4,19.91,19.91,,100.0,pass,B,0.1560916983568917,80.1,1,-0.012802768,,0
150c29f5-2596-4329-8354-46f014c2696f,3fW9APx8v8WvymDvGj2Jz42ZrTRKPSF7m3vsTQe9sHCd,MUSK,B,0.05,4.522e-07,2026-08-05T21:38:39.247489+00:00,2026-08-05T21:43:03.799428+00:00,hard_stop,1.2760530924479168,33749.25,2047.72,98,128,226.0,0.765625,,33749.25,21.31,21.31,,98.9731204474438,pass,B,0.06067453350815204,66.5,0,-0.049999022,,0
f9742d74-9831-4271-8e47-95b065559bb3,6YQ9PMreYtSom4R8cNAt7fQYVngg8KennGFmXFChQ8cz,Smokey,B,0.05,4.431e-07,2026-08-05T21:43:42.107017+00:00,2026-08-05T21:54:02.783652+00:00,time_stop,0.7097436238606771,31114.26,720.69,8,1,9.0,8.0,,31114.26,226.0,226.0,,95.1597181421675,pass,B,0.023162691319028643,67.3,0,0.002110133,,1
701031a0-6e13-4048-aa48-4d7712e07de9,55juW6EHzUpJXh19mYb1nDJ3op3JUmZ8o2L8W9A8pump,2027,B,0.05,2.795e-08,2026-08-05T21:44:39.545817+00:00,2026-08-05T21:55:02.788131+00:00,time_stop,2.2077677978515626,2073.44,424.78,3,3,6.0,1.0,,2073.44,-3.2,-3.2,,100.0,pass,B,0.20486727370939115,55.8,1,0.0,,0
51c499ea-c670-4975-9d08-454362a4a2e7,Gqq3BFAn7zcK13KM7DuenFx3MM65rk3EW4XGH3NthgyD,MUSK,B,0.05,4.389e-07,2026-08-05T21:47:40.367911+00:00,2026-08-05T21:52:02.914437+00:00,hard_stop,1.2753258056640624,33809.79,2568.5,93,141,234.0,0.6595744680851063,,33809.79,21.49,21.49,,99.3077717243668,pass,B,0.07596912018678613,65.9,0,-0.049998986,,0
b3e8dbfd-0c3f-4d62-9b61-baab03d39a6b,EMNV7rKuE5kjsu5LBzQWiFQiHz4bnxGjQiqbPK7mpump,Unbearable,B,0.05,2.803e-08,2026-08-05T21:48:02.578939+00:00,2026-08-05T21:58:02.881690+00:00,time_stop,3.0825037638346355,2078.87,1374.36,8,8,16.0,1.0,,2078.87,-16.94,-16.94,,100.0,pass,B,0.6611091602649516,61.6,1,-0.000142704,,0
cd387dc3-00ec-44f5-ac7e-c0d69465875e,D1fPcKctcmF88dwVQ31H4T1bYoZvYBxnchjMQqc2bonk,BEPE,B,0.05,4.242e-08,2026-08-05T21:51:42.262221+00:00,2026-08-05T22:02:03.018330+00:00,time_stop,0.5631560221354167,3140.96,485.87,3,3,6.0,1.0,,3140.96,-11.07,-11.07,,100.0,pass,B,0.15468837552850084,59.0,0,-5.8934e-05,,0
40ff4902-49b9-44b3-9cf4-0ce72c644c02,G5qDAKLGnB6FVaTrFeuCWd4sSjkLkAk5nhWXtiFZLUYA,MUSK,B,0.05,4.946e-07,2026-08-05T21:54:40.205222+00:00,2026-08-05T21:59:02.992676+00:00,hard_stop,1.2931598999023437,35010.98,2461.09,91,123,214.0,0.7398373983739838,,35010.98,25.79,25.79,,99.0714971261694,pass,B,0.0702948046584243,67.2,0,-0.049999175,,0
8e2e9018-126b-41db-a668-045e4855f58b,8ok5WyVcFgAEcaNpN1pRjAzSrkYzA92M7JxPqkeSpump,AFAO,B,0.05,4.396e-08,2026-08-05T21:55:05.526609+00:00,2026-08-05T21:55:33.079491+00:00,hard_stop,1.523037284342448,3054.65,1960.58,37,19,56.0,1.9473684210526316,,3054.65,21.77,21.77,,100.0,pass,B,0.641834580066456,89.8,1,-0.018209736,,0
f3034d73-649b-4a8d-9a9b-85344dc606c3,4BJyoGRzw7dA8pWUxES7MtJy4wsZS8QtPGrbn4aipump,KIO,B,0.05,3.396e-08,2026-08-05T21:57:40.083652+00:00,2026-08-05T22:08:03.147324+00:00,time_stop,1.53915712890625,2519.99,242.34,5,1,6.0,5.0,,2519.99,17.54,17.54,,100.0,pass,B,0.09616704828193763,75.2,1,-0.008848645,,0
844ad2c5-7d15-48ae-9b6e-8c0bf4f1b22b,9Lp57PFfykrwAMHfdxWkchwU4GXtxq2UtRqGCzwNpump,AFAO,B,0.05,2.935e-08,2026-08-05T21:58:39.034124+00:00,2026-08-05T22:09:03.158525+00:00,time_stop,0.7288193684895833,2173.76,654.36,3,4,7.0,0.75,,2173.76,-15.74,-15.74,,100.0,pass,B,0.3010267922861769,55.7,1,-0.002385009,,0
feedac03-903c-4436-81a6-38b64eaf1015,6mLXo7XhGmTaw2Lt7JuBCQ2LSDk7G4BZfZjVgSRPpump,APEX,B,0.05,7.566e-08,2026-08-05T22:02:44.984342+00:00,2026-08-05T22:13:03.309759+00:00,time_stop,1.4109021321614583,7203.14,1445.56,14,7,21.0,2.0,,7203.14,179.0,179.0,,100.0,pass,B,0.2006847013941142,89.3,1,0.0,,0
4d83ea31-27da-4b7e-a2bd-ce8c77e39812,6HBAebWktnFghQCB496bn25Tvz6ZgEcyMNRQDyLSpump,TUCKER,B,0.05,2.924e-08,2026-08-05T22:03:05.251845+00:00,2026-08-05T22:13:33.246989+00:00,time_stop,1.279407100423177,2168.1,3542.45,27,35,62.0,0.7714285714285715,,2168.1,-15.94,-15.94,,100.0,pass,B,1.633896038005627,71.1,1,-0.002205882,,0
0906bfc3-16ed-45bf-901a-dd35ea02eec8,8tYfosh9i7prMsrZxbkBByfYDnxRd1pjE6HJaXpDpump,AFAO,B,0.05,2.94e-08,2026-08-05T22:03:25.535800+00:00,2026-08-05T22:13:33.362310+00:00,time_stop,1.262023164876302,2179.77,785.93,9,7,16.0,1.2857142857142858,,2179.77,-13.13,-13.13,,100.0,pass,B,0.36055638897681863,70.1,1,-0.002465986,,0
e757f123-ce70-47e5-89e5-88555ec560ba,CbFwn1cSG88RNCv8yC8KsxBkVDRRMxmJvr7cyNXxXibB,BabyCupsey,B,0.05,4.779e-07,2026-08-05T22:08:55.140402+00:00,2026-08-05T22:12:03.889996+00:00,take_profit,1.1069939046223958,35414.0,5191.07,11,4,15.0,2.75,12616.73,35414.0,461.0,461.0,,99.02768570037094,pass,B,0.14658242502964927,96.2,0,0.05,,1
918cec04-ea09-4a84-b5aa-05b2cecee895,Axf6zuiYiPRDvT64VgAcvkvvbRS1f2mPSvFG8EZ2NCAY,MUSK,B,0.05,4.906e-07,2026-08-05T22:11:54.926162+00:00,2026-08-05T22:13:03.878703+00:00,hard_stop,1.5382931599934895,36319.01,2613.92,102,162,264.0,0.6296296296296297,,36319.01,30.58,30.58,,99.15336680095429,pass,B,0.071971124763588,65.4,0,-0.049999056,,0
aff579d6-0d04-4b9b-b061-41934d9896b6,5NX6ffwW82f6JsQHFJ5ktLgxL9hfQPn3iWnb48MN7MZx,CARLSON,B,0.05,4.464e-07,2026-08-05T22:18:55.978064+00:00,2026-08-05T22:29:03.567390+00:00,time_stop,2.155592041015625,35719.65,1239.58,47,31,78.0,1.5161290322580645,,35719.65,275.0,275.0,,94.85004729277219,pass,B,0.034703027605253685,69.9,0,0.006003584,,1
57eeb9d9-1ad0-4cad-a409-40d40a897cc3,EHTciTjoKvtVNAmU8bmJVWdfNDaHob9ZACW5nwvyPsBn,MUSK,B,0.05,4.735e-07,2026-08-05T22:19:55.001346+00:00,2026-08-05T22:24:33.908681+00:00,hard_stop,1.5394222615559896,31065.27,1672.96,52,93,145.0,0.5591397849462365,,31065.27,11.6,11.6,,99.0252808521351,pass,B,0.0538530648534521,61.2,0,-0.049999126,,0
3673a85e-8157-4247-9812-17b2650ec693,FCSKAF9hK7DV9TPbaARF2akcwSQdvwWypY367CbMpump,TUCKER,B,0.05,6.829e-08,2026-08-05T22:25:54.859372+00:00,2026-08-05T22:32:32.459679+00:00,take_profit,2.028717716471354,5061.25,10168.15,113,93,206.0,1.2150537634408602,,5061.25,79.51,79.51,,98.98983726124389,pass,B,2.009019510990368,84.3,1,0.05,,1
2dfb753e-9b46-4df5-b0c4-3e30f78adad0,3uvnvvc8f7mmhPHaHwAudaeTX44ASqGpw7p4hoynzVxx,MUSK,B,0.05,6.794e-07,2026-08-05T22:27:56.169510+00:00,2026-08-05T22:29:33.660549+00:00,take_profit,16.17847655843099,41709.0,1114177.68,5038,3376,8414.0,1.492298578199052,17844.27,41709.0,-70.4,559.0,,75.66302243832631,pass,B,26.713123786233187,89.8,0,0.05,,1
11b8f912-5630-41f2-84da-35b77bbf2be4,4ae6h853VHBT5NGVHfZVzDABfLkDQdUH1yTJxyXEpump,TUCKER,B,0.05,3.449e-08,2026-08-05T22:28:54.344085+00:00,2026-08-05T22:31:02.522870+00:00,early_exit_no_green,0.6941119466145833,2554.1,753.7,7,10,17.0,0.7,,2554.1,8.44,8.44,,100.0,pass,B,0.29509416232723856,61.3,1,-0.007451435,,0
eabf04bf-b60a-428f-a040-bccf1db9e10f,34jLumo3e7w5sUqrz4LaYthGFYFKW8LJKZEfSEcgpump,BEPE,B,0.05,2.795e-08,2026-08-05T22:31:53.017773+00:00,2026-08-05T22:33:32.443372+00:00,early_exit_no_green,15.284719958496094,2074.28,2505.49,12,12,24.0,1.0,,2074.28,,-26.46,,100.0,pass,B,1.2078841814991224,63.1,1,0.0,,0
1106130c-efee-48be-b183-1c2cc48979bf,3uvnvvc8f7mmhPHaHwAudaeTX44ASqGpw7p4hoynzVxx,MUSK,B,0.05,3.495e-07,2026-08-05T22:32:31.206955+00:00,2026-08-05T22:42:32.687278+00:00,take_profit,20.781950838216147,36310.0,1512996.73,6089,4311,10400.0,1.4124333101368591,17351.92,36310.0,-39.32,474.0,,78.64218609220526,pass,B,41.66887166069953,88.2,0,0.032031474,,1
86bcb550-e53f-42b2-82b6-a5ad26ee1d9f,39FTBBCLXTCuURKh6Vnq7H4sUYywiGtccYvqJAJTMJT7,MUSK,B,0.05,4.243e-07,2026-08-05T22:33:32.350087+00:00,2026-08-05T22:37:02.623137+00:00,take_profit,1.1482627848307292,33492.53,1789.09,89,113,202.0,0.7876106194690266,,33492.53,20.51,20.51,,98.8290408348765,pass,B,0.053417582965515,66.1,0,0.05,,1
08233787-8a04-4635-b789-8b1f9141337b,4rNotqCBwwxkNCmHcSm4BuPViAPCjTSBMKzHcXgPpump,YODACAT,B,0.05,2.795e-08,2026-08-05T22:35:32.949277+00:00,2026-08-05T22:37:06.718316+00:00,early_exit_no_green,0.8880574951171875,2477.16,281.43,6,1,7.0,6.0,,2477.16,12.01,12.01,,100.0,pass,B,0.11360994041563727,79.6,1,0.0,,0
c2153c67-908b-4e4d-8116-5b9cf119cc1b,BkGvBcqrYD9s7mPbJ1Wam9CqPe9fhzNx6MBR3oV7pump,TUCKER,B,0.05,1.066e-07,2026-08-05T22:36:32.342141+00:00,2026-08-05T22:37:06.997370+00:00,hard_stop,1.1329555501302084,2190.7,957.78,33,30,63.0,1.1,,2190.7,5.07,5.07,,100.0,pass,B,0.43720272059159176,69.9,1,-0.015,,0
3012b0ae-3b80-48a3-b781-3c0ae297c331,FCSKAF9hK7DV9TPbaARF2akcwSQdvwWypY367CbMpump,TUCKER,B,0.05,1.538e-07,2026-08-05T22:44:32.915874+00:00,2026-08-05T22:46:32.772916+00:00,take_profit,20.647069698079427,11394.85,17404.2,194,145,339.0,1.3379310344827586,,11394.85,-4.27,304.0,,79.08689047624891,pass,B,1.5273742085240263,86.8,1,-6.502e-05,,0
0f8bf8fb-6a92-437a-a0b7-994fa3125fc4,C6Qx6pgssNZsyGoQQszRPzvQoj8xZFHFRnae1zLeVHjX,MUSK,B,0.05,4.423e-07,2026-08-05T22:48:32.782313+00:00,2026-08-05T22:49:33.168094+00:00,hard_stop,1.136917138671875,33963.4,654.18,7,0,7.0,7.0,,33963.4,22.17,22.17,,99.14741682735121,pass,B,0.019261322482436973,58.8,0,-0.015,,0
c8c93ee3-d1df-46b5-9aac-bf0db7192dd8,4GjiSSzo2tvVPjnvTenQd3s1EA37XZVNURGgAhRQ5DRw,CUMSEY,B,0.05,6.084e-07,2026-08-05T22:48:52.559474+00:00,2026-08-05T22:49:33.271098+00:00,hard_stop,1.604022452799479,41616.0,1648.55,102,110,212.0,0.9272727272727272,1720.79,41616.0,12.36,12.36,,95.3017770061904,pass,B,0.03961336985774702,62.3,0,-0.015,,0
d616d164-afde-4489-963e-d5db2f4ba6ba,2DhhJb9nnjRbDcXdVZCnDfjtTpShmXbNsq9ZqCCApump,Musk,B,0.05,3.434e-08,2026-08-05T22:51:33.068335+00:00,2026-08-05T22:53:07.913629+00:00,early_exit_no_green,0.890092578125,2543.64,4579.19,27,38,65.0,0.7105263157894737,,2543.64,1.51,1.51,,100.0,pass,B,1.8002508216571527,72.9,1,-0.009071054,,0
c9eea9e2-d9d1-49f5-8407-70cf430b478e,4iK3Z69mCdfRtM86WyLRhGsuJmLnwZWSR9fr8FW4s8cg,CUMSEY,B,0.05,4.779e-07,2026-08-05T22:51:53.235509+00:00,2026-08-05T23:02:08.059091+00:00,time_stop,1.2372616658528646,34779.0,1036.54,31,22,53.0,1.4090909090909092,,34779.0,265.0,265.0,,95.01235017200891,pass,B,0.029803617125276745,64.2,0,0.000345261,,1
f1e6d14c-569b-4906-b75a-fee3ecc3700b,8dSozSULVBKmgLPjkSzY7qeER5ws85E9pQgH3cHQpump,$LARP,B,0.05,4.025e-08,2026-08-05T22:52:31.967373+00:00,2026-08-05T22:54:08.022202+00:00,early_exit_no_green,1.7235523030598958,2981.79,531.31,5,2,7.0,2.5,,2981.79,26.55,26.55,,100.0,pass,B,0.17818491577206977,76.8,1,0.0,,0
ffffed04-98bf-4c4b-a8a1-5f573319be26,8YU9gKXeRGbH9dkk1t2t6XNy1qbFxMPERLmehjKAXbru,MUSK,B,0.05,4.593e-07,2026-08-05T22:53:32.867749+00:00,2026-08-05T22:54:38.024472+00:00,hard_stop,1.1753307373046875,32908.45,1713.32,63,84,147.0,0.75,,32908.45,18.39,18.39,,98.8633860970875,pass,B,0.052063223883227566,65.1,0,-0.015,,0
90224bfa-17c9-4f9e-957d-ae6486a91f5b,HqzsGWVzH1T4hSYi8vaRFBMY6uuavWp9tbHmLC3PBLNK,CUMSEY,B,0.05,3.976e-08,2026-08-05T22:53:52.485182+00:00,2026-08-05T22:55:38.049723+00:00,early_exit_no_green,1.7253907958984376,2945.2,316.55,4,3,7.0,1.3333333333333333,,2945.2,-4.05,-4.05,,100.0,pass,B,0.10747996740459054,62.9,0,0.0,,0
9c4d103c-6208-4cf1-8eb3-8e0fb2ad8014,bsSwVjfcMKK7N5mF4WGmyP72PqTvY7Zyqfd8waRpump,Leon,B,0.05,3.316e-08,2026-08-05T22:55:32.834507+00:00,2026-08-05T22:57:03.103190+00:00,early_exit_no_green,1.0245359822591147,2455.9,407.26,6,6,12.0,1.0,,2455.9,11.08,11.08,,100.0,pass,B,0.16582922757441262,60.2,1,-0.005744873,,0
ed155d64-224c-4530-864c-db5f84dcecca,AD6dwDMWTbLaAT444VLoAmTzmmA9BDwkTk6X76yUx9jx,CUMSEY,B,0.05,4.4e-07,2026-08-05T22:56:31.652011+00:00,2026-08-05T22:59:38.132691+00:00,hard_stop,1.18911650390625,29508.0,31573.7,95,62,157.0,1.532258064516129,11571.99,29508.0,367.0,367.0,,93.55484675164531,pass,B,1.0700047444760743,90.6,0,-0.015,,0
fa6f3585-46ae-4645-a8e5-562d428c8678,8125bh1qPxJzy4feXQXQQtdbDLZ3dA8LYWpxHsNgegcr,MUSK,B,0.05,4.814e-07,2026-08-05T22:58:32.150549+00:00,2026-08-05T23:02:08.176714+00:00,hard_stop,1.139929024251302,34630.82,1803.58,69,100,169.0,0.69,,34630.82,24.64,24.64,,99.2098808732149,pass,B,0.05208019908278233,64.2,0,-0.015,,0
3f571bd3-6c85-4d79-80ef-861d3f92fcde,Emw2yAgMtrRPvrDLEoyxECnRpAKYBJDVBvC1KiQRpump,CUPCATE,B,0.05,1.936e-07,2026-08-05T23:00:32.934907+00:00,2026-08-05T23:01:38.260213+00:00,hard_stop,1.5650716471354167,14338.05,14153.42,189,107,296.0,1.766355140186916,,14338.05,571.0,571.0,,54.785708961091196,pass,B,0.9871230746161438,95.3,1,-0.015,,0
0e8328ff-0ba7-480f-b629-3cb78b6b041c,3bYrAYVhYzn59aZYbZqeDYRmguY5Hj9FB3GwhF2xJXHp,MUSK,B,0.05,4.555e-07,2026-08-05T23:05:33.062557+00:00,2026-08-05T23:10:38.226170+00:00,hard_stop,1.19685029296875,31205.75,2046.06,80,117,197.0,0.6837606837606838,,31205.75,12.5,12.5,,98.9886799598158,pass,B,0.06556676253575063,64.8,0,-0.015,,0
3c177a8d-7964-4f8a-bec4-29811e9fc965,DS5e9h27aKzBvT4ApezRNtEgiN5mYj9C6yREJekTpump,Yupia,B,0.05,4.882e-08,2026-08-05T23:10:32.904123+00:00,2026-08-05T23:10:38.330701+00:00,take_profit,1.1454484334309896,6943.67,10790.92,116,113,229.0,1.0265486725663717,,6943.67,178.0,178.0,,85.1767090033202,pass,B,1.5540657894168357,80.5,1,0.05,,1
e414db10-7028-4710-b099-7aa09415cee2,FknAuBwaGUEcUmQpYHb9zUnBC4Jw1aHeAZzkFQ4BuHzo,Yupia,B,0.05,2.272e-07,2026-08-05T23:13:33.213899+00:00,2026-08-05T23:15:38.296462+00:00,hard_stop,1.96143740234375,16313.0,4932.57,203,31,234.0,6.548387096774194,31084.53,16313.0,9.92,9.92,,99.8700157672087,pass,B,0.3023705020535769,99.8,0,-0.015,,0
5f695092-ed93-493e-b8e7-dc4bc5ac1266,7tDZifqvNWLhDVCiyWLunNCJaNxdquJjaPj76pbrdGNG,MUSK,B,0.05,4.3e-07,2026-08-05T23:14:32.463725+00:00,2026-08-05T23:18:58.457189+00:00,hard_stop,1.083329561360677,31815.99,1376.09,45,73,118.0,0.6164383561643836,,31815.99,14.57,14.57,,98.77096989546831,pass,B,0.04325152226914831,57.4,0,-0.015,,0
997b1b0f-1b43-4ed7-ba1c-4899bb9e300f,HthHjNbDMJh7QNrw9WdGNgU1ZRqQtyDPTCGiz7iJNEWe,Yupia,B,0.05,4.451e-07,2026-08-05T23:15:31.437898+00:00,2026-08-05T23:25:53.567390+00:00,time_stop,0.7283135335286458,31065.22,717.94,8,0,8.0,8.0,,31065.22,227.0,227.0,,95.0370574925127,pass,B,0.02311073283884679,66.0,0,-0.001909683,,0
b26615b5-ea03-4b96-b3e2-924743f47c9c,4iAXH4LCueNR1o1HePfnRBhdMNUkqDKRcWD4TpcRpump,GATO,B,0.05,4.819e-08,2026-08-05T23:17:33.307001+00:00,2026-08-05T23:19:03.468585+00:00,early_exit_no_green,3.7792313924153644,3509.54,2129.82,25,13,38.0,1.9230769230769231,,3509.54,42.2,42.2,,100.0,pass,B,0.6068658570638887,89.9,1,-0.007003528,,0
17659999-8907-49d2-8365-435f8f3c85fd,BGoGFtHbjJRGHvF4RK3Bbmv5yBq3Uy7k6j7WrtHbS2A5,Smokey,B,0.05,4.513e-07,2026-08-05T23:24:32.051306+00:00,2026-08-05T23:28:53.650834+00:00,hard_stop,1.181225809733073,31476.59,2012.42,91,121,212.0,0.7520661157024794,,31476.59,13.37,13.37,,98.9636958405524,pass,B,0.06393386322978442,66.1,0,-0.015,,0
28570772-f887-4cd9-bd64-a9b5ed6062d3,2s6FFkng4GrLzSKF8MwrqVDPmxZE5FrXVwSfqGcsyQ6H,Smokey,B,0.05,4.296e-07,2026-08-05T23:32:32.920456+00:00,2026-08-05T23:34:53.830648+00:00,hard_stop,1.155481339518229,32916.08,1500.63,58,79,137.0,0.7341772151898734,,32916.08,18.47,18.47,,98.93723321521381,pass,B,0.04558957202680271,61.5,0,-0.015,,0
625beaa8-6996-481b-b0a7-c37cf03ca9d4,FzY9HCvB952eKsfRMjrYNt5pYHWCoiF538KKjJk3Hray,STONK,B,0.05,3.785e-08,2026-08-05T23:32:52.105833+00:00,2026-08-05T23:34:23.932539+00:00,early_exit_no_green,2.022386669921875,2802.42,657.28,8,2,10.0,4.0,,2802.42,35.31,35.31,,100.0,pass,B,0.23454014744399482,79.5,0,0.0,,0
983fdbc1-977a-410c-be7c-a183b7d96b10,4qWRuf2KXXeTNKX61KeFPUiNvHCCm7ZmtR6eBMw1tcRi,MEI,B,0.05,5.449e-08,2026-08-05T23:39:35.764394+00:00,2026-08-05T23:40:23.974935+00:00,hard_stop,1.3148199829101563,3324.12,1373.07,9,2,11.0,4.5,,3324.12,32.95,32.95,,99.72511229259851,pass,B,0.41306270531749756,82.4,0,-0.015,,0
62e17d36-9e9d-41b6-95eb-f0c7cfa8af2f,C2nnHw3qgtFNNy9f8JMrBDksfDrRTW61yVQzpkWgpump,APEX,B,0.05,4.878e-08,2026-08-05T23:42:32.449904+00:00,2026-08-05T23:44:24.088290+00:00,early_exit_no_green,1.6330564900716147,3614.73,958.59,10,5,15.0,2.0,,3614.73,40.3,40.3,,99.99999999999999,pass,B,0.2651899311981808,84.1,1,-0.000297253,,0
9aa0b2e7-d0a4-4df3-9223-dbf569639ef3,384wUb2xpoKHhnJG7XVyKT4fF6xh5r5vpKpqprRRpump,女性官僚,B,0.05,2.935e-08,2026-08-05T23:54:33.666638+00:00,2026-08-05T23:56:24.488187+00:00,early_exit_no_green,1.8709789021809895,2173.85,937.84,6,5,11.0,1.2,,2173.85,-7.72,-7.72,,100.0,pass,B,0.43141891114842335,65.1,1,0.0,,0
91db015f-be55-40c1-8723-6108425214cb,4MaKW9eyvWEJN3YNaRszeuTiLXAA4CJtLihskiKD7z7B,Smokey,B,0.05,7.509e-07,2026-08-05T23:58:37.634956+00:00,2026-08-06T00:08:54.724951+00:00,time_stop,0.966947880045573,47268.0,1346.11,20,7,27.0,2.857142857142857,91638.89,47268.0,3.03,3.03,,99.71866713415503,pass,B,0.028478251671320978,76.1,0,0.00940871,,1
0c197a75-d83f-48a6-8639-854018cf0212,J5F1y4SfGwxjo2mWU5spT9LhkVPXvNoCeZ6YienoZwXN,KIO,B,0.05,4.236e-07,2026-08-05T23:59:33.477941+00:00,2026-08-06T00:03:54.718387+00:00,hard_stop,1.1864229166666667,34071.95,1870.97,72,101,173.0,0.7128712871287128,,34071.95,22.63,22.63,,98.9809957729455,pass,B,0.054912325241144117,64.9,0,-0.015,,0
bc1f8a84-ea93-4f73-8594-1bfe01972d3a,CEtQQa9NxGQwfRtLCYJxhvLvonVAq5puWsrmdkorxRjY,Tardimals,B,0.05,4.332e-07,2026-08-06T01:03:54.800442+00:00,2026-08-06T01:14:05.943142+00:00,time_stop,0.8185762410481771,26607.0,4813.26,6,0,6.0,6.0,12608.8,26607.0,321.0,321.0,,99.95986416066116,pass,B,0.18090201826586988,91.9,0,0.005932595,,1
f8b84948-c381-45ef-a3eb-a40ba33f5bc2,HqCCC3DgJJmtCcemt8urX3EMLvZnoitsuLZYyJSukhJD,Tardimals,B,0.05,4.159e-07,2026-08-06T01:11:18.240890+00:00,2026-08-06T01:12:36.171819+00:00,hard_stop,0.6815653116861979,31148.94,719.61,9,0,9.0,9.0,,31148.94,227.0,227.0,,93.99950908591259,pass,B,0.02310223076611917,67.3,0,-0.015,,0
1368fae9-ea21-4900-a17f-d104d7172f79,6HsBQ6m5utpnM9uNwJ2KvxVNPhEyGfG7LGUtBCKNjCDS,Tardimals,B,0.05,8.67e-07,2026-08-06T01:14:35.745945+00:00,2026-08-06T01:16:35.958656+00:00,take_profit,0.9348337320963541,49813.53,613.96,9,0,9.0,9.0,,49813.53,609.0,609.0,,97.5928992687173,pass,B,0.012325165472111694,60.5,0,0.05,,1
46415307-dc4c-4fa8-abf0-39e2256639d2,9KRxPHXNn2MN3WsPbEYF5SH8GtYx3viHhS9vZtnHpump,CAVIAR,B,0.05,7.455e-08,2026-08-06T01:15:55.488522+00:00,2026-08-06T01:16:36.070350+00:00,take_profit,1.741352998860677,2879.82,4387.07,61,51,112.0,1.196078431372549,,2879.82,30.42,30.42,,97.75459135976969,pass,B,1.5233834059073135,82.1,1,0.05,,1
c26089fe-0f01-435b-ab96-0e58235c6c10,GTvs12k7dvr2JPkLSxLmCsKGq3k5w4V8EFoJjQc6vLzB,Tardimals,B,0.05,9.235e-07,2026-08-06T01:21:14.198466+00:00,2026-08-06T01:21:36.024608+00:00,hard_stop,1.3873655395507813,45660.0,10829.53,183,22,205.0,8.318181818181818,15075.37,45660.0,565.0,565.0,,97.64350285672319,pass,B,0.23717761717038985,100.0,0,-0.015,,0
9de764d1-2bca-4006-b96e-6bf6ab198d51,9wbiP7pS42aDgAePLL9epU6KKJ17yx7gyeSKLDuSCSQC,KIO,B,0.05,4.304e-07,2026-08-06T01:22:03.409865+00:00,2026-08-06T01:32:11.345861+00:00,hard_stop,0.8347196370442709,31545.85,725.89,8,0,8.0,8.0,,31545.85,229.0,229.0,,93.92926667580099,pass,B,0.023010633728366807,66.0,0,-0.015,,0
f50f80ff-3fd0-4a3e-9928-d7e2b912fce3,FqmkVa2gXEovM5RFPYgjeVBBQF6VBHvEmqZZquScpump,PONCHO,B,0.05,2.935e-08,2026-08-06T01:23:16.120656+00:00,2026-08-06T01:25:06.374679+00:00,early_exit_no_green,1.6017395629882814,2170.98,1213.06,10,13,23.0,0.7692307692307693,,2170.98,-1.68,-1.68,,100.0,pass,B,0.5587614809901519,64.0,1,-0.002385009,,0
737687b6-39c3-4498-9e69-ec58f765ed9c,7u9wDB92hvCAS7k3r7QsVQAJP4fykDb4p1KxHXrWcgJk,Tardimals,B,0.05,1.522e-06,2026-08-06T01:36:37.078177+00:00,2026-08-06T01:38:46.538516+00:00,hard_stop,1.2959553385416667,48247.0,12658.27,47,18,65.0,2.611111111111111,10678.16,48247.0,603.0,603.0,,98.67828993567143,pass,B,0.26236387754679047,100.0,0,-0.015,,0
59621851-92dd-4a6f-b25e-5db3fda30550,58JkbDwebkeujCmm9JZMW7EcJs696Kg6CicSfiR8pump,まる,B,0.05,1.196e-07,2026-08-06T01:41:52.424808+00:00,2026-08-06T01:52:01.900392+00:00,time_stop,2.4231795288085936,8713.0,1674.22,63,8,71.0,7.875,4488.62,8713.0,35.52,35.52,,55.0040556692972,pass,B,0.19215195684609204,90.0,1,0.006396321,,1
5a5abf54-8849-4f4b-a8f3-f889b077fe74,5aFzmToyyrjgYKztUR9Xno6Pq7UVQ1YSBcuvhTd2yHxR,Knox,B,0.05,3.271e-07,2026-08-06T01:54:56.144443+00:00,2026-08-06T01:56:57.119702+00:00,take_profit,1.2870365966796875,21773.58,1893.53,91,109,200.0,0.8348623853211009,,21773.58,145.0,145.0,,96.1364117592923,pass,B,0.08696456898681797,67.4,0,0.05,,1
881097f1-90ec-4e5a-a3de-69de52d9d7cb,GYsj4ZpHu7ifnAf4pBzvvuM6vyT6vczaZAE3xg2wgzra,KNOX,B,0.05,1.014e-07,2026-08-06T02:02:15.013720+00:00,2026-08-06T02:03:57.142092+00:00,hard_stop,5.455637972005208,10879.0,5415.84,211,52,263.0,4.0576923076923075,1835.82,10879.0,-38.19,52.48,,41.4033539078554,pass,B,0.49782516775438923,100.0,0,-0.015,,0
c3ce3409-df32-4007-8962-87f9cc400d20,Gxk5xDR3uoxaaLTmAoJjK2R7TJbzZcCi3DXLxr954wSX,Knox,B,0.05,3.392e-07,2026-08-06T02:05:34.738299+00:00,2026-08-06T02:07:57.292763+00:00,take_profit,1.3113242635091147,19734.55,946.68,41,58,99.0,0.7068965517241379,,19734.55,143.0,143.0,,98.26259188370871,pass,B,0.0479706909962477,60.8,0,0.05,,1
75b68b7c-fc28-48af-91d5-9b1c2e433d2d,5B6Ny3q2eQvbB3dYhSyJKSzEirWYkN5Bm2LScoq4tX68,Tardimals,B,0.05,5.782e-07,2026-08-06T02:08:27.383603+00:00,2026-08-06T02:10:27.624731+00:00,take_profit,0.3740916748046875,37675.0,5591.56,9,0,9.0,9.0,13647.51,37675.0,451.0,451.0,,99.99998427723443,pass,B,0.1484156602521566,96.2,0,0.05,,1
54e69248-35bc-42c9-aca9-c9cd1bf4c72e,Gkb43G1oFf7fmRV2vPjawtgB36RBkM78gQPUR7REDQJ6,pointless,B,0.05,9.426e-07,2026-08-06T02:11:50.935906+00:00,2026-08-06T02:13:22.340773+00:00,early_exit_no_green,4.175963993326823,49188.0,171741.54,973,551,1524.0,1.765880217785844,15283.2,49188.0,683.0,683.0,,78.47118000470616,pass,B,3.4915333008050746,95.3,0,-0.008943348,,0
0ab9a3b4-4a0b-4fa9-afe9-c4eca512f102,GxmtARuHYL49BhooNRvbo3RqG5rkN4cqf35DyBJZLjos,pointless,B,0.05,8.089e-09,2026-08-06T02:14:07.674934+00:00,2026-08-06T02:15:42.377962+00:00,early_exit_no_green,1.7920447102864583,49872.0,3052.89,118,25,143.0,4.72,18799.1,49872.0,12.31,12.31,,99.89474837039762,pass,B,0.06121450914340712,94.2,0,-0.005495117,,0
ec07b99a-5cef-4a31-9150-dbd7d366d67d,B9HSFPzzvMu75qDxx7ytk9yQEm4Gm3XMKCWs2DQXNTCW,Tardimals,B,0.05,6.095e-07,2026-08-06T02:15:25.344766+00:00,2026-08-06T02:16:32.475317+00:00,hard_stop,1.8546826090494792,41859.0,23727.26,441,61,502.0,7.229508196721311,14439.2,41859.0,512.0,512.0,,96.56583854637482,pass,B,0.5668377170978761,100.0,0,-0.015,,0
c4e4cbb1-1dee-4deb-a1eb-c2cb32525591,D5wj3VfowrP8oxh8XmwVZnRXKbd6sKzrMTQaPp8Q9Be2,pointless,B,0.05,6.744e-07,2026-08-06T02:16:41.597012+00:00,2026-08-06T02:26:57.626398+00:00,take_profit,1.1142539388020833,36636.0,2215.05,39,22,61.0,1.7727272727272727,13551.89,36636.0,4.58,4.58,,99.9042863550705,pass,B,0.060461021945627254,87.1,0,0.05,,1
2d9c5437-869c-4c40-bf6c-3bf86a73be16,GYhkLHXMP7gsEJ7d8bVYkLh5QKiEHXMYWh2iQ4Sjpump,POB,B,0.05,5.63e-07,2026-08-06T02:21:56.676997+00:00,2026-08-06T02:23:27.673845+00:00,early_exit_no_green,2.8042932250976564,39130.0,17239.97,386,283,669.0,1.3639575971731448,12956.86,39130.0,32.47,32.47,,44.53976072216719,pass,B,0.44058190646562745,87.3,1,-0.006190053,,0
37f6ed7e-ec5d-400b-926e-36888ad8f669,5i7GMjXEoszEmhcZxQstW5hhEKA7UghCCs2cQ5urpump,Zghire,B,0.05,4.208e-07,2026-08-06T02:28:06.959037+00:00,2026-08-06T02:38:32.867467+00:00,time_stop,21.377178641764324,34493.0,21125.67,363,244,607.0,1.4877049180327868,12091.09,34493.0,3.78,17.31,,72.85239638515489,pass,B,0.6124625286289971,89.8,1,0.00295865,,1
555e67aa-81a5-4e1a-b88f-6f6d4d97fe80,4zM8usUuSmtrNzy8foHXLP4TT2tenXjo719JfRtT3FL4,TINFOIL,B,0.05,1.617e-07,2026-08-06T02:30:21.045747+00:00,2026-08-06T02:31:27.796010+00:00,hard_stop,1.3804269165039063,9920.57,16264.09,280,155,435.0,1.8064516129032258,,9920.57,276.0,276.0,,66.9809272387121,pass,B,1.639431000436467,96.1,0,-0.015,,0
3719c25b-f9a9-4c2f-b50d-7188920cb81e,HxQw8Gzo4xdbCjEUZDw5wrt4W8CTxZkwYeV4YYWUzHR8,POB,B,0.05,5.164e-07,2026-08-06T02:36:30.310400+00:00,2026-08-06T02:38:02.956890+00:00,early_exit_no_green,0.8970397664388021,33712.0,5853.02,26,2,28.0,13.0,14449.25,33712.0,403.0,403.0,,99.99017196346847,pass,B,0.1736182961556716,100.0,0,-0.004289311,,0
ed6c8f64-afc2-4f56-a61a-2f13e549248d,FRHXHDH8dDUcz6Pm8zxKqzHcZbQDskM35d4uWNoTzcD6,POB,B,0.05,6.143e-07,2026-08-06T02:39:40.551594+00:00,2026-08-06T02:41:12.935489+00:00,early_exit_no_green,1.4119604695638022,39131.0,14077.27,172,16,188.0,10.75,15579.8,39131.0,485.0,485.0,,99.97749310101231,pass,B,0.35974725920625594,100.0,0,-0.004085951,,0
61250149-252d-4fb5-baf8-599a98845953,8ApWTLToJYJb8BxwDF5EQ8fJeFF1NuneT2cRv14dpXQk,pointless,B,0.05,1.211e-07,2026-08-06T02:42:53.160625+00:00,2026-08-06T02:44:42.962019+00:00,early_exit_no_green,3.5882417358398437,8824.0,28660.88,562,163,725.0,3.4478527607361964,14927.37,8824.0,40.99,40.99,,94.99298461415064,pass,B,3.2480598368087037,100.0,0,0.0,,0
84dcae85-6fd9-4c29-a6ae-31c2af2f72a8,H1goqoQsR6h49CDcrkR3oV38Rcenmmtrf8Zivm195YyY,WOULD,B,0.05,3.577e-09,2026-08-06T02:45:06.679417+00:00,2026-08-06T02:45:42.957532+00:00,hard_stop,1.3646746785481771,34951.9,637.67,13,6,19.0,2.1666666666666665,,34951.9,11.1,11.1,,100.0,pass,B,0.018244215622040573,67.1,0,-0.015,,0
106edaec-60d4-4bc9-a641-02220c9a67ea,E4CDMqxZ1XKCyUof8vE5YSz5HHgzByoENSswJAScQYcz,pointless,B,0.05,1.141e-07,2026-08-06T02:46:13.435935+00:00,2026-08-06T02:56:43.190054+00:00,time_stop,1.3146652994791668,7747.0,5973.3,99,28,127.0,3.5357142857142856,13931.91,7747.0,23.59,23.59,,95.07415960007052,pass,B,0.771046856847812,100.0,0,0.003724803,,1
ed65c5dd-ceda-4b9f-9f6f-e9c5e6b9da8f,39ZrsT8wFPEsNVzhCJiQvuuHZiBcffv9VPkFdjdNmFnJ,pointless,B,0.05,1.151e-07,2026-08-06T02:49:58.293513+00:00,2026-08-06T02:51:43.235546+00:00,early_exit_no_green,1.6703310384114582,8701.0,8539.47,139,43,182.0,3.2325581395348837,14772.4,8701.0,38.73,38.73,,98.75967354790014,pass,B,0.9814354671876795,100.0,0,0.0,,0
a8321863-1b26-4cdc-8c1a-c70a19d861c7,EPMk66kZRNstGygwUfDp4Pud4ZfKyKxT2LoYsLe2fEcb,pointless,B,0.05,1.137e-07,2026-08-06T02:52:24.188951+00:00,2026-08-06T02:54:13.274711+00:00,early_exit_no_green,1.3206231241861979,8581.0,4258.24,63,19,82.0,3.3157894736842106,14659.55,8581.0,36.84,36.84,,99.35054215650817,pass,B,0.49624053140659596,97.8,0,0.0,,0
23623387-619b-47c1-a37f-29448ba5aad5,8kBU8Jncwr6HSh5nQ6SN3J4xhH3Xvc3D4uYB8k6DaXSD,pointless,B,0.05,1.139e-07,2026-08-06T02:54:35.099977+00:00,2026-08-06T03:04:43.466654+00:00,time_stop,1.0319083251953125,6883.0,1942.18,54,13,67.0,4.153846153846154,13122.42,6883.0,9.8,9.8,,99.99811035305937,pass,B,0.28217056516054045,90.8,0,0.017647059,,1
052bec90-ae92-479c-abe2-f8e084de3104,BMNJUWhixPy7yjumvcUbjeyJxpG6DU5X71u6i3DBpump,KIO,B,0.05,4.435e-08,2026-08-06T02:55:23.838366+00:00,2026-08-06T02:55:43.398903+00:00,hard_stop,1.8446135823567709,3376.46,851.26,5,6,11.0,0.8333333333333334,,3376.46,3.52,3.52,,100.0,pass,B,0.25211612161849983,57.5,1,-0.015,,0
42dafe0b-8ae9-4628-8bc2-b6e81f2e3ac4,9TDYrJht9zQwskUWX82D8xwgKC2A99TR36FaFFKvVrcj,SEAL,B,0.05,4.81e-08,2026-08-06T03:04:19.072655+00:00,2026-08-06T03:05:43.490532+00:00,hard_stop,0.9814282592773438,3534.3,1355.68,3,4,7.0,0.75,,3534.3,-6.49,-6.49,,100.0,pass,B,0.3835780776957248,57.8,0,-0.015,,0
e3035f5d-49bf-49e0-96aa-1f53edefc8d8,Ejq2tfS8uCmysvaeL5Pow2cfQEWNcNQ4BZuJ694EvtjM,Tardimals,B,0.05,4.765e-07,2026-08-06T03:08:48.238061+00:00,2026-08-06T03:19:13.789980+00:00,time_stop,1.650717061360677,29708.0,90953.55,376,159,535.0,2.3647798742138364,15017.93,29708.0,220.0,220.0,,98.69194114045872,pass,B,3.0615844217045916,100.0,0,0.044081847,,1
05a81114-3cb5-43e9-99f6-fb684fb4c7e4,8DyqB3CCnsUiGskXuBQMPpDzjyR3wLBm2ok3gRLwpump,WIZCAT,B,0.05,2.795e-08,2026-08-06T03:19:03.191779+00:00,2026-08-06T03:20:43.808505+00:00,early_exit_no_green,0.6762972819010417,2715.96,710.35,10,3,13.0,3.3333333333333335,,2715.96,19.99,19.99,,100.0,pass,B,0.26154656180503394,87.1,1,0.0,,0
591614bc-ef3a-4899-8962-bee328df0390,997PFYFRXq1oKJxJHdAogFRyq1MqqR2TxpniigrMpump,WIZCAT,B,0.05,5.556e-08,2026-08-06T03:20:18.600302+00:00,2026-08-06T03:22:13.834015+00:00,hard_stop,0.789118428548177,4316.55,2961.06,21,11,32.0,1.9090909090909092,,4316.55,75.74,75.74,,98.5397405615707,pass,B,0.6859783855162108,92.1,1,-0.015,,0
cf2eedc5-cdf0-4941-b728-39b1aa0d5304,8ULM1wiUW4cc6xKuMnkHe72Kbvu79utJLsVV4mN6u43L,CLM,B,0.05,6.348e-08,2026-08-06T03:22:33.673296+00:00,2026-08-06T03:24:13.919743+00:00,early_exit_no_green,2.9212680013020833,2575.34,3457.21,67,39,106.0,1.7179487179487178,,2575.34,-16.31,-16.31,,100.0,pass,B,1.342428572537995,89.7,0,0.0,,0
7f8daf5e-cb31-4b11-a2c4-64b2846165b9,3GmZ4eoz8VzRMfczZbnGgNLhDPU2R8PAqoht9ywtpump,CLM,B,0.05,3.119e-07,2026-08-06T03:24:48.888318+00:00,2026-08-06T03:26:44.020154+00:00,take_profit,0.5404322469075521,25750.0,2680.45,44,30,74.0,1.4666666666666666,10247.9,25750.0,-9.57,-9.57,,57.914822728137224,pass,B,0.10409514563106795,82.4,1,0.05,,1
95220ae0-e09d-405e-8e1c-32cea9bd810a,E4P1NViesw7x2274eRcUp3HBhQKbi4fdAVn8r9Hpump,CLM,B,0.05,1.3e-07,2026-08-06T03:27:52.052126+00:00,2026-08-06T03:30:44.050396+00:00,hard_stop,0.9930017130533855,5093.19,1568.73,15,3,18.0,5.0,,5093.19,82.78,82.78,,93.0098072807524,pass,B,0.30800539543979316,89.7,1,-0.015,,0
56835c76-c666-4922-ac49-b0ddf96db8fe,EcwDyUTCD4LCUFoAkKEwpMo3FVrYaQD9cCCKfYag1q4X,CLM,B,0.05,5.783e-07,2026-08-06T03:44:07.654127+00:00,2026-08-06T03:46:14.636296+00:00,hard_stop,0.9287184000651042,33703.7,649.35,7,0,7.0,7.0,,33703.7,22.15,22.15,,98.06531706972712,pass,B,0.01926643068861876,62.3,0,-0.015,,0
7922166a-309c-4eb1-9a8c-486ece08488c,AhTbZZYLm4fJeMdLRQPViWDEVCoaUHorpphhoaR1p1SH,CLM,B,0.05,4.784e-07,2026-08-06T03:47:08.837657+00:00,2026-08-06T03:47:44.584515+00:00,hard_stop,0.7727249104817708,33677.83,648.64,7,0,7.0,7.0,,33677.83,22.17,22.17,,98.4281566260806,pass,B,0.019260148293402512,62.3,0,-0.015,,0
cf267544-159a-4d8b-ba20-920f25df3cb6,Gbbf5s2r9wQ8oEBhB2H83aiaMKqXt2K6L7pWgsnRpump,ReTro,B,0.05,2.851e-08,2026-08-06T03:49:11.151500+00:00,2026-08-06T03:50:44.642677+00:00,early_exit_no_green,0.6949674682617187,2633.25,585.73,5,2,7.0,2.5,,2633.25,12.64,12.64,,100.0,pass,B,0.22243615304281783,80.5,1,0.0,,0
63eb8285-4a0a-4154-b02c-07d957bcffee,BBhg7F9tWGRLT7MeNbareMYzD7dRde9bcxDuE4EgwiB4,BUNOS,B,0.05,7.186e-07,2026-08-06T03:53:31.952218+00:00,2026-08-06T03:54:14.701902+00:00,take_profit,1.0990783121744792,35127.66,2018.6,70,81,151.0,0.8641975308641975,,35127.66,27.31,27.31,,98.2320657527396,pass,B,0.05746468737171789,68.3,0,0.05,,1
7d87879a-7049-4ea1-b0ce-3c298c966ccf,BeyzCaL1S92YCB3UixEgpenmfCRKkkCoqwght7PHnoNX,きぃ,B,0.05,1.252e-06,2026-08-06T04:28:34.859725+00:00,2026-08-06T04:30:17.143475+00:00,take_profit,9.118554093424478,46939.0,212681.11,690,329,1019.0,2.0972644376899696,13907.36,46939.0,15.92,593.0,,94.9482507619283,pass,B,4.531010673427214,100.0,0,0.05,,1
f37fafc1-724b-45e3-ad39-9c81677ca5f5,NQSeWDSTQmTrp5rQN7HM4zCFGxFtGRhGy9Akqecpump,STRUGGLE,B,0.05,2.795e-08,2026-08-06T04:35:49.036780+00:00,2026-08-06T04:37:47.317297+00:00,early_exit_no_green,1.5445691569010416,4712.49,4308.08,56,25,81.0,2.24,,4712.49,88.67,88.67,,97.61173945930271,pass,B,0.914183372272408,97.9,1,0.0,,0
394cddac-9516-42e0-9acd-10cf3d8f7028,Ew1oPyPx6LL8fiwXpUon6Q8t5Vi1FiMQmfTLketCWigG,きぃ,B,0.05,6.429e-07,2026-08-06T04:53:05.316840+00:00,2026-08-06T05:03:18.105166+00:00,time_stop,1.1811201171875,39732.0,7968.99,136,66,202.0,2.0606060606060606,13070.7,39732.0,33.76,33.76,,59.664084931001305,pass,B,0.2005685593476291,100.0,0,0.014792347,,1
8027db93-df04-44ae-b151-90dd6df7c9d8,BhGiZnN2BxmNp76Y6YdxvUWaefaWxYWraMEPQtxoKKY3,きぃ,B,0.05,5.088e-07,2026-08-06T05:03:03.568302+00:00,2026-08-06T05:13:18.390028+00:00,time_stop,2.084660860188802,33805.0,23064.32,74,70,144.0,1.0571428571428572,8445.58,33805.0,425.0,425.0,,99.99993592215307,pass,B,0.6822754030468865,81.1,0,0.016312893,,1
f5e4a931-a39b-401d-bfe5-14ea04b7b742,gRzdUzWnH9tELw4KgU9oQEq4tHxta1eMkhUmefKJpu6,CLM,B,0.05,3.221e-07,2026-08-06T05:03:58.390318+00:00,2026-08-06T05:06:18.248017+00:00,hard_stop,1.4843783487955728,18067.72,2162.47,105,107,212.0,0.9813084112149533,,18067.72,112.0,112.0,,96.65062482817979,pass,B,0.11968693338174377,71.1,0,-0.015,,0
19e39eb3-6f29-4efd-8e41-da6d6e6f356f,2FZc4wQihfeuJP4CxvH9A5MpsRW2w96PUgbqTbN3iyyi,きぃ,B,0.05,1.007e-06,2026-08-06T05:19:17.939919+00:00,2026-08-06T05:20:48.556450+00:00,take_profit,2.436044901529948,43132.0,27280.52,83,34,117.0,2.4411764705882355,13006.39,43132.0,532.0,532.0,,99.83354866614481,pass,B,0.6324891032180284,100.0,0,0.05,,1
df0aed76-6b7f-4a71-af63-f06886c5b7a6,THMPpsEos6cpGhUtkfLUiQD57j3NyvMZi6hLQmL6XpK,きぃ,B,0.05,7.65e-07,2026-08-06T05:21:35.042114+00:00,2026-08-06T05:25:48.633680+00:00,hard_stop,1.6935007364908854,8509.0,6090.24,58,27,85.0,2.1481481481481484,14666.81,8509.0,34.53,34.53,,73.3201937549519,pass,B,0.7157409801386767,100.0,0,-0.015,,0
3e63fc65-248d-483c-811d-ac5c09c6f75c,94xZW8w7tQ2U15u1wR9hkA7gc7EfGCejNtxUAW9hBAAh,きぃ,B,0.05,9.424e-12,2026-08-06T05:24:52.748100+00:00,2026-08-06T05:26:48.638969+00:00,early_exit_no_green,0.9607903238932292,14628.0,1369.01,78,86,164.0,0.9069767441860465,1019.82,14628.0,-60.58,-60.58,,95.3456119173457,pass,B,0.09358832376264697,67.2,0,0.0,,0
337a13c2-f538-4fe8-8dcb-8ca105a42dec,9rJMbCZGj1ZC5Ytu91PHN74WMdDpdF69fWaF8e267jd1,きぃ,B,0.05,4.243e-07,2026-08-06T05:27:06.758758+00:00,2026-08-06T05:29:28.652230+00:00,take_profit,1.1897914591471355,25147.14,614.14,9,0,9.0,9.0,,25147.14,194.0,194.0,,97.0310458934057,pass,B,0.024421862684981276,63.2,0,0.05,,1
e31ca1b1-6c20-4688-9e5a-564b4e7e90c2,49vqoWLSCsqpJ3s2qZhkEKAtTsJsdcs52o9RPxeCpump,CatDance,B,0.05,8.119e-08,2026-08-06T05:28:27.049685+00:00,2026-08-06T05:29:58.653235+00:00,early_exit_no_green,2.4680550903320313,6080.0,907.31,79,9,88.0,8.777777777777779,3552.22,6080.0,5.44,5.44,,57.5496586975124,pass,B,0.14922861842105262,87.7,1,-0.001607341,,0
90935d3f-95c3-4e6c-912b-a68225cb0103,JE1hVef19wy5hkrMYvf8Uo8k4LnsA3a1qw5mMZTPpMhN,きぃ,B,0.05,1.128e-07,2026-08-06T05:29:41.724617+00:00,2026-08-06T05:39:58.910839+00:00,time_stop,1.4490526529947916,9876.0,9142.4,151,49,200.0,3.0816326530612246,15803.74,9876.0,55.35,55.35,,97.35182268881654,pass,B,0.9257189145402996,100.0,0,0.007801418,,1
69d4618f-353a-4444-a239-3851f59c3438,Es7HXNGg21No2WbmMudAiSTYNn22U3RoX5gFGN98a2xf,きぃ,B,0.05,1.876e-07,2026-08-06T05:33:53.932252+00:00,2026-08-06T05:34:58.876722+00:00,take_profit,0.6654895711263021,25145.12,613.57,10,0,10.0,10.0,,25145.12,194.0,194.0,,98.30035410518671,pass,B,0.024401156168672094,69.0,0,0.05,,1
69f74a77-854e-48d5-97c5-cb6440aca29e,6waTZR2A3JmtRwpWrFToZ1RreRjs6hGH5cFDn68Kpump,Pwease ,B,0.05,1.624e-07,2026-08-06T05:37:16.892621+00:00,2026-08-06T05:37:28.987244+00:00,hard_stop,1.2520414143880207,8334.53,2561.83,38,18,56.0,2.111111111111111,,8334.53,166.0,166.0,,98.4554914796762,pass,B,0.30737546088381706,92.7,1,-0.015,,0
2308616c-96bc-45b0-beba-2c7863e1f5f6,9ujTFuJMYyvkhYkR1Q3s2EEHQmeSUhFW4xjbP6atpump,COW,B,0.05,8.825e-08,2026-08-06T05:53:35.345356+00:00,2026-08-06T05:55:39.291086+00:00,hard_stop,0.8879960042317708,7969.94,8341.83,91,52,143.0,1.75,,7969.94,218.0,218.0,,85.2807711072176,pass,B,1.046661580890195,95.0,1,-0.015,,0
185b40f8-72bc-48c1-9b9e-0a542eabb25b,3i3ticnRCMss8HuH5KUpK8skk5hGguD5v8i6AvdJLhAZ,きぃ,B,0.05,7.605e-07,2026-08-06T05:54:31.478238+00:00,2026-08-06T05:57:39.360360+00:00,take_profit,2.898139070638021,47259.0,87547.27,406,254,660.0,1.5984251968503937,10726.66,47259.0,585.0,585.0,,99.99541879989074,pass,B,1.852499418100256,92.0,0,0.05,,1
813e9250-ee8c-4cef-bd1a-20445ab08ba4,HsKNW9tEorsAesjHsrDPWdmCDytwnqr2Hk3VFJmwK2kw,meowl,B,0.05,1.597e-07,2026-08-06T05:59:45.383633+00:00,2026-08-06T06:01:19.435295+00:00,early_exit_no_green,1.5483441569010417,7325.0,492.46,14,0,14.0,14.0,13792.48,7325.0,12.84,12.84,,95.61108634680762,pass,B,0.06723003412969283,82.0,0,-0.004414527,,0
6c4fbbdd-bbfe-48ff-a7a6-1be879b03a1c,246tepBK5AHmXS8H4R7h28KrpzRaSU7uqC7Us8XVpump,Zghire$,B,0.05,4.61e-08,2026-08-06T06:06:00.428260+00:00,2026-08-06T06:07:49.530196+00:00,early_exit_no_green,0.9969543212890625,3431.51,613.98,21,16,37.0,1.3125,,3431.51,56.06,56.06,,100.0,pass,B,0.17892414709559348,73.1,1,0.0,,0
a3bf3f13-2c6b-4cc3-bd6a-c407cab3a977,6UQBnsYQMs4wvm8xK8Rh5sbsLNMkG6npxNyipYxegtzE,meowl,B,0.05,4.932e-08,2026-08-06T06:07:11.877181+00:00,2026-08-06T06:13:29.626778+00:00,take_profit,1.065678885904948,2873.0,2352.61,32,13,45.0,2.4615384615384617,5065.37,2873.0,28.58,28.58,,99.99133918708739,pass,B,0.818868778280543,92.1,0,0.05,,1
52ca6821-8020-4605-b8be-5f780764462e,246u5TxFGd2DrKZeDA4qtk4Exu7pLF1R3bSrpHaspump,meowl$,B,0.05,4.081e-08,2026-08-06T06:08:26.563906+00:00,2026-08-06T06:10:19.711156+00:00,early_exit_no_green,0.9730091145833333,3028.32,372.84,8,3,11.0,2.6666666666666665,,3028.32,36.82,36.82,,100.0,pass,B,0.12311776826755427,84.9,1,0.0,,0
37bdbbfe-dc58-4152-b95e-2d8f52370d66,5ZsKfSrcriQ8KHqXikxTtyaLPk7scFg2PQ2yni5GSDqN,Offline,B,0.05,1.864e-07,2026-08-06T06:11:40.031208+00:00,2026-08-06T06:13:29.733381+00:00,early_exit_no_green,1.0010889200846353,13816.0,15033.6,99,14,113.0,7.071428571428571,0.0,13816.0,47.49,47.49,,99.99963786749873,pass,B,1.0881297046902143,100.0,0,0.0,,0
de6796e7-7191-4379-9c3b-8687389b1556,246uLScQKyeHAsGLfRbX7xwBq5safCJFSXuvb7Bqpump,$meowl,B,0.05,6.13e-08,2026-08-06T06:12:52.663637+00:00,2026-08-06T06:14:29.650044+00:00,early_exit_no_green,1.5185127197265624,4545.37,391.83,10,3,13.0,3.3333333333333335,,4545.37,106.0,106.0,,99.99999999999999,pass,B,0.0862042033981832,80.9,1,0.0,,0
c8f0e04a-442e-40b0-9442-4da2d9deea48,AejEEqCu2HZzYB1s6Ze6Vpjt7grpgBHtHuntjy6ScnKQ,きぃ,B,0.05,3.179e-07,2026-08-06T06:18:05.956003+00:00,2026-08-06T06:28:29.893403+00:00,time_stop,0.6341237630208333,22674.0,1635.61,21,7,28.0,3.0,44878.47,22674.0,1.83,1.83,,99.9999690850464,pass,B,0.07213592661197847,89.9,0,4.7185e-05,,1
23357643-f623-46e4-88dc-8d203ad932ef,PysT3ostUER1nWRig6jMUJ4ZDvUcccxoPegLSghD7zA,Hee,B,0.05,7.224e-07,2026-08-06T06:21:24.880513+00:00,2026-08-06T06:21:59.887552+00:00,hard_stop,1.2345118204752603,40300.0,13164.67,140,28,168.0,5.0,15569.06,40300.0,503.0,503.0,,99.41736147830184,pass,B,0.3266667493796526,100.0,0,-0.015,,0
7d482608-f687-45ae-8bcc-27bafeb5982c,EpWxsskY4cnkfAa5jQupo1sQVuAHdRdKXj6p81EELxDy,きぃ,B,0.05,3.655e-07,2026-08-06T06:25:37.912621+00:00,2026-08-06T06:32:59.976793+00:00,take_profit,6.40975429280599,40892.0,439030.24,1658,1056,2714.0,1.5700757575757576,10584.93,40892.0,-73.07,494.0,,98.92278364081265,pass,B,10.73633571358701,91.4,0,0.05,,1
c6dbd05e-2d55-40b3-ad9b-3d71f1fc5df9,9RggiY7je3e7gSx6JdtLySbBvyoekwcPaPgmJUHFpump,BORIS,B,0.05,9.426e-08,2026-08-06T06:26:45.415417+00:00,2026-08-06T06:27:00.081481+00:00,hard_stop,2.1131396728515623,8161.91,6260.58,93,50,143.0,1.86,,8161.91,226.0,226.0,,87.0852365779903,pass,B,0.767048399210479,97.2,1,-0.015,,0
ef400074-06cf-418b-b39a-f3a928a456d1,4tJQYtYwrvuY278iS8gKgXZYrGWM7GuqCbBhPNrGTuP2,Hee,B,0.05,8.218e-08,2026-08-06T06:28:00.376389+00:00,2026-08-06T06:28:59.994797+00:00,take_profit,0.5337949340820313,37690.0,5632.09,13,5,18.0,2.6,13690.97,37690.0,448.0,448.0,,99.99973418724703,pass,B,0.14943194481294775,100.0,0,0.05,,1
3afdd6e9-8804-4b57-a130-1f844ef85f41,35s5MxoWLHWwP3EZqsxZRDpsE3itA2h1HmKfeJ5tbt1g,Hee,B,0.05,4.824e-07,2026-08-06T06:30:15.122403+00:00,2026-08-06T06:30:29.976823+00:00,hard_stop,1.3164202596028647,39317.0,31339.73,174,79,253.0,2.2025316455696204,15422.22,39317.0,487.0,487.0,,99.43882071742117,pass,B,0.7971037973395732,100.0,0,-0.015,,0
ff9c896a-0322-4a92-b0ed-361dd1895ec8,HzKVe9KwDCAco7KQqY1UrK3R8aXynzCBKuL7t7kKpump,きぃ,B,0.30000000000000004,5.045e-08,2026-08-06T06:41:29.858577+00:00,2026-08-06T06:42:30.181358+00:00,hard_stop,1.6818858846028646,5454.67,9574.13,149,63,212.0,2.365079365079365,,5454.67,161.0,161.0,,99.97548152351816,pass,B,1.7552170892097962,100.0,1,-0.09,,0
5185b7ad-9b0e-4632-96ec-8620b6cb434a,8LXeAXJbtZ2tW5QUNrf29rdYvBW3L2TxmLXhQLbrcAAg,BORIS,B,0.05,7.287e-07,2026-08-06T06:47:47.918101+00:00,2026-08-06T06:58:10.495675+00:00,time_stop,1.6297267903645833,41618.0,31893.78,485,81,566.0,5.987654320987654,9392.39,41618.0,544.0,544.0,,99.84783172609538,pass,B,0.7663458119083089,100.0,0,0.022114725,,1
26db91a5-4a78-41b9-a5f2-d49505b7c6c6,Ek1e4U4PTuUWLicoyv77WfLLQ5AdKseRt9iCdHkupump,きぃ,B,0.05,4.904e-09,2026-08-06T06:48:54.930484+00:00,2026-08-06T06:50:25.390253+00:00,early_exit_no_green,1.3905636800130208,23175.64,9865.58,113,35,148.0,3.2285714285714286,,23175.64,1014.0,1014.0,,100.0,pass,B,0.42568748910493953,100.0,1,-0.011551794,,0
5dbf0ff3-8eb7-46fd-9936-8fe27e32edd0,ExBSmMn31agwq9JYMDupX6Z7AaK33eXctxc3DBsHbonk,CatDance,B,0.05,8.387e-08,2026-08-06T06:55:55.942623+00:00,2026-08-06T07:06:10.719725+00:00,time_stop,12.925894584147136,7077.0,6186.29,124,64,188.0,1.9375,3877.53,7077.0,16.03,20.35,,57.9700869714339,pass,B,0.8741401723894305,98.8,0,0.013789198,,1
d897b3b7-60ad-4410-bb56-8784728b9cca,AxrZvm6A2mVykjNrmaDV1gMc1fZmxMu6Rj4bVLJRT8me,CLIP,B,0.05,4.368e-07,2026-08-06T08:15:33.384710+00:00,2026-08-06T08:22:52.963014+00:00,take_profit,1.2135334391276043,33586.0,7096.13,24,9,33.0,2.6666666666666665,14177.53,33586.0,404.0,404.0,,99.99905089187305,pass,B,0.21128237956291313,100.0,0,0.05,,1
bf0828d9-1b2b-46e9-9aa1-60450391e837,8R62215LPQPb6UeQyzsmBW6EovSFfwbUYWkHbi6kDy35,CLIP,B,0.05,2.376e-08,2026-08-06T08:17:54.091310+00:00,2026-08-06T08:19:48.008145+00:00,early_exit_no_green,0.38012769775390626,26502.0,4793.03,6,0,6.0,6.0,12554.33,26502.0,322.0,322.0,,99.99999999999999,pass,B,0.18085540713908382,91.9,0,0.0,,0
509e7cfd-2a49-448f-9a2d-2f897e7462bc,ChviM2g77F22TZCbnDScGL77xJis1mfDvNiYQbuqA1uE,PENGUIN,B,0.05,8.486e-07,2026-08-06T08:19:19.313238+00:00,2026-08-06T08:20:53.012618+00:00,early_exit_no_green,8.054776534016927,45209.0,184077.33,2953,854,3807.0,3.4578454332552693,10069.45,45209.0,-11.74,973.0,,92.90692897788097,pass,B,4.0716965648432835,100.0,0,-0.002745699,,0
60aa73d5-866a-498c-82a5-c041473f858d,Ajf94ogQ2rvxVT4ne9YTwvTqvYjr5qYPamKsLfGApump,KIO,B,0.05,7.635e-08,2026-08-06T08:20:39.155485+00:00,2026-08-06T08:22:23.039418+00:00,early_exit_no_green,8.74806641031901,5630.52,325.97,70,50,120.0,1.4,,5630.52,48.68,170.0,,100.0,pass,B,0.057893409489709655,74.0,1,0.0,,0
aada0f70-94e7-4aca-b526-ac79f278a506,6v7SWZXs6EgZGuj5Zk92gcpvBuDeM1rLaU8ppRdEpump,Diesel,B,0.05,2.447e-07,2026-08-06T08:21:54.281830+00:00,2026-08-06T08:25:53.031655+00:00,take_profit,0.9813954467773438,27038.0,2607.54,87,28,115.0,3.107142857142857,10544.8,27038.0,-6.94,-6.94,,64.82027193150506,pass,B,0.09643982543087506,92.8,1,0.05,,1
54d0201c-4cc8-4748-a0d0-f7416cbd746b,37QWRoeDLHtLYCMWTQyUgq1y5vV68qrSZFftuYDUvuJc,CLIP,B,0.05,3.569e-07,2026-08-06T08:24:11.914093+00:00,2026-08-06T08:34:13.175425+00:00,time_stop,1.3990223795572916,27222.0,20044.95,171,101,272.0,1.693069306930693,12761.89,27222.0,333.0,333.0,,99.99405404652293,pass,B,0.7363511130703108,93.9,0,0.040221351,,1
6fba835d-0b54-44af-8c71-060cf1eed1ee,BrBFJUFfou6PysYEthfBRRHNkXmwuzHNRYyvUQT9zr6T,CLIP,B,0.05,5.608e-07,2026-08-06T08:28:03.499507+00:00,2026-08-06T08:38:13.237109+00:00,time_stop,1.0143994466145834,33624.0,2135.98,51,29,80.0,1.7586206896551724,12986.94,33624.0,6.97,6.97,,99.8701092169951,pass,B,0.06352545800618606,86.6,0,0.027184379,,1
63a6ab3f-ea3a-4e6e-99db-1fa4991d405e,7BWtAEXHGQmUFLMNgdye23r9VWtnmybwiZwSAxyvpump,$CLIP,B,0.05,1.093e-07,2026-08-06T08:38:29.557205+00:00,2026-08-06T08:39:13.276187+00:00,hard_stop,2.204980839029948,5730.7,871.97,39,29,68.0,1.3448275862068966,,5730.7,176.0,176.0,,100.0,pass,B,0.15215767707260894,74.5,1,-0.015,,0
b526fb5d-6355-4800-8536-6dfb558d6be8,9XN1RrixonW9PrcTPuZ6e6gEjaaBT1VRokRirTzrRKWh,PUP,B,0.05,1.543e-07,2026-08-06T08:47:42.177089+00:00,2026-08-06T08:57:43.771453+00:00,time_stop,1.307150341796875,11020.0,9129.22,504,72,576.0,7.0,20420.84,11020.0,16.52,16.52,,99.90910196632571,pass,B,0.8284228675136116,100.0,0,0.013480233,,1
0463e64d-e67d-4e53-ac84-52cf185ff2e9,FcgUhfNxL42vm9egrjAj1BSPL4zXXZ4tw8ruemdeQt8e,CLIP,B,0.05,6.436e-07,2026-08-06T08:52:47.392252+00:00,2026-08-06T08:53:43.691800+00:00,hard_stop,2.6166158447265624,36710.0,83420.19,304,257,561.0,1.1828793774319066,30673.83,36710.0,468.0,468.0,,77.5884939026827,pass,B,2.272410514846091,83.7,0,-0.015,,0
27f7630a-99fe-4f23-9248-2e879e46059f,BKA2uUo6aXhcakZsvio4NV8koeq7ndUSdfBAqVybcF8q,PUP,B,0.05,5.136e-07,2026-08-06T09:02:06.891327+00:00,2026-08-06T09:12:14.173502+00:00,time_stop,1.7916780395507812,34507.0,21232.45,102,96,198.0,1.0625,8524.65,34507.0,505.0,505.0,,99.48964386641296,pass,B,0.6153084881328427,81.2,0,0.041043614,,1
dfa38179-e212-48d0-96d7-bba0b41a71ba,FDwam1Hrxc7z5rkp33FFxUFN2hjME8qJ7uSVtxNTTZdN,PUP,B,0.05,3.769e-07,2026-08-06T09:09:20.761389+00:00,2026-08-06T09:16:29.229373+00:00,hard_stop,0.6444606038411458,20738.98,521.7,11,0,11.0,11.0,,20738.98,178.0,178.0,,94.1100397889458,pass,B,0.02515552838182013,70.4,0,-0.015,,0
24e21f54-a2e1-4c8f-9d1a-2dcbb4e60b50,8Dio6jWuKedsddaPmnRWjvUVEsXyde7TResXquEFpQj9,CLIP,B,0.05,4.898e-07,2026-08-06T09:16:54.816291+00:00,2026-08-06T09:18:59.290591+00:00,hard_stop,1.4227269083658853,33678.29,1471.53,64,57,121.0,1.1228070175438596,,33678.29,21.89,21.89,,98.73857512917499,pass,B,0.04369372673018731,68.1,0,-0.015,,0
3ae8abd9-0d0e-42c8-a81b-d92409e915ec,9JavC17B1PYn5fFvmcf8W3fRBTEcqkuuZsbpqbCokuDs,Twin,B,0.05,1.206e-06,2026-08-06T09:18:48.847299+00:00,2026-08-06T09:20:19.296901+00:00,early_exit_no_green,1.4099864217122395,17714.0,3050.06,79,44,123.0,1.7954545454545454,0.0,17714.0,-55.61,-55.61,,99.99892278478625,pass,B,0.17218358360618718,90.1,0,-0.008457711,,0
621f07ce-4dac-4c42-a056-72f8a7265f2c,CXuWanxZBunb23S19aHAyVo4afs4SLVUsu7E9HsqiExf,CLIP,B,0.05,4.544e-07,2026-08-06T09:19:48.809025+00:00,2026-08-06T09:20:04.562860+00:00,take_profit,0.9742347127278645,32549.06,845.02,16,12,28.0,1.3333333333333333,,32549.06,17.72,17.72,,98.4528618179521,pass,B,0.025961425614134476,59.8,0,0.05,,1
306933b8-48c9-4069-8d81-e0e5027438db,F2ChnfgyZ6aCvmjFN1sFRoBoDstcNcKpBfYmBTc66atU,CLIP,B,0.05,3.846e-07,2026-08-06T09:29:49.849456+00:00,2026-08-06T09:39:59.907378+00:00,time_stop,0.7942970865885417,27515.0,22527.96,81,30,111.0,2.7,49327.92,27515.0,22.34,22.34,,99.9069148630627,pass,B,0.81875195347992,100.0,0,0.01675767,,1
f72c93aa-4658-42d3-b0f4-33b508ea0702,DoaNnW5Dc5PdxzMvn7sNp3NibPpmZL47K4dTxH6npb5g,Tardimals,B,0.05,3.844e-07,2026-08-06T09:30:09.362857+00:00,2026-08-06T09:33:29.850287+00:00,hard_stop,1.163752518717448,25937.04,1708.67,62,68,130.0,0.9117647058823529,,25937.04,186.0,186.0,,97.1541142706784,pass,B,0.06587760207024394,68.4,0,-0.015,,0
dc2964ca-d41b-4289-96da-a6fd595e20c9,2L9H9Ext8vtKcKXRxZ5CRfjeZy8nAhwkZJ9m7ZvzMW5C,Twin,B,0.05,6.131e-07,2026-08-06T09:44:50.422149+00:00,2026-08-06T09:49:20.161418+00:00,take_profit,1.2697504720052084,45647.0,75275.41,418,157,575.0,2.662420382165605,15166.68,45647.0,571.0,571.0,,93.9136468675815,pass,B,1.6490768287072535,100.0,0,0.05,,1
5c185f7a-6e76-4f7e-8998-59e61dc4a3fb,4eWGCf7mn37ZidVuDfZA9bbLTrcMzHjRM2a3Gjurpump,PEW,B,0.05,8.077e-08,2026-08-06T09:55:49.262015+00:00,2026-08-06T10:06:10.733362+00:00,time_stop,3.8638060017903646,5921.0,2981.64,99,34,133.0,2.911764705882353,3424.69,5921.0,7.84,7.84,,56.7481999918342,pass,B,0.5035703428474919,93.9,1,0.014442243,,1
028631e7-4c90-44f0-97cd-6eeca7e28064,7GP74b1vv8vocEFVw8DuTZEGrQaKa82bvXoZEJHXpump,WW,B,0.05,4.171e-08,2026-08-06T09:57:50.195409+00:00,2026-08-06T10:00:40.699312+00:00,hard_stop,1.4468947387695312,3701.51,5722.3,50,33,83.0,1.5151515151515151,,3701.51,25.93,25.93,,99.04590978370611,pass,B,1.5459366582827008,90.3,1,-0.015,,0
b2c58b48-f89b-4822-8772-673fd71b7d1f,7EEYtYV9dWHNCr1D4uxoJGwnZsRUymFBAtWKHudZTKLN,KIO,B,0.05,4.676e-07,2026-08-06T09:59:49.052289+00:00,2026-08-06T10:09:10.839905+00:00,hard_stop,1.448064249674479,33244.54,366.78,8,4,12.0,2.0,,33244.54,6.2,6.2,,100.0,pass,B,0.011032789143721043,56.7,0,-0.015,,0
26078faa-7ab0-4550-90f6-b4b7c81a3c67,E2JHYEgGfHxGou3xvgd8SjkqTfCzYVtGw8PJpWkJpump,CLIP,B,0.05,7.568e-07,2026-08-06T10:04:49.062620+00:00,2026-08-06T10:06:40.844503+00:00,hard_stop,5.8968284261067705,47160.0,71055.38,1038,295,1333.0,3.51864406779661,14385.11,47160.0,-72.85,54.8,,73.9012303641764,pass,B,1.5066874469889737,100.0,1,-0.015,,0
d1e27b9f-6e17-4906-b485-477d6d1f0c38,8AmBSXG4gRjLRomLVyHBzzSGSbvZ7QPQLWwzZo7GtdM2,WW,B,0.05,5.023e-07,2026-08-06T10:05:49.903933+00:00,2026-08-06T10:07:10.891293+00:00,take_profit,1.6069831217447916,36800.0,44871.91,439,64,503.0,6.859375,13542.68,36800.0,442.0,442.0,,99.9913911341048,pass,B,1.2193453804347827,100.0,0,0.05,,1
5591fa88-3a89-451e-a296-1a6c6f848b7d,Bz7V4gt1nu18P3tPAgfYkDFCZEaGoLj4BppEYvPAHHVM,PENGUIN,B,0.05,1.477e-11,2026-08-06T10:06:08.869322+00:00,2026-08-06T10:07:40.967185+00:00,hard_stop,1.5656794799804687,24139.92,2441.27,74,99,173.0,0.7474747474747475,,24139.92,173.0,173.0,,93.65481449110426,pass,B,0.1011299954598027,67.3,0,-0.015,,0
81a9ca75-856c-4a56-b240-edcff2fb9ea3,GYbF6QQfM8upJCtjKzLJ4oXkwM9isH9hVb5NdB9jpump,WOULD,B,0.05,3.763e-08,2026-08-06T10:10:49.670883+00:00,2026-08-06T10:12:20.936125+00:00,early_exit_no_green,1.2970180053710938,4391.3,4521.35,63,27,90.0,2.3333333333333335,,4391.3,77.6,77.6,,100.0,pass,B,1.0296153758568078,98.6,1,-0.012676056,,0
f526bfb4-06ff-487d-b7f0-468cd363fc79,36GuKdF7Z3fVAMVeZQRUPBT2uJd4SuXvmLnmraD7pump,CATECOIN,B,0.05,6.894e-07,2026-08-06T10:17:49.062766+00:00,2026-08-06T10:27:51.556216+00:00,take_profit,14.967492749023437,49224.0,53592.37,667,485,1152.0,1.3752577319587629,14712.95,49224.0,40.07,59.65,,45.497309330624695,pass,B,1.0887447180237284,87.5,1,0.05,,1
412e2f17-4c9d-4f5e-815e-6e1dc27937df,8yscv4guyYuPaq4a6U6RQQHG2Bj1v3xEHTet6HRXW3BW,WW,B,0.05,5.192e-07,2026-08-06T10:22:48.790930+00:00,2026-08-06T10:26:21.639904+00:00,take_profit,1.3507974568684895,37799.0,12218.55,50,39,89.0,1.2820512820512822,15010.13,37799.0,470.0,470.0,,99.91016371771174,pass,B,0.3232506150956374,85.6,0,0.05,,1
1e879ded-6f8e-46ae-9c7c-ccfcb7ab6d09,sVY4uZ75ev65CXvXeQx21RkYc9Sg4Vc4bYFNF8jadjm,WW,B,0.05,5.225e-07,2026-08-06T10:25:49.880086+00:00,2026-08-06T10:27:51.662532+00:00,take_profit,1.431906388346354,35157.0,23999.97,397,61,458.0,6.508196721311475,13199.57,35157.0,417.0,417.0,,99.75986703629256,pass,B,0.6826512501066644,100.0,0,0.05,,1
932fb610-3aff-45e4-a722-fab8be499914,DZBJFgKu5zTVqNZWSnofJLRkukmxxipyHmx2CmEDnrZ7,WW,B,0.05,1.147e-06,2026-08-06T10:30:49.473599+00:00,2026-08-06T10:40:51.979872+00:00,time_stop,2.453569864908854,46688.0,4469.82,71,96,167.0,0.7395833333333334,1822.14,46688.0,27.22,27.22,,97.2618420789244,pass,B,0.09573809115832761,73.2,0,0.001569311,,1
4d0ef361-dc56-4601-8376-12031b75522e,BfKbZTgfFHdm4iKoxtrsS58q3DLv3ds78nBEsEiCpump,Mowgli,B,0.05,4.599e-08,2026-08-06T10:33:50.407957+00:00,2026-08-06T10:35:11.854154+00:00,hard_stop,1.4055155802408854,3377.1,11033.55,114,103,217.0,1.1067961165048543,,3377.1,36.02,36.02,,99.98157813925161,pass,B,3.2671670960291372,82.1,1,-0.015,,0
eeadba3a-fa8d-45a9-b437-b2152ea1ae62,BRvbYhZezzunziYh1bn5gzofaj5HKVfe4QVy4ziN7yrb,WW,B,0.05,1.766e-07,2026-08-06T10:34:50.424946+00:00,2026-08-06T10:43:52.090233+00:00,hard_stop,1.753536767578125,12722.0,55101.69,353,212,565.0,1.6650943396226414,18376.62,12722.0,94.38,94.38,,90.62093055191767,pass,B,4.331212859613268,93.3,0,-0.015,,0
486a41a0-1826-4aa5-9273-75ca386653f3,8XCZv9z7wLtZkJ6dm8CzFvkAxiKpXSoaiGZHnce8w71J,WW,B,0.05,6.656e-07,2026-08-06T10:42:50.337603+00:00,2026-08-06T10:52:52.234472+00:00,time_stop,1.2412448811848957,49225.0,12722.06,76,17,93.0,4.470588235294118,90613.65,49225.0,17.72,17.72,,99.9508394848708,pass,B,0.2584471305231082,100.0,0,0.006159856,,1
95e6f142-f296-4f20-b625-d338ec99805d,A7r2Zbh9BKEPFto9DendAGCWoQzX6Ny4mdN2S3dPsBE3,CLIP,B,0.05,3.259e-07,2026-08-06T10:46:54.210635+00:00,2026-08-06T10:57:22.307281+00:00,time_stop,1.1539119547526042,22634.0,1356.54,25,14,39.0,1.7857142857142858,44628.94,22634.0,2.59,2.59,,99.99580059587801,pass,B,0.05993372801979323,84.8,0,0.010969623,,1
e93b3917-a55c-47c5-bcd3-a565bebfb86b,69VkhFBtRAtuQcJSonFAzDZzJ2UsMHjuiqtJC4qRpump,HL,B,0.05,2.9e-08,2026-08-06T10:58:50.851287+00:00,2026-08-06T11:00:22.354177+00:00,early_exit_no_green,1.294915283203125,4134.69,5070.48,44,39,83.0,1.1282051282051282,,4134.69,48.29,48.29,,100.0,pass,B,1.2263265202469835,82.6,1,0.0,,0
d76358d4-6f31-4485-98fc-bbe69adae4bd,BVixoa263MC3KcDZf4t8CN9xeHdgj6ZEwtr8d3VEj5m3,MEMOLUTION,B,0.05,3.775e-07,2026-08-06T11:14:49.907879+00:00,2026-08-06T11:18:52.741473+00:00,hard_stop,1.035136962890625,27091.0,11133.69,48,13,61.0,3.6923076923076925,48861.66,27091.0,20.7,20.7,,99.8376126436646,pass,B,0.41097375512162715,100.0,0,-0.015,,0
d3858388-1199-4d0c-b047-228c15d456e7,7BGWSphpSP84buZRq8Ytqgujnud1Yj8DGwpGZCDCgPgk,Smokey,B,0.05,4.001e-07,2026-08-06T11:25:52.131257+00:00,2026-08-06T11:35:53.173259+00:00,time_stop,2.1446738810221353,28154.0,67834.55,228,115,343.0,1.982608695652174,49982.12,28154.0,25.23,25.23,,99.6653698952808,pass,B,2.4094107409249133,99.7,0,0.022694326,,1
7919ca44-2c94-43e0-8e4c-a1a590b7418b,6E1vn3EMvZvPFBFvQBsy1J383WdBnqw9pebkYqCZVLsQ,Turtle,B,0.05,1.454e-10,2026-08-06T11:27:52.571747+00:00,2026-08-06T11:28:23.085156+00:00,hard_stop,1.2236541951497395,33025.25,1752.02,85,79,164.0,1.0759493670886076,,33025.25,19.8,19.8,,97.9945470845307,pass,B,0.053050923157281174,71.8,0,-0.015,,0
c2280530-587d-4813-987f-32fe13308a9c,F1hNr5RCJ8RdvVic47HvKDPEjhSGWUYQD6Y6PdtcZxrn,Turtle,B,0.05,4.918e-07,2026-08-06T11:28:52.491254+00:00,2026-08-06T11:29:53.105658+00:00,take_profit,0.9623474650065105,36483.36,1637.33,61,53,114.0,1.150943396226415,,36483.36,32.38,32.38,,99.20062516209771,pass,B,0.04487881598624688,69.9,0,0.05,,1
a0dc066f-096d-43c0-b868-dcf3618ccf30,Dn1Lhe7DYfGGmAqp5JSdwNxQxCspd5yyYii6MBPpn8hp,Turtle,B,0.05,3.76e-08,2026-08-06T11:29:52.741924+00:00,2026-08-06T11:31:23.172499+00:00,early_exit_no_green,14.475243481445313,15479.33,11176.37,486,490,976.0,0.9918367346938776,,15479.33,7.93,216.0,,100.0,pass,B,0.722018976273521,79.8,0,-0.01412234,,0
8b33b56f-c7e2-43a8-a7d7-94c1b4cb8a41,4wzzTreiXQBMg8FhmMTVTqRzD9cCtr4Ntg75mQ8XgpNR,Turtle,B,0.05,4.982e-07,2026-08-06T11:31:52.172709+00:00,2026-08-06T11:32:23.189163+00:00,take_profit,1.2940107299804688,36355.62,3245.83,130,155,285.0,0.8387096774193549,,36355.62,31.97,31.97,,98.6144400146431,pass,B,0.08928000677749409,71.5,0,0.05,,1
e0aadb6b-3e4e-44e2-a19a-6b1d5d0a1c9d,2TZAstwhkoiQGvSLKYmmPhry8cwcqSRUhniPBLtzpump,CATE,B,0.05,1.105e-07,2026-08-06T11:54:51.621922+00:00,2026-08-06T11:55:23.682699+00:00,hard_stop,1.3700177571614582,7598.17,2045.42,19,4,23.0,4.75,,7598.17,270.0,270.0,,100.0,pass,B,0.26919903081926305,91.1,1,-0.015,,0
7888a744-8e1a-42f5-a572-234ce2eb64df,4CqvkrxUE3wX1R1ikXy8P8TKNhitx39xD9By769Cpump,CATE,B,0.05,1.065e-07,2026-08-06T11:56:51.675040+00:00,2026-08-06T11:58:08.759343+00:00,hard_stop,1.435479345703125,6013.15,1656.73,37,20,57.0,1.85,,6013.15,192.0,192.0,,99.4078211793782,pass,B,0.27551782343696735,87.0,1,-0.015,,0
df3d1059-adfc-4a8a-8c5e-4134bf0d6a9b,6ToZjCAYAunirE5T13huwLAko4Tve1u2Yq5sYbN9pump,DBLUPKT96,B,0.05,2.842e-08,2026-08-06T11:57:10.208245+00:00,2026-08-06T12:07:34.119916+00:00,time_stop,2.036793636067708,4870.48,1818.58,16,10,26.0,1.6,,4870.48,84.59,84.59,,100.0,pass,B,0.3733882492074703,82.5,1,0.046815623,,1
180cc884-6ed6-44f4-927b-c28d3cb061b4,szC3CGfmdWZKXXYLKKoSr96GxnMyVH8mSETdvoTUmEx,Murphy,B,0.05,4.827e-07,2026-08-06T12:04:52.890823+00:00,2026-08-06T12:08:04.027501+00:00,take_profit,1.1032327921549478,44644.0,30594.85,121,39,160.0,3.1025641025641026,15886.28,44644.0,462.0,462.0,,97.0254513948367,pass,B,0.6853070961383388,100.0,0,0.05,,1
eabddf18-c543-4990-ac3a-b1b33439ce83,CHoaSjZNhQQvMobWBgm5G5fvarBjQ3NJWgUamJGVNE3w,Murphy,B,0.05,5.925e-07,2026-08-06T12:09:53.034043+00:00,2026-08-06T12:12:59.141461+00:00,take_profit,3.1734749348958333,43704.0,61032.54,344,118,462.0,2.9152542372881354,13855.69,43704.0,528.0,528.0,,99.58842180871395,pass,B,1.3964978034047226,100.0,0,0.05,,1
561dae45-9fb6-4832-99d1-8278f78c4010,9hw1rXeEiE9fwmJRcshScvy71nHR5NbGc7cymu15fSVV,Murphy,B,0.05,5.784e-07,2026-08-06T12:10:51.957197+00:00,2026-08-06T12:11:59.265447+00:00,take_profit,0.9866365112304688,29146.76,696.72,4,0,4.0,4.0,,29146.76,446.0,446.0,,100.0,pass,B,0.023903857581425863,61.4,0,0.05,,1
75cd0348-0673-4889-af2f-b157917acd33,Av8oqwk6k1K4ejbB2pQXBPmctMtrkAHV3tJsfnG3pump,Cat,B,0.05,8.127e-08,2026-08-06T12:17:52.277745+00:00,2026-08-06T12:27:59.437423+00:00,time_stop,1.008375732421875,5955.84,12918.45,133,68,201.0,1.9558823529411764,,5955.84,73.02,73.02,,80.13513553037821,pass,B,2.169039127981947,99.1,1,0.022043805,,1
14ffe3cb-205c-4df1-ae4e-238ac540b1b1,6eaCJwT5h7cEFEBFT86eFUpYTc6D8w2gucK9X1BYXRNG,Murphy,B,0.05,4.234e-07,2026-08-06T12:18:52.947405+00:00,2026-08-06T12:19:29.380683+00:00,hard_stop,0.5747512532552084,21964.48,985.04,8,2,10.0,4.0,,21964.48,291.0,291.0,,100.0,pass,B,0.04484695289849794,82.4,0,-0.015,,0
2cd38011-30dc-4ac7-81d4-81e7dbbe50bf,6ebRQJJoiKxNUKPiMxguz6JNRivguLWtnbyjpx12EZBL,TINYTANK,B,0.05,6.093e-07,2026-08-06T12:25:52.626170+00:00,2026-08-06T12:26:59.551407+00:00,take_profit,0.6306791422526041,44717.0,5870.82,5,0,5.0,5.0,13890.38,44717.0,543.0,543.0,,99.99996788303386,pass,B,0.131288324350918,91.2,0,0.05,,1
7d967c8c-1830-4be6-8e79-3de26ef66e6f,4ycJRbij6cPKbbECvRPDba1GvesfjrPsof5MEXgUB84U,TINYTANK,B,0.05,6.56e-07,2026-08-06T12:27:52.553414+00:00,2026-08-06T12:36:14.631842+00:00,take_profit,0.8945465861002604,48155.0,6244.95,15,3,18.0,5.0,14665.61,48155.0,554.0,554.0,,99.86872140403364,pass,B,0.12968435261135916,100.0,0,0.05,,1
7390d222-ff8e-402e-8dab-461eb8b5435c,GB5xzBhMAk7nMhiJbfkgsNLZJBNXJLfXB4ztepPN5Ljc,TINYTANK,B,0.05,7.155e-07,2026-08-06T12:30:51.970828+00:00,2026-08-06T12:38:04.695204+00:00,take_profit,0.6146069051106771,46486.0,16459.79,86,21,107.0,4.095238095238095,16166.79,46486.0,485.0,485.0,,99.99947112405697,pass,B,0.3540805834014542,100.0,0,0.05,,1
74afc9c3-a4ee-4d88-8161-8f211468753e,9KRxPHXNn2MN3WsPbEYF5SH8GtYx3viHhS9vZtnHpump,CAVIAR,B,0.05,4.114e-07,2026-08-06T12:33:52.791650+00:00,2026-08-06T12:42:14.887896+00:00,take_profit,0.7652000366210937,23478.0,5106.82,70,36,106.0,1.9444444444444444,9718.1,23478.0,-19.39,-19.39,,64.88305714482664,pass,B,0.21751512053837635,98.9,1,-0.015,,0
a3562200-e5f1-4194-bcd6-468dd649861d,BPAYU1xQaVPZtNYRhfYqKEWVLMnWShu9vUbLbUnrTVVD,TINYTANK,B,0.05,3.503e-08,2026-08-06T12:34:53.124530+00:00,2026-08-06T12:36:10.044635+00:00,take_profit,1.579920194498698,49451.34,1437.05,39,9,48.0,4.333333333333333,,49451.34,866.0,866.0,,99.9423704040503,pass,B,0.029059879873831528,76.7,0,0.05,,1
6447aff2-ee32-4ea8-8c03-5809656a1cff,9UU1ZtPd96VHj9eRpeswquogAsSrndYPrs7njG7eq4dm,TINYTANK,B,0.05,3.248e-07,2026-08-06T12:35:52.576158+00:00,2026-08-06T12:37:34.857353+00:00,take_profit,0.5791491048177083,36859.0,6323.45,24,11,35.0,2.1818181818181817,14768.55,36859.0,519.0,519.0,,97.8554884990646,pass,B,0.1715578284815106,100.0,0,0.05,,1
a91a052c-d3c1-4ea3-8487-261e0ca94327,DqwL3DFZXscboq8Mhbt66Ht1Ae1vW1jRFu48SNpjDurr,TINYTANK,B,0.05,1.68e-08,2026-08-06T12:42:52.310459+00:00,2026-08-06T12:43:44.912334+00:00,take_profit,1.7326375040690105,9189.53,1994.0,37,11,48.0,3.3636363636363638,,9189.53,31.41,31.41,,99.98689931451597,pass,B,0.21698607001663847,91.0,0,0.05,,1
984ec99c-3c7d-4c7b-8dc0-362d758c23c2,FQEj4dkXPqrVFdns2GqWuB1zmg43Jpz17puV7vEU5Ucg,CAVIAR,B,0.05,7.531e-07,2026-08-06T12:50:52.650625+00:00,2026-08-06T12:51:15.221684+00:00,hard_stop,0.7992736409505208,41946.0,7333.75,7,0,7.0,7.0,18931.48,41946.0,343.0,343.0,,99.99624855001692,pass,B,0.1748378868068469,93.8,0,-0.015,,0
22e4cd03-cc51-4b58-bd02-0dbec3bde6e7,8W8BtDFmEgYKqM5TfXefAoEkStjpZkH3dgRy3i696qK,CAVIAR,B,0.05,6.661e-07,2026-08-06T12:52:53.061763+00:00,2026-08-06T12:53:45.197887+00:00,hard_stop,0.45273941650390626,42842.0,7433.61,17,0,17.0,17.0,19130.33,42842.0,352.0,352.0,,99.8808081444363,pass,B,0.17351220764670183,100.0,0,-0.015,,0
932ee470-a89e-4dbc-a704-95b894f557f4,9sdGxYmhPCkKhxAY5jXpHgGRhFufALbwccW5CZyRZaT7,Murphy,B,0.05,3.509e-07,2026-08-06T12:54:52.956709+00:00,2026-08-06T12:55:45.288115+00:00,hard_stop,1.3670672281901042,14054.75,928.61,41,10,51.0,4.1,,14054.75,1931.0,1931.0,,99.99344092766209,pass,B,0.06607090129671464,87.8,0,-0.015,,0
158ffcb0-6ea6-41fa-96f0-75b059a76df2,AZ6y7czAos5YScp9Rgnh13VrB653qBtcJ7NXDZFH9oiq,Turtle,B,0.05,3.881e-07,2026-08-06T12:55:53.512935+00:00,2026-08-06T12:56:45.274180+00:00,hard_stop,1.2308809163411458,30223.0,2306.62,52,27,79.0,1.9259259259259258,11193.86,30223.0,0.27,0.27,,58.073191501333405,pass,B,0.07632002117592561,90.4,0,-0.015,,0
ef1b4213-c194-430e-913a-35608feffcfd,29nWR1n5N2nRmvqq8BgUEognFPS69nCXWApAamJnTnPY,CAVIAR,B,0.05,4.198e-07,2026-08-06T12:59:53.844552+00:00,2026-08-06T13:02:45.422059+00:00,take_profit,12.016341471354167,30577.0,1074800.83,4510,3232,7742.0,1.3954207920792079,13155.54,30577.0,-42.49,396.0,,99.40585674544091,pass,B,35.15063053929424,87.9,0,0.05,,1
5a4b892d-8c4a-40fe-a7bb-7506e7750583,3i5MhanLRxxireYeMBp8GcdED3trTiP9MfbUZE75fkYh,Murphy,B,0.05,1.052e-06,2026-08-06T13:00:52.353577+00:00,2026-08-06T13:03:45.546828+00:00,take_profit,3.74910439453125,44091.65,4455.38,151,30,181.0,5.033333333333333,,44091.65,762.0,762.0,,99.6437865214284,pass,B,0.10104815764436123,98.4,0,0.05,,1
922ed82b-8296-4f2b-9542-3a86e3a2cac2,2Mw436p3FBsnEXJwbQNaV7zEeBchxMeFEb5ohJkHi1Ce,Smokey,B,0.05,4.148e-07,2026-08-06T13:01:52.114609+00:00,2026-08-06T13:04:15.465104+00:00,hard_stop,1.3012200927734374,28570.16,1386.24,24,22,46.0,1.0909090909090908,,28570.16,287.0,287.0,,94.2803208787083,pass,B,0.04852055431261148,70.1,0,-0.015,,0
3b8cfd08-1dd2-4da3-8259-06c80d901194,JDgjqgQRL6oQNUA1fAfdyAE9uqDZrqxZak6Vgz9ypump,Kio,B,0.05,7.039e-08,2026-08-06T13:03:53.541078+00:00,2026-08-06T13:04:15.585601+00:00,hard_stop,0.6338847737630209,5149.02,3811.3,34,20,54.0,1.7,,5149.02,109.0,109.0,,100.0,pass,B,0.7401991058492684,90.4,1,-0.015,,0
9c0fb53b-9d14-4ca9-b71d-e7e4df37e851,Daenpx1eimqA3i6vkpVYJMSMvDu2rZu2G4rbMchtvT8m,CAVIAR,B,0.05,3.279e-07,2026-08-06T13:05:53.042066+00:00,2026-08-06T13:07:15.578680+00:00,take_profit,0.5209105428059896,23977.0,5040.32,6,2,8.0,3.0,14302.47,23977.0,234.0,234.0,,99.99999999999999,pass,B,0.2102147891729574,95.0,0,0.05,,1
4fb23ac1-b1c8-4bf0-8e84-ed4c881156b7,7S4krGhusxXQorfXkBbmzLfJeBo3gmaUWtuX3d7ppump,MUSK,B,0.05,2.851e-08,2026-08-06T13:17:42.594992+00:00,2026-08-06T13:19:14.378331+00:00,early_exit_no_green,3.214371618652344,2080.85,2087.72,13,11,24.0,1.1818181818181819,,2080.85,-7.29,-7.29,,100.0,pass,B,1.0033015354302328,71.1,1,-0.000982112,,0
c8e34fdc-9ac2-4252-ab0d-8d4cb911c51a,FGMZjS8snxRSaUv4AqDYxAjoJbYrQTLqKwAbeXWGpump,WW,B,0.05,2.917e-08,2026-08-06T13:18:42.721136+00:00,2026-08-06T13:20:14.401914+00:00,early_exit_no_green,2.050173990885417,2128.62,8936.22,93,81,174.0,1.1481481481481481,,2128.62,-13.6,-13.6,,100.0,pass,B,4.198128364856104,83.0,1,-0.001234145,,0
7cccc0f3-b6ff-4106-b876-74fb277a5dea,6whDKcqCEaGUjoeV7u68wDNdwnj7rnycDEphPuYAn6Mc,Kio,B,0.05,1.095e-07,2026-08-06T13:19:43.675257+00:00,2026-08-06T13:21:14.430358+00:00,early_exit_no_green,14.467327180989583,7068.43,83728.15,1331,1047,2378.0,1.271251193887297,,7068.43,-74.38,154.0,,83.0467170526933,pass,B,11.845367358805278,85.4,0,-0.00369863,,0
f9ab5f42-1b17-4d56-97e5-7347799f6ae0,3bgWNaNb9EFX3PwdpK24Lsrjq4eJ8U5wyeGgSW9cpump,Penguin,B,0.05,2.935e-08,2026-08-06T13:20:04.359612+00:00,2026-08-06T13:21:44.479745+00:00,early_exit_no_green,1.1341063802083333,2082.62,1425.73,9,10,19.0,0.9,,2082.62,-15.61,-15.61,,100.0,pass,B,0.6845848018361488,66.5,1,0.0,,0
7b2bd2c4-b033-41a5-a89d-bdf1a24c5317,3FeTrY2EDUssckByYPaEw7abujqJBjK7gAbeQKWKwwzd,WW,B,0.05,5.178e-07,2026-08-06T13:25:43.383309+00:00,2026-08-06T13:31:44.467248+00:00,take_profit,1.3466685180664062,29211.0,9872.33,36,12,48.0,3.0,13150.43,29211.0,343.0,343.0,,96.22931884265248,pass,B,0.3379661771250556,100.0,0,0.05,,1
f94ac142-0356-4dc1-9370-b2078ca5c2bf,D58ff4chM4vyvw8PXfhA7T11NB29wSwQdgWJkPM2pump,CAVIAR,B,0.05,4.855e-08,2026-08-06T13:26:44.015575+00:00,2026-08-06T13:27:14.552587+00:00,hard_stop,0.8041735677083334,3114.84,1606.02,12,10,22.0,1.2,,3114.84,43.26,43.26,,100.0,pass,B,0.5156027275879339,73.8,1,-0.015,,0
0a0dd8d1-e883-4a86-8066-16b4f8f72519,GbA2KMPjC1A1hRJaK3cHoGYwzCayoxmqQLoXiu3FX22e,ハルコ,B,0.05,6.223e-07,2026-08-06T13:29:44.662475+00:00,2026-08-06T13:32:14.460264+00:00,take_profit,0.4154630045572917,49061.13,605.47,11,2,13.0,5.5,,49061.13,609.0,609.0,,97.6781723845091,pass,B,0.012341134417409466,64.2,0,0.05,,1
85dab9c8-06f5-425f-bab1-0371adbd4533,CCAeRwBaj7mAa27SrAvcUhWvUcy6rRLBgwFK7Rbakuvk,WW,B,0.05,4.975e-07,2026-08-06T13:31:42.206413+00:00,2026-08-06T13:33:14.486372+00:00,early_exit_no_green,1.3356205607096354,35685.62,2020.07,74,110,184.0,0.6727272727272727,,35685.62,30.29,30.29,,98.96999598924751,pass,B,0.056607395359811595,64.5,0,-0.000321608,,0
f48ade2a-a2ee-406e-99e3-f63119e4c268,J5dqUA2PrjCPvwGeZLDWEaYr7GXvi7dWsPoxv544ckLr,ハルコ,B,0.05,1.049e-06,2026-08-06T13:33:43.510098+00:00,2026-08-06T13:43:44.596589+00:00,time_stop,0.7360108276367188,35307.0,5835.47,5,0,5.0,5.0,14732.99,35307.0,378.0,378.0,,99.53866607246944,pass,B,0.16527799020024359,91.2,0,0.004671115,,1
1289a80d-baac-4e7f-9151-dec8e55f3734,9QCy9zdrTKaMrXb4ZYEHFFVexomYy6wRyz41Dnv6pump,TinyTank,B,0.05,4.457e-08,2026-08-06T13:36:43.539256+00:00,2026-08-06T13:38:14.621483+00:00,early_exit_no_green,18.283748364257814,3204.53,2876.24,67,44,111.0,1.5227272727272727,,3204.53,-5.55,56.97,,99.9724016342163,pass,B,0.8975543995531324,84.1,1,-0.000751627,,0
235eabde-d009-4526-983f-85dd0f9f99b2,44uXv4ip8AUvogUjRo2L9XRG8DToiXrbppHfZRuGpump,Poncho,B,0.05,3.862e-08,2026-08-06T13:38:43.633910+00:00,2026-08-06T13:40:14.662506+00:00,early_exit_no_green,0.9334826009114583,2822.55,785.82,11,6,17.0,1.8333333333333333,,2822.55,21.4,21.4,,100.0,pass,B,0.2784078227135037,84.0,1,-0.013788193,,0
d60e7024-e4bf-4d50-a1d4-f6f1227ef44a,6xVvB7oz2VM9LCUumfS9wNwUCEa2a3BvBonNtvd6bapQ,WW,B,0.05,4.189e-07,2026-08-06T13:41:43.168435+00:00,2026-08-06T13:44:09.625091+00:00,hard_stop,1.5718401814778646,30825.41,2277.91,99,114,213.0,0.868421052631579,,30825.41,250.0,250.0,,95.58397858688059,pass,B,0.0738971517329372,69.2,0,-0.015,,0
5059d829-8c06-4d38-b881-e565773b830f,ANv9KPPP8UTVymfW8oorQ1sPv2yTFBrKFzhDQXfPUmqc,Murphy,B,0.05,5.826e-07,2026-08-06T13:42:02.705367+00:00,2026-08-06T13:42:54.751788+00:00,take_profit,11.365150378417969,40890.0,327411.94,3310,676,3986.0,4.896449704142012,14693.6,40890.0,-70.59,504.0,,87.4262141877813,pass,B,8.007139642944486,100.0,0,0.05,,1
09d7628d-f35d-4ac5-94d5-e9f2cea3b9dc,CS2h3BKVRuf7TVEmkNF1U7WoMS99muNDusXeCWYqpbRa,WW,B,0.05,7.565e-07,2026-08-06T13:48:43.283406+00:00,2026-08-06T13:51:14.715760+00:00,hard_stop,0.733698067220052,48325.0,6227.41,10,0,10.0,10.0,14678.37,48325.0,558.0,558.0,,99.99999794492811,pass,B,0.12886518365235386,97.5,0,-0.015,,0
86e4fe82-d1ac-421b-8b82-bfd1f26bc366,8c8nfnFHFoY1BypdL2KSFUgMxAFN1csHjF7gyQv4SyEq,Sentient,B,0.05,3.008e-07,2026-08-06T13:51:43.616358+00:00,2026-08-06T13:52:14.725250+00:00,take_profit,2.549923697916667,46582.0,9984.47,380,443,823.0,0.8577878103837472,1220.94,46582.0,-42.22,-42.22,,98.6751432979849,pass,B,0.21434180584775234,77.2,0,0.05,,1
5c1a8b2e-a439-4c38-8d1f-e7a632da0a71,C5FGpz6KiZS56LypBYXj5r3Ws3oz5rXaAhgMw3NQxnBf,WW,B,0.05,4.503e-07,2026-08-06T13:54:44.130517+00:00,2026-08-06T13:59:19.781916+00:00,hard_stop,0.8190603149414063,27044.32,646.94,9,1,10.0,9.0,,27044.32,206.0,206.0,,95.5625802380312,pass,B,0.023921474084022083,68.8,0,-0.015,,0
b7c80ec8-da0a-4eef-9199-900212b445fe,EkFbEJp1cR6A1PhcxPhMv1wpCmL1MLdaY3AsdQyLkene,Penguin,B,0.05,2.795e-08,2026-08-06T13:55:06.025944+00:00,2026-08-06T13:56:44.841271+00:00,early_exit_no_green,1.3857764526367187,2147.39,4441.3,30,32,62.0,0.9375,,2147.39,-18.4,-18.4,,100.0,pass,B,2.0682316672798144,77.1,0,0.0,,0
e5a36aef-82e5-43bb-a3e7-df6ae8813606,9n3VrZGuYQaia6SqpZLYhy1HcR97dhNyQBNGFADNP2dE,WW,B,0.05,4.513e-07,2026-08-06T13:55:42.085308+00:00,2026-08-06T13:58:49.886121+00:00,hard_stop,1.3704795776367187,32624.72,1881.74,71,102,173.0,0.696078431372549,,32624.72,18.67,18.67,,99.3330162696003,pass,B,0.05767834942338202,64.6,0,-0.015,,0
2c406559-a776-420a-b9b9-9ecca0e6a388,8FkLqLjK3oVCXjhT5DbdBM51cWio5KxDEBXawiWar8tV,WW,B,0.05,3.692e-07,2026-08-06T13:59:43.243007+00:00,2026-08-06T14:03:24.800998+00:00,take_profit,1.085261836751302,27064.46,647.7,10,1,11.0,10.0,,27064.46,207.0,207.0,,95.6674763735131,pass,B,0.02393175404201673,64.6,0,0.05,,1
c074a0e6-41b3-4670-9fab-9bc9dd145f2e,4sUv1ey8dCEpKuLMDBK5PupQvxWvQV21FEZDkv2ff3wC,LOOT,B,0.05,3.014e-08,2026-08-06T14:00:44.266354+00:00,2026-08-06T14:01:19.889926+00:00,hard_stop,8.76798280029297,2211.0,502.78,39,59,98.0,0.6610169491525424,27.44,2211.0,-98.58,-98.03,,99.9999999998884,pass,B,0.22739936680235187,59.7,0,-0.015,,0
1e9230f1-dddb-41ed-97bc-80d229b8fede,3M65pZMRxMFjLv4KanaLTTEcBpB2tbYp49YEsvbxpump,Kio,B,0.05,2.926e-08,2026-08-06T14:01:43.647308+00:00,2026-08-06T14:03:24.899818+00:00,early_exit_no_green,1.0529390543619792,2142.29,1894.48,9,11,20.0,0.8181818181818182,,2142.29,-13.33,-13.33,,100.0,pass,B,0.8843247179420154,67.0,1,-0.002238551,,0
b92225c0-85d7-497b-b0bb-4b269049b4d4,2aEc4zciEgZsbvw9KnUSrXjJuK4Xswbh87qoNRSpQuA1,TINYTANK,B,0.05,4.987e-07,2026-08-06T14:02:42.385365+00:00,2026-08-06T14:03:25.002959+00:00,hard_stop,1.3505792724609376,34780.73,2138.58,96,124,220.0,0.7741935483870968,,34780.73,26.6,26.6,,98.1667018579012,pass,B,0.061487496093382735,66.9,0,-0.015,,0
9d38190e-c87c-499c-9037-eaa2960f814b,E5d55EH8Er3k83iREAtopLFJzYxEfWynbLuyJRsd1LRh,Kio,B,0.05,3.574e-08,2026-08-06T14:03:00.711845+00:00,2026-08-06T14:04:34.827252+00:00,early_exit_no_green,0.5803565185546875,2088.94,754.1,2,1,3.0,2.0,,2088.94,-25.03,-25.03,,100.0,pass,B,0.36099648625618735,76.0,0,-0.008939564,,0
dd2ec34b-06b8-4d12-8987-4573a8c18067,8VnTZ6QpbZ58BcT5MAfuFvm2bfs8KvSsrv8PCyhNpump,Kio,B,0.05,4.41e-08,2026-08-06T14:03:42.755819+00:00,2026-08-06T14:04:39.835479+00:00,hard_stop,0.7525669067382813,6820.15,10012.51,119,68,187.0,1.75,,6820.15,145.0,145.0,,99.5681754654463,pass,B,1.4680776815759184,95.0,1,-0.015,,0
66fb651a-cb39-4a99-bf81-32936487b0dc,BJEFTeZh56nWaUno3yadUZ2t9n6x7KibDTtz5EixnGJ8,TINYTANK,B,0.05,4.782e-07,2026-08-06T14:04:43.661788+00:00,2026-08-06T14:05:09.840110+00:00,hard_stop,1.3530535400390624,32761.01,2333.48,110,152,262.0,0.7236842105263158,,32761.01,19.15,19.15,,98.1752123044942,pass,B,0.07122735227027495,66.5,0,-0.015,,0
cdfba29e-0f9d-4443-8a3f-f895d082e33e,EqfHyi1QXgvErktxwHvRWa4Hm8QzJDzYh6H7NrDPo2dp,Kio,B,0.05,3.093e-07,2026-08-06T14:05:02.945144+00:00,2026-08-06T14:06:39.830403+00:00,hard_stop,0.8678502197265625,49423.23,610.14,12,3,15.0,4.0,,49423.23,611.0,611.0,,98.5868685212472,pass,B,0.012345206899670457,64.2,0,-0.015,,0
d015b7ec-b9f7-42e3-bc9d-da06a9e0c249,gwtuRDzMZSeHhPijyYpphVYs6CbpYaRqbraXsGManke,WW,B,0.05,4.811e-07,2026-08-06T14:05:41.972573+00:00,2026-08-06T14:07:39.846436+00:00,take_profit,1.5547969197591145,31285.32,3185.61,149,149,298.0,1.0,,31285.32,254.0,254.0,,95.8033416554878,pass,B,0.10182443395177036,74.6,0,0.05,,1
caa52d68-7add-4a22-8cc1-084137737623,ERNLbYufLT8tgrq1Q15LQ82oT4oDaZDbYMmkByYCpump,Kio,B,0.05,2.795e-08,2026-08-06T14:06:00.102886+00:00,2026-08-06T14:07:39.946600+00:00,early_exit_no_green,1.517375118001302,2795.68,2540.07,27,27,54.0,1.0,,2795.68,20.21,20.21,,100.0,pass,B,0.908569650317633,72.6,1,0.0,,0
10466057-785e-4b89-8129-bb7b22464ef0,4Smxu31NQH93fK11mv1syyCxaVyd9yeqh1ke4RVisUiZ,TINYTANK,B,0.05,4.944e-07,2026-08-06T14:06:42.552638+00:00,2026-08-06T14:08:14.889174+00:00,early_exit_no_green,1.305960225423177,34851.27,2100.18,91,130,221.0,0.7,,34851.27,26.77,26.77,,99.0425535224693,pass,B,0.06026121860121597,65.3,0,-0.000738269,,0
cb1bb1c9-4586-4975-a2e7-613c1e1a3ad8,FXBppdQsaMEuChBuG9jujRBvN5aLmh5QmMvjGv8XciXC,Kio,B,0.05,3.767e-07,2026-08-06T14:11:43.446262+00:00,2026-08-06T14:16:24.966590+00:00,hard_stop,0.8681131429036458,24811.27,605.4,9,0,9.0,9.0,,24811.27,194.0,194.0,,97.57557445080701,pass,B,0.024400202004975963,67.7,0,-0.015,,0
ddc523a5-7ac2-46c1-bba1-afe257a6c3bb,61vTmJbbk3QfTjnhJXdjLo9wCEDSRZ6qaQcjDVg46wfv,AURADOG,B,0.05,1.083e-06,2026-08-06T14:15:44.670661+00:00,2026-08-06T14:17:45.286358+00:00,hard_stop,15.871728487141928,49460.0,1443058.22,5913,4636,10549.0,1.2754529767040552,18105.15,49460.0,-35.77,573.0,,90.44947748554145,pass,B,29.17626809543065,85.5,0,-0.015,,0
54e8dac1-78ef-4518-bc76-234777d157ae,7yt7UbKfBeiTKqQWuhSjDqR4PzFMcfkuNLmRf6BM7WoV,TINYTANK,B,0.05,6.337e-07,2026-08-06T14:17:42.789188+00:00,2026-08-06T14:19:15.006503+00:00,early_exit_no_green,1.002643721516927,46394.0,6078.48,14,0,14.0,14.0,14372.9,46394.0,545.0,545.0,,100.0,pass,B,0.13101866620683708,95.5,0,-0.000284046,,0
bdaff978-4107-4365-b39b-428ddc8a7bcd,HvvVxy8yBYdUXhfCwdBe573d7Z2NCMqEAVBePnfufXs9,TINYTANK,B,0.05,5.285e-07,2026-08-06T14:19:43.165445+00:00,2026-08-06T14:29:45.329793+00:00,time_stop,0.7232692179361979,29421.0,5126.8,3,0,3.0,3.0,13216.24,29421.0,345.0,345.0,,99.99999684879322,pass,B,0.17425648346419226,88.8,0,-0.003178808,,0
196f0f82-6309-41eb-8b54-3a683a0b96f1,7gaJBJUWdqhBNYf4Z1EwcBYcjHprNjiby7aspYfS6CqN,TINYTANK,B,0.05,4.541e-07,2026-08-06T14:28:42.859784+00:00,2026-08-06T14:30:45.339683+00:00,hard_stop,1.3567158610026042,34121.07,1794.87,81,106,187.0,0.7641509433962265,,34121.07,24.08,24.08,,98.777930661413,pass,B,0.05260298109056955,65.7,0,-0.015,,0
3b598854-6f62-40e3-8773-3ed2186384d1,32u9mabsm1w4uj2qpLp1kydvQyx28gmZ5meF8EiuqSHZ,TINYTANK,B,0.05,4.944e-07,2026-08-06T14:33:43.436260+00:00,2026-08-06T14:35:15.456563+00:00,early_exit_no_green,1.3546839965820312,33515.02,1370.48,62,82,144.0,0.7560975609756098,,33515.02,22.11,22.11,,98.83628297012311,pass,B,0.04089151669908,58.8,0,0.000101133,,1
042132be-4fd0-4fee-a754-4de9d2568092,EeRgX67QNDMoNKthhtJBrkaAn45tUe147taMRJErB2Qd,TINYTANK,B,0.05,3.287e-07,2026-08-06T14:35:43.984686+00:00,2026-08-06T14:45:55.469612+00:00,time_stop,2.3388324178059894,24314.0,8526.81,54,36,90.0,1.5,46251.38,24314.0,10.42,10.42,,99.69561606685609,pass,B,0.3506954840832442,90.0,0,0.008214177,,1
e7187acf-e6a8-42bc-88c4-2b3a995a6d71,Bt3ft7Haw2WGupTmbVqtwqicsf6qAdUM34ynjeGVV1XK,TINYTANK,B,0.05,4.98e-07,2026-08-06T14:42:43.385063+00:00,2026-08-06T14:44:55.567020+00:00,hard_stop,1.3743585489908854,34274.0,1148.22,53,54,107.0,0.9814814814814815,,34274.0,24.6,24.6,,98.9013457546704,pass,B,0.03350119624204937,58.2,0,-0.015,,0
1fe83b08-0b94-4e9b-82cb-b2d50fff4b27,CHrS8JttNTSHZrbupZ54kGqGB6W74zVcX9j8eyJ9DYqV,TINYTANK,B,0.05,4.971e-07,2026-08-06T14:49:43.807279+00:00,2026-08-06T14:50:25.504056+00:00,hard_stop,0.8759124918619792,41370.0,495.76,45,58,103.0,0.7758620689655172,1710.53,41370.0,12.58,12.58,,98.16600413840183,pass,B,0.011983562968334542,39.2,0,-0.015,,0
efdae72b-9caf-40a4-81f9-b2fab4dcf278,FwUeqsfCgZsJar4CZna136RHjN14XGjeXGzSzrB5mb1A,TINYTANK,B,0.05,5.512e-07,2026-08-06T14:50:44.003828+00:00,2026-08-06T14:51:25.642005+00:00,hard_stop,2.7883771240234374,40497.0,6246.5,4,2,6.0,2.0,15426.96,40497.0,425.0,425.0,,100.0,pass,B,0.15424599353038496,89.5,0,-0.015,,0
f6a87061-69d9-4e5b-98ac-3093c2962a97,6Qy4MUjuSeopVA5yUoBsJGXa95TP6Nh9qYW35iTD5ZtB,TINYTANK,B,0.05,4.483e-07,2026-08-06T14:51:44.111016+00:00,2026-08-06T14:53:25.582491+00:00,hard_stop,0.8901301350911458,33652.14,648.14,7,0,7.0,7.0,,33652.14,22.16,22.16,,98.83693947316479,pass,B,0.019259993569502563,62.3,0,-0.015,,0
4478e339-a87e-4712-8b9b-66edc180027a,i3uMEffZ6P95urFetRNue7RY2ZegeLp4ZPdMHmcv3sU,TINYTANK,B,0.05,4.944e-07,2026-08-06T14:52:44.083700+00:00,2026-08-06T14:57:10.570764+00:00,hard_stop,1.3755142659505208,32226.65,1370.87,39,68,107.0,0.5735294117647058,,32226.65,17.02,17.02,,98.9844267435691,pass,B,0.04253839601696111,56.1,0,-0.015,,0
e567a8d3-82fd-4486-9ec4-d91bcfb2c624,CEw5Dr8rC6LoaKQAVbctJnX48KYYHVjKjzFkKqLAUibz,TINYTANK,B,0.05,4.285e-07,2026-08-06T14:53:43.477665+00:00,2026-08-06T14:55:41.112085+00:00,take_profit,0.8053145833333333,33612.93,646.43,3,0,3.0,3.0,,33612.93,22.07,22.07,,98.79644855218208,pass,B,0.019231587368313322,57.2,0,0.05,,1
c45bd69b-6795-40ff-bd5a-d2ea68e5db30,6aVtMpfycPC6BvMdycWxy1mnjz3WimYHUiHxwXBBpump,ICM,B,0.05,3.88e-08,2026-08-06T14:57:42.975469+00:00,2026-08-06T14:59:15.618549+00:00,early_exit_no_green,1.0604946655273437,2849.35,4509.45,42,36,78.0,1.1666666666666667,,2849.35,30.06,30.06,,100.0,pass,B,1.5826241072525313,81.9,1,-0.011662371,,0
758a8f2f-87aa-46a8-b1ff-c1d691b1455d,53PzYEBT9c4qjJnFoorFc9wjEm7CvqjJmkSKNPKz29Uk,ICM,B,0.05,3.893e-07,2026-08-06T14:58:46.844524+00:00,2026-08-06T14:59:45.604361+00:00,hard_stop,0.9744038940429688,27115.81,648.62,9,1,10.0,9.0,,27115.81,206.0,206.0,,95.669487566256,pass,B,0.023920362327365472,68.8,0,-0.015,,0
a105c6eb-4b21-4ac0-9037-8eaeceb9cd09,CAuw88Fwg6pPKWqj1tR3NrkSGcboUdhmvXaSfJ4yYs33,TINYTANK,B,0.05,4.931e-07,2026-08-06T15:00:43.677260+00:00,2026-08-06T15:04:00.634364+00:00,hard_stop,1.2931206420898438,32580.1,1416.47,54,77,131.0,0.7012987012987013,,32580.1,18.09,18.09,,98.9659464283901,pass,B,0.04347653935991602,59.4,0,-0.015,,0
cabeb8cc-40d4-4d8f-b38e-1c09130629f9,DvWnh48a99ybENWsJRoFuFnanhp6QxTe1JhK2CFhRLAg,ICM,B,0.05,4.16e-07,2026-08-06T15:01:02.647309+00:00,2026-08-06T15:03:00.732117+00:00,hard_stop,1.0265301432291667,27180.1,649.98,11,1,12.0,11.0,,27180.1,207.0,207.0,,95.8075905868948,pass,B,0.023913819301621408,65.3,0,-0.015,,0
f462f520-cbdd-4f78-b3f8-e24f32e9125f,9KPzquZuBScu29MdyuMwcV17i8S6u2We8mNbv6x5Qqmk,ICM,B,0.05,1.854e-07,2026-08-06T15:03:43.687557+00:00,2026-08-06T15:04:00.856349+00:00,hard_stop,0.9922574869791667,19287.03,874.41,17,24,41.0,0.7083333333333334,,19287.03,118.0,118.0,,95.00377847037728,pass,B,0.04533668480839196,59.0,0,-0.015,,0
ec8d4ab4-55bf-460f-a597-e6f353f433b0,C3PTSQMsgJ1iQNXZ6sYk2KEPbNBcTYZq9J8eJQPszEY9,ICM,B,0.05,1.419e-07,2026-08-06T15:04:43.900596+00:00,2026-08-06T15:05:00.637834+00:00,hard_stop,1.1092516682942708,44819.9,890.51,7,4,11.0,1.75,,44819.9,908.0,908.0,,99.0818046726517,pass,B,0.01986862978275275,57.8,0,-0.015,,0
578a03cd-13ec-48dd-8bf7-2d089a93df6a,GaeNAr9aSU2KYUGUrbT7RgMbY8CgM4WSnLirx2G3zBUL,TINYTANK,B,0.05,4.974e-07,2026-08-06T15:05:43.380194+00:00,2026-08-06T15:07:15.666951+00:00,early_exit_no_green,1.3651050130208333,34635.89,1945.75,75,121,196.0,0.6198347107438017,,34635.89,25.64,25.64,,99.0919090512503,pass,B,0.05617727738481673,63.2,0,-0.000180941,,0
8faeb30e-ddaf-415a-bad2-2af0d5b1e2e7,EE9aHCW2FR3qb2WsUNW7MaHxw72A7WPUP1otVaBnz2dH,ICM,B,0.05,4.258e-07,2026-08-06T15:06:02.427939+00:00,2026-08-06T15:07:50.658904+00:00,take_profit,1.7727532307942708,32363.63,2906.57,129,115,244.0,1.1217391304347826,,32363.63,265.0,265.0,,95.6329917806881,pass,B,0.08980976485023466,76.2,0,0.05,,1
e7926af4-bd1a-421c-82e0-f8f7aa147fb4,DPmrbQNprxoanuLUs5Nm8scNACvwrz8ALAHVMfHAscfx,FRAUD,B,0.05,1.876e-07,2026-08-06T15:06:22.071997+00:00,2026-08-06T15:08:20.676085+00:00,early_exit_no_green,2.2899862182617188,35176.0,80708.8,618,195,813.0,3.169230769230769,17520.93,35176.0,270.0,270.0,,99.97602845846482,pass,B,2.294428019103935,100.0,0,0.0,,0
975539fa-7fa3-4e2a-8b88-1960cc23b1f5,6wYZe31s61KRxkZ2gbCXBq11YdNLR89GyonfqPuvpump,KIO,B,0.05,4.725e-08,2026-08-06T15:06:50.885716+00:00,2026-08-06T15:07:16.135954+00:00,hard_stop,0.6791518107096354,3471.04,661.14,3,0,3.0,3.0,,3471.04,24.16,24.16,,100.0,pass,B,0.19047317230570665,75.7,1,-0.015,,0
5abcd310-ad68-4d56-a232-5a7a1ad72ea7,BEtdtQQNaPqMZCMSuo93RMJmho6X3StLSUPP6rg6Bd3Z,FRAUD,B,0.05,4.682e-07,2026-08-06T15:07:50.465639+00:00,2026-08-06T15:14:50.890150+00:00,take_profit,1.2931626546223958,34417.12,1197.48,23,11,34.0,2.090909090909091,,34417.12,289.0,289.0,,94.69677821148191,pass,B,0.0347931494558522,79.5,0,0.05,,1
80b61df3-90b2-4412-a540-3cb7cef45e7c,rLc5PCzoKGrTaLugYbR81yoY7WJz5FkyPsBVnZMmB2g,TINYTANK,B,0.05,4.49e-07,2026-08-06T15:11:51.109744+00:00,2026-08-06T15:18:20.919267+00:00,hard_stop,1.4765871337890626,30578.37,1706.01,63,102,165.0,0.6176470588235294,,30578.37,10.73,10.73,,98.9577437834764,pass,B,0.05579139764480579,62.5,0,-0.015,,0
8948c60f-63aa-4a6c-98f0-ff7cce1fc859,3w1A1DaRpS9XaqCRgnVZvktQU81N94ui2A8SiwMhjZnY,TINYTANK,B,0.05,7.616e-12,2026-08-06T15:14:50.407291+00:00,2026-08-06T15:16:20.846746+00:00,early_exit_no_green,1.1485094767252604,47978.0,3745.32,151,173,324.0,0.8728323699421965,1852.62,47978.0,30.4,30.4,,98.13373247719167,pass,B,0.07806327900287632,73.7,0,0.0,,0
eb0e08dd-95a8-43fe-b9df-25be43781243,2AS4QD9ndtNiMKN2XjWcGPSqRzq5oUMVVuBbaoxseLKr,TINYTANK,B,0.05,4.514e-07,2026-08-06T15:17:50.878384+00:00,2026-08-06T15:19:20.759205+00:00,take_profit,1.546253535970052,33659.64,4804.28,223,287,510.0,0.7770034843205574,,33659.64,21.99,21.99,,98.9601205533184,pass,B,0.1427311759721732,75.0,0,0.05,,1
cfbd4c7e-8677-4776-84e6-80fd8239c153,8LaB3Fy8URhuVnzaLh94H5ttanaYuLB3BPSdkQo7iAa4,ICM,B,0.05,4.252e-07,2026-08-06T15:18:09.871795+00:00,2026-08-06T15:20:50.765176+00:00,hard_stop,1.1102703816731772,27130.62,649.02,9,1,10.0,9.0,,27130.62,206.0,206.0,,95.46622789365411,pass,B,0.02392204822447847,63.8,0,-0.015,,0
b39bde0b-2ef4-4b67-933e-4ecd3b92e862,CejYfJWSF1f5V1rcFTu3ktmr65ufLV8s9cNpXQ2fCRzD,TINYTANK,B,0.05,4.976e-07,2026-08-06T15:18:51.368632+00:00,2026-08-06T15:23:20.784176+00:00,take_profit,0.8129806030273438,35414.0,5882.48,6,1,7.0,6.0,14815.8,35414.0,376.0,376.0,,99.99995694043575,pass,B,0.1661060597503812,93.8,0,0.05,,1
d02d895c-8177-4ba3-96b5-21a6ae3346a0,FSGzwG4jcGhTeZqnfvcPgdyKrFLdQqXtkuNUtGDmec94,TINYTANK,B,0.05,6.041e-07,2026-08-06T15:21:52.237552+00:00,2026-08-06T15:23:30.774734+00:00,hard_stop,1.3135635782877604,45665.0,714.51,67,85,152.0,0.788235294117647,1797.74,45665.0,24.42,24.42,,98.46731957752719,pass,B,0.01564677542976021,42.3,0,-0.015,,0
ade3ba2d-8ecd-4e01-be37-93951d8a28b8,ACPY23afppGjaVTg2P8j3Akn88F5zH1CiCo6kT6yVuVf,ICM,B,0.05,4.01e-07,2026-08-06T15:22:12.632667+00:00,2026-08-06T15:28:05.823857+00:00,take_profit,1.4137664428710937,26645.06,1654.04,60,59,119.0,1.0169491525423728,,26645.06,201.0,201.0,,96.1586817858748,pass,B,0.062076797725356965,70.3,0,0.05,,1
e084baff-638f-46bd-af89-fb7de954187a,FN4fwZ71CZcMs3jJMosyU3gGfPP7r4CcuuL5bcgFpYto,shibanana,B,0.05,3.765e-07,2026-08-06T15:22:32.900432+00:00,2026-08-06T15:26:35.898901+00:00,take_profit,0.7641154052734375,26251.0,4774.01,7,1,8.0,7.0,12469.89,26251.0,319.0,319.0,,92.58408095326854,pass,B,0.1818601196144909,94.3,0,0.05,,1
b9f933c5-512b-4c48-90cc-c4a6decf0a54,C6V9gbQbnx8zCbU6GrEPFLt98eeobbqvnJEh3pGf7Mia,shibanana,B,0.05,4.614e-07,2026-08-06T15:24:02.277236+00:00,2026-08-06T15:26:36.010030+00:00,hard_stop,1.1820769653320313,31392.08,2208.59,97,115,212.0,0.8434782608695652,,31392.08,13.95,13.95,,98.87041824738179,pass,B,0.07035500674055367,68.5,0,-0.015,,0
97fe894e-9538-4b09-a089-7bee7a8fa1c2,BTm4GNG5D9KxqqF6dmup5ZgVqySst8R9NQLJXuqwRT3D,shibanana,B,0.05,9.156e-07,2026-08-06T15:25:00.683894+00:00,2026-08-06T15:30:05.871933+00:00,hard_stop,0.7159630574544271,44807.0,11132.41,84,15,99.0,5.6,16668.71,44807.0,503.0,503.0,,99.84613949174246,pass,B,0.24845247394380343,100.0,0,-0.015,,0
fe91ed86-7dd9-459e-b9bd-040f124577db,AEeeCy6pRSA17MRJitneSiqS3Ayt4sTfQwCrqjxDYLSD,TINYTANK,B,0.05,4.585e-07,2026-08-06T15:26:01.760933+00:00,2026-08-06T15:30:35.873635+00:00,hard_stop,0.663755908203125,33951.32,704.75,12,6,18.0,2.0,,33951.32,23.13,23.13,,98.9003374356536,pass,B,0.02075766126324396,69.6,0,-0.015,,0
232b1999-358c-4ef0-b413-4c38236b3670,4PL5f1SCMqjpacf3Ub91Y3a3w2cgZZfK7obSCsQUpump,ICM,B,0.05,7.183e-09,2026-08-06T15:30:01.552647+00:00,2026-08-06T15:30:35.983072+00:00,hard_stop,1.239887577311198,6849.93,2516.98,10,6,16.0,1.6666666666666667,,6849.93,230.0,230.0,,100.0,pass,B,0.36744609068997786,82.9,1,-0.015,,0
f3beb178-b105-4a6d-b943-89f414fffe8a,CifM3mn6hCGtrmiXXUwZp7fYzMKStd8z8738SWbygMe2,STONK,B,0.05,1.217e-07,2026-08-06T15:32:02.004130+00:00,2026-08-06T15:32:35.886844+00:00,hard_stop,2.226435579427083,7243.59,24490.19,243,246,489.0,0.9878048780487805,,7243.59,188.0,188.0,,99.69579275748161,pass,B,3.3809464643912754,79.8,0,-0.015,,0
1fd2d4c4-d3cc-4d61-805a-fbe23bedb0b2,HZoLyxziuXyRzBNKcGK4Zixr4TQwY2J5ALRKgXsQJt7u,TINYTANK,B,0.05,4.894e-07,2026-08-06T15:33:01.224138+00:00,2026-08-06T15:43:21.188252+00:00,time_stop,1.5771177856445313,36025.59,3109.59,215,271,486.0,0.7933579335793358,,36025.59,30.49,30.49,,98.6909803599427,pass,B,0.08631614360791871,70.2,0,0.002063752,,1
80404087-32aa-41b8-8249-0bab3999e3b6,4eNcKM8aXB1QHjTzTkppxsvouVUgVzkMrBFcgi7KbVuy,shibanana,B,0.05,5.72e-07,2026-08-06T15:33:20.527055+00:00,2026-08-06T15:37:21.084755+00:00,take_profit,0.4465449381510417,35635.0,5887.29,6,0,6.0,6.0,14868.11,35635.0,379.0,379.0,,99.99999369895541,pass,B,0.16521088817174126,92.5,0,0.05,,1
983c2090-9034-46e2-a09d-299f7d524dc6,A7VFtVz3ReyVtcrj2fdTzW8uz8SHw5HFuU3rjxhppump,STONK,B,0.05,2.795e-08,2026-08-06T15:35:02.828531+00:00,2026-08-06T15:36:36.123274+00:00,early_exit_no_green,0.8420939982096354,2853.4,1266.39,16,10,26.0,1.6,,2853.4,38.75,38.75,,100.0,pass,B,0.4438179014509007,80.8,1,3.5778e-05,,1
7333bf29-9219-485d-ac92-69a56eb444d1,6jddL17oyBLBp7yVUoAPb66JUgbgKfMwbPXNTGrgxjJB,shibanana,B,0.05,5.032e-07,2026-08-06T15:36:02.304645+00:00,2026-08-06T15:37:36.064667+00:00,early_exit_no_green,0.7250530029296876,42047.0,7350.92,8,0,8.0,8.0,18975.13,42047.0,343.0,343.0,,99.99560264466358,pass,B,0.1748262658453635,95.0,0,-0.003944754,,0
afa2b10d-433b-4e44-a5d6-a415cc97148a,8WVUbxrMMBFBdVEWU8m8bqQmU36WMSSJUt2EYjGP37e1,ICM,B,0.05,3.689e-07,2026-08-06T15:38:02.577869+00:00,2026-08-06T15:46:21.045862+00:00,hard_stop,0.579356962076823,27096.54,648.32,8,0,8.0,8.0,,27096.54,206.0,206.0,,95.9410516126631,pass,B,0.023926302029705637,66.3,0,-0.015,,0
aace8f9f-a9db-4842-a1ee-40b018651fe3,J2bjzekoomTgzvmzJtocwqcNUe7Z4LA2eTqR1RRTR7mf,TINYTANK,B,0.05,4.903e-07,2026-08-06T15:39:02.281709+00:00,2026-08-06T15:41:16.213114+00:00,hard_stop,1.6634674926757813,36015.49,4011.51,199,261,460.0,0.7624521072796935,,36015.49,30.67,30.67,,99.01448862910179,pass,B,0.11138290774330713,72.3,0,-0.015,,0
7ac096c9-fcf1-449a-b228-aa2aab68eaa4,BtBBxHFvQ13MF4Pte3buaAveV4cLueHEMWtoBfJkec59,shibanana,B,0.05,4.667e-07,2026-08-06T15:39:22.234902+00:00,2026-08-06T15:42:51.346640+00:00,take_profit,1.943116259765625,40590.0,45747.44,376,104,480.0,3.6153846153846154,18733.91,40590.0,328.0,328.0,,99.9807422483688,pass,B,1.1270618378911061,100.0,0,0.05,,1
9428d00c-86a6-4121-abb4-3b5c30e64bd5,8zcRbABJ9T9cE5KsvZsCi7bKGkokinZRqpAgD4Wepump,JINPACHI,B,0.05,3.022e-08,2026-08-06T15:52:02.974159+00:00,2026-08-06T15:52:51.072105+00:00,take_profit,1.0776013020833333,3617.0,502.23,15,9,24.0,1.6666666666666667,,3617.0,74.19,74.19,,100.0,pass,B,0.1388526403096489,79.8,1,0.05,,1
f196ccea-58a6-4108-8ac4-d71954869624,5vDK3k8BVUVNa5uT9f5c9XNgaDZjs3BVckax9fdmpump,Murphy,B,0.05,4.257e-08,2026-08-06T15:54:02.882334+00:00,2026-08-06T15:55:21.200027+00:00,hard_stop,4.598047452799479,3125.5,674.14,73,62,135.0,1.1774193548387097,,3125.5,50.54,50.54,,100.0,pass,B,0.21569028955367142,70.6,1,-0.015,,0
b9b434f1-a232-4202-a654-2d2a7041d81d,247PRAdaopwLD4aSW5GjJgLjRLTqWz3UE7n47v6Spump,Daddy,B,0.05,4.261e-07,2026-08-06T15:56:02.663862+00:00,2026-08-06T15:57:31.122168+00:00,hard_stop,7.116149377441406,33060.0,28628.93,537,393,930.0,1.366412213740458,11781.84,33060.0,104.0,8.06,,62.90197031150082,pass,B,0.8659688445251059,87.3,1,-0.015,,0
865f2a52-02a1-4785-8feb-b072c517a537,6zoc5zz7YNJ8AzHYDXiXsSFnkjvVokbmGeqqBWYZpump,TERAFAB,B,0.05,4.28e-07,2026-08-06T15:58:01.924276+00:00,2026-08-06T16:01:41.173494+00:00,hard_stop,5.544195699055989,29493.0,27136.99,787,492,1279.0,1.5995934959349594,11065.84,29493.0,-8.16,-0.68,,52.159672471521745,pass,B,0.920116298782762,92.0,1,-0.015,,0
7035678a-1eb6-4b9f-8292-234e90d23531,EBy8W5j3CgSvaopuzfvbZJiAsrdaaFqKfSCY2qq1H1Kf,TINYTANK,B,0.05,8.275e-07,2026-08-06T16:11:02.510384+00:00,2026-08-06T16:11:51.267301+00:00,hard_stop,1.477351582845052,41383.0,1343.35,105,134,239.0,0.7835820895522388,1709.05,41383.0,12.84,12.84,,98.7904021229547,pass,B,0.032461397192083706,54.2,0,-0.015,,0
f7758bbe-4458-4beb-946b-f81e1ad4cb15,Hn9TohD87huACypUjXxzjdDQPLHGzRoQZjaAaAzfpump,ICM,B,0.05,5.939e-07,2026-08-06T16:11:22.471902+00:00,2026-08-06T16:13:21.257830+00:00,early_exit_no_green,4.244026086425781,43581.9,484.82,37,10,47.0,3.7,,43581.9,1998.0,1998.0,,100.0,pass,B,0.011124342903820163,63.1,1,0.0,,0
9bfaf7a9-2b19-46cc-974f-9f675cf48e89,ETvX7DEA1wpuwpsZCQXmURo8zeFV7d3m4ECjE2pPwEkJ,TINYTANK,B,0.05,3.689e-07,2026-08-06T16:14:02.553496+00:00,2026-08-06T16:17:16.292069+00:00,hard_stop,0.6177463989257812,27057.78,647.27,9,0,9.0,9.0,,27057.78,206.0,206.0,,95.7141225134585,pass,B,0.023921770374361828,67.5,0,-0.015,,0
8bc1be03-54f4-40f7-a2d6-187d435a5ef6,7NnJ8xTTkp57FYhyZVJrJfA46oBtX6vMJi7twc26dpBb,TINYTANK,B,0.05,4.584e-07,2026-08-06T16:15:02.494735+00:00,2026-08-06T16:21:41.379253+00:00,take_profit,0.6671577758789062,33879.33,749.0,17,13,30.0,1.3076923076923077,,33879.33,23.34,23.34,,98.8897658462591,pass,B,0.022107875214769594,56.7,0,0.05,,1
d1a14508-72d1-4f06-85df-ee29f6d9e99a,5oB9145rAWLk71HhUSoiYkgWWoSHpstQ3pHiYwXspump,grab,B,0.05,3.491e-07,2026-08-06T16:17:02.562113+00:00,2026-08-06T16:18:36.441095+00:00,early_exit_no_green,5.517066442871093,25535.0,10017.08,176,144,320.0,1.2222222222222223,10177.06,25535.0,13.36,-13.78,,63.9671576074866,pass,B,0.3922882318386528,84.4,1,-0.004354053,,0
72e213d3-85df-4035-abd4-69996954941e,4sQSBJPmurvUL1Xjek4FZ6HVTXrvV9g2fTUh5qBwsqrC,TINYTANK,B,0.05,4.74e-07,2026-08-06T16:20:02.353121+00:00,2026-08-06T16:20:41.483959+00:00,hard_stop,1.7471637369791666,32936.89,2422.72,83,110,193.0,0.7545454545454545,,32936.89,273.0,273.0,,96.8681642629996,pass,B,0.07355642867313823,67.4,0,-0.015,,0
a066800e-68c0-4c11-b69c-93706361be33,8iA8sQsCk4Dt5neZfKxW4HXX83PPczLcEzJuZxNc3Dw4,TINYTANK,B,0.05,4.699e-07,2026-08-06T16:25:01.132537+00:00,2026-08-06T16:35:01.454087+00:00,time_stop,1.4774101196289062,33017.23,368.81,8,5,13.0,1.6,,33017.23,5.56,5.56,,100.0,pass,B,0.011170228392872447,49.6,0,0.020312833,,1
4282a30a-3059-44a0-9691-a4964204c9ea,H5Nnztdfzvxv4daBZF3MQUBpPyowXzWPzJbB5i4HYVX1,Turtle,B,0.05,4.585e-07,2026-08-06T16:26:03.156597+00:00,2026-08-06T16:31:31.543123+00:00,hard_stop,0.6673026326497395,33603.63,647.27,8,0,8.0,8.0,,33603.63,22.18,22.18,,99.1830449063592,pass,B,0.019261907121343735,63.5,0,-0.015,,0
640d10bf-bb70-4c05-bbf2-77c1a2573933,34LkCbrcwNJ5SZ8SsRPeXeCPWNMkLnma8hxrkrvgjoax,TINYTANK,B,0.05,3.713e-07,2026-08-06T16:27:02.641329+00:00,2026-08-06T16:29:01.795931+00:00,hard_stop,0.778020625813802,27031.18,646.79,8,0,8.0,8.0,,27031.18,206.0,206.0,,95.15434301513001,pass,B,0.023927553292161126,66.3,0,-0.015,,0
4f5521f6-1d17-4a8b-aa85-3b1677719322,4GWu7dWm5G3pdvqz1hDKcbcubDCTQEkysddmNVxV3SPp,TINYTANK,B,0.05,3.939e-07,2026-08-06T16:30:01.717596+00:00,2026-08-06T16:34:01.714227+00:00,take_profit,0.9107431599934895,27032.54,646.82,8,0,8.0,8.0,,27032.54,206.0,206.0,,95.1468002496631,pass,B,0.02392745927685671,66.3,0,0.05,,1
ff2aa7ec-e958-4464-8456-eb12fd963d09,9Ji5k8itkWCt8VgGwCSPpwUFjDNgNeYGdPTGnf1T5iub,TINYTANK,B,0.05,6.396e-07,2026-08-06T16:35:02.762994+00:00,2026-08-06T16:36:31.460425+00:00,hard_stop,1.37859462890625,46883.0,25605.44,211,84,295.0,2.511904761904762,14496.33,46883.0,571.0,571.0,,89.5297946327773,pass,B,0.5461561760126271,100.0,0,-0.015,,0
062f9a30-961a-4eb7-a17e-826e636cb313,3DyecNCXHRudjdg1FmPcRMHaLeWbxKY8XjZy6NFMLo9x,Turtle,B,0.05,4.557e-07,2026-08-06T16:35:22.619997+00:00,2026-08-06T16:38:31.453286+00:00,take_profit,0.6487690388997396,33609.86,647.36,7,0,7.0,7.0,,33609.86,22.17,22.17,,99.0850229905164,pass,B,0.019261014476109093,62.2,0,0.05,,1
d3e663c3-2a4f-4077-852a-13a0e727629e,4KnWKHQaNkVUyqLL1U7mBbnSAJK16UqyNaBoZecN3tFm,TINYTANK,B,0.05,8.913e-07,2026-08-06T16:38:02.682976+00:00,2026-08-06T16:48:11.615013+00:00,take_profit,0.9780304077148437,47349.0,10212.25,63,22,85.0,2.8636363636363638,14532.13,47349.0,578.0,578.0,,93.1021472778779,pass,B,0.21568037339753743,100.0,0,0.05,,1
87974332-afc3-45db-bb30-2c545657d625,F1aGogcF3dHH3pCacYNwijinq2JfKMetdpSaqzZ93N9i,Turtle,B,0.05,4.584e-07,2026-08-06T16:40:01.205898+00:00,2026-08-06T16:43:41.603861+00:00,hard_stop,0.6298275309244792,33738.67,738.0,16,9,25.0,1.7777777777777777,,33738.67,22.54,22.54,,98.6328686294933,pass,B,0.0218740098527891,65.9,0,-0.015,,0
ba2c45f4-6c41-42d6-851f-e88330d2d594,GapeUvCS5FTHB3iJv5c5tJubbSJeTmCKPwCbbA9eKdtv,TERAFAB,B,0.05,4.354e-07,2026-08-06T16:43:02.449337+00:00,2026-08-06T16:53:11.571852+00:00,time_stop,1.0692169555664062,32272.16,989.04,31,20,51.0,1.55,,32272.16,242.0,242.0,,95.09561347206059,pass,B,0.030646848553056254,67.4,0,0.001550299,,1
9ae4ede6-1e2e-4e6a-b019-6b263ceffcb3,CWfUQeEXCrNatDZ7P8YUcVfqwHUK5wNu4pZw7DgL584m,Turtle,B,0.05,4.584e-07,2026-08-06T16:45:03.750027+00:00,2026-08-06T16:51:11.650672+00:00,hard_stop,0.6613203776041666,33666.61,648.61,8,0,8.0,8.0,,33666.61,22.15,22.15,,99.144620560245,pass,B,0.019265675991731866,63.5,0,-0.015,,0
402d03c7-8da8-4902-af9a-8d68a4d95bf9,52JnhrS14mnDSRXEYqFsiE88gNCy5N1o9TaW7RHKKVps,TINYTANK,B,0.05,2.534e-07,2026-08-06T16:47:02.758778+00:00,2026-08-06T16:48:42.453181+00:00,take_profit,1.9318786865234374,21554.0,3181.13,145,154,299.0,0.9415584415584416,,21554.0,144.0,144.0,,96.89311300880051,pass,B,0.14758884661779717,73.4,0,0.05,,1
b0f8d930-bf98-40b3-9087-05008af0a8a5,Fv4MCkZokDh4d77T2t6bswHM5aA7juMacf7h8fXKxa3w,Turtle,B,0.05,4.471e-07,2026-08-06T16:54:02.150411+00:00,2026-08-06T16:55:41.561448+00:00,hard_stop,1.6658561686197917,32841.48,4760.84,232,302,534.0,0.7682119205298014,,32841.48,19.15,19.15,,99.03568120418679,pass,B,0.14496423425497265,74.6,0,-0.015,,0
bf146943-fb55-4080-acc7-59eb7275c5d8,FGqqXhx4uHwd56zTPD3Mp9n8iRjbaujwwMFbqK9rkcc1,World,B,0.05,3.657e-07,2026-08-06T17:01:03.434618+00:00,2026-08-06T17:03:06.601217+00:00,hard_stop,0.8515407552083334,24890.94,607.23,10,1,11.0,10.0,,24890.94,194.0,194.0,,98.0753060538553,pass,B,0.024395623467816003,70.2,0,-0.015,,0
091219e5-f6d6-42d3-98f9-dc8fc95bdbcf,p8S8sD8KyABd6ZMq8nuckrZYSXr37BKvNxC51R1BGJi,Turtle,B,0.05,4.585e-07,2026-08-06T17:02:02.371889+00:00,2026-08-06T17:07:06.631505+00:00,hard_stop,0.6676882975260416,33709.21,649.29,8,1,9.0,8.0,,33709.21,22.18,22.18,,99.1031846888958,pass,B,0.019261501530293944,64.8,0,-0.015,,0
e29d7d9a-65c4-4f9b-b91d-7ef78fc55b0c,GoYgKp7R8VTcJveLzm6sfbVB3XJYeh1EYjftWzCipump,Jibanyan,B,0.05,4.711e-07,2026-08-06T17:04:03.048547+00:00,2026-08-06T17:11:51.661307+00:00,hard_stop,7.499243326822917,33240.0,453.61,27,34,61.0,0.7941176470588235,375.6,33240.0,-12.27,-7.5,,57.230505243009524,pass,B,0.013646510228640192,40.4,1,-0.015,,0
e0a63ebe-af83-4204-b23f-a0d11fd297b7,2q7EC697TeEQ6SzUrNU7xjgV9sZc84svS8jAFTvu1LEj,Turtle,B,0.05,6.746e-07,2026-08-06T17:07:01.578540+00:00,2026-08-06T17:09:21.787726+00:00,hard_stop,0.9854931681315104,46276.78,1730.24,25,4,29.0,6.25,,46276.78,1243.0,1243.0,,99.9996843997225,pass,B,0.037388945384704816,82.6,0,-0.015,,0
31512a57-f640-4b60-bbe1-4cfc1b2d87d9,F44y4ctSJ5iCneQu6tABrMg8EHsLTqEUDdww9ZfZuppq,Turtle,B,0.05,4.584e-07,2026-08-06T17:10:01.793725+00:00,2026-08-06T17:12:51.669545+00:00,hard_stop,0.6198016479492188,33675.49,648.77,8,0,8.0,8.0,,33675.49,22.14,22.14,,98.7875333814684,pass,B,0.019265346992723788,63.5,0,-0.015,,0
1087246a-268c-443c-a54f-1bd83d417420,6tYDm8pVrgYckjQjNAzRsTHPKt7Wp1yQsWJbQPdfk4xQ,GOP,B,0.05,2.04e-07,2026-08-06T17:13:02.327806+00:00,2026-08-06T17:23:31.738537+00:00,time_stop,9.615662699381511,16953.0,225825.05,1472,517,1989.0,2.8471953578336557,8950.81,16953.0,-45.16,143.0,,99.99392828776296,pass,B,13.320654161505338,100.0,0,0.006887255,,1
b28a5ab6-98ae-43e7-b857-96e723ed4fc3,DVAtcHqyM5esHM6U3zMCdTVE7QD3rFYWZM8QgzZRgniR,GOP,B,0.05,4.764e-07,2026-08-06T17:14:01.354803+00:00,2026-08-06T17:24:01.747394+00:00,time_stop,0.565171435546875,35017.0,5576.59,8,2,10.0,4.0,13899.95,35017.0,403.0,403.0,,99.99994888655901,pass,B,0.15925379101579235,97.5,0,0.028662888,,1
59a2ad50-3aa3-4bea-8d7f-dffec90caebb,H64NvZxUoByJuKKqy4SYgfFhVjA43jwgjLaUcqeUZXNx,TINYTANK,B,0.05,3.913e-07,2026-08-06T17:15:01.865673+00:00,2026-08-06T17:16:51.951760+00:00,hard_stop,1.6137938598632813,29066.03,3385.57,145,145,290.0,1.0,,29066.03,228.0,228.0,,96.45613187208662,pass,B,0.11647858341851296,75.2,0,-0.015,,0
a7856e1d-d6f9-474b-a61c-ffc8709f936d,ExUogfGGobPi2swguG58LCrN3ttjGUX6H8dDvcZJpump,TINYTANK,B,0.05,5.332e-08,2026-08-06T17:16:02.520165+00:00,2026-08-06T17:26:31.736767+00:00,time_stop,1.746524100748698,3941.62,3402.43,38,29,67.0,1.3103448275862069,,3941.62,26.74,26.74,,100.0,pass,B,0.8632059914451419,81.4,1,0.019889347,,1
f62bf0a8-1c56-410d-9fff-59432e49edbd,3TkciZ7Y1iLMbjDWqaNzN1t5bFbEYhw1myCe63BNuMip,Turtle,B,0.05,4.751e-07,2026-08-06T17:16:22.899055+00:00,2026-08-06T17:20:12.067758+00:00,take_profit,1.6631484822591145,35091.06,3549.82,168,243,411.0,0.691358024691358,,35091.06,27.28,27.28,,99.07946447185181,pass,B,0.10116023853368922,69.5,0,0.05,,1
e646af5b-bbb0-4701-8208-b5728a0e6c57,HkPMPTHW2BHCT2eyzuCnt9ANRe2u9LYg58XTqb6NYUDi,GOP,B,0.05,1.303e-07,2026-08-06T17:19:03.726697+00:00,2026-08-06T17:19:12.134993+00:00,hard_stop,1.2143510294596354,9567.0,2220.34,22,9,31.0,2.4444444444444446,6824.42,9567.0,179.0,179.0,,99.99994026157991,pass,B,0.23208320267586496,91.7,0,-0.015,,0
549d0866-866b-49c7-a4d1-683bc256f720,3Mc61gK2E4EMxyHnFsMQZJkMqcRtT9hv6xs6oMKiHUMS,TINYTANK,B,0.05,3.905e-07,2026-08-06T17:20:02.290225+00:00,2026-08-06T17:23:02.608146+00:00,hard_stop,0.7977745686848958,27089.74,648.18,9,0,9.0,9.0,,27089.74,206.0,206.0,,95.1776023703296,pass,B,0.023927139943019014,67.6,0,-0.015,,0
3568d373-d0f8-438a-aaf1-4a4ffda32d69,DPDbiDAoBFDwyQtXbVMgExdNXAadB6gx5e2fg9gX5puP,GOP,B,0.05,3.837e-07,2026-08-06T17:21:02.626467+00:00,2026-08-06T17:26:01.852887+00:00,take_profit,1.547092032877604,26731.0,20642.53,399,87,486.0,4.586206896551724,11256.01,26731.0,378.0,378.0,,97.47374379713686,pass,B,0.7722318656241817,100.0,0,0.05,,1
2aa830c6-51a2-446c-b64b-733b3f6ea96e,5PzkWMonL27LZHCJB9jBoyaSmWVMqk5GLpkoTNtuU8Ch,GOP,B,0.05,3.394e-07,2026-08-06T17:25:02.361847+00:00,2026-08-06T17:32:36.792822+00:00,take_profit,1.0351430989583332,25360.0,9445.3,38,21,59.0,1.8095238095238095,12290.48,25360.0,282.0,282.0,,99.92741553488237,pass,B,0.37244873817034696,96.2,0,0.05,,1
885d7712-116e-4d2b-a087-9635ed90fbb0,2YueRy6Zu1GNXJ3MFy7gYRKd4L2SGqr8a4vG4Ds5koCP,TINYTANK,B,0.05,4.597e-07,2026-08-06T17:26:02.948226+00:00,2026-08-06T17:27:36.874148+00:00,early_exit_no_green,1.0494417724609375,27068.68,647.66,9,0,9.0,9.0,,27068.68,206.0,206.0,,95.6589451469488,pass,B,0.023926545365344744,63.0,0,-0.010506852,,0
992112f2-42cb-4405-bc3e-9e7b5369c391,7QfCt8u8g7YrP9auTsQQ5KdHcoksaQ1N56MgDJ1JAmRd,Turtle,B,0.05,4.585e-07,2026-08-06T17:27:02.555319+00:00,2026-08-06T17:29:36.877856+00:00,hard_stop,0.6649611938476563,33649.4,648.13,8,1,9.0,8.0,,33649.4,22.18,22.18,,99.1111050391178,pass,B,0.019261264688226237,64.8,0,-0.015,,0
ed52c18a-f167-4f93-8745-2555504cccf5,G81mH9DgUqyd8fUzWvAZAwa5DmTE9wz2Lhfzq1TdyCz2,GOP,B,0.05,6.857e-07,2026-08-06T17:27:22.010206+00:00,2026-08-06T17:37:36.830739+00:00,time_stop,1.2141425333658855,49348.0,6468.07,18,2,20.0,9.0,14280.29,49348.0,699.0,699.0,,99.29183186326027,pass,B,0.13107056010375293,100.0,0,0.038158087,,1
b6888ebc-8e45-484b-bc50-7039a85ee387,ES4moHXMyn2Zg21S8j6ZGPLuZFc1U4zqaUuHb5FdHSZF,Turtle,B,0.05,4.277e-07,2026-08-06T17:29:02.302698+00:00,2026-08-06T17:35:36.922361+00:00,take_profit,1.431342508951823,29486.0,906.36,29,23,52.0,1.2608695652173914,,29486.0,228.0,228.0,,99.9997123165099,pass,B,0.03073865563318185,61.4,0,0.05,,1
b4b94ddd-b5e3-4be6-bf52-5638ef1ec913,DdT8Y3FGR6f9iP8oon1o15g5J2PhEuJ7ZLRu8o3ML8xP,GOP,B,0.05,4.21e-07,2026-08-06T17:30:03.144712+00:00,2026-08-06T17:37:36.951348+00:00,hard_stop,1.030955000813802,30917.87,714.77,10,2,12.0,5.0,,30917.87,228.0,228.0,,95.4445746403304,pass,B,0.023118345474639746,65.0,0,-0.015,,0
ffe39215-fb3b-4861-8dfe-b30c47ac44a6,5F8eXNWjSFbqKzfssGqHqvidRXX1zMRiBtgaS7C9rMTS,Turtle,B,0.05,4.585e-07,2026-08-06T17:32:02.194497+00:00,2026-08-06T17:35:07.116669+00:00,hard_stop,0.6683275472005208,33801.51,659.03,9,2,11.0,4.5,,33801.51,22.77,22.77,,98.7317579999229,pass,B,0.019497057971670496,67.4,0,-0.015,,0
d4d21db7-4322-4244-b0b5-81911251f9e4,3t3ai2hV4qFHy9ArMtCNhZTutYLrwntN1rfT5qmoZPY6,GOP,B,0.05,4.85e-07,2026-08-06T17:34:01.996355+00:00,2026-08-06T17:37:37.056774+00:00,take_profit,1.2677144449869793,22132.0,11374.1,38,15,53.0,2.533333333333333,9562.6,22132.0,258.0,258.0,,99.99574374212077,pass,B,0.5139210193385144,100.0,0,0.05,,1
2f27a1c1-e0a8-411e-bfd4-f5c3ce31623c,BM41pSGnyuRpq9AVMGrUo12kR2j7zPFuPWwmFS5am1SZ,GOP,B,0.05,6.168e-07,2026-08-06T17:38:02.346392+00:00,2026-08-06T17:48:06.919002+00:00,time_stop,1.2178476114908854,44804.0,346.49,43,7,50.0,6.142857142857143,17818.02,44804.0,0.79,0.79,,99.9986665757222,pass,B,0.007733461298098384,60.7,0,0.018685149,,1
4f5f8d49-55d1-4437-9d84-4ab7874f141e,7zLhUPYPBC8o4iU5BRfHZiQin7QSYnBk2aEEWTBjpump,Nwease,B,0.05,4.602e-08,2026-08-06T17:39:03.193406+00:00,2026-08-06T17:39:36.940603+00:00,hard_stop,1.2500708984375,3372.2,1176.95,11,6,17.0,1.8333333333333333,,3372.2,8.71,8.71,,100.0,pass,B,0.349015479508926,82.9,1,-0.015,,0
89aabb2a-c9ee-48e0-a563-58482924dfc0,DA6T5geTA7TAw1jpHGbsw1enNzam1ShWqAfQR9AYYHro,Turtle,B,0.05,4.937e-07,2026-08-06T17:40:02.767197+00:00,2026-08-06T17:41:06.968029+00:00,hard_stop,1.6342236775716146,34835.82,2922.03,137,174,311.0,0.7873563218390804,,34835.82,26.71,26.71,,98.7454414643262,pass,B,0.08388004071671057,69.5,0,-0.015,,0
8c38264b-9ded-46dd-8fb7-6694dc5b5ec8,CdDv6uJCWgWw5oCZEknc7iLNXJnpzPy6RAX8yVqoPCW9,GOP,B,0.05,3.294e-07,2026-08-06T17:40:22.699821+00:00,2026-08-06T17:50:42.052519+00:00,time_stop,1.250847782389323,23242.0,2884.13,30,13,43.0,2.3076923076923075,45212.76,23242.0,5.41,5.41,,99.93071654540618,pass,B,0.12409130023233801,93.7,0,0.00752884,,1
516f38a4-6b1d-47b6-8528-eb8e89ca3e75,8WXjyD7WHJ5TWKHfGHuB3ErmHQ6RhNUjSwyc9G92oSBk,Telepathy,B,0.05,4.206e-07,2026-08-06T17:41:02.343474+00:00,2026-08-06T17:41:37.065396+00:00,hard_stop,0.9679679280598958,30820.3,712.27,10,2,12.0,5.0,,30820.3,227.0,227.0,,95.1194614601353,pass,B,0.023110417484579968,71.0,0,-0.015,,0
b4753116-963a-44bf-9ab1-a9b7a49c0c0b,Ea6gSD5qGFPLag5hZSX7gTZRNjYrnrktyY6jmFQF5nsX,GOP,B,0.05,4.753e-07,2026-08-06T17:43:02.954599+00:00,2026-08-06T17:48:37.011995+00:00,take_profit,0.701095458984375,34732.0,5118.42,9,3,12.0,3.0,12407.53,34732.0,458.0,458.0,,99.99999999999999,pass,B,0.14736899689047564,100.0,0,0.05,,1
426b8291-5ea0-4a15-a881-88436f7d338f,7RC8hJUBir4LeVQD8bkQQseJgTcxoCWmM3RquzALw1c2,TINYTANK,B,0.05,2.661e-07,2026-08-06T17:46:02.691561+00:00,2026-08-06T17:47:08.341242+00:00,take_profit,1.449936181640625,19908.35,1899.66,61,76,137.0,0.8026315789473685,,19908.35,126.0,126.0,,96.0648378396739,pass,B,0.0954202633568327,66.8,0,0.05,,1
5a13cf10-f199-4d99-9bd7-97dabddb4511,HNWtt4rPLzojisPgRUubFK8BH9sXRfoqPwbYR8NeTnVi,Turtle,B,0.05,4.68e-07,2026-08-06T17:49:02.750306+00:00,2026-08-06T17:53:41.961655+00:00,take_profit,1.6855291422526042,34419.3,3101.83,132,188,320.0,0.7021276595744681,,34419.3,25.3,25.3,,98.8504885273631,pass,B,0.09011891584082185,68.3,0,0.05,,1
e8b30d55-d479-475c-923d-0ed54e320ae5,6UH4inyHU3GskyfhUtv5hQJWGC3NGwQMVqkCp6iUmiQR,GOP,B,0.05,8.099e-07,2026-08-06T17:49:22.740871+00:00,2026-08-06T17:54:11.938456+00:00,take_profit,1.1691190673828125,34668.0,38823.58,143,55,198.0,2.6,16394.91,34668.0,275.0,275.0,,94.7072014151782,pass,B,1.1198678896965502,100.0,0,0.05,,1
459fcc41-3763-4433-9adf-c33820c3f2d3,9nymgvm4hicviEfqWytQHQ1KouLqZDwhyzXQ2nQCSNBw,GOP,B,0.05,1.311e-07,2026-08-06T17:52:03.417705+00:00,2026-08-06T17:52:12.264680+00:00,hard_stop,0.7222544921875,9585.0,2195.44,9,1,10.0,9.0,6799.67,9585.0,182.0,182.0,,100.0,pass,B,0.22904955659885237,89.1,0,-0.015,,0
c3b576e5-87a1-466b-bd35-31083e42f109,Djk4J4WCMndY7TY5TLApcJb4me6ssG7vremUz8PxKG4v,GOP,B,0.05,4.64e-07,2026-08-06T17:57:01.903313+00:00,2026-08-06T18:01:21.953442+00:00,take_profit,1.4505857788085939,27966.33,1649.62,77,72,149.0,1.0694444444444444,,27966.33,217.0,217.0,,95.5241214714128,pass,B,0.05898593058152427,71.3,0,0.05,,1
8fd01c35-17cc-4b9b-adfe-59383f1364a5,6bjjmswtovFhuP9ZaRAchcAzUJ486ubESu2gZrjVdxB6,GOP,B,0.05,3.464e-07,2026-08-06T18:09:02.351746+00:00,2026-08-06T18:14:22.083134+00:00,take_profit,1.5338721354166667,24045.14,2912.76,123,152,275.0,0.8092105263157895,,24045.14,173.0,173.0,,95.77363343377759,pass,B,0.12113716118932975,69.9,0,0.05,,1
614b046c-88ea-46dc-b3b1-5d025e72c760,DbdCVUzJv4HcGytWbopEz4FTWq4YUi3w8VGrdqoymKfr,Juws,B,0.05,1.43e-07,2026-08-06T18:14:02.689398+00:00,2026-08-06T18:14:52.079568+00:00,take_profit,1.2705950846354166,36064.0,8956.82,44,19,63.0,2.3157894736842106,14623.54,36064.0,446.0,446.0,,99.7688031107294,pass,B,0.24835902839396629,100.0,0,0.05,,1
e511b92e-878b-4ed4-bc8f-40822af66c56,4njQKbGHP7dyZPGUxCrGvqFQT5GsoJgX63DGNEhso9QZ,ICM,B,0.05,4.301e-07,2026-08-06T18:21:33.779595+00:00,2026-08-06T18:24:35.281217+00:00,hard_stop,2.0138445271809897,33862.95,2186.87,44,35,79.0,1.2571428571428571,,33862.95,284.0,284.0,,94.85647222082801,pass,B,0.06458002034672113,76.7,0,-0.015,,0
a85d6450-aa32-4d01-a587-0daf58dc775c,3cyu21ERSkUenaCTNas5fiRW3bXyNR7qq9g9bEKvDG7D,GOP,B,0.05,1.419e-06,2026-08-06T18:21:53.179290+00:00,2026-08-06T18:32:05.327791+00:00,time_stop,1.0472071085611978,38767.0,6193.41,9,0,9.0,9.0,15465.21,38767.0,424.0,424.0,,94.83257071796523,pass,B,0.15975984729280057,91.8,0,0.046229739,,1
585004f8-217e-4461-bfdb-d45d36c538d5,G3bySHerXgVtSN7GMxEv97UJXv9Fepmj8T332t4Wpump,AMORI,B,0.05,9.498e-08,2026-08-06T18:22:13.065022+00:00,2026-08-06T18:32:35.294282+00:00,time_stop,3.37259453125,6272.22,3017.79,50,18,68.0,2.7777777777777777,,6272.22,201.0,201.0,,91.5725709111212,pass,B,0.48113586577001444,94.1,1,0.031964624,,1
a78fce20-f5cc-43f2-aadd-ec5d1c686aab,DbdCVUzJv4HcGytWbopEz4FTWq4YUi3w8VGrdqoymKfr,Juws,B,0.05,2.058e-07,2026-08-06T18:22:32.613305+00:00,2026-08-06T18:24:05.592776+00:00,take_profit,8.802308439127604,23179.0,122664.16,769,514,1283.0,1.4961089494163424,12010.83,23179.0,-34.63,251.0,,84.68669123485766,pass,B,5.292038483109711,89.9,0,-0.006268222,,0
7b7f758d-760c-49c2-b2a8-124c94a2aa2f,EApZfX1gMWBLeaqefL6SN9FNwpodqGpfQb2TU8JT8tmE,CLAPD,B,0.05,1.501e-06,2026-08-06T18:22:52.354696+00:00,2026-08-06T18:23:25.688925+00:00,hard_stop,1.9471840861002605,35401.0,3451.08,123,179,302.0,0.6871508379888268,,35401.0,28.89,28.89,,97.4933475734142,pass,B,0.09748538176887658,69.1,0,-0.015,,0
ec1b13fa-6fb4-40b6-9f4c-c25e2ef67a9a,5riww4c54hBPzUhe53dhvPobHzCyA9oSwTSbJLj2Sx37,TINYTANK,B,0.05,4.548e-07,2026-08-06T18:24:22.072749+00:00,2026-08-06T18:28:35.511141+00:00,hard_stop,1.005679777018229,32072.61,1817.53,70,97,167.0,0.7216494845360825,,32072.61,16.76,16.76,,98.9768905617946,pass,B,0.05666922648328277,64.9,0,-0.015,,0
e3d1911b-98ec-4c0f-aa53-69dadb0a2e57,9k88KCesxX78bfMgyZcU1M1ESXwdXAWHVhK12WNbFSJk,CLAPD,B,0.05,4.782e-07,2026-08-06T18:24:42.456904+00:00,2026-08-06T18:27:05.621578+00:00,take_profit,1.283477791341146,31900.38,1176.83,34,47,81.0,0.723404255319149,,31900.38,16.1,16.1,,98.76499948411221,pass,B,0.03689078311919795,55.1,0,0.05,,1
20bffc6c-fff6-4281-a592-54644e4b25f8,EZaZWbEZciJSvqV6fWz6D8dvxiHALrBUptJ8F9YWpump,SENIC,B,0.05,2.808e-08,2026-08-06T18:25:02.528651+00:00,2026-08-06T18:26:35.742751+00:00,early_exit_no_green,0.8271664184570312,3123.53,1175.79,16,6,22.0,2.6666666666666665,,3123.53,26.13,26.13,,99.99999999999999,pass,B,0.37642987261207667,88.5,1,0.0,,0
ceb6c561-7dde-44de-8631-9f1a76165537,4CvBYVcevKBBYYjV8dQxi4JGSjhAvn5UqRzA3yA4pump,SONIC,B,0.05,2.935e-08,2026-08-06T18:29:33.589136+00:00,2026-08-06T18:31:05.537668+00:00,early_exit_no_green,0.6753543538411458,2772.42,404.74,2,1,3.0,2.0,,2772.42,,,,100.0,pass,B,0.14598798161894663,75.0,1,0.0,,0
69dd6a42-6188-4f84-9b37-fddf9601078a,AuVhvCjbtTnQcZQWdDEp1iGYX7eA9mQttXueQcJehKqx,TINYTANK,B,0.05,4.654e-07,2026-08-06T18:32:30.945829+00:00,2026-08-06T18:36:55.399010+00:00,hard_stop,1.102571122233073,34879.22,872.0,22,17,39.0,1.2941176470588236,,34879.22,27.15,27.15,,99.1548029239448,pass,B,0.025000559072135213,58.5,0,-0.015,,0
dbcae401-d430-43d1-bae0-9f29a01a83ef,GjZDxpGbgCK6vGudmewjuf1PTmqE6WZXXSSWReVVpump,Dogbutt,B,0.05,3.082e-08,2026-08-06T18:32:51.233728+00:00,2026-08-06T18:34:25.498090+00:00,early_exit_no_green,0.6915179036458333,2730.45,2813.73,25,21,46.0,1.1904761904761905,,2730.45,10.44,10.44,,100.0,pass,B,1.0305004669559963,77.3,1,-0.004656067,,0
1fd20c34-9072-4e32-a9ec-b7057b15d3eb,2hwCqwtXYxM8sXsjBUGWpGapg2CWVzzqr8upjXPNpump,AQUA,B,0.05,1.55e-07,2026-08-06T18:33:32.682947+00:00,2026-08-06T18:37:55.420622+00:00,hard_stop,2.4637119669596355,11330.8,16539.16,218,107,325.0,2.0373831775700935,,11330.8,266.0,266.0,,66.2614179402194,pass,B,1.4596639248773255,100.0,1,-0.015,,0
ce42a84e-4d9b-496e-87d9-ecd6c3b9d60a,HqzomRGfLkEdvsJJ9Z76MtZk29NHkzY4yaYtLQAEpump,SPSJ,B,0.05,2.935e-08,2026-08-06T18:36:32.473349+00:00,2026-08-06T18:38:25.437037+00:00,early_exit_no_green,0.9284973388671875,2932.48,480.33,6,2,8.0,3.0,,2932.48,26.3,26.3,,100.0,pass,B,0.16379651353120908,81.4,1,0.0,,0
da5da6e6-07ce-4d0c-978c-abe733251cb7,HrvXn9DHh3bPxtwSCqMQQqXej4QTgA8mqVnMqEfuPkFj,/Think,B,0.05,5.451e-08,2026-08-06T18:37:32.665859+00:00,2026-08-06T18:37:40.643974+00:00,hard_stop,1.089011014811198,3977.39,6031.91,51,36,87.0,1.4166666666666667,,3977.39,43.72,43.72,,100.0,pass,B,1.5165497977316784,88.3,0,-0.015,,0
08653f84-9ca4-4964-8fbf-dff4681b7850,GXLbgDiPNFGKzPECxT3x7suR1gJRHgqQsQVHcq1WhUw6,ICM,B,0.05,3.701e-07,2026-08-06T18:38:32.994434+00:00,2026-08-06T18:48:25.479910+00:00,take_profit,0.6540774617513021,27014.04,646.16,11,2,13.0,5.5,,27014.04,207.0,207.0,,94.479482355262,pass,B,0.023919413756698368,71.3,0,0.05,,1
d21e5845-e310-4828-bf85-fcad8646ad44,2179Uo2EtHmujKDrgFd5ia366EqMMbSwmjDbxBdDpump,TINYTANK,B,0.05,2.985e-08,2026-08-06T18:38:53.179287+00:00,2026-08-06T18:40:25.666757+00:00,early_exit_no_green,1.9378049479166666,2178.15,257.15,3,2,5.0,1.5,,2178.15,-0.01,-0.01,,100.0,pass,B,0.11805890319766774,64.5,1,0.0,,0
fbe526aa-0814-4c6e-a3ac-d7810f8c16fa,J48oqDAUxeJAUzta8hw3YtrcHSW6bPxEjhHoQ5fRpump,Turtle,B,0.05,2.8e-08,2026-08-06T18:39:13.277167+00:00,2026-08-06T18:40:55.599682+00:00,early_exit_no_green,1.2708576985677082,2044.28,419.87,4,3,7.0,1.3333333333333333,,2044.28,-3.04,-3.04,,100.0,pass,B,0.20538771596845834,63.2,1,-8.9286e-05,,0
3c7371a2-2645-4502-812d-0224999ecd32,JC9YfQHcdkZVdSgmmpqY9VzUxNL6svF5Sz86WEdfmgrz,Tardimals,B,0.05,4.768e-07,2026-08-06T18:39:33.363469+00:00,2026-08-06T18:42:55.656253+00:00,take_profit,1.1056154256184896,32723.87,2725.54,107,147,254.0,0.7278911564625851,,32723.87,19.47,19.47,,98.88401996405051,pass,B,0.08328904863636238,67.7,0,0.05,,1
d797955c-dc79-433f-abfa-94b18450c832,DyXwoU2hqXTwPsTTJSK2Ep6ZjQRGupoTn55onTBW3GQo,THINK,B,0.05,2.795e-08,2026-08-06T18:39:54.479098+00:00,2026-08-06T18:41:25.739611+00:00,early_exit_no_green,1.2046094889322916,3833.07,976.78,6,3,9.0,2.0,,3833.07,38.0,38.0,,100.0,pass,B,0.25482967960407715,79.7,0,0.0,,0
626979e0-5e3a-42cc-b31b-27ca9c0a78be,CnrFXycbeFyd5X6yCawpKPvRhA1mw5dLeEVnRsk7pump,EVO,B,0.05,1.52e-07,2026-08-06T18:41:26.282927+00:00,2026-08-06T18:46:25.654418+00:00,hard_stop,0.7029557250976562,8185.69,11198.68,139,93,232.0,1.4946236559139785,,8185.69,195.0,195.0,,70.9100775210281,pass,B,1.368080149626971,89.9,1,-0.015,,0
bda4453e-07d1-48b5-ae2d-cf5c18308664,GCjWnvb6c5gHbmFc6JwFVXWUMjCbKdt1FLRmQbKwpump,PIIGOO,B,0.05,4.401e-08,2026-08-06T18:43:26.970569+00:00,2026-08-06T18:44:55.715638+00:00,take_profit,1.370075732421875,3333.39,1958.27,24,7,31.0,3.4285714285714284,,3333.39,53.08,53.08,,98.5202776864533,pass,B,0.5874710129927792,90.9,1,0.05,,1
ab936242-1c79-4ba9-812b-fff495045bea,3hjFbuQJTY7QRf5d8qe6e7RCrJsiWjH9SsEMzMEzM8L2,Sebastian,B,0.05,1.034e-07,2026-08-06T18:43:45.922248+00:00,2026-08-06T18:45:25.815455+00:00,early_exit_no_green,20.69218068033854,7563.0,64695.73,1258,816,2074.0,1.5416666666666667,0.0,7563.0,,18.4,,99.98721265580309,pass,B,8.5542417030279,90.8,0,0.0,,0
320a62db-8360-4798-9cfe-d59d2cca4f0d,6t3Th7inpDih1GsLzPPZAqayTYpWyzxnvx23iiQ3idRv,Evo,B,0.05,3.693e-07,2026-08-06T18:48:24.336284+00:00,2026-08-06T18:50:25.489652+00:00,hard_stop,0.4700578125,26947.65,645.47,10,1,11.0,10.0,,26947.65,207.0,207.0,,95.52819780542079,pass,B,0.02395273799385104,70.1,0,-0.015,,0
90373e76-7a7f-4dcc-8523-9962cc5fbb60,54Q6F48ViskwyUHzTEBejhNVFquN7w2ur1J2nTf2eU4i,GOP,B,0.05,3.169e-07,2026-08-06T18:50:23.583485+00:00,2026-08-06T19:00:35.584626+00:00,time_stop,1.9047477864583333,23281.0,5856.22,49,25,74.0,1.96,45153.22,23281.0,6.02,6.02,,99.9831684416729,pass,B,0.2515450367252266,99.2,0,0.006973809,,1
7641aa24-0541-4362-9559-01f5b1d62b34,5vFZyuaRLomBExzJiEyaqFCshNCMgWuuqBFpF1UTd7yM,Evo,B,0.05,3.809e-07,2026-08-06T18:52:23.948269+00:00,2026-08-06T18:57:05.674065+00:00,hard_stop,1.8531423583984374,32385.44,4194.52,198,211,409.0,0.9383886255924171,,32385.44,269.0,269.0,,95.23280025138739,pass,B,0.1295186972911284,76.4,0,-0.015,,0
62b5f9b0-ff93-45bf-8040-06df227730e2,42npqR5oz3Qf79Sj85M8iH5yht5Wpu6Tp1oEuLUhpump,FEFE,B,0.05,6.099e-08,2026-08-06T18:52:43.789156+00:00,2026-08-06T18:56:35.810403+00:00,hard_stop,1.534373116048177,2918.51,748.32,14,5,19.0,2.8,,2918.51,29.99,29.99,,95.2015774164304,pass,B,0.2564048093033774,86.5,1,-0.015,,0
8473b051-031f-4c45-bb53-6aa245464d40,6FBjackbgA3NDiZc4TmmVYugStWZLTXuBzySccFBfFnu,Turtle,B,0.05,4.422e-07,2026-08-06T18:53:24.971602+00:00,2026-08-06T18:58:05.666209+00:00,hard_stop,0.953560038248698,33436.27,644.52,8,0,8.0,8.0,,33436.27,22.22,22.22,,99.2552158792352,pass,B,0.019276073557247864,63.5,0,-0.015,,0
8ec9b0f3-7f51-401b-a233-a93f015ad4d4,39runUYiZ8ExzkBCUqCVyqiF9VtCmzZoxJrmg79tECP9,Evo,B,0.05,4.55e-07,2026-08-06T18:53:45.299578+00:00,2026-08-06T18:54:26.084302+00:00,hard_stop,0.6868395874023437,26974.07,645.32,11,2,13.0,5.5,,26974.07,207.0,207.0,,94.090289950637,pass,B,0.023923716369090763,71.3,0,-0.015,,0
8fcb76bb-0898-4183-adb4-f530b06ffe48,94erdjxLVfLy4JFYtVN68tax8UctiSEnAwaXLQ9HWRwk,Evo,B,0.05,4.66e-07,2026-08-06T18:57:24.636581+00:00,2026-08-06T19:07:50.694059+00:00,time_stop,0.9056145751953125,26950.35,644.67,11,2,13.0,5.5,,26950.35,207.0,207.0,,94.7716575990572,pass,B,0.02392065409169083,71.3,0,0.022092275,,1
07f18695-4c7f-4a16-9550-91e3c7820189,EwCpFJd2AsUXdnx7atpJLQYvhMwTm79itputjEwwpump,WIG,B,0.05,2.806e-08,2026-08-06T18:57:44.744340+00:00,2026-08-06T18:59:35.958754+00:00,early_exit_no_green,1.4056424072265625,2892.11,1418.53,20,10,30.0,2.0,,2892.11,16.8,16.8,,99.99999999999999,pass,B,0.49048272714384994,89.3,1,-0.000196009,,0
bd3ee7e1-1e09-40d2-965a-2bed5b1cfe16,6o793aZmBYMA4Kf9b8pom4RELQhyGZUmNoNi5717pump,EVO,B,0.05,2.795e-08,2026-08-06T18:58:24.777414+00:00,2026-08-06T19:00:05.889909+00:00,early_exit_no_green,1.338564774576823,2036.53,844.51,5,4,9.0,1.25,,2036.53,-12.09,-12.09,,100.0,pass,B,0.4146808541980722,64.3,1,0.0,,0
cdff5ce8-1225-46ca-98f8-b85958eefeb5,C3Rso7pNiGHKL8BocTSSGMrg1UvZ4kkiH1EXq8MWpump,wiwiwi,B,0.05,9.286e-08,2026-08-06T18:58:45.681569+00:00,2026-08-06T19:08:50.713265+00:00,time_stop,2.872023506673177,7369.0,1654.22,102,13,115.0,7.846153846153846,3907.92,7369.0,28.02,28.02,,55.684124395602,pass,B,0.22448364771339396,90.0,1,0.019244023,,1
0e1306aa-05eb-414d-91b6-2a48333077c2,Dr9xYD1bEepcFBEWcxsfXWrXRRAotkte5VeKVRJxfvRr,fame,B,0.05,3.389e-07,2026-08-06T21:01:05.361308+00:00,2026-08-06T21:02:51.274049+00:00,hard_stop,0.7246436889648438,24699.25,602.84,9,0,9.0,9.0,,24699.25,194.0,194.0,,97.354835414842,pass,B,0.024407218842677412,67.7,0,-0.015,,0
c7dda749-9cb2-4795-ac26-fab8ea90a056,Anp4X1acsWNyEXQherKWmvEqWLWLEkkuGjErSzzDpump,WW,B,0.05,1.117e-08,2026-08-06T21:03:05.568770+00:00,2026-08-06T21:05:46.293228+00:00,hard_stop,12.42562509765625,3399.98,8310.61,186,138,324.0,1.3478260869565217,,3399.98,87.58,65.38,,100.0,pass,B,2.444311437126101,87.0,1,-0.015,,0
cce6bc1e-1e39-4e63-818b-a5c141920799,ACc2GF3q655BZAHcgL4oCEzauaN8bZHzQ5ZvgbzDqbk9,EVO,B,0.05,6.921e-07,2026-08-06T21:03:25.402393+00:00,2026-08-06T21:06:16.529291+00:00,hard_stop,1.2923977579752604,45867.99,1368.2,58,20,78.0,2.9,,45867.99,1223.0,1223.0,,99.9373195517312,pass,B,0.029829081239443892,77.0,0,-0.015,,0
bc885557-9a34-4b99-a866-a6681f1f353e,J1SRCEjaiorrJzJGBbD24tpBYT4YmBGTt8C5LdbApump,GOONPOCALYPSE,B,0.05,2.795e-08,2026-08-06T21:03:45.649658+00:00,2026-08-06T21:05:41.660773+00:00,early_exit_no_green,3.3923440022786457,2036.81,861.25,7,7,14.0,1.0,,2036.81,-3.23,-3.23,,100.0,pass,B,0.42284258227326066,59.1,1,0.0,,0
5d900431-3ba1-47a4-ac5a-37db17bac4f4,2486bSWjFPPh9Wqh5ZKtAEyHMzzjSwkyXxvtd9Aupump,SOCIAL,B,0.05,1.062e-08,2026-08-06T21:04:15.838604+00:00,2026-08-06T21:04:46.637451+00:00,hard_stop,1.7268965169270833,4932.79,1675.44,106,45,151.0,2.3555555555555556,,4932.79,140.0,140.0,,100.0,pass,B,0.3396536240139961,90.0,1,-0.015,,0
19f8cb47-0ebf-4359-ad93-10ef2d77d900,9eCNTRHtQ2HMder3Cs6VPCZypy4Ha3kPcEAFvpJhBNQt,GOONPOCALYPSE,B,0.05,7.997e-12,2026-08-06T21:05:15.866941+00:00,2026-08-06T21:13:16.407238+00:00,hard_stop,1.3461403849283855,11701.72,2260.09,109,129,238.0,0.8449612403100775,,11701.72,39.01,39.01,,94.43500557867516,pass,B,0.19314169199057918,68.7,0,-0.015,,0
b925a980-32fc-4b01-877c-fb869fa33a00,79KCSa6UWF22LXsA7M5N5b2B853Bxe69nJPwP3B51tQX,fame,B,0.05,4.541e-07,2026-08-06T21:07:15.033956+00:00,2026-08-06T21:09:16.418273+00:00,hard_stop,1.0482003824869792,33095.85,1290.26,37,22,59.0,1.6818181818181819,,33095.85,295.0,295.0,,97.2482204096281,pass,B,0.03898555256927984,75.9,0,-0.015,,0
ac1c812a-af1a-403c-8a78-09b12e861233,HynJh8ZXxjqu7M4jhQfSULFGXAnKXY7753VgGtUi4SSV,GOONPOCALYPSE,B,0.05,4.041e-07,2026-08-06T21:09:15.143421+00:00,2026-08-06T21:15:16.343753+00:00,take_profit,1.3819522623697917,34029.95,2216.28,94,95,189.0,0.9894736842105263,,34029.95,304.0,304.0,,95.13171279644321,pass,B,0.06512733636105843,71.4,0,0.05,,1
d542ce42-5f74-4b8a-813d-f701a4a76c6e,GmUaVvg2oWtukZVS3Ap8kXZwW6yHn6ogamHKtxQkRcRc,fame,B,0.05,4.648e-07,2026-08-06T21:11:14.830896+00:00,2026-08-06T21:15:46.874133+00:00,hard_stop,0.88106767578125,32333.44,1064.37,29,45,74.0,0.6444444444444445,,32333.44,18.21,18.21,,98.8489047948152,pass,B,0.032918551196532135,50.8,0,-0.015,,0
ecd97296-4f0e-4300-942e-e17d01657978,FDAnH9ftV37hEuDv1cRdTTnqjjfzAac1sJseQkmLKCEj,SOCIAL,B,0.05,4.446e-07,2026-08-06T21:11:35.311349+00:00,2026-08-06T21:12:46.649811+00:00,hard_stop,0.6970949422200521,30655.9,708.68,9,1,10.0,9.0,,30655.9,227.0,227.0,,95.07255967129,pass,B,0.023117246598534046,68.5,0,-0.015,,0
e0160e1e-652b-4097-adca-87aed90cae98,H5zggJJiZyZ5rDRg4zuZUxfSVVFxKbMrokiY3Ku6nr87,fame,B,0.05,3.09e-07,2026-08-06T21:15:14.875308+00:00,2026-08-06T21:16:21.358326+00:00,hard_stop,1.2470548828125,17830.0,2385.77,55,81,136.0,0.6790123456790124,1115.69,17830.0,-51.12,-51.12,,98.96704345950151,pass,B,0.1338065058889512,65.7,0,-0.015,,0
6fe736dd-b147-4dbf-8569-ec098dcb2af5,FQVHtVtoAssL6x1TbizAYp1wuHN3MGUyj5WLKs1pump,PAIR,B,0.05,2.795e-08,2026-08-06T21:15:35.239038+00:00,2026-08-06T21:17:21.365659+00:00,early_exit_no_green,26.114583923339843,2038.49,3197.48,45,40,85.0,1.125,,2038.49,,-0.66,,100.0,pass,B,1.568553193785596,77.1,1,0.0,,0
ba8a73a9-b862-4b23-b80f-51a443ab7fb0,248C6r8xKdw7bjitjaxZzaXj65mS5NTQS4TQnJ43pump,Sebastian,B,0.05,1.986e-07,2026-08-06T21:17:15.688620+00:00,2026-08-06T21:18:51.382521+00:00,early_exit_no_green,1.397365645345052,7104.11,511.25,21,18,39.0,1.1666666666666667,,7104.11,246.0,246.0,,100.0,pass,B,0.07196538341889414,69.9,1,0.0,,0
25ff899a-a9ce-42a3-8538-0c30168cc773,DMSQ38u2ATWcCLC8nq28RpyV38AGJ1Rrqp1qB53XHGne,fame,B,0.05,3.393e-07,2026-08-06T21:18:14.938449+00:00,2026-08-06T21:18:51.495504+00:00,take_profit,0.7002844197591146,24765.24,604.07,12,0,12.0,12.0,,24765.24,195.0,195.0,,98.07373098872499,pass,B,0.024391849220924168,71.4,0,0.05,,1
0578c443-3178-4b82-86ad-a01426032c0b,ErkC7pWMSw68wCryBkG1n6k4pJ7QF3d3fHyVfEoBpump,CTO,B,0.05,6.475e-08,2026-08-06T21:20:14.572998+00:00,2026-08-06T21:21:21.391785+00:00,hard_stop,1.0522649007161458,4719.32,4988.77,28,47,75.0,0.5957446808510638,,4719.32,80.82,80.82,,95.20101334500819,pass,B,1.057095089970589,71.9,1,-0.015,,0
ac976522-7b82-4951-9eba-4e1d35488a8f,6NxFQojGac8Mkwg9XVrAhAFT8tp3s7Nc5C8kLc7Vpump,FRIES,B,0.05,4.527e-08,2026-08-06T21:21:16.221387+00:00,2026-08-06T21:21:21.504743+00:00,hard_stop,0.6470435465494792,3302.67,1577.12,5,1,6.0,5.0,,3302.67,26.08,26.08,,99.99999999999999,pass,B,0.4775287873145061,82.2,1,-0.015,,0
0d42b52e-8448-4141-9315-56876fa66596,3FZkK3NooYiVzivPEnwZ4ArLef9VfRGjMkEq1Urzpump,DORAE,B,0.05,1.206e-07,2026-08-06T21:30:14.938171+00:00,2026-08-06T21:40:21.496460+00:00,time_stop,12.25246973063151,8644.0,6064.36,128,43,171.0,2.9767441860465116,4061.57,8644.0,13.6,63.06,,51.4832564287738,pass,B,0.701568718186025,100.0,1,0.018864013,,1
2e7003c5-fe91-4c5c-9eb3-ec3c7ecac1c9,3xcHDSPnUSWZHAWWTLtniar5szp6ecNdqpMcwythtxqS,LIFE,B,0.05,4.254e-07,2026-08-06T21:31:15.787039+00:00,2026-08-06T21:31:51.543637+00:00,hard_stop,0.8493022338867188,33470.66,650.48,12,3,15.0,4.0,,33470.66,22.23,22.23,,98.9153219285107,pass,B,0.019434334429019325,68.6,0,-0.015,,0
2ecbd26c-04f4-472b-b58a-8149e1a877f2,F7EEC6Wft6EBa3z34CuFDWbS4jzeVvstNfveHp2jnVcS,LIFE,B,0.05,4.433e-07,2026-08-06T21:32:15.191162+00:00,2026-08-06T21:35:51.913827+00:00,take_profit,0.7308879923502604,33457.35,649.13,10,3,13.0,3.3333333333333335,,33457.35,22.2,22.2,,98.8048321829714,pass,B,0.019401715915934765,68.6,0,0.05,,1
9d5647a5-61d2-4975-8bae-a9403f1011aa,3c2Gr8r5f1QqPJJ76tgfinzsos3qRJdNmWJJNANhjbpP,LIFE,B,0.05,4.247e-07,2026-08-06T21:35:15.052783+00:00,2026-08-06T21:38:21.586986+00:00,take_profit,1.1657035807291667,30958.0,13490.04,56,24,80.0,2.3333333333333335,13544.99,30958.0,370.0,370.0,,97.22918520662972,pass,B,0.43575295561728794,100.0,0,0.05,,1
2e349c5e-9e6c-44a6-a8ec-a249c71ad811,7j26webnUKAQWEYufaNR8riqs5XaahSX3EJWjjJipump,pfp,B,0.05,1.01e-07,2026-08-06T21:37:15.742509+00:00,2026-08-06T21:38:21.692474+00:00,hard_stop,0.7849346313476563,7359.67,5455.73,83,34,117.0,2.4411764705882355,,7359.67,218.0,218.0,,58.427972911323096,pass,B,0.7413009007197333,100.0,1,-0.015,,0
097fecde-7b4f-44d5-8999-003df373c8f4,A6DPukvL2QBTaXfkqk2LgX8kciS5JUHb5qEgiSpHPVvk,LIFE,B,0.05,4.902e-07,2026-08-06T21:42:14.825290+00:00,2026-08-06T21:47:46.572332+00:00,hard_stop,1.2338569702148436,26859.0,14131.78,82,33,115.0,2.484848484848485,12856.5,26859.0,418.0,418.0,,99.9587948740857,pass,B,0.5261469153728732,100.0,0,-0.015,,0
50bed9aa-e14a-4c5f-b84a-eec3a857d253,248R58sMCQogD3Z6r6aRkXtCqDEWz89qkoTuTbefpump,STONK,B,0.05,2.155e-07,2026-08-06T21:47:14.931734+00:00,2026-08-06T21:48:46.571848+00:00,early_exit_no_green,1.434324532063802,15712.6,546.98,26,11,37.0,2.3636363636363638,,15712.6,666.0,666.0,,100.0,pass,B,0.03481155251199674,77.5,1,0.0,,0
a4987513-1313-41d2-ba16-c9bc2be80171,G6PpRDNcjvxeJrT1xLUy7BvFSh5g1FeU5oDwPwx22Fru,LIFE,B,0.05,4.247e-07,2026-08-06T21:47:36.312727+00:00,2026-08-06T21:57:46.608230+00:00,time_stop,0.5509730590820312,35516.0,6562.66,8,0,8.0,8.0,17361.67,35516.0,309.0,309.0,,99.99296847535938,pass,B,0.18478038067349925,95.0,0,0.000824111,,1
5633afc2-8d30-4fda-83cb-0422d3c2223d,248SfjKR91ZCSTYpMQtj3sW4oDq3DeNaezd24wpNpump,STONK,B,0.05,4.095e-08,2026-08-06T21:49:15.054180+00:00,2026-08-06T21:49:46.683405+00:00,hard_stop,1.766358182779948,2941.89,404.31,39,24,63.0,1.625,,2941.89,43.37,43.37,,99.7256798249023,pass,B,0.13743205898249086,78.7,1,-0.015,,0
eeb8fddd-41f6-4117-98ae-258d2df08257,584XcQgLS3BWbhefukrmi7ZWYodgNCC2xiQHxkpWpump,GOP,B,0.05,1.077e-07,2026-08-06T21:56:15.583470+00:00,2026-08-06T21:57:46.718072+00:00,early_exit_no_green,1.6659378336588542,7855.04,406.46,21,19,40.0,1.105263157894737,,7855.04,280.0,280.0,,100.0,pass,B,0.0517451216034546,68.3,1,0.0,,0
6360603c-bcfd-461c-bb56-85e585f517b5,8sWA8ofNgNNqqrpuv5r5fPRj8QuWfEbZWYxntBKBEtyZ,boing,B,0.05,5.932e-08,2026-08-06T22:00:15.462660+00:00,2026-08-06T22:01:11.641261+00:00,hard_stop,2.734643420410156,4632.0,5319.98,110,117,227.0,0.9401709401709402,898.28,4632.0,-73.52,-73.52,,96.1456821765152,pass,B,1.148527633851468,78.8,0,-0.015,,0
46f63187-bd95-4050-a4d8-423894302125,CU3aW1WPG4cM5UwHZueQYsLrNavcggwY5giTxghDkpwV,LIFE,B,0.05,4.684e-07,2026-08-06T22:03:15.826588+00:00,2026-08-06T22:05:31.884843+00:00,take_profit,1.168936934407552,33391.71,651.51,13,6,19.0,2.1666666666666665,,33391.71,22.21,22.21,,98.9460215307037,pass,B,0.019511130157754724,67.9,0,0.05,,1
c1d64f88-2c8d-4f4e-ac57-1d7f72ec80f1,9K7NEtr4s4RLM1gGEYtdRoRzGn9MeqHzr4dodVA6LSN,BR1,B,0.05,2.131e-07,2026-08-06T22:03:35.889217+00:00,2026-08-06T22:08:46.722142+00:00,take_profit,1.1023136149088542,13902.66,749.68,19,7,26.0,2.7142857142857144,,13902.66,186.0,186.0,,99.77775471663999,pass,B,0.05392349377744978,87.2,0,0.05,,1
a4928d8d-643b-4e76-89bc-b27ee00a7659,8qsJSWYkadndNsW5fkMouYVaCFsmz4TmePvqARBxpump,fork,B,0.05,3.742e-08,2026-08-06T22:05:16.352367+00:00,2026-08-06T22:06:46.844270+00:00,early_exit_no_green,1.6043055541992188,2725.1,5282.98,40,35,75.0,1.1428571428571428,,2725.1,25.35,25.35,,100.0,pass,B,1.93863711423434,82.9,1,-0.01177178,,0
58e532e5-3418-4305-9529-ab0cfbb5ac4d,248bHLmRGxbekTLpQz2PLfWkDCBE8PbE2fsm2Nigpump,BR1,B,0.05,1.164e-07,2026-08-06T22:09:15.509347+00:00,2026-08-06T22:09:51.719828+00:00,hard_stop,1.1678772705078124,10812.29,435.49,17,5,22.0,3.4,,10812.29,428.0,428.0,,100.0,pass,B,0.04027731405650422,80.5,1,-0.015,,0
90078c21-26a2-4304-abc1-9ddd1907e1e7,AxnfdMx1C4LUESptXZHZmQYFiKFpRaqkLBy5958DaccR,LIFE,B,0.05,4.333e-07,2026-08-06T22:11:15.215956+00:00,2026-08-06T22:14:26.738816+00:00,take_profit,1.3902618286132813,31145.13,2305.61,74,132,206.0,0.5606060606060606,,31145.13,14.01,14.01,,98.9869883719643,pass,B,0.07402794594211037,63.1,0,0.05,,1
c5a1816f-6799-4406-b013-2a615d47b49b,9D92dKAXmyAuA9Rkc2DfwCptHaotmTygSxCp9UpLEmC3,EVEREST,B,0.05,4.582e-08,2026-08-06T22:13:15.756613+00:00,2026-08-06T22:13:56.838613+00:00,hard_stop,1.5369538696289062,4191.32,11920.13,155,129,284.0,1.2015503875968991,,4191.32,51.84,51.84,,99.6751864355243,pass,B,2.844003798326064,84.0,0,-0.015,,0
e94c9a8b-a8b9-4f65-b648-1fe42edf0031,2NDFkkrpim6aegVh6yDkgB99r29Aj6fU7B1uNquQjBy2,BR1,B,0.05,2.447e-07,2026-08-06T22:18:16.024677+00:00,2026-08-06T22:20:36.782906+00:00,hard_stop,0.8000942545572917,24549.68,600.62,4,0,4.0,4.0,,24549.68,192.0,192.0,,97.05695019963349,pass,B,0.024465492014559862,61.5,0,-0.015,,0
9b342797-eae2-4b97-9eb3-4baa10158467,4ANiz4nLhMA8zR2YAScdv94rtA8URyoLf7Q4Jw6Npump,LIFE,B,0.05,4.434e-08,2026-08-06T22:19:16.280964+00:00,2026-08-06T22:20:06.875397+00:00,hard_stop,1.3822643269856771,2819.01,9257.64,129,105,234.0,1.2285714285714286,,2819.01,23.26,23.26,,100.0,pass,B,3.2840039588366126,84.6,1,-0.015,,0
3164234b-a81c-49a8-9997-fa78ce4e3425,7dhHDy8hsrvaHUNAx2vgcangJs1kXL5T93vbxG511ByR,BR1,B,0.05,4.415e-07,2026-08-06T22:20:16.073898+00:00,2026-08-06T22:23:36.798536+00:00,take_profit,0.865361503092448,33387.96,643.66,8,0,8.0,8.0,,33387.96,22.23,22.23,,99.2121709955468,pass,B,0.019278206874573947,63.5,0,0.05,,1
aaea3d4a-eea7-4cd6-8e02-bbfa82c8b130,96QVL7CwFWHsuTeARe2SrBZL1kKf2ppz6x9Rkr5HijJo,BR1,B,0.05,3.328e-07,2026-08-06T22:21:16.709495+00:00,2026-08-06T22:22:06.965894+00:00,hard_stop,1.0100108520507813,24221.53,1349.16,64,68,132.0,0.9411764705882353,,24221.53,188.0,188.0,,96.61018899127639,pass,B,0.05570085787314014,67.9,0,-0.015,,0
1bd9611a-64f9-4859-91e6-541d6e53de3a,DD5XQdVAHxRfFzzS5s5jnZjBT7nfHRz9kH9NqQa9pump,fame,B,0.05,3.14e-08,2026-08-06T22:21:38.505072+00:00,2026-08-06T22:22:36.966579+00:00,hard_stop,1.4188888631184895,11433.28,755.66,41,35,76.0,1.1714285714285715,,11433.28,454.0,454.0,,99.84730462418895,pass,B,0.06609301967589352,70.7,1,-0.015,,0
139838b4-370f-4957-8351-b453f59df090,FTBbCqLF12xir5tZWL6b1h7WqfRhTEGC2jxeeAY8gaZV,boing,B,0.05,3.7e-07,2026-08-06T22:22:18.162332+00:00,2026-08-06T22:25:06.799594+00:00,take_profit,1.6879499918619791,31663.0,40721.06,325,67,392.0,4.850746268656716,13229.47,31663.0,359.0,359.0,,99.99815633651737,pass,B,1.2860771247197043,100.0,0,0.05,,1
af799966-2103-4491-9da1-83b3ae9d3e6d,CMupdCgsCerq6rjkHhH7WaUwMMNhCUBZUzJbNVYNBXWf,BR1,B,0.05,3.997e-07,2026-08-06T22:23:15.178517+00:00,2026-08-06T22:33:36.897287+00:00,time_stop,0.4579175699869792,29053.0,5090.6,15,4,19.0,3.75,13082.89,29053.0,342.0,342.0,,99.99994810603276,pass,B,0.17521770557257427,100.0,0,-0.006467351,,0
20a61c10-77af-4472-b8f4-a3a0657d2999,JA7v7MZwCpm2yznXiYbxQ34RASQY3iR8fLySW2Mx68kM,BR1,B,0.05,2.257e-07,2026-08-06T22:25:15.785974+00:00,2026-08-06T22:27:51.928694+00:00,take_profit,1.5685469441731772,14214.0,3022.33,68,104,172.0,0.6538461538461539,994.47,14214.0,-60.89,-60.89,,99.2742755881083,pass,B,0.2126305051357816,67.1,0,0.05,,1
f278643f-27d8-463a-ba9f-9ec8acfc9b04,CGjVP4dn6sjTnnqDBrz8Fypo382NyabQyLmsbn43HjWn,BR1,B,0.05,3.39e-07,2026-08-06T22:26:15.783730+00:00,2026-08-06T22:28:51.941407+00:00,hard_stop,0.6948986775716146,24641.94,606.16,12,3,15.0,4.0,,24641.94,194.0,194.0,,97.5514781424211,pass,B,0.024598712601361743,71.6,0,-0.015,,0
38e24057-b4cb-4bdd-8a28-067fecac1704,38adsCfb2uSsQwwMqcsLsj7pzzv2z5SvusS9SVUWVePL,BR1,B,0.05,4.544e-07,2026-08-06T22:27:14.958485+00:00,2026-08-06T22:30:51.941847+00:00,hard_stop,0.9210804768880209,32239.08,1132.32,37,49,86.0,0.7551020408163265,,32239.08,18.16,18.16,,98.94872492678459,pass,B,0.03512259034687094,54.6,0,-0.015,,0
9896aeea-698c-45d0-9c50-a112fba4b498,N52ZSbcngsGxKcpkipRSbZZBLQ1X91xW9LptR3Y3y6M,WIG,B,0.05,4.301e-07,2026-08-06T22:27:34.823870+00:00,2026-08-06T22:30:52.057551+00:00,hard_stop,0.8720714436848959,33352.6,643.01,8,0,8.0,8.0,,33352.6,22.24,22.24,,98.7336793903839,pass,B,0.01927915664745777,63.5,0,-0.015,,0
89fb6bcb-8c43-4a4f-89de-f82cebfa258e,3bhDs3c1rwFPzNjuBnPFpqTABKPpMZ89C4L3795zTyNe,BR1,B,0.05,5.124e-07,2026-08-06T22:30:15.080803+00:00,2026-08-06T22:30:22.148417+00:00,take_profit,0.600248661295573,36427.0,3553.35,4,0,4.0,4.0,7973.26,36427.0,812.0,812.0,,99.99992824723174,pass,B,0.09754714909270595,85.7,0,0.05,,1
1d00281e-0ad7-4a5c-afb3-e4213dbff240,ds55DaCtcWs4SbRpsBii2opjsWiCqmm8rdpeHfQsDdP,BR1,B,0.05,5.857e-07,2026-08-06T22:32:17.479510+00:00,2026-08-06T22:34:06.903833+00:00,take_profit,1.200984794108073,38285.0,378.23,37,32,69.0,1.15625,1635.64,38285.0,5.3,5.3,,96.5961133445753,pass,B,0.009879326106830353,45.2,0,0.05,,1
dee029ff-12be-4f82-beb3-b10c424d6ed3,AraKiiFxecU7aG5KvU3aL7XB5kGwgWiriu4bYJm8W52P,BR1,B,0.05,4.98e-07,2026-08-06T22:33:17.859384+00:00,2026-08-06T22:34:36.916437+00:00,take_profit,1.7381949178059897,35384.61,4698.5,171,263,434.0,0.6501901140684411,,35384.61,29.61,29.61,,98.5639025856082,pass,B,0.13278371585839155,72.1,0,0.05,,1
b4f9627b-8a16-49ef-ad12-9c1f5e72d85d,32EcaEMZwymC3dVLwhZh5bgZ1HQtYB7zZPuL4VRJpump,TURTLE,B,0.05,4.353e-08,2026-08-06T22:35:16.286027+00:00,2026-08-06T22:37:06.916461+00:00,early_exit_no_green,1.2224449991861979,3210.98,2237.42,50,21,71.0,2.380952380952381,,3210.98,47.9,47.9,,99.6294209346137,pass,B,0.6968028452372796,91.7,1,-0.001263496,,0
6a12d115-20c9-4c7f-b7ca-222e83d22c99,5tmEn77qLCuuvU9JFUKuq6ipZiNkGP6JZEAZUea6sVd9,BR1,B,0.05,1.71e-07,2026-08-06T22:35:35.467895+00:00,2026-08-06T22:36:07.016218+00:00,take_profit,1.3020182495117187,43677.0,4306.87,72,118,190.0,0.6101694915254238,1743.97,43677.0,20.18,20.18,,99.2115775208653,pass,B,0.09860727614076058,70.1,0,0.05,,1
27f42549-ece9-4e58-8bcc-58e77f265d8f,4DngujnaPLRJg1RrgpPproDdjNntDQGzNjsUUPVJjfCp,BR1,B,0.05,2.941e-07,2026-08-06T22:36:16.539022+00:00,2026-08-06T22:38:11.917516+00:00,take_profit,1.4522274943033855,32939.23,1637.17,64,71,135.0,0.9014084507042254,,32939.23,292.0,292.0,,96.86711471388071,pass,B,0.04970274047086103,67.8,0,0.05,,1
8fec5cc7-888b-466d-b754-61ba1b1bd37f,HkJKQ7gkQUToW6FYg7771mxhXGuQyYHqVrHMsNM6bonk,PATE,B,0.05,1.443e-07,2026-08-06T22:36:35.674904+00:00,2026-08-06T22:46:41.940911+00:00,time_stop,1.170405859375,10502.0,562.56,32,1,33.0,32.0,6049.57,10502.0,8.69,8.69,,57.2422334967711,pass,B,0.05356693963054656,86.7,0,0.00038115,,1
08152266-0e59-4d66-b49d-e5a56ce53ad6,D3NLeeprpzzAsaJGNjmMhptXGL5PrtRS6XVhXFRCF32a,WIG,B,0.05,4.987e-07,2026-08-06T22:36:54.411912+00:00,2026-08-06T22:41:42.027619+00:00,take_profit,0.8678481648763021,33358.7,643.09,7,0,7.0,7.0,,33358.7,22.19,22.19,,99.1500136977654,pass,B,0.019278029419611677,62.2,0,0.05,,1
28da6e15-1854-4c2d-97cb-c62df6db7cf0,F23JSAH18FKBywWVoDKuDiKJkr2JJhiQrC4dSvxCpump,WW,B,0.05,3.757e-08,2026-08-06T22:37:23.388087+00:00,2026-08-06T22:37:37.210091+00:00,hard_stop,1.0179942993164062,2732.92,723.05,16,11,27.0,1.4545454545454546,,2732.92,33.22,33.22,,100.0,pass,B,0.26457049602622834,76.3,1,-0.015,,0
c31aabb3-9516-44ba-95b3-b8eb88a53914,Ci4XbSwf5cQ1aLHSSJChzvYiPGcLvqNRuPzyb23VJmit,BR1,B,0.05,4.273e-07,2026-08-06T22:39:23.860942+00:00,2026-08-06T22:40:12.127279+00:00,hard_stop,1.2004784545898437,30653.59,3060.98,77,115,192.0,0.6695652173913044,,30653.59,266.0,266.0,,98.509693368022,pass,B,0.09985714560676254,67.6,0,-0.015,,0
fd186558-3271-4657-a6e2-ad95e5627631,5UmyDrwRCW6uVkh6jMPff2ngttoeiQMo7QHenMKB6AoP,BR1,B,0.05,4.597e-07,2026-08-06T22:41:23.766695+00:00,2026-08-06T22:43:12.033773+00:00,hard_stop,1.4495730916341145,32971.41,2983.66,106,159,265.0,0.6666666666666666,,32971.41,20.76,20.76,,99.0644911396683,pass,B,0.0904923386655287,67.3,0,-0.015,,0
9d951e5d-cc64-4e25-934a-ebbd3b035d2c,6baCeggsenMt9AKPzzM8PtQ3cMfMdzaYNAs2F9CAqBKA,BR1,B,0.05,3.814e-07,2026-08-06T22:42:23.347684+00:00,2026-08-06T22:44:12.031309+00:00,take_profit,0.8682237630208334,24653.86,606.52,12,3,15.0,4.0,,24653.86,194.0,194.0,,97.0771453252183,pass,B,0.024601421440699347,71.6,0,0.05,,1
63d47cc8-cc40-48ae-9cfe-00c830a6397e,4ZdcGA8Z2dzwU4DfUePSWoJ57UXghxrehoHiXtZFpump,WW,B,0.05,1.508e-07,2026-08-06T22:44:22.490289+00:00,2026-08-06T22:46:12.091803+00:00,early_exit_no_green,8.550984436035156,10879.0,5786.77,109,47,156.0,2.3191489361702127,6324.98,10879.0,-8.07,6.5,,57.730975462101604,pass,B,0.5319211324570273,100.0,1,6.6313e-05,,1
8da22c51-ca83-4b64-8ff4-f2e5b9813aca,271VUbufQkx1igVvbLPibw1eLtygRbFkZYLTF8eceWcG,BR1,B,0.05,4.408e-07,2026-08-06T22:44:40.986060+00:00,2026-08-06T22:47:41.948796+00:00,take_profit,0.5682584431966146,33341.82,642.67,6,0,6.0,6.0,,33341.82,22.18,22.18,,98.9147102340468,pass,B,0.01927519253598034,61.0,0,0.05,,1
8f7564c9-7d17-4d5b-880e-1c4a7d5ffca3,o3tqdEJTXFchc74bqtdje6yA3Paz56f4wPM8eH3neiK,BR1,B,0.05,2.728e-07,2026-08-06T22:45:00.157760+00:00,2026-08-06T22:48:41.948058+00:00,hard_stop,0.5378164998372396,24707.11,602.47,11,0,11.0,11.0,,24707.11,195.0,195.0,,98.4676407725514,pass,B,0.024384478799827258,70.2,0,-0.015,,0
8c357d32-cad9-4925-80cc-2fd02f4e8c15,AHadzdztdGWyqVdc2uep91YiKPHc1Qh7Qhq9KwN1vQcv,WIG,B,0.05,4.46e-07,2026-08-06T22:45:31.395637+00:00,2026-08-06T22:46:42.258313+00:00,hard_stop,1.0647455078125,30292.55,1440.64,56,76,132.0,0.7368421052631579,,30292.55,11.02,11.02,,99.1619177592996,pass,B,0.047557567784818386,62.6,0,-0.015,,0
075a33e1-e4fe-4eb4-8f5a-67d9b0c21616,CfRaAFGB2X2kcxp72cfAdUJQ98pHZrVDjRxCch72Jok3,WIG,B,0.05,4.274e-07,2026-08-06T22:48:29.500550+00:00,2026-08-06T22:51:51.950334+00:00,hard_stop,1.1138023071289063,33347.14,642.9,8,0,8.0,8.0,,33347.14,22.23,22.23,,99.2940524857884,pass,B,0.01927901463213937,59.5,0,-0.015,,0
f1bf07e9-8860-4869-81bd-6f348f08f75b,CnYCehGDF7bp3ULRDi6ZXYmBJyxGRDmsUufbvDWnZmHa,BR1,B,0.05,3.398e-07,2026-08-06T22:49:29.032138+00:00,2026-08-06T22:51:52.060091+00:00,hard_stop,0.3972293741861979,24697.59,602.25,11,0,11.0,11.0,,24697.59,195.0,195.0,,97.3564338532108,pass,B,0.024384970355407147,70.2,0,-0.015,,0
1a5c9998-b227-43fc-a9c0-53e5d2916c1a,CbAsyDvK1LtVeUu2eMkUoT8QrNREGUsdeigA4HZg3KUx,goon,B,0.05,6.878e-07,2026-08-06T22:52:29.742403+00:00,2026-08-06T22:52:51.957529+00:00,hard_stop,8.618765844726562,47894.0,461716.81,3127,1310,4437.0,2.387022900763359,21163.72,47894.0,-8.9,453.0,,96.70019530865271,pass,B,9.64038940159519,100.0,0,-0.015,,0
10dfa7f6-367f-4b9f-996e-30bb9833395b,Df9ZT6eYmEAkyskh5E6g66EeeNrV3fGSsCDhM3pTwme6,BR1,B,0.05,3.449e-07,2026-08-06T22:53:29.105268+00:00,2026-08-06T22:54:42.065854+00:00,hard_stop,1.0321230428059895,24640.05,601.45,8,0,8.0,8.0,,24640.05,194.0,194.0,,98.2567867780928,pass,B,0.024409447221089245,62.5,0,-0.015,,0
431769e8-46cf-4fea-b2dd-a8f4add7e6b8,FqFGq1iZ8wZ89oq9iRDEJxiq9N3eJNU2Dwoc8G3hoYTS,WIG,B,0.05,4.092e-07,2026-08-06T22:55:28.786418+00:00,2026-08-06T22:58:41.987880+00:00,take_profit,1.0960267333984375,33447.32,1035.5,35,36,71.0,0.9722222222222222,,33447.32,22.6,22.6,,99.0970386162061,pass,B,0.030959132151694067,56.1,0,0.05,,1
ac82784d-36c9-4225-a5c0-fef611efb071,8RNWtLzjR3t6e6knaDa88qH7VTD3Kvy697hKPkCA2Cjq,BR1,B,0.05,3.063e-07,2026-08-06T22:59:28.931365+00:00,2026-08-06T23:00:41.993869+00:00,hard_stop,1.0964981974283854,25718.65,633.14,12,1,13.0,12.0,,25718.65,207.0,207.0,,99.0732281414578,pass,B,0.024617932900832664,66.4,0,-0.015,,0
10d752b8-9b40-4eec-b45d-054fae0a5a72,DcXhVUXeJ9eK9Qh2VcbQLzj6sSZeEGp24KdWaahzhnEv,Telegram,B,0.05,5.924e-07,2026-08-06T23:00:29.824127+00:00,2026-08-06T23:02:12.015839+00:00,hard_stop,1.0328268188476561,43061.0,2825.47,76,97,173.0,0.7835051546391752,1733.94,43061.0,18.48,18.48,,97.9231101527504,pass,B,0.0656155221662293,69.1,0,-0.015,,0
b9e4def3-ce93-4096-8f58-b8fefe927e9c,7RMDH2vjPfpFTjecGTnFsbPWYotcDXJxWqRmtUgHpump,STONKED,B,0.05,5.137e-08,2026-08-06T23:05:29.609538+00:00,2026-08-06T23:05:42.017698+00:00,take_profit,1.0524360555013021,3734.35,2090.26,49,33,82.0,1.4848484848484849,,3734.35,79.73,79.73,,79.1048636567774,pass,B,0.5597386426017915,81.0,1,0.05,,1
3fa17c54-9338-4575-9c8f-e5866f2a0962,BHqqUcwN8ydzEwGdRAAjaZJKeffpk3XyDLmg3hrArv7q,BR1,B,0.05,3.632e-07,2026-08-06T23:06:29.687028+00:00,2026-08-06T23:07:12.020300+00:00,hard_stop,1.2047553426106772,26402.0,4668.9,97,138,235.0,0.7028985507246377,1431.71,26402.0,-27.35,-27.35,,99.3960168536663,pass,B,0.17683887584273916,73.1,0,-0.015,,0
479cb890-a691-4105-a310-608f52093fde,AMXGNbZXdxAxFcXAgtfp8jRFoDn5AGSUfXCVa7J1UHLU,Telegram,B,0.05,3.614e-07,2026-08-06T23:06:50.215010+00:00,2026-08-06T23:07:42.025089+00:00,hard_stop,0.7007195434570312,24611.38,605.5,11,3,14.0,3.6666666666666665,,24611.38,193.0,193.0,,96.97824021409129,pass,B,0.024602440009459037,71.6,0,-0.015,,0
ff93186a-0d9d-4642-ae89-4793bc1c2c9d,FEpeZgApzGs4AmzN5JeGqGuNoafpAKXSkn86nrLrpump,Telegram,B,0.05,4.987e-07,2026-08-06T23:08:29.928244+00:00,2026-08-06T23:10:42.030724+00:00,take_profit,0.8007316324869792,31374.0,306662.36,32,5,37.0,6.4,11691.4,31374.0,3.87,3.87,,99.58993983432052,pass,B,9.774410658507044,100.0,1,0.05,,1
55aa853b-c934-4345-beeb-e69e590db4c9,HnHFjY246Ub5X4L6AAHBxPtr9kYjFSmrV9MMA8LSXBcG,WIG,B,0.05,4.322e-07,2026-08-06T23:09:29.451264+00:00,2026-08-06T23:11:42.114683+00:00,take_profit,1.1141863972981771,34912.33,819.76,20,14,34.0,1.4285714285714286,,34912.33,27.92,27.92,,99.02932816793401,pass,B,0.02348052965814656,60.1,0,0.05,,1
ba930cb3-1dfb-4749-9f46-864ed84a589b,EXRxcDqYxRJ1a9MEcG88msZwddJZBQ5ew9j3uNVQRZ5k,Telegram,B,0.05,7.687e-12,2026-08-06T23:11:30.407023+00:00,2026-08-06T23:13:12.027013+00:00,early_exit_no_green,0.9191496988932292,33325.0,646.06,9,3,12.0,3.0,,33325.0,22.15,22.15,,100.0,pass,B,0.019386646661665414,68.6,0,0.0,,0
143b5395-8036-4a9a-a4a6-bca41fca62a9,AcAp1AMfPXux9axtQsnGkMdmsGDYHBSSnzFkwAca7VxG,Telegram,B,0.05,3.747e-07,2026-08-06T23:13:29.592602+00:00,2026-08-06T23:23:32.172753+00:00,time_stop,0.7325617065429687,31040.0,9749.07,63,6,69.0,10.5,13033.76,31040.0,351.0,351.0,,99.95943057982834,pass,B,0.31408086340206187,100.0,0,-0.009340806,,0
a21603df-d269-41c8-be52-a5f7e353a34d,2Vw25vYPURDL5UPjS3WxN9PfWQUfGACxEpG3LQL5U8tp,Telegram,B,0.05,5.021e-07,2026-08-06T23:15:29.309546+00:00,2026-08-06T23:25:32.176744+00:00,time_stop,0.6196037434895834,36498.0,5088.01,6,0,6.0,6.0,12211.97,36498.0,497.0,497.0,,99.99999999999999,pass,B,0.13940517288618556,92.5,0,0.029306911,,1
123547d8-81be-40f7-9b7b-b0a7db49c439,5B6rvstXVUxarV3iyVQiKuuMH7gQAH7H5HokSJaFRiyC,Telegram,B,0.05,4.25e-07,2026-08-06T23:17:29.018287+00:00,2026-08-06T23:20:12.306972+00:00,take_profit,1.1192044677734374,30888.91,1803.4,65,95,160.0,0.6842105263157895,,30888.91,13.25,13.25,,99.1514716984263,pass,B,0.05838341333507722,64.1,0,0.05,,1
6f07ab5d-7006-426b-bd6e-0e9065404d02,EcWMSAzBYCaXuyVbSjSYYYsqjP59rBt4THtJ7D6QFDyR,WIG,B,0.05,4.647e-07,2026-08-06T23:18:29.193802+00:00,2026-08-06T23:20:17.287308+00:00,hard_stop,1.1212451334635416,33767.38,2532.96,133,176,309.0,0.7556818181818182,,33767.38,23.84,23.84,,98.8175593342315,pass,B,0.07501203824519403,67.7,0,-0.015,,0
85fead53-e386-4a69-b200-424ca83325e6,FnuUcVNH66k1i13up9uR1hcPSL58pcBTUtgLQe4ekM4k,Telegram,B,0.05,3.392e-07,2026-08-06T23:21:30.340702+00:00,2026-08-06T23:23:02.373796+00:00,early_exit_no_green,0.5897424723307292,24604.31,601.4,7,1,8.0,7.0,,24604.31,194.0,194.0,,100.0,pass,B,0.024442872000881143,66.5,0,-0.00443691,,0
0e009693-92ea-4ff1-aeeb-648222e25d99,GUB4AdMkxBeS91STGRtHbCeTBcj2g15Qe2CHVW467JRp,WIG,B,0.05,4.594e-07,2026-08-06T23:25:29.465822+00:00,2026-08-06T23:27:12.222715+00:00,hard_stop,1.1200270182291667,33297.77,2233.95,103,136,239.0,0.7573529411764706,,33297.77,22.41,22.41,,99.0745879367375,pass,B,0.06709007840464992,66.8,0,-0.015,,0
9d895467-982a-4841-ad93-3e2b49c4aed2,7KXU5jZDavjKFzLh6JiHQrHGeyMELJgSB3jFTJQBi4VA,CASH,B,0.05,3.435e-08,2026-08-06T23:26:30.486727+00:00,2026-08-06T23:28:02.265926+00:00,early_exit_no_green,1.2700140747070312,3350.46,10127.39,164,111,275.0,1.4774774774774775,,3350.46,36.93,36.93,,99.99999999999999,pass,B,3.0226864370862505,89.5,0,-0.008893741,,0
0e9f4e2b-0f31-4e79-8267-dee9bd8041fb,7cFe2syH3ZSrVcvPzohKeDMczPHjTy2rGyx1HNarpump,CAPY,B,0.05,3.047e-08,2026-08-06T23:26:50.297942+00:00,2026-08-06T23:28:22.221404+00:00,early_exit_no_green,0.672223779296875,4176.67,1228.1,30,10,40.0,3.0,,4176.67,106.0,106.0,,100.0,pass,B,0.2940380733933971,88.7,1,-0.004135215,,0
b04e7cd3-7925-4ef4-990e-1fb1be30f8ec,AVsWKaWFX6Q3cUZYU9Q8bU37KGxmXF4NeajFotusXKBP,Telegram,B,0.05,3.387e-07,2026-08-06T23:27:28.953062+00:00,2026-08-06T23:29:22.230166+00:00,take_profit,1.0154778442382812,24561.22,607.19,13,6,19.0,2.1666666666666665,,24561.22,194.0,194.0,,97.9464984577463,pass,B,0.02472149184771766,70.9,0,0.05,,1
5224dd97-5db3-44fd-abe8-77bdefa9b34a,EQ9sHjLffvaCftNz72zg3SGaVpVcxqkfyhWRCTj5pump,fame,B,0.05,7.666e-08,2026-08-06T23:27:48.860233+00:00,2026-08-06T23:27:52.942560+00:00,hard_stop,2.333350158691406,5555.88,1180.94,65,43,108.0,1.5116279069767442,,5555.88,170.0,170.0,,100.0,pass,B,0.21255678668365768,78.8,1,-0.015,,0
e3125535-e76a-418b-8f2f-487c478234c4,4ofYJ52mnEpY9dCgj6sxhyFNc8JNTBoTNfzc6AgZCuaB,WIG,B,0.05,4.282e-07,2026-08-06T23:29:29.694045+00:00,2026-08-06T23:32:22.344386+00:00,hard_stop,1.1047515014648437,30988.06,2121.8,104,139,243.0,0.7482014388489209,,30988.06,14.11,14.11,,98.8149300893796,pass,B,0.06847153387466011,66.3,0,-0.015,,0
92e79ac3-90fe-43fc-953c-de740b1bba23,DcyEVJ81x9RU7xa2gpKnQVcnUraUst2aVYSAA6XUWt19,WIG,B,0.05,4.251e-07,2026-08-06T23:35:29.703610+00:00,2026-08-06T23:39:52.380433+00:00,take_profit,1.1223598022460937,30831.04,2683.78,129,170,299.0,0.7588235294117647,,30831.04,13.4,13.4,,98.95539655666158,pass,B,0.08704798800170219,68.2,0,0.05,,1
82effac5-0a22-48d7-ba6d-28d35ebe81e0,8uPkygdAUDdtca1nhjYt5tNzufN3xMFdh4YmZX4ximJK,Telegram,B,0.05,4.001e-07,2026-08-06T23:38:29.809362+00:00,2026-08-06T23:40:02.378358+00:00,early_exit_no_green,0.5706242228190104,28991.4,683.13,11,3,14.0,3.6666666666666665,,28991.4,219.0,219.0,,97.65932995895031,pass,B,0.023563194602537304,71.2,0,-0.014546363,,0
629f5767-4f51-443c-a0cc-5c58c7a271e0,EXbZx3b5PogHGs5Fpx8u7tg5cbLPoqSsDLBq4LpJpump,WIN,B,0.05,1.197e-07,2026-08-06T23:42:29.027078+00:00,2026-08-06T23:43:02.427957+00:00,hard_stop,1.8167620971679688,5511.34,28598.41,450,342,792.0,1.3157894736842106,,5511.34,140.0,140.0,,96.47346113131809,pass,B,5.189012109577707,86.3,1,-0.015,,0
83e330cb-6ed1-489d-a694-3c1993f3a840,8WSMVs6AqB289MWLzMz4fCq9Ek9nvNfyvFPfGuqsDSxp,goon,B,0.05,4.783e-07,2026-08-06T23:43:30.361309+00:00,2026-08-06T23:48:07.434627+00:00,take_profit,7.13570224202474,34622.0,436416.91,2739,712,3451.0,3.8469101123595504,14677.04,34622.0,9.57,405.0,,78.48445929944099,pass,B,12.60519063023511,100.0,0,0.05,,1
8142462d-3c87-4d23-a490-a26d64a35b68,G1iMita9sSaCn4z1jng1F5dGJsMmaXy4agxi6awny4NN,WIG,B,0.05,4.336e-07,2026-08-06T23:44:28.751776+00:00,2026-08-06T23:49:37.447717+00:00,hard_stop,1.1270739624023438,30748.4,2442.7,120,166,286.0,0.7228915662650602,,30748.4,13.21,13.21,,98.8639599834207,pass,B,0.07944153191710787,66.8,0,-0.015,,0
53bfd6cc-d905-424f-aec2-b61a08c800ab,52onynupVEfZRpxmahVAdY4XiFUiPzXK3YJkK4rkpump,Dave,B,0.05,1.248e-07,2026-08-06T23:49:31.095326+00:00,2026-08-06T23:50:07.454282+00:00,take_profit,0.7346160319010416,9046.75,11042.61,84,29,113.0,2.896551724137931,,9046.75,296.0,296.0,,62.95074627526962,pass,B,1.2206162434023269,100.0,1,0.05,,1
2638ae79-76a0-44b0-8830-7353b5ca5903,9hT6K1Yg1s9oe5WfPzZiErnJ3ssBZiRuFSeuFJVbpump,WIN,B,0.05,8.712e-08,2026-08-06T23:51:29.934993+00:00,2026-08-06T23:55:07.539498+00:00,hard_stop,6.74814052734375,6385.16,34966.48,550,405,955.0,1.3580246913580247,,6385.16,-44.18,186.0,,91.40296451618282,pass,B,5.476210463011108,87.2,1,-0.015,,0
2cbedbd4-1fc2-4878-91f2-060a4444ce8f,5CPRsBG7hpRcfQLNtxhzTxWHicetXBwDYwNyLDLBee5R,Telegram,B,0.05,4.155e-07,2026-08-06T23:52:30.305597+00:00,2026-08-06T23:54:07.622239+00:00,hard_stop,0.8054137247721355,20367.57,512.05,10,0,10.0,10.0,,20367.57,178.0,178.0,,93.89203583866171,pass,B,0.025140456127068667,69.1,0,-0.015,,0
e8784945-d15f-4e78-a26d-6510fb009d93,EnX85ASa5sHCd2sKtb3eLMyAzbVuHzLUZhjenCE9mTGd,goon,B,0.05,4.436e-07,2026-08-06T23:53:29.826460+00:00,2026-08-06T23:58:07.577488+00:00,hard_stop,1.0057789876302083,32088.64,2241.86,100,145,245.0,0.6896551724137931,,32088.64,17.96,17.96,,99.1345576976673,pass,B,0.06986460005783979,65.5,0,-0.015,,0
55776dec-1b77-4239-8b08-fdb3fb30b95d,GfmT19A5BBV5aD2gr9WLLKUikrLkRvVZXe8mn9XvWLxY,Telegram,B,0.05,4.047e-07,2026-08-06T23:54:30.217245+00:00,2026-08-06T23:55:37.656428+00:00,hard_stop,0.8406010457356771,25712.28,1425.56,25,23,48.0,1.0869565217391304,,25712.28,251.0,251.0,,94.45887623473939,pass,B,0.05544276898042492,71.0,0,-0.015,,0
22ac2d80-a93b-43f3-b675-12fbc77fbfba,DisY64nowtjSiZa7YaknXYVSZKWXx81HpzBKviaa7FFw,Dave,B,0.05,4.485e-07,2026-08-06T23:55:29.703977+00:00,2026-08-07T00:04:37.634274+00:00,hard_stop,1.3023864217122396,32734.56,1069.2,34,22,56.0,1.5454545454545454,,32734.56,251.0,251.0,,94.87166322385241,pass,B,0.03266272709943253,68.7,0,-0.015,,0
81e63c2f-e938-41ed-b6b0-c97eef96155a,DQ9fVT5j4j5NyRGdxN6ig7wcrEBRMJcdjowj783Wcf7i,WIN,B,0.05,4.608e-07,2026-08-06T23:55:49.699193+00:00,2026-08-07T00:06:07.665950+00:00,time_stop,1.3194302815755208,31450.84,927.32,17,15,32.0,1.1333333333333333,,31450.84,239.0,239.0,,99.9915525562821,pass,B,0.029484745081530414,58.1,0,0.044140625,,1
17484c84-be25-4992-9921-15c0ce2f9c1b,DD2qcENjgEMbKT26YcgypKcroeA5qxXX2CkdLyaJZkCb,Dave,B,0.05,1.908e-07,2026-08-06T23:57:29.859926+00:00,2026-08-06T23:59:02.876543+00:00,take_profit,1.3017212280273438,25740.76,1402.1,30,37,67.0,0.8108108108108109,,25740.76,208.0,208.0,,98.8875548685339,pass,B,0.05447003118789034,65.4,0,0.05,,1
893fa37d-6922-48c7-af65-49ed7ad9cdb6,G2ww5fLWYQVigcSdvBxK4yw18p6q9dpiQ5dgQAy1g3Vr,Telegram,B,0.05,6.885e-09,2026-08-07T01:03:30.263674+00:00,2026-08-07T01:13:38.113019+00:00,time_stop,1.5248791097005208,48276.0,1781.83,99,17,116.0,5.823529411764706,18364.33,48276.0,10.28,10.28,,99.98945134069471,pass,B,0.03690923025934211,82.5,0,0.041430646,,1
92a9252b-2b31-4724-b823-f04cf43d47f4,Ea76haYhDNFUP6hZ3fp7F2sj55ur5vHUL5gaMzhUKmNX,goon,B,0.05,2.871e-07,2026-08-07T01:03:49.807205+00:00,2026-08-07T01:05:08.160249+00:00,take_profit,0.6081248860677083,47128.73,642.16,4,0,4.0,4.0,,47128.73,1272.0,1272.0,,99.9987427416299,pass,B,0.01362565891336346,55.1,0,0.05,,1
c226362c-f2ba-4b53-8ffb-3a873e805465,CfKPxTCZHJR9V5Wh5oxLjyN7pMb6tDgEwtjXGyALcVN8,Telegram,B,0.05,2.814e-07,2026-08-07T01:04:30.112557+00:00,2026-08-07T01:07:38.181618+00:00,hard_stop,0.4455541910807292,20479.07,516.85,12,2,14.0,6.0,,20479.07,179.0,179.0,,94.2054425982444,pass,B,0.025237962466069016,71.7,0,-0.015,,0
4eb87d5e-f93a-4b72-bb0e-9ba37d23f5fc,Fu2t5rcGcoSJ9aDWvqRkU1BbzGzmVpvcberbUTnJ2hE4,KICKS,B,0.05,3.857e-07,2026-08-07T01:08:30.923493+00:00,2026-08-07T01:11:38.210539+00:00,take_profit,1.4586351684570313,29207.1,683.62,10,1,11.0,10.0,,29207.1,220.0,220.0,,97.57463272562661,pass,B,0.023405952662195154,64.3,0,0.05,,1
c3bc9ede-9bd8-4397-ad18-d3cca5248473,DWjQfrYWPhKXASFurmReG1capFZ1y9WGTMRTSK9JFXpy,goon,B,0.05,5.893e-07,2026-08-07T01:09:29.918489+00:00,2026-08-07T01:12:08.215468+00:00,hard_stop,1.095535909016927,42862.71,1202.78,44,17,61.0,2.588235294117647,,42862.71,1147.0,1147.0,,99.9940393810958,pass,B,0.028061221513992,75.4,0,-0.015,,0
2d85c3c8-39dd-43ee-90e7-f844fab746e0,DGMagp3w8FNb7v4GP8HvpiLQCruiRUFxuUNFGcTWpump,goon,B,0.05,5.648e-08,2026-08-07T01:10:29.995091+00:00,2026-08-07T01:12:08.318714+00:00,early_exit_no_green,1.8757080891927083,4107.92,611.2,8,2,10.0,4.0,,4107.92,77.57,77.57,,100.0,pass,B,0.14878576019007186,79.3,1,2.6558e-05,,1
d0a45731-f0d0-42cd-88fb-08a9bb0e6c2d,7sPZCbnRumS59GZdpv692i68oj5kmWgmQtqyG8KgKfNE,Mochi,B,0.05,2.308e-07,2026-08-07T01:10:49.233389+00:00,2026-08-07T01:11:38.512266+00:00,hard_stop,1.0260852172851562,9539.0,10083.32,116,40,156.0,2.9,15729.37,9539.0,47.16,47.16,,80.63948450751882,pass,B,1.0570625851766433,100.0,0,-0.015,,0
3fe07d10-a44c-4f09-8531-194113f9c78d,2auYXCHvQaxDMHFMcjjf2P2MxFUqKHK9CPmbJNE9E4r7,Telegram,B,0.05,3.946e-07,2026-08-07T01:12:30.501326+00:00,2026-08-07T01:13:38.220895+00:00,hard_stop,1.4641794921875,30528.03,2385.04,54,47,101.0,1.148936170212766,,30528.03,316.0,316.0,,93.95028169175511,pass,B,0.07812623349754308,75.1,0,-0.015,,0
a68f4a07-b138-4993-b201-25418a05e96b,7TBibcjMkVtQVQNqoHdQ5W8YZ8T6moMoeG5MXHFi6zVH,Dave,B,0.05,3.861e-07,2026-08-07T01:14:30.289873+00:00,2026-08-07T01:15:33.126569+00:00,hard_stop,1.2130360107421876,31035.8,1959.61,74,67,141.0,1.1044776119402986,,31035.8,271.0,271.0,,96.82919326629239,pass,B,0.06314030893355416,73.0,0,-0.015,,0
539587b0-2d12-490f-8089-8c084a814110,9y5tomvS7JGyCL4V1pvfQedAHn1caSob1WhNuSEdnGph,Mochi,B,0.05,7.381e-07,2026-08-07T01:15:30.945955+00:00,2026-08-07T01:21:03.168587+00:00,take_profit,1.5754595174153645,45154.15,1225.35,66,20,86.0,3.3,,45154.15,1215.0,1215.0,,99.950233181247,pass,B,0.02713704055994853,75.0,0,0.05,,1
cdc0fda0-f013-468b-898c-20f1acfb1843,81PQpaYZnX8LHxWFqckZDekLAXQmixrJfbPdLewruecM,Telegram,B,0.05,3.963e-07,2026-08-07T01:16:29.779934+00:00,2026-08-07T01:21:18.211478+00:00,hard_stop,1.5986405314127605,28805.4,3150.92,66,60,126.0,1.1,,28805.4,292.0,292.0,,93.97282917595969,pass,B,0.10938643448797794,76.5,0,-0.015,,0
418f71ca-225a-4790-b20f-136341015877,5kko6YJTkT3dqvhyWytZmDdMAVhwZeWFvoruh4attr7W,WIG,B,0.05,3.935e-07,2026-08-07T01:20:30.677215+00:00,2026-08-07T01:21:28.165058+00:00,hard_stop,1.3754505615234376,19992.0,862.32,13,0,13.0,13.0,2452.08,19992.0,185.0,185.0,,36.5312374890524,pass,B,0.04313325330132053,78.2,0,-0.015,,0
6a4c1b29-0ab4-4916-9094-06395ebd58b6,BiEev8Fg6o3H4SWXdkdiW6qvBDjn4SoyFS5W2q8qq4AR,BLAKJAK,B,0.05,3.094e-07,2026-08-07T01:20:50.659480+00:00,2026-08-07T01:22:28.178698+00:00,early_exit_no_green,3.8255284057617187,22476.0,8609.57,80,69,149.0,1.1594202898550725,0.0,22476.0,-83.41,-83.41,,22.819967834297973,pass,B,0.38305614878092187,83.2,0,0.0,,0
a02b4293-a61c-401c-ad4d-3af8446d7294,54z6fusvNGBAkduWfiZveEx49JnV3W1kMcG8VLGnSu3J,Mochi,B,0.05,3.471e-07,2026-08-07T01:23:29.487968+00:00,2026-08-07T01:31:58.227216+00:00,hard_stop,0.7767416951497396,24691.65,602.14,11,0,11.0,11.0,,24691.65,195.0,195.0,,98.9385338285393,pass,B,0.02438638163103721,70.2,0,-0.015,,0
c43fee57-d936-4267-ae2c-030998209505,GUzZDSahHpfJMt43pvKzUT93CphHPkutayMY4Jt7zgEx,Mochi,B,0.05,7.405e-07,2026-08-07T01:25:29.556214+00:00,2026-08-07T01:28:08.312085+00:00,hard_stop,1.9753831990559896,45484.61,1832.79,110,35,145.0,3.142857142857143,,45484.61,1225.0,1225.0,,99.87150174878309,pass,B,0.04029472826083372,84.7,0,-0.015,,0
b885cb66-4bc1-4597-b03c-7396d67a2b42,HXXMmic1cBZkRKa3bFJN3iL6s2J9RHAByG1DY867B2Mo,Telegram,B,0.05,4.153e-07,2026-08-07T01:28:30.941584+00:00,2026-08-07T01:32:28.226636+00:00,hard_stop,1.4625040283203126,29458.52,2243.62,45,42,87.0,1.0714285714285714,,29458.52,302.0,302.0,,93.9537315681621,pass,B,0.07616200678106028,73.2,0,-0.015,,0
22ef5d22-fe2d-475c-9671-196a42636403,6xUH8E8fue1DQ55Yc7aatAyxx3jGPW6BCkdG6HHLngGe,Mochi,B,0.05,4.339e-07,2026-08-07T01:36:30.105461+00:00,2026-08-07T01:39:48.263397+00:00,hard_stop,1.4115108520507813,47225.0,22306.56,131,50,181.0,2.62,16740.95,47225.0,618.0,618.0,,99.24348230608791,pass,B,0.4723464266807835,100.0,0,-0.015,,0
54a826e0-edd8-41ca-be12-3f0778804a98,58X32YSswXN1oTyaBN35usJkkXwX8NPrUmqY6yzQf3wo,Telegram,B,0.05,4.111e-07,2026-08-07T01:38:30.323700+00:00,2026-08-07T01:40:18.264263+00:00,early_exit_no_green,1.2632996948242188,28678.94,1663.09,36,30,66.0,1.2,,28678.94,290.0,290.0,,93.99570639292239,pass,B,0.05798993965606818,74.0,0,-0.00659207,,0
4f593478-d036-4e48-9b9b-628848a8dde7,Etgo1D7v4HDvEQdKeR9JcrxSnTsJdgd1gnacXTDCX6h9,Mochi,B,0.05,6.381e-07,2026-08-07T01:44:30.146849+00:00,2026-08-07T01:44:48.292228+00:00,hard_stop,1.1104923461914062,43506.23,1238.68,64,16,80.0,4.0,,43506.23,1167.0,1167.0,,99.9693135629086,pass,B,0.028471324681545607,75.8,0,-0.015,,0
228b533b-c989-46ff-ba67-fcd16cc0bb92,6gTwUQGMFq2GMNYgvb4ejjDqCBoN7Gs87jToemYopump,TINYTANK,B,0.05,4.434e-07,2026-08-07T01:48:29.698079+00:00,2026-08-07T01:58:33.554914+00:00,time_stop,0.8449151000976562,32301.0,596.75,25,4,29.0,6.25,11573.28,32301.0,6.6,6.6,,68.27776079351172,pass,B,0.018474660227237545,67.9,1,-0.009878214,,0
671be367-be8e-4420-8423-0a2647c78cf6,3UyyhW8j3KAoJKJPzNG6by62gvnYHPEpEPqNEmZXmDJ3,Kogikatsu,B,0.05,4.733e-07,2026-08-07T01:55:29.382574+00:00,2026-08-07T01:58:08.636259+00:00,take_profit,1.1333982747395834,34420.0,15414.39,89,29,118.0,3.0689655172413794,13731.71,34420.0,400.0,400.0,,97.65395942746757,pass,B,0.4478323649041255,100.0,0,0.05,,1
f85a4ace-871d-4ce5-96bb-85e706e3d324,Aei3JFipSShpdHGKy7ZdVf546pv9t3cazduQkWGxhSQG,Kogikatsu,B,0.05,3.349e-07,2026-08-07T02:00:30.549257+00:00,2026-08-07T02:04:03.594649+00:00,hard_stop,0.8109763549804687,24647.17,610.31,15,6,21.0,2.5,,24647.17,194.0,194.0,,98.3577936411936,pass,B,0.024761869212570856,71.7,0,-0.015,,0
9e6b2c3c-7a49-4ef8-a5b9-a392afa7d6d3,4FwGMvqjEE8eDEBwLekCzYMzvGhZ9eGjqv4rTfjXFQz8,Mochi,B,0.05,3.253e-07,2026-08-07T02:11:30.289134+00:00,2026-08-07T02:13:03.657478+00:00,take_profit,1.4711143391927084,23686.28,2039.27,64,24,88.0,2.6666666666666665,,23686.28,590.0,590.0,,99.8743674926319,pass,B,0.08609498832235371,91.1,0,0.05,,1
320f6562-00f6-4853-b1a2-7f0b5bb625b0,DZYAAqWAG24NgdpmyZytz4hzASdn31wg9xXtqnx9dfoD,DUCKTATOR,B,0.05,1.272e-07,2026-08-07T02:16:31.457889+00:00,2026-08-07T02:18:59.099604+00:00,hard_stop,1.00363935546875,9274.0,471.13,13,0,13.0,13.0,1675.05,9274.0,31.84,31.84,,36.713435529233,pass,B,0.0508011645460427,81.2,0,-0.015,,0
6c074a38-15e1-41c4-992c-b8649cae9251,E9qZtJZiQ56LPqLC81RXJVs4onRSFuqEivG2CTN7eeBd,GG,B,0.05,1.777e-07,2026-08-07T02:22:30.439729+00:00,2026-08-07T02:22:58.745029+00:00,hard_stop,5.075399011230469,32946.0,21094.9,37,39,76.0,0.9487179487179487,1277.38,32946.0,1398.0,1398.0,,99.9999983033423,pass,B,0.6402871365264372,79.0,0,-0.015,,0
aff594e7-4129-46be-b9eb-261e7da186fb,D28YsmFeBapaVBuFhXY6fvqf6wsV5kXhRjHpKEa9N4f3,PEEGY,B,0.05,1.988e-07,2026-08-07T02:41:30.530702+00:00,2026-08-07T02:41:58.793886+00:00,take_profit,1.5659418416341147,23136.0,3917.99,191,218,409.0,0.8761467889908257,1270.52,23136.0,-36.32,-36.32,,96.0168709509923,pass,B,0.169346040802213,74.3,0,0.05,,1
6cbe3811-0081-4364-8710-2900fa82046c,EBSt9aZ5kiojJdU55iDgbBdopwe1zVZ4g3y9zXBXFr6D,Mochi,B,0.05,4.327e-07,2026-08-07T02:48:30.152452+00:00,2026-08-07T02:49:58.815933+00:00,take_profit,1.0154771687825521,29226.0,5092.61,9,2,11.0,4.5,13126.33,29226.0,345.0,345.0,,99.1939059192058,pass,B,0.17424929856976665,93.2,0,0.05,,1
4ca6b00e-da4b-467f-be47-cd5c51366f59,9B4KhrY7518UhQAWP2mVyZ9Nu7AkRnWg1E8RpRGCVehs,WW,B,0.05,3.868e-07,2026-08-07T02:54:31.085658+00:00,2026-08-07T03:01:53.846933+00:00,hard_stop,0.7962101196289062,27745.0,26531.7,85,38,123.0,2.236842105263158,49287.3,27745.0,24.63,24.63,,99.8515340278855,pass,B,0.9562695981257885,100.0,0,-0.015,,0
c8491f6e-8731-4c36-becc-ecbcea4aec5d,5TWYcxetZZjhSNBYwUeVtADwgAy3Bby4kepTRwL5pump,GG,B,0.05,1.223e-07,2026-08-07T02:57:30.099327+00:00,2026-08-07T02:59:23.935550+00:00,hard_stop,0.8646604329427083,7867.48,8484.54,97,46,143.0,2.108695652173913,,7867.48,184.0,184.0,,78.5718861176009,pass,B,1.078431721466086,100.0,1,-0.015,,0
2c25f590-e8c5-4d93-8f91-7cfa4f0a84bc,2kWEu3bSgfqbShaeziRTHLnFxMrEesU4e5UHnHappump,GG,B,0.05,1.097e-07,2026-08-07T02:58:31.209383+00:00,2026-08-07T02:58:59.031482+00:00,hard_stop,1.1145959431966146,7981.08,5839.5,48,39,87.0,1.2307692307692308,,7981.08,188.0,188.0,,100.0,pass,B,0.7316678945706596,84.6,1,-0.015,,0
67ab1af2-1f37-4e61-a2bb-2ffb7a31a6ee,CzYFcPSioaT71q7MoHzJvovFXfaJeLiEJbSofs5UaCGK,MEGUCOIN,B,0.05,1.202e-07,2026-08-07T03:07:30.756353+00:00,2026-08-07T03:17:53.952861+00:00,time_stop,1.13561923828125,8405.0,6852.06,66,30,96.0,2.2,14837.64,8405.0,28.32,28.32,,99.42829382782391,pass,B,0.8152361689470554,100.0,0,0.004450915,,1
3251d9e8-6aef-4e2b-b67e-bea3e9cf32f3,EahtjTeQ2ivpFj3jvhb1NHDA7i5fg6WaMJTbf8pWs8BS,meme.gov,B,0.05,1.045e-07,2026-08-07T03:08:30.412351+00:00,2026-08-07T03:18:53.968973+00:00,time_stop,1.7688461995442708,7468.0,10882.77,224,66,290.0,3.393939393939394,13615.43,7468.0,20.55,20.55,,99.70848725722684,pass,B,1.4572536154258169,100.0,0,0.043349282,,1
39ff3204-6d6f-4a18-a207-1a07dc5939d1,BfY6fWeCtWmRsFe5xPaRvAu96xZEDGqmiRsw46uJyYP2,GG,B,0.05,2.052e-07,2026-08-07T03:11:50.452062+00:00,2026-08-07T03:12:24.132623+00:00,hard_stop,1.1481165649414062,13295.62,1016.87,15,11,26.0,1.3636363636363635,,13295.62,282.0,282.0,,97.42064677001201,pass,B,0.07648157814377968,75.3,0,-0.015,,0
2a697a07-c69e-4654-94fa-39ef1150268b,FmBbCzhNuGiaF4cee1kigkrmYjr4CkMP31Vfswc2pp3Z,WIGGED,B,0.05,6.672e-07,2026-08-07T03:15:32.115569+00:00,2026-08-07T03:16:24.155201+00:00,hard_stop,1.033583349609375,44703.0,883.54,49,59,108.0,0.8305084745762712,1768.14,44703.0,23.09,23.09,,98.2965555474097,pass,B,0.019764669037872176,46.1,0,-0.015,,0
4252f320-175a-4544-825c-514b3b3211fc,7UYWBR8yHSkRr82PVwLzfBRFJWUF1z81RUnd93DCpump,WW,B,0.05,1.26e-07,2026-08-07T03:31:30.333909+00:00,2026-08-07T03:41:34.273944+00:00,time_stop,1.63556904296875,9158.0,991.46,34,8,42.0,4.25,5452.62,9158.0,1.48,1.48,,57.2077625236524,pass,B,0.10826162917667613,88.0,1,0.010396825,,1
2af8f610-bc86-46fa-8373-6476387fd97c,5rydmgTTm45kfDdFJe8XtPCrsntcs36rrt7Pp3Dppump,JINPACHI,B,0.05,1.533e-07,2026-08-07T03:34:30.508093+00:00,2026-08-07T03:36:04.215673+00:00,early_exit_no_green,3.304801277669271,11157.0,1208.2,90,5,95.0,18.0,6059.16,11157.0,22.17,22.17,,56.334316261844,pass,B,0.10829075916465,88.6,1,-0.004370515,,0
f2e40a39-8a6d-4023-859c-a0feaf4d659c,ZGSrnESLTFu2NYoAnFWh1qqzvkrkXhTLHDFi5LxYnN1,GG,B,0.05,5.253e-07,2026-08-07T03:37:29.713154+00:00,2026-08-07T03:47:34.197848+00:00,time_stop,0.9486732299804688,38210.0,9226.31,41,20,61.0,2.05,15019.69,38210.0,482.0,482.0,,98.72926956436083,pass,B,0.24146322952106777,100.0,0,0.009242338,,1
99f4132d-0d64-4402-8c24-6f4e1b44b5ad,EktQVFJrwwrTciGu5oye9abYWnTu9jMM1hpYqrodpump,GG,B,0.05,8.674e-08,2026-08-07T03:48:31.089238+00:00,2026-08-07T03:49:49.263556+00:00,hard_stop,5.015387679036459,5051.47,3456.55,66,23,89.0,2.869565217391304,,5051.47,106.0,106.0,,91.3601829089844,pass,B,0.6842661641066857,95.4,1,-0.015,,0
4a24289b-9944-4ad5-b915-19ca3a940aef,7Tc67wpGy8W839XWwRkcb2QamCFSVKsbK14oc9wmpQ6x,BULLCA𝖳,B,0.05,8.562e-08,2026-08-07T03:54:30.749931+00:00,2026-08-07T03:54:49.352278+00:00,hard_stop,0.6350577229817709,6222.97,3866.03,11,2,13.0,5.5,,6222.97,-22.49,-22.49,,100.0,pass,B,0.6212515888715517,96.6,0,-0.015,,0
33c79fe3-600f-41db-8987-040e3701c11c,CEKNx6cng1BwcfJ1krTJddKcwFUdZj7GV4vP4iU2pump,PEEGY,B,0.05,8.499e-08,2026-08-07T03:57:30.681766+00:00,2026-08-07T03:59:19.346623+00:00,early_exit_no_green,2.0401112915039064,6178.0,864.84,70,6,76.0,11.666666666666666,3593.22,6178.0,6.38,6.38,,57.6236651330735,pass,B,0.13998705082550988,87.6,1,0.000123544,,1
d9e20000-aefa-471e-b838-ac331904c47a,E1iB48UoyYo8Yoes9ABkr2zygKZeTeShqadnAm9ade2F,chrome,B,0.05,3.051e-07,2026-08-07T04:02:30.801273+00:00,2026-08-07T04:05:44.475205+00:00,hard_stop,1.5357377400716146,22135.0,3840.49,33,6,39.0,5.5,9856.59,22135.0,368.0,368.0,,99.70056605922643,pass,B,0.17350304946916648,96.5,0,-0.015,,0
278e1e3b-7400-4940-8de0-2f635d422feb,CFyhhGk4J1tTxfc1RG3fPDzBkEnZ4xMSaYJM1CX2BB6a,chrome,B,0.05,6.578e-07,2026-08-07T04:07:31.129274+00:00,2026-08-07T04:10:44.504474+00:00,take_profit,2.000791377766927,47349.0,39193.0,303,74,377.0,4.094594594594595,14549.43,47349.0,531.0,531.0,,99.99257359645715,pass,B,0.8277471541109632,100.0,0,0.05,,1
b4f9d9fb-f575-47b3-bc4f-2e98f907fa55,GMF3qCEmNYDESy7eWMyYvBxcXGvNWBvZ1LihSUzRpump,chrome,B,0.05,7.766e-08,2026-08-07T04:13:30.570020+00:00,2026-08-07T04:15:14.525635+00:00,early_exit_no_green,0.9537572509765625,5642.28,1454.41,2,1,3.0,2.0,,5642.28,,,,100.0,pass,B,0.25776990861850174,78.1,1,6.438e-06,,1
ec59be06-db4c-4e4b-918e-4954e3bbdde3,87EBd8eu7tRTDKUrug4XfHSTHJfka4MEWUxLus5nLE6X,PEEGY,B,0.05,4.763e-07,2026-08-07T04:14:30.996406+00:00,2026-08-07T04:24:44.606608+00:00,time_stop,1.3381671305338543,33730.62,513.59,12,6,18.0,2.0,,33730.62,9.23,9.23,,100.0,pass,B,0.01522622471807515,64.2,0,0.029519211,,1
8a4bbb47-a027-41ae-9864-73550510a9eb,8yYfhWK43jranARw6nrArYDhZdeuH4PX2FREJDcZbutf,chrome,B,0.05,5.144e-07,2026-08-07T04:35:30.727020+00:00,2026-08-07T04:37:14.660931+00:00,hard_stop,5.750979227701823,37472.0,149595.83,876,295,1171.0,2.9694915254237286,13134.37,37472.0,-35.44,436.0,,99.99122833568275,pass,B,3.99220297822374,100.0,0,-0.015,,0
fc7ac314-2b5c-4a7a-b18e-9155af0bc6dd,63xj9BaxAnFMgpqqS4fCqYJqqdVdQbN31fvSe5yGJM7R,Goosey,B,0.05,4.587e-07,2026-08-07T04:43:30.621147+00:00,2026-08-07T04:46:44.823093+00:00,take_profit,0.5384983805338541,33355.53,643.01,7,0,7.0,7.0,,33355.53,22.23,22.23,,98.6499795200653,pass,B,0.019277463137296873,62.2,0,0.05,,1
11bf7347-fcab-4964-a255-157adf71af7e,76bZjL9aGuNqhvwV1toRVu26A9PTGd5di1WRwvYLpump,gato,B,0.05,6.446e-08,2026-08-07T04:44:30.503172+00:00,2026-08-07T04:46:45.143827+00:00,take_profit,2.586133601888021,5131.15,9463.51,151,92,243.0,1.641304347826087,,5131.15,86.05,86.05,,93.00175611527611,pass,B,1.844325346169962,92.8,1,0.05,,1
99784ba2-e608-4567-bf01-e94e17ee5cae,5C2azUtrib7CKJ9ZpP6ieRg5KTQNUwDUovwNEmnopump,Tinytank,B,0.05,1.161e-07,2026-08-07T04:49:31.340869+00:00,2026-08-07T04:50:44.749136+00:00,hard_stop,1.3732487386067709,12163.7,6230.6,65,16,81.0,4.0625,,12163.7,496.0,496.0,,89.3138086262758,pass,B,0.5122290092652729,100.0,1,-0.015,,0
e8a1f132-ad6e-4391-baef-28fec52a3bd0,2Wbms7RPg2ovhovAynmp7BBwU8Rov8S2uB2ixzsmpump,PUMPGA,B,0.05,6.774e-08,2026-08-07T04:52:31.293803+00:00,2026-08-07T04:53:24.759723+00:00,hard_stop,1.308615157063802,5114.99,1754.79,18,15,33.0,1.2,,5114.99,50.67,50.67,,100.0,pass,B,0.34306811939026277,74.3,1,-0.015,,0
d88588f3-a7e6-41a8-9495-0e7a3390fac1,2yHSNqBA4GxPn1JSszgfnQKcw5xTaC2YpGtrjjZn6f94,Goosey,B,0.05,5.226e-07,2026-08-07T04:53:31.166314+00:00,2026-08-07T05:03:59.835497+00:00,time_stop,1.2894606079101563,33860.0,19215.79,128,48,176.0,2.6666666666666665,13619.31,33860.0,392.0,392.0,,99.66612454012645,pass,B,0.5675070880094507,100.0,0,-0.010361653,,0
49cb4a49-9796-4323-b85b-e164cc8fcba1,51EHPQsWwnacrX9KCNFvK7NqVjLaBuJXi1Dc8zwx8THR,Goosey,B,0.05,7.165e-08,2026-08-07T04:57:30.422625+00:00,2026-08-07T04:59:04.969749+00:00,early_exit_no_green,0.9220052612304688,29216.0,5089.31,18,3,21.0,6.0,13118.69,29216.0,345.0,345.0,,100.0,pass,B,0.17419598849945236,100.0,0,0.0,,0
dda03264-838c-4199-b808-2a958a50448a,9s26ttNRh5znkttVZptPv5ozxG8c1Hjh8ztkcuVArQvv,Goosey,B,0.05,7.63e-07,2026-08-07T04:58:31.354832+00:00,2026-08-07T04:59:29.902458+00:00,hard_stop,0.8038207682291667,37188.0,6634.95,23,8,31.0,2.875,14803.82,37188.0,467.0,467.0,,99.88953049574148,pass,B,0.17841642465311391,100.0,0,-0.015,,0
eda06ce6-052c-42f5-b11b-c5a053971aab,8Mc6nGiJ9vHomTWgJ2BjnDaXZV3dyFJQT6TENXJC5Zkb,Telegram,B,0.05,3.764e-07,2026-08-07T04:59:30.949025+00:00,2026-08-07T05:04:29.833418+00:00,hard_stop,0.7061307210286458,20377.43,517.47,12,4,16.0,3.0,,20377.43,178.0,178.0,,94.0275957111641,pass,B,0.02539427199602698,71.8,0,-0.015,,0
b90d283f-81a4-42d0-968a-c38644b09a7e,HZky3jCSGnK4xbDmCqjTuvoZBLDjQx2hAgzcNovsmXEB,Telegram,B,0.05,4.351e-07,2026-08-07T05:04:30.788457+00:00,2026-08-07T05:04:59.845504+00:00,hard_stop,0.8915001871744792,29976.74,1291.95,27,26,53.0,1.0384615384615385,,29976.74,308.0,308.0,,93.24553986775203,pass,B,0.0430984156382582,65.5,0,-0.015,,0
5af95df9-5c53-4ec3-8316-069b5653c0db,FvL8cUtN4oCpMufvp45qwh9reVFDDGL5EDZ4ZSe2o2vV,COZYSHIBA,B,0.05,4.605e-07,2026-08-07T05:05:30.823569+00:00,2026-08-07T05:07:59.886659+00:00,take_profit,1.2055311238606772,48088.44,830.6,19,21,40.0,0.9047619047619048,,48088.44,597.0,597.0,,97.6256040653681,pass,B,0.017272342375839182,46.0,0,0.05,,1
2aabc3c2-bb59-4d53-8ebd-0e18c9825366,41etCVeaJESVWLn1usqWotgAPdpW14LmVcmkjoP7D2AF,Telegram,B,0.05,3.9e-07,2026-08-07T05:06:31.260948+00:00,2026-08-07T05:09:59.891744+00:00,hard_stop,1.407261466471354,26935.92,2207.65,53,47,100.0,1.127659574468085,,26935.92,267.0,267.0,,93.77325538961401,pass,B,0.08195933162854657,74.2,0,-0.015,,0
cd09ec45-2bbc-4ac8-b764-637adc2544a7,9AQRQLoPZfCYX57s8vT1q5CYy2DAMaMNQtyxrSf6RnNs,AQUA,B,0.05,1.522e-07,2026-08-07T05:09:31.621875+00:00,2026-08-07T05:11:29.895105+00:00,early_exit_no_green,9.588435795084635,11064.0,170967.03,2753,746,3499.0,3.690348525469169,0.0,11064.0,-5.45,78.6,,93.52351071966045,pass,B,15.452551518438177,100.0,0,0.0,,0
7d28ff22-25f7-4eb4-9d86-85c4edc175cc,EwNoMKE3gBYqNoeUBahPdygtABuwavBXrmYghhGBPvV2,Goosey,B,0.05,3.095e-07,2026-08-07T05:15:30.713911+00:00,2026-08-07T05:26:00.042669+00:00,time_stop,0.4585861775716146,22151.0,932.6,24,10,34.0,2.4,43964.89,22151.0,1.23,1.23,,99.9999764452381,pass,B,0.0421019367071464,83.1,0,0.013198708,,1
5ec04cb7-03f1-4d01-90cf-d75ed750285f,BqLw6DUJcx5nr7QEdtNgup31WeaM4XKQDq9MGiqHs4YD,AFK,B,0.05,4.59e-07,2026-08-07T05:22:31.240200+00:00,2026-08-07T05:28:30.070328+00:00,hard_stop,0.32969371744791665,33179.0,5089.78,13,2,15.0,6.5,12484.33,33179.0,430.0,430.0,,100.0,pass,B,0.15340365894089633,100.0,0,-0.015,,0
4ebdf61b-4f8d-4f32-8311-233538efe0b3,BF1DMM7fgcxR8vmwYvvpg6we2BC58b9dMcg4brrYYdhg,AFK,B,0.05,3.593e-07,2026-08-07T05:23:30.010939+00:00,2026-08-07T05:25:00.259282+00:00,take_profit,0.6386013712565104,26110.0,4723.17,3,0,3.0,3.0,12372.51,26110.0,321.0,321.0,,99.74618467624033,pass,B,0.18089505936422826,87.9,0,0.05,,1
514e9f7c-a550-4481-938c-e030664c3e25,4BoxwVevXvUNjjfQD1cVWrhkurav8tJL5XtVT71AEN6u,AFK,B,0.05,6.013e-07,2026-08-07T05:27:30.557560+00:00,2026-08-07T05:38:00.141308+00:00,time_stop,1.1403914469401042,43649.0,9081.84,50,15,65.0,3.3333333333333335,15433.03,43649.0,535.0,535.0,,98.90348735710953,pass,B,0.20806524777199936,100.0,0,0.013969732,,1
f987d59a-8ac1-4976-91ea-705d2a5ea245,Bo9WygZNgE2U4MKXYD6s7AhgogSWxKmGuX7tmziD3Qgq,AFK,B,0.05,9.857e-07,2026-08-07T05:28:33.003970+00:00,2026-08-07T05:30:30.483735+00:00,early_exit_no_green,1.104561669921875,36897.0,13348.99,76,13,89.0,5.846153846153846,12779.31,36897.0,392.0,392.0,,99.9998191891209,pass,B,0.36179066048730246,100.0,0,0.0,,0
fdf78529-171c-4237-beb0-df8cfcdf9389,54qrBa9JU2bGV1mTtTt6NNWyS4pM5cnVmUhYU7Y5d649,AFK,B,0.05,5.41e-07,2026-08-07T05:29:30.350334+00:00,2026-08-07T05:31:30.182413+00:00,take_profit,0.32077603759765627,34583.0,5504.83,8,0,8.0,8.0,13726.84,34583.0,403.0,403.0,,99.99983415539073,pass,B,0.1591773414683515,95.0,0,0.05,,1
fc5e207f-a3c8-447f-aad9-52b91facc041,7THX97vaobzu6FJb7k1P5jwBBhYE4bpJnr6FU9G6KTbg,Goosey,B,0.05,3.112e-07,2026-08-07T05:30:31.173371+00:00,2026-08-07T05:41:00.175886+00:00,time_stop,0.5692374186197917,22462.0,1614.49,19,6,25.0,3.1666666666666665,44228.97,22462.0,2.87,2.87,,99.99998321147649,pass,B,0.0718765025376191,89.8,0,0.016629177,,1
1d5bdaa1-b91b-48c4-9f7f-3fa1bcd22f86,7gj6oeTSfao6jhddyuHyDh7F9sqicGDCxxfTNwWxpump,DOCTORS,B,0.05,6.072e-08,2026-08-07T05:34:30.695983+00:00,2026-08-07T05:35:00.310896+00:00,hard_stop,0.526018379720052,4403.89,2737.5,22,10,32.0,2.2,,4403.89,59.53,59.53,,98.2944444621081,pass,B,0.6216095315732227,93.2,1,-0.015,,0
8d576582-d763-493c-9238-54930732386c,ohkmewzux9TtfxawpCDvEwetuQGMxF6DrXZzhiBpump,AFK,B,0.05,3.94e-07,2026-08-07T05:40:30.427374+00:00,2026-08-07T05:48:50.264468+00:00,trailing_stop,1.5960426961263021,27666.0,6811.79,108,79,187.0,1.3670886075949367,10615.91,27666.0,-5.89,-5.89,,58.9182970478129,pass,B,0.24621521000506036,87.3,1,-0.015,,0
1773e9b1-1c1b-463b-a5e7-2c09c4c30976,pCvzDWJjDLVKop5wnz5c5FxJww2tsJR9X7rQX7upump,GORILLA,B,0.05,7.593e-08,2026-08-07T05:42:30.402191+00:00,2026-08-07T05:44:30.322581+00:00,take_profit,0.7465352905273438,5517.6,9358.39,110,74,184.0,1.4864864864864864,,5517.6,73.8,73.8,,91.095285499849,pass,B,1.6960979411338262,89.7,1,0.05,,1
a52bf080-5672-447e-b6b6-35afbcded2ee,ALKDPbi81VeY9XwDuGMV7aT4Fi6vg9UUrvtiw9FiNeSF,AFK,B,0.05,3.083e-07,2026-08-07T05:51:30.410248+00:00,2026-08-07T06:01:40.463257+00:00,time_stop,0.6744782307942708,22466.0,3874.01,14,2,16.0,7.0,9946.11,22466.0,1594.0,1594.0,,100.0,pass,B,0.1724387964034541,96.6,0,0.023045735,,1
dae64745-4062-4483-89ae-fa12f52d7950,AcUjG5rckFVdoA6EK1XMGyR1DQ8MAd1SQWpS8cTTB7FT,AFK,B,0.05,7.841e-07,2026-08-07T06:03:31.182162+00:00,2026-08-07T06:09:10.607002+00:00,take_profit,0.8957836669921875,44244.0,9484.6,29,18,47.0,1.6111111111111112,14847.97,44244.0,597.0,597.0,,99.79712227263047,pass,B,0.21437031009854443,92.2,0,0.05,,1
b36a36e1-d74d-4959-9f72-3c7a5d3f8f6d,DVxetAqYYogxnVLWA66VQFnC5LKERqFfDbaWCfzDktTW,DIS,B,0.05,4.592e-07,2026-08-07T06:06:32.095714+00:00,2026-08-07T06:08:10.669977+00:00,take_profit,1.0935161173502603,26193.0,4736.62,8,0,8.0,8.0,12411.05,26193.0,322.0,322.0,,99.11192272215735,pass,B,0.1808353376856412,90.2,0,0.05,,1
b454b413-b5aa-4974-87b9-8f5cb8b5e1ad,Ef1wYddJgeWWCnkpY4MdvX8dZJMeSRKk28yC6w7heQWM,chrome,B,0.05,6.015e-07,2026-08-07T06:11:30.322377+00:00,2026-08-07T06:21:30.694652+00:00,time_stop,2.2155492635091147,43846.0,34781.6,155,80,235.0,1.9375,86629.69,43846.0,2.32,2.32,,99.96956914290641,pass,B,0.793267344797701,98.8,0,0.013142145,,1
17451972-a33e-4157-a3b9-9acb07883e8d,AeqT5sf5t1M8yGzAKtEnoMoaWAn5atFAeMdpHKTjv5WF,AFK,B,0.05,7.43e-07,2026-08-07T06:11:49.724720+00:00,2026-08-07T06:18:30.794523+00:00,hard_stop,1.2793027669270833,49005.0,23072.26,136,55,191.0,2.4727272727272727,16419.84,49005.0,610.0,610.0,,94.58873984613223,pass,B,0.4708144066931945,100.0,0,-0.015,,0
9928a09b-f5b4-4887-9570-f5d54e465567,GNTpmh6kDFEtrd3xg5iMvbGXLVTfm3sqDTA3X3D8pJzS,Telegram,B,0.05,3.812e-07,2026-08-07T06:25:31.012422+00:00,2026-08-07T06:30:30.761114+00:00,hard_stop,0.77667138671875,19776.17,534.37,13,4,17.0,3.25,,19776.17,168.0,168.0,,93.9853630207151,pass,B,0.027020904452176538,72.8,0,-0.015,,0
9a3b6143-b752-434c-b580-7648d3b76524,8yswXQJRopuiHGZEnkt8gqzhNPqQh84FezXyDPnx6Gsp,AFK,B,0.05,5.475e-07,2026-08-07T06:37:30.707140+00:00,2026-08-07T06:43:30.889776+00:00,hard_stop,1.1626187866210937,33816.0,14149.31,108,37,145.0,2.918918918918919,13634.79,33816.0,389.0,389.0,,98.37986401431607,pass,B,0.4184205701443104,100.0,0,-0.015,,0
d531bdfa-8b0e-4444-a352-e9a894fb4e83,FbEbc8EVVsG4FFF6FJRELVmbyyL8Hz55waHLMZQmbonk,PEEGY,B,0.05,7.378e-08,2026-08-07T06:43:31.341877+00:00,2026-08-07T06:53:35.993083+00:00,time_stop,5.6946336507161455,5768.0,3625.75,104,40,144.0,2.6,2970.27,5768.0,30.81,35.9,,54.868078401545404,pass,B,0.6285974341192788,95.9,0,0.00409325,,1
194824dd-bcf1-44de-b955-24668db70fdf,CJzfcdfH3ZQEud2Rv7cwWEJXQfEmPoUdu8HdQQpwYnZC,AFK,B,0.05,4.389e-07,2026-08-07T06:44:30.605120+00:00,2026-08-07T06:46:31.000009+00:00,take_profit,1.3945391235351563,31055.0,15822.29,113,46,159.0,2.4565217391304346,13068.01,31055.0,350.0,350.0,,99.77615635034348,pass,B,0.5094925132828853,100.0,0,0.05,,1
dd21dea8-b1cd-4e43-8343-60620d237b6e,EDYNMRsxug3Euun1ww8ThqUsKLUYRK1Vy21DskaKu4A3,DIS,B,0.05,1.311e-07,2026-08-07T06:49:30.466544+00:00,2026-08-07T06:56:35.954042+00:00,take_profit,1.74611611328125,7655.0,8155.61,150,42,192.0,3.5714285714285716,13794.81,7655.0,23.08,23.08,,99.1563858050875,pass,B,1.0653964728935337,100.0,0,0.05,,1
ece36d49-2d7f-4776-a7c7-0b80b9eac80c,3f87SKbX6JVH3WFjtXv83kF3SCBTNQDUNebuXLvqXe4U,AFK,B,0.05,8.31e-07,2026-08-07T06:51:31.476677+00:00,2026-08-07T06:52:26.149034+00:00,hard_stop,0.7786926106770833,29284.0,5108.28,17,9,26.0,1.8888888888888888,13152.13,29284.0,345.0,345.0,,99.97023066190138,pass,B,0.1744392842507854,97.8,0,-0.015,,0
940f4780-2209-4be0-abbc-9302ff61d2f2,DWJpUSGg9BoN4mgMMJ2GikbUBuo3feik9cXofkyHKFQF,Income,B,0.05,1.161e-07,2026-08-07T06:59:30.597396+00:00,2026-08-11T16:04:24.109264+00:00,take_profit,1.6794313110351562,7507.0,5366.9,87,31,118.0,2.806451612903226,13652.17,7507.0,20.81,20.81,,98.87809544291451,pass,B,0.7149194085520181,100.0,0,0.04,,1
bb1f72e7-8cb4-486f-b2e4-456467c7e4f4,7QtpY7JYP6wUSGHSiL1RSBnErGbFYvGTPPpiyhz2ViYg,LOBO,B,0.05,4.405e-07,2026-08-11T15:27:30.057860+00:00,2026-08-11T15:32:13.601563+00:00,hard_stop,1.1221959391276042,34553.46,665.5,7,0,7.0,7.0,,34553.46,22.17,22.17,,99.16320610783829,pass,B,0.019260010430214514,58.8,0,-0.015,,0
ec0d8fd2-d33f-41f9-8619-32bd4de79930,EGpptmFYH36UzKEEXTUsXtRT9s65toS6Pxr6t2otpump,Mario64,B,0.05,2.795e-08,2026-08-11T15:27:49.688024+00:00,2026-08-11T15:29:32.025859+00:00,early_exit_no_green,2.7725771728515625,2105.03,1468.48,14,15,29.0,0.9333333333333333,,2105.03,-17.37,-17.37,,100.0,pass,B,0.6976052597825209,68.1,1,0.0,,0
0775ce76-229c-459c-8e2e-7592b05fd78a,QxRJKf8c5BAdy4f96Nf47Q4Aunt8vCFxdBjVN2jn92P,Lucifer,B,0.05,4.24e-07,2026-08-11T15:28:09.310806+00:00,2026-08-11T15:29:43.681785+00:00,early_exit_no_green,7.872129081217448,24951.0,783203.07,3850,2260,6110.0,1.7035398230088497,20816.31,24951.0,51.47,276.0,,75.57073353849563,pass,B,31.38964650715402,94.1,0,-0.003620283,,0
c7f2b8d1-a375-49ee-82fa-69494e86e8e0,5rqUT9fYLJxoDWmyRvzdAFtxJoHUTyCkBcyo4gPZpump,Lucifer,B,0.05,3.979e-08,2026-08-11T15:28:39.782814+00:00,2026-08-11T15:30:13.728392+00:00,early_exit_no_green,0.7493244913736979,3040.28,473.3,12,1,13.0,12.0,,3040.28,40.04,40.04,,100.0,pass,B,0.15567645085321088,86.4,1,-2.5132e-05,,0
8ff6d512-1dcc-47d7-9a9c-2510a170754d,EGpptmFYH36UzKEEXTUsXtRT9s65toS6Pxr6t2otpump,Mario64,B,0.05,2.795e-08,2026-08-11T15:30:07.555415+00:00,2026-08-11T15:31:43.754771+00:00,early_exit_no_green,5.382979691569011,2105.03,1468.48,14,15,29.0,0.9333333333333333,,2105.03,-0.19,-17.37,,100.0,pass,B,0.6976052597825209,62.1,1,0.0,,0
852ae8c9-2a9b-4c67-9bcd-2d7adfe5cd3f,64RVPoNG5uFCnYDkoDadQtZ79peiTPVe7foyXjcgRtm6,MARIO64,B,0.05,4.163e-07,2026-08-11T15:33:27.240002+00:00,2026-08-11T15:38:13.607634+00:00,take_profit,1.0466097696940104,34528.23,665.25,9,0,9.0,9.0,,34528.23,22.19,22.19,,99.37036570789061,pass,B,0.019266843391624766,60.3,0,0.05,,1
7a3b33dc-22fc-4fe7-aca9-c8d07dd327a2,HfXbbob7VXNXFF3DL6CLKKLgAPg4rZwCiog8yC8D63aH,cheese,B,0.05,4.718e-07,2026-08-11T15:34:20.054255+00:00,2026-08-11T15:37:13.713154+00:00,take_profit,0.9249548177083333,34002.78,1067.34,41,39,80.0,1.0512820512820513,,34002.78,20.35,20.35,,98.5234253967196,pass,B,0.03138978636452666,58.1,0,0.05,,1
9b7d4533-bbfe-4bb7-8349-1e1ae836e929,C68HmMtJ6FrRvhoQY2St4kP1CCavApthduH2qRk7fayg,BTC,B,0.05,3.019e-08,2026-08-11T15:38:18.688894+00:00,2026-08-11T15:40:13.623691+00:00,early_exit_no_green,21.7532991007487,2261.67,1100.43,12,8,20.0,1.5,,2261.67,-18.63,6.95,,100.0,pass,B,0.4865563941689106,68.0,0,0.0,,0
be1727d1-d453-41a5-9ee0-878b7c3a1a89,9XVLYW4CM5Tt3nd5bC4f4Vm1F1wYFppZ1EqLfKV5jGyG,ORANGE,B,0.05,4.986e-07,2026-08-11T15:40:19.000937+00:00,2026-08-11T15:41:28.699212+00:00,take_profit,1.6381538045247397,36338.82,2882.42,117,166,283.0,0.7048192771084337,,36338.82,29.34,29.34,,99.0924727436793,pass,B,0.07932068239970368,67.7,0,0.05,,1
06292f5a-c6ab-419b-8008-e090ffc11db9,C5cwCggDcXgd4Qqmc9bjeYHkDXTsNTkqSjmZ3tD4hV4R,cheese,B,0.05,1.892e-07,2026-08-11T15:43:19.938996+00:00,2026-08-11T15:53:28.760985+00:00,time_stop,16.73909394124349,14128.0,417965.97,6053,3677,9730.0,1.6461789502311668,20068.04,14128.0,29.24,112.0,,82.99956795743854,pass,B,29.584227774631934,92.9,0,0.00332981,,1
b63440b0-ca49-442c-9e4d-53ff70be5d68,8Tb4Qc5WteJrxXYr7eLGXgdTcyfyKiXMPx6B6HcfCHAp,ORANGE,B,0.05,4.275e-07,2026-08-11T15:44:20.423823+00:00,2026-08-11T15:46:58.751030+00:00,take_profit,0.9382611002604166,34262.76,660.11,9,0,9.0,9.0,,34262.76,22.19,22.19,,98.77721494193021,pass,B,0.019266106991964453,64.8,0,0.05,,1
72f572d3-867d-428b-8e3b-f7ff9a262ccd,9efG3N9iVGmBvV85gcisTaX5PHNZmcFTEmFtz5RFbGP3,Mario64,B,0.05,2.665e-07,2026-08-11T15:44:40.649187+00:00,2026-08-11T15:51:59.008687+00:00,hard_stop,1.088256941731771,14061.06,609.61,7,1,8.0,7.0,,14061.06,119.0,119.0,,99.4137408910741,pass,B,0.043354483943600274,73.8,0,-0.015,,0
89f828eb-5391-4a5d-96b0-898a23c7935c,CnqWFXivpGm4ErLy3YJ1CcubLa7p8CxvYc4FqKw4mGKR,chance,B,0.05,4.622e-07,2026-08-11T15:53:19.898290+00:00,2026-08-11T15:53:58.709198+00:00,hard_stop,1.8732886515299478,38256.0,3186.46,226,215,441.0,1.0511627906976744,1657.9,38256.0,2.25,2.25,,95.0945659639686,pass,B,0.08329307820995399,75.6,0,-0.015,,0
e75700fb-a4f2-457d-a206-882e2972ae16,EtzfQcV6kWceWAmJnFda6fr7FBwePmRh3TrtqEGY5McY,chance,B,0.05,4.931e-07,2026-08-11T15:55:22.551110+00:00,2026-08-11T15:56:53.723586+00:00,early_exit_no_green,1.3907331583658855,35546.58,1288.02,44,32,76.0,1.375,,35546.58,270.0,270.0,,94.9416102334542,pass,B,0.036234709499479274,68.1,0,-0.003701075,,0
e92dc145-64ad-4952-9b60-e6dcdf8b6b23,9Ct3YL3WycKfg8Zo1aXaeyLuxGqxtikp9k5SrCpUpump,1%,B,0.05,1.425e-08,2026-08-11T15:56:20.778562+00:00,2026-08-11T15:56:48.849937+00:00,hard_stop,1.2727649780273438,6071.46,1136.24,47,30,77.0,1.5666666666666667,,6071.46,186.0,186.0,,100.0,pass,B,0.18714444301700087,79.7,1,-0.015,,0
3fa4868c-0811-4784-a367-bd1aab71b033,E8bfb6zwkPJ3FuoBenD7YvA2B6ugkJgJfrGZwVmTrSm7,cheese,B,0.05,2.863e-08,2026-08-11T15:57:19.063171+00:00,2026-08-11T15:58:54.126054+00:00,early_exit_no_green,1.7365439453125,2094.96,2263.6,24,28,52.0,0.8571428571428571,,2094.96,-0.43,-0.43,,100.0,pass,B,1.0804979570015656,68.9,0,0.0,,0
bf6ae335-cc7d-4de2-bc36-b0b0ef855292,3zzZHwVuibLrHqDTDyyx3B3ChYfCxLS3LxKFKk51pump,CHEESE,B,0.05,4.314e-08,2026-08-11T15:59:54.103319+00:00,2026-08-11T16:00:54.193024+00:00,hard_stop,2.4780629028320313,2601.07,790.57,8,2,10.0,4.0,,2601.07,2.75,2.75,,100.0,pass,B,0.30394030149130935,79.9,1,-0.005,,0
7076d2b7-d7b7-484f-90cd-d397744af5ad,3Eja7bwoYynpwSu1AjVrjRAZWGa1DM7vv5dGPBoexVC7,PSTONK,B,0.05,6.351e-07,2026-08-11T16:01:53.702912+00:00,2026-08-11T16:02:24.153380+00:00,take_profit,1.3910693806966146,46372.0,20736.02,122,63,185.0,1.9365079365079365,9764.76,46372.0,826.0,826.0,,99.997599534571,pass,B,0.44716682480807385,98.7,0,0.04,,1
25c67833-afe0-41ee-a55c-1125a7f304c6,8T5xu3oFxBvxvs4c12N9bAiGFrtohefsyb4VcWAzMcW2,MARIO64,B,0.05,2.332e-07,2026-08-11T16:11:53.108030+00:00,2026-08-11T16:12:24.119708+00:00,hard_stop,1.7787027140299478,16757.06,757.8,42,6,48.0,7.0,,16757.06,160.0,160.0,,99.99999999999999,pass,B,0.045222730001563516,84.4,0,-0.005,,0
fe6e5c6c-216d-4e33-b205-fa2d506ee06d,DxBXSWvUdyo1rwPDPz2gyatRe36b2wwpq2dqHxFhpump,688836,B,0.05,7.463e-08,2026-08-11T16:12:12.663101+00:00,2026-08-11T16:12:24.244619+00:00,hard_stop,1.6787683349609375,6345.84,6661.48,122,63,185.0,1.9365079365079365,,6345.84,169.0,169.0,,96.0330353416125,pass,B,1.0497396719740806,98.7,1,-0.005,,0
ad9e11d9-b63e-4522-b5f1-1183797a1a05,Dc9StUvJsTaY7RP8JUf1U8F6HBsa4XHY8BgGHytzsYRG,ZEUS,B,0.05,4.761e-07,2026-08-11T16:12:52.829184+00:00,2026-08-11T16:15:54.155300+00:00,hard_stop,1.3109102864583333,35681.5,643.62,15,3,18.0,5.0,,35681.5,11.24,11.24,,99.9993762263596,pass,B,0.01803791880946709,66.3,0,-0.005,,0
fe331558-25d4-4a8e-ab4d-8dcfe819cd16,9h2fzedFJ2AwfH37WPyCw2SJkHL4TqEe4ip2U1zBk3oW,MARIO64,B,0.05,2.373e-07,2026-08-11T16:13:12.899330+00:00,2026-08-11T16:15:54.333515+00:00,take_profit,0.8771896891276042,15568.72,718.01,29,6,35.0,4.833333333333333,,15568.72,141.0,141.0,,99.41294572347479,pass,B,0.04611875606986316,84.8,0,0.04,,1
69601775-9683-4759-87af-9909b2682537,GU9DmD6zEs1v4sNpK9apLvnrMUnSxucexbDeJjf79MBJ,chance,B,0.05,1.163e-07,2026-08-11T16:13:54.004548+00:00,2026-08-11T16:15:24.436690+00:00,trailing_stop,17.079890568033854,8723.0,73708.69,373,411,784.0,0.9075425790754258,15356.32,8723.0,7.1,32.13,,99.0189240340516,pass,B,8.449924337957125,78.2,0,-0.002106621,,0
58727864-3a08-48f7-a978-b37427193f4d,5rch8EUTRFusErpDJBqc9VWfGo2UawDTipBFUfuwfVN,Lucifer,B,0.05,4.702e-07,2026-08-11T16:14:54.429379+00:00,2026-08-11T16:17:24.133471+00:00,trailing_stop,1.3832009684244793,34039.63,1289.8,48,41,89.0,1.170731707317073,,34039.63,253.0,253.0,,95.13103521797211,pass,B,0.037891128663854454,65.0,0,-0.000818801,,0
41bfe30c-86ce-4cae-9c53-6dd2a3c2123b,2Px8jCXBbLYZSLehRzbPWvcTQEfWrv5KFNsdBvK9pump,CHANCE,B,0.05,1.28e-07,2026-08-11T16:15:15.651658+00:00,2026-08-11T16:16:54.243239+00:00,hard_stop,0.7300649088541666,6774.2,1794.32,7,0,7.0,7.0,,6774.2,17.58,17.58,,99.6263585639666,pass,B,0.264875557261374,84.1,1,-0.005,,0
9c3563cb-325d-4513-8623-f6881aa2b87c,D6Y5fPkJLA3fqpYu2HxbEJyfwAAPkzQdkTLDgKADpump,PLUMBER,B,0.05,1.058e-07,2026-08-11T16:21:53.923023+00:00,2026-08-11T16:23:54.200954+00:00,hard_stop,1.5277647094726563,7944.9,3072.86,112,30,142.0,3.7333333333333334,,7944.9,250.0,250.0,,80.601299770022,pass,B,0.3867713879343982,94.2,1,-0.005,,0
9feac1f2-b69f-4158-9252-fef5fb499ceb,24Sr8LCCVTdQXUrxM68QJzv2jWuP6y15D8M6J2ANpump,chance,B,0.05,4.231e-08,2026-08-11T16:22:54.701948+00:00,2026-08-11T16:24:54.198106+00:00,early_exit_no_green,2.046880314127604,3175.8,1106.0,35,36,71.0,0.9722222222222222,,3175.8,48.87,48.87,,100.0,pass,B,0.34825870646766166,67.8,1,0.0,,0
c9097d08-c51d-41a5-a011-536284c18d01,85DMawjaKKCN3rhNGVCyM7kbMcDPfirjoT4NvXodkpRN,LOBO,B,0.05,1.21e-07,2026-08-11T16:24:53.623791+00:00,2026-08-11T16:25:24.208713+00:00,hard_stop,1.5629242797851564,8525.0,3404.54,36,17,53.0,2.1176470588235294,15926.25,8525.0,14.4,14.4,,99.9792145608795,pass,B,0.3993595307917889,95.2,0,-0.005,,0
3d72a9a3-94d8-4c20-af06-06a1cd94ba05,24SrDmi4cGbwVZzCEnJdBynWF4wh5GApJHPTqQFupump,chance,B,0.05,7.026e-08,2026-08-11T16:25:54.619410+00:00,2026-08-11T16:26:24.215668+00:00,hard_stop,3.650030700683594,5274.37,725.33,62,49,111.0,1.2653061224489797,,5274.37,150.0,150.0,,100.0,pass,B,0.1375197416942687,72.5,1,-0.005,,0
0492f824-71f4-44bd-88ab-1906a578eb17,3XP1NFvxckZm9dbNr1Uk9EhsP4TUpDUHTuFBE7TMpump,LUCIFER,B,0.05,3.879e-08,2026-08-11T16:27:53.226734+00:00,2026-08-11T16:28:24.249297+00:00,hard_stop,2.162811702473958,2943.61,4884.89,51,44,95.0,1.1590909090909092,,2943.61,15.94,15.94,,100.0,pass,B,1.6594895383559642,82.8,1,-0.005,,0
b78ebe30-7f98-4db5-901e-cfadcdcd241e,6HRA3SdP3cBRfEUHYtTGQrGHrYQw1mYzZB1yx1nupump,1%,B,0.05,2.935e-08,2026-08-11T16:32:53.812743+00:00,2026-08-11T16:34:24.351561+00:00,early_exit_no_green,2.264946032714844,2236.95,2478.96,8,6,14.0,1.3333333333333333,,2236.95,-25.6,-25.6,,100.0,pass,B,1.1081874874270772,74.6,1,-0.002385009,,0
2ef49969-4bf1-446d-ae73-6e6ee6405044,2La8gnLqh8UtbJw2Q8ANuZwPudxChz13X4nYcEP1MtAg,BMW,B,0.05,2.079e-07,2026-08-11T16:33:53.726989+00:00,2026-08-11T16:34:24.499230+00:00,hard_stop,1.361311112467448,41460.0,4648.2,132,164,296.0,0.8048780487804879,1165.15,41460.0,-49.74,-49.74,,99.1022721637661,pass,B,0.11211287988422576,75.0,0,-0.005,,0
b77b16d8-faf5-4e4b-8925-5e9b6cf25517,GupEojxz9C81nr4ra6yFuHW9qeXQihKZFzqGE1Hv4pgQ,BMW,B,0.05,6.55e-07,2026-08-11T16:34:53.149460+00:00,2026-08-11T16:36:24.293059+00:00,trailing_stop,0.531721044921875,49060.0,4497.77,13,1,14.0,13.0,10004.78,49060.0,879.0,879.0,,100.0,pass,B,0.09167896453322463,98.5,0,0.00719084,,1
cc453096-0481-43fe-b5f5-72e9122ab95e,Cwx2xPCg1DNZzpe9DsZuNrKsDKFdpayv6adoqHEfALxa,BMW,B,0.05,3.135e-07,2026-08-11T16:36:53.635609+00:00,2026-08-11T16:38:24.351071+00:00,trailing_stop,1.729109724934896,23908.0,5816.3,51,32,83.0,1.59375,46370.17,23908.0,6.11,6.11,,99.9846234177589,pass,B,0.24327840053538566,91.9,0,-0.000574163,,0
f1eac24e-b417-4999-890d-9213829c6ccb,4Vk54G2dfNCttbbd8QSwfdsDrDXgAkE4Kt2zFTWKpump,1%,B,0.05,2.849e-08,2026-08-11T16:39:53.993948+00:00,2026-08-11T16:41:24.313840+00:00,early_exit_no_green,9.362712361653646,2134.53,7370.29,70,119,189.0,0.5882352941176471,,2134.53,-3.74,-15.86,,100.0,pass,B,3.4528865839318255,71.8,1,0.0,,0
c14409a0-aa15-43d1-a0c9-3097d7729d44,3HML3VsdTexaFpD2TRFKvabaXGjpu1FUPbhoNmnocY9r,jef,B,0.05,2.408e-07,2026-08-11T16:43:54.219849+00:00,2026-08-11T16:45:24.344633+00:00,early_exit_no_green,1.3788464436848957,14790.0,30797.9,113,78,191.0,1.4487179487179487,19501.96,14790.0,131.0,131.0,,99.99034663912525,pass,B,2.082346179851251,89.0,0,-0.00105897,,0
674b86cf-c19a-4710-be4e-75debc502343,3zSMhLiFUQwZULYvDw5jrJU4jDt1iLc3gH5BQv3YE3WB,MARIO64,B,0.05,4.705e-07,2026-08-11T16:44:54.197469+00:00,2026-08-11T16:46:24.367156+00:00,hard_stop,2.4319091186523436,35260.0,73748.0,1405,309,1714.0,4.546925566343042,13113.8,35260.0,447.0,447.0,,99.63835200414385,pass,B,2.0915484968803177,100.0,0,-0.005,,0
19cd5c41-32e3-43e6-b0ed-d9511cac0b09,Ca5DSoqSn9dgynESTtKfDe9EAnvHseAocYtjYsxWj7Hf,jef,B,0.05,1.505e-07,2026-08-11T16:46:54.475051+00:00,2026-08-11T16:49:24.350705+00:00,take_profit,1.4307723185221355,11573.0,55431.71,186,135,321.0,1.3777777777777778,17307.24,11573.0,81.14,81.14,,99.99816925914813,pass,B,4.789744232264754,87.6,0,0.04,,1
7cb9a2f4-c612-46ae-bc8d-efa28b15df91,6t6zUd5KA5rmoJA2xJvGtuTCTyoDNaQojag5n9encGLk,jef,B,0.05,1.235e-07,2026-08-11T16:48:53.556508+00:00,2026-08-11T16:50:24.376278+00:00,trailing_stop,1.8121285278320312,9104.0,20578.53,129,97,226.0,1.3298969072164948,15284.29,9104.0,40.32,40.32,,99.57292007100328,pass,B,2.26038334797891,86.6,0,-0.002186235,,0
0f9c7a2d-c1f0-48f8-8202-2f6c86957b4e,6dY614LZ1XJA3CBzfBzJfVT61op5oceum49Cu8Aqa6kr,jef,B,0.05,5.862e-07,2026-08-11T16:49:53.570795+00:00,2026-08-11T16:59:54.435296+00:00,time_stop,1.261579150390625,40917.0,53707.89,178,84,262.0,2.119047619047619,15430.86,40917.0,396.0,396.0,,96.33544323136115,pass,B,1.312605762885842,100.0,0,0.023413511,,1
c51c9269-f14e-4eea-9802-b9ed41fdde30,DL5qY7V5gNULVA75cqy9R3VGWkrZg3RdR4DiVHg4pump,BOT,B,0.05,2.935e-08,2026-08-11T17:20:18.960741+00:00,2026-08-11T17:22:09.383623+00:00,early_exit_no_green,1.2325225016276042,3783.31,1114.31,5,2,7.0,2.5,,3783.31,49.19,49.19,,100.0,pass,B,0.2945330940367033,78.6,1,0.0,,0
e3d3d939-9a1f-43d8-9465-247e9ce35868,9LvKGDsKHCCN8L9hiBcY5LbYm1pgLrUDRHr6SSMoFMm4,BOT,B,0.05,6.555e-07,2026-08-11T17:21:19.014108+00:00,2026-08-11T17:24:09.443742+00:00,trailing_stop,1.5822857462565103,49981.22,676.59,13,6,19.0,2.1666666666666665,,49981.22,603.0,603.0,,99.20504938033599,pass,B,0.013536884453800848,64.4,0,0.011731503,,1
9769a0b6-276d-45e7-bb90-a6ddfe99f37c,AeW5sYKCDtpSJaAoNzbFL1XZFsTJJHyLapArdJ6Y1MjU,BOT,B,0.05,1.703e-07,2026-08-11T17:23:18.721050+00:00,2026-08-11T17:24:09.570395+00:00,trailing_stop,1.098553214518229,12919.62,665.15,32,2,34.0,16.0,,12919.62,72.22,72.22,,99.99536350707041,pass,B,0.05148371236924924,87.0,0,0.000381679,,1
f6f4e8c3-ae02-4870-9a93-17ba4b9feda9,8KaSmVGiB8swDQXsohzBuTELEakYdoUmWFZccW2vgiqD,BOT,B,0.05,4.664e-07,2026-08-11T17:24:19.078050+00:00,2026-08-11T17:27:09.402275+00:00,trailing_stop,1.2970576049804687,33901.22,665.05,16,5,21.0,3.2,,33901.22,22.5,22.5,,99.07212549136081,pass,B,0.019617288109395472,68.8,0,0.008769297,,1
d1fb1ead-ae63-45bb-88b1-d687e315c036,CuXfBiwisKmjA2pRfVVAq6FxjFakDM4C4qLBgAzVpump,BTC,B,0.05,2.795e-08,2026-08-11T17:24:19.771413+00:00,2026-08-11T17:26:09.504778+00:00,early_exit_no_green,1.730796407063802,2097.48,820.84,4,4,8.0,1.0,,2097.48,-10.85,-10.85,,100.0,pass,B,0.39134580544272174,58.5,1,0.0,,0
61058912-69d2-4dd7-b3f3-5a79de691233,E9RPWZ4zsDpw3TSji5axszmRyP7qKUhFv1r5BDKBpump,Bot,B,0.05,3.062e-08,2026-08-11T17:26:18.713234+00:00,2026-08-11T17:27:49.460406+00:00,early_exit_no_green,1.064718973795573,2419.74,935.96,5,2,7.0,2.5,,2419.74,-15.29,-15.29,,100.0,pass,B,0.386801887806128,78.1,1,-0.004359895,,0
a7b0e1e1-b675-4314-91d0-2557bea15cf8,JAwsafjwCZUXYor4aL8UD4X7G6XgJFMhbHdBN3S71ky,BOT,B,0.05,4.576e-08,2026-08-11T17:27:18.678401+00:00,2026-08-11T17:28:49.443993+00:00,hard_stop,0.762633154296875,3434.73,2131.55,12,3,15.0,4.0,,3434.73,27.81,27.81,,99.92504487995839,pass,B,0.6205873532999683,91.4,0,-0.005,,0
10e9976d-2138-421d-a9ec-37f5609710fc,8QTwjM7g9E11BdXWd3T7jjn3c6AhrGJfoCSSParppump,BOT,B,0.05,2.81e-08,2026-08-11T17:29:18.921652+00:00,2026-08-11T17:30:49.474768+00:00,early_exit_no_green,1.0834985514322917,2108.76,1316.59,9,8,17.0,1.125,,2108.76,-11.5,-11.5,,100.0,pass,B,0.6243432159183595,69.2,1,-0.000266904,,0
7ad57c9e-8a22-4040-8844-413fab338dfe,DcVBYZuCN4aMg1YrJnethrtPCLXWbWw5WBmjRdjogeiK,BOT,B,0.05,5.381e-08,2026-08-11T17:35:19.280318+00:00,2026-08-11T17:35:49.590941+00:00,take_profit,1.3358553344726563,4040.17,1429.37,17,6,23.0,2.8333333333333335,,4040.17,92.36,92.36,,85.8202879696227,pass,B,0.3537895682607415,89.3,0,0.04,,1
23961b8c-c0fd-4bff-9955-4bde79668d6f,EjXUCPZm2rR1FKwG7hVVS5MM9882aD8YFTvVZq7BMPnN,Lucifer,B,0.05,5.234e-07,2026-08-11T17:35:19.937098+00:00,2026-08-11T17:36:49.536807+00:00,hard_stop,0.471952392578125,39277.0,5552.95,11,0,11.0,11.0,13374.65,39277.0,487.0,487.0,,100.0,pass,B,0.14137917865417418,98.8,0,-0.005,,0
d440ec83-a75e-4f31-a4ae-e13244f25d78,5Ai8935JEBovNL1fd3YmKaTycok77jVU7vC7b7Q1diCh,Dealer,B,0.05,4.474e-07,2026-08-11T17:38:19.732886+00:00,2026-08-11T17:41:19.555700+00:00,hard_stop,1.0666977783203124,36344.19,1303.46,41,30,71.0,1.3666666666666667,,36344.19,31.25,31.25,,99.0723800788654,pass,B,0.03586432934672639,67.8,0,-0.005,,0
17ffde48-a676-413b-b405-b9ba3407b51b,4JVRUWhuudPBfUypYuLhq4sHLSMW2m6HuAG6r4rkXbot,BOT,B,0.05,3.646e-08,2026-08-11T17:40:19.481591+00:00,2026-08-11T17:42:19.559869+00:00,trailing_stop,1.0521500244140625,3395.48,613.02,16,0,16.0,16.0,,3395.48,51.53,51.53,,100.0,pass,B,0.18054001201597417,83.8,0,0.01360395,,1
8309d6ab-9592-4ec8-885f-fdccdc0a3c40,4iVvENUBkzSQJsogRhLPgHy1cgMXSQvyeyMUW1gn4FVZ,BOT,B,0.05,7.109e-08,2026-08-11T17:41:18.908144+00:00,2026-08-11T17:42:19.703688+00:00,take_profit,1.7025059895833334,5980.21,3108.4,124,23,147.0,5.391304347826087,,5980.21,184.0,184.0,,96.90059229651,pass,B,0.5197810779220128,94.3,0,0.04,,1
d971fae7-f7ec-4676-9ee8-c37d92cedf14,8oSBpNMcx7ieVGR5yzD847uUCykNoUV9wa8UbaL3pump,BOT,B,0.05,3.187e-08,2026-08-11T17:42:18.705770+00:00,2026-08-11T17:46:18.466498+00:00,hard_stop,0.815058866373698,3536.28,1074.24,13,2,15.0,6.5,,3536.28,48.35,48.35,,100.0,pass,B,0.30377685024941464,88.2,1,-0.005,,0
