day,position_id,mint,opened_at,live_entry_price_sol,live_close_price_sol,live_pnl_sol,live_close_reason,live_win,bt_gate_pass,entry_decision_agree,entry_price_gap_pct_close,entry_price_direction,sim_exit_reason,sim_win,exit_outcome_agree,bt_gate_failed
2026-08-20,04aac75d-c930-46b4-a163-518bdf1f3a2e,3b4crVnMs9zTMK8JeAHLfPKkvoCmFHmTMK3fQ4U2pump,2026-08-20T01:00:19.082748+00:00,1.16e-07,1.0672e-07,-0.004,hard_stop,0,1,1,9.88,live_higher,hard_stop,0,1,
2026-08-20,350d1436-321e-430d-87f2-468e858cfb4b,7jjuXUNLssrY7u6xsvLLXUjfg9GjJu4ZEeZt6WAJDgiq,2026-08-20T01:00:20.300555+00:00,2.866e-07,2.63672e-07,-0.004,hard_stop,0,1,1,278.89,live_higher,hard_stop,0,1,
2026-08-20,c17c1ca9-74d7-494e-8ebb-7d25ae99404c,HoRVTf5pg6Um6hEtyADbPAw5zfjX2jRJFS12Kgx7pump,2026-08-20T01:00:21.037317+00:00,1.834e-07,3.18e-07,0.036695747,trailing_stop,1,1,1,-36.47,live_lower,trailing_stop,1,1,
2026-08-20,cbabbfc5-9b60-4744-b5e7-4822db891a82,FoXAE2ZsSwKr2T5G4yDXJm5FxsCUqhJEesraSfuSpump,2026-08-20T08:00:13.476335+00:00,2.668e-07,2.4545599999999997e-07,-0.004,hard_stop,0,1,1,-3.91,live_lower,trailing_stop,1,0,
2026-08-20,f0395917-5adb-4265-90b6-8796bbd803cf,3mjLDG8ye6HFEBtUPCP3kapfzBCPnwo3geTTsou6pump,2026-08-20T08:00:12.349441+00:00,5.32e-08,4.8944000000000005e-08,-0.004,hard_stop,0,1,1,-17.84,live_lower,hard_stop,0,1,
2026-08-20,7b4a459c-5eae-4a9a-a1d5-32dd0284306f,F7JKz1sS6bNkA5a6hxA4Xhh1hkWUhzpTKTNYS6vqpump,2026-08-20T08:00:50.988306+00:00,7.433e-08,8.065e-08,0.004251312,trailing_stop,1,1,1,-11.67,live_lower,trailing_stop,1,1,
2026-08-20,d05b0f26-da53-4d37-a81c-b882be89a2c0,83hUQVTauyx1zVgBBpmn3oCj2HY3MPVkNi9T59fMpump,2026-08-20T08:00:20.938652+00:00,6.594e-08,7.734e-08,0.008644222,trailing_stop,1,1,1,-11.05,live_lower,trailing_stop,1,1,
2026-08-20,3ecf62ed-50f6-4839-8505-34714861e5df,29H8TSAj5fUj6CKVogaZdYjZx5jbQ1nKAVzwQ49dpump,2026-08-20T08:22:46.269769+00:00,3.792e-08,3.48864e-08,-0.004,hard_stop,0,,,,,,,,
2026-08-20,807d9410-c7ce-400c-a3a8-6698c0f1ea24,3dddizKxPSgRiSKmk9Laca3m3oZsoiuypkbiwxZakbaV,2026-08-20T08:22:52.272494+00:00,2.795e-08,2.795e-08,0.0,early_exit_no_green,0,0,0,-0.03,live_lower,no_exit_within_window,0,,mcap;pool
2026-08-20,25ca41d1-3869-49a1-8bcf-a67222596772,FbyxvTHi4QKH13SdioS26cXvGjB1avzWSgs6KvGkpump,2026-08-20T08:22:51.655218+00:00,4.286e-08,8.534e-08,0.049556696,trailing_stop,1,1,1,-42.64,live_lower,take_profit,1,1,
2026-08-20,f7ecb89f-d7ff-4757-9f44-c0f271c4263b,FSpXTNJ9N7ATWaui2wC4h1kFw9hPgBUFm3662heVpump,2026-08-20T08:22:49.997142+00:00,6.006e-08,5.52552e-08,-0.004,hard_stop,0,1,1,-9.1,live_lower,trailing_stop,1,0,
2026-08-20,aa7cc8bc-4c11-479f-b292-808a8d0367ec,FDu95P6RCVvTnoRnow6VzfRSRvGVYhd1px5K1VGwffNH,2026-08-20T08:22:45.656453+00:00,2.111e-07,2.864e-07,0.017835149,trailing_stop,1,0,0,-2.86,live_lower,trailing_stop,1,1,volume
2026-08-20,80c1b6b3-0485-4d15-81cd-8551e1da5574,HSEfViAxZQViQoeVbKvkmcQ97aPMWS57mPgDBiNUpump,2026-08-20T08:26:11.034135+00:00,3.301e-07,3.127e-07,-0.002635565,trailing_stop,0,1,1,-2.86,live_lower,hard_stop,0,1,
2026-08-20,0a8af9eb-ed25-4b95-95a2-3db3bc0bb348,5Z7kKpwChMkWDKrfisL3o2HTkqgNJgFavLya1uGqpump,2026-08-20T08:31:50.125853+00:00,1.26e-07,1.1592e-07,-0.004,hard_stop,0,1,1,8.01,live_higher,hard_stop,0,1,
2026-08-20,4cd44bde-6a89-4254-b972-b92baf17a42f,3xCLt7rys6JNag8MJRBwa61PeoyZ8G7WZc8RoeHRpump,2026-08-20T11:49:33.711249+00:00,6.914733797176676e-08,6.361555093402543e-08,-0.004,hard_stop,0,0,0,126.97,live_higher,hard_stop,0,1,pool
2026-08-20,4feeb76e-c153-4b45-9778-c4a53f29296a,DMys2prw4LYSVLHU5Bsh2HR9MTdDxM32vS5G1bqoDzKa,2026-08-20T11:49:35.665902+00:00,3.4932996517633786e-07,3.2138356796223086e-07,-0.004,hard_stop,0,1,1,2.36,live_higher,hard_stop,0,1,
2026-08-20,88a4c1c2-9843-4162-b521-e887ba863877,FNeUsSmk6YDyKezeB9uhcZADRsdpH1oK2NHwZZFwpump,2026-08-20T11:49:40.897263+00:00,4.4473875817499934e-08,4.091596575209994e-08,-0.004,hard_stop,0,0,0,-0.4,live_lower,hard_stop,0,1,mcap
2026-08-20,43bedebc-9d43-45ff-b887-57e34b573aee,GcnnvYiJgp3ejKeydWUsXusXRYRy7XoYz1Lth5hspump,2026-08-20T11:50:05.819601+00:00,5.210225321317079e-08,4.7934072956117127e-08,-0.004,hard_stop,0,0,0,-9.8,live_lower,no_exit_within_window,0,,mcap
2026-08-20,9101bdae-78aa-45f7-b62e-4be5c1087a5e,D9ApaVZyKo2B54x3tvJ7hxAhPuej7zcpUdcf9w9Dpump,2026-08-20T11:50:59.424960+00:00,9.162941997360883e-08,8.429906637572013e-08,-0.004,hard_stop,0,1,1,49.45,live_higher,hard_stop,0,1,
2026-08-20,0bd827b0-8844-4aa6-88c1-5e88973dc05d,6rV8tJARiAEk1wCvXdKiBALv3gde41n4CV3B8oSppump,2026-08-20T11:51:00.264496+00:00,8.751130055233343e-08,8.051039650814676e-08,-0.004,hard_stop,0,1,1,-24.69,live_lower,no_exit_within_window,0,,
2026-08-20,0e5db3bf-8159-4e27-a68d-87b989a2433e,71HXN1NuyLUJSP1PACBcmXqZdb6gB5hDWSAyGkgFaRw9,2026-08-20T11:51:10.128315+00:00,5.197114686744462e-08,4.781345511804905e-08,-0.004,hard_stop,0,0,0,4.13,live_higher,hard_stop,0,1,mcap
2026-08-20,a8f0b9fb-9608-4a93-ab2c-589caadfc8db,37dCdXQAkhbvyswBs6a3h7Hm5oJT9t84QEdU4p9jtbY2,2026-08-20T11:52:15.404029+00:00,3.5424393023314783e-08,3.25904415814496e-08,-0.004,hard_stop,0,0,0,11.53,live_higher,hard_stop,0,1,mcap;pool
2026-08-20,47080779-1fc0-4832-86cc-9d3d4f181fab,6xKvWmiqhnsk2s9GBZsdeT8LXEu8DZxPqgsyRSypump,2026-08-20T11:49:38.710483+00:00,2.913599417729445e-08,2.804773731206406e-08,-0.001867547,trailing_stop,0,0,0,0.16,live_higher,trailing_stop,1,0,mcap;pool
2026-08-20,364726b8-4eb2-4845-b69e-a82bad368ee4,AQTF2q3iCkWznmo3HeuzYEbvVYQx46rDzHsLzAtzhSGb,2026-08-20T11:52:14.462764+00:00,5.108793217460841e-08,4.700089760063974e-08,-0.004,hard_stop,0,1,1,-56.9,live_lower,hard_stop,0,1,
2026-08-20,419fd26d-05f8-4282-8f77-eb39f09d2321,DocLhATC6Z3LRqG6UFGinN1myQknNfgABzQ8bsW5pump,2026-08-20T11:52:16.815296+00:00,5.765551214949659e-08,5.304307117753687e-08,-0.004,hard_stop,0,0,0,0.37,live_higher,no_exit_within_window,0,,mcap;volume
2026-08-20,ffa496f1-c51b-4218-a223-03da5aa89837,E4WWykG6wJBUbwyoe2iZ6LjmsNQtdUeb7pyZYy5mqVzT,2026-08-20T11:52:45.873871+00:00,1.4731269660552964e-07,1.3552768087708726e-07,-0.004,hard_stop,0,1,1,13.57,live_higher,hard_stop,0,1,
2026-08-20,58f366e1-2bb6-4083-83ef-387f1dac2968,4aQeLpmMhcuiRzXWiZxuddatDRmyBGXsHdk5DgwP831A,2026-08-20T11:53:32.522232+00:00,1.4476049980852907e-07,1.3317965982384676e-07,-0.004,hard_stop,0,0,0,0.32,live_higher,hard_stop,0,1,age;buy_sell
2026-08-20,6fabe503-be7d-4a91-a80f-af4358b1fe9d,A1nXV8mPDDBS73U7gjLpBXrL6GeWgtHHpMBVPcXCBB1Z,2026-08-20T11:54:00.670887+00:00,3.386929542369615e-07,3.7214382871451174e-07,0.00493823,trailing_stop,1,0,0,0.03,live_higher,hard_stop,0,0,buy_sell
2026-08-20,cf5136b3-71ba-48b6-9cc3-bdc80297268a,HYMruc7DUF36ZnKTGciWZCYUJ6vrcvj513vKuwmVpump,2026-08-20T11:55:02.129532+00:00,1.0767410673255831e-07,9.906017819395366e-08,-0.004,hard_stop,0,1,1,-1.31,live_lower,hard_stop,0,1,
2026-08-20,9cb2ade6-6740-466d-a000-4976cdf9b3f6,EQaYBBs1rphEP3yTTz2wFzzgPtXQ6ftL85e858gupump,2026-08-20T11:55:15.646029+00:00,6.749075371454683e-08,6.209149341738308e-08,-0.004,hard_stop,0,1,1,14.26,live_higher,hard_stop,0,1,
2026-08-20,7e7aa094-ca62-4908-8a4d-1043a55d4814,FkXx4mYF8jhsqurwtYUW8tAkYwSBXNQopmoxRRgdpump,2026-08-20T11:55:22.037242+00:00,4.6515177215127195e-08,4.2793963037917024e-08,-0.004,hard_stop,0,0,0,30.15,live_higher,hard_stop,0,1,mcap
2026-08-20,0082dc4e-0346-4c45-bf3e-da7bd2d12298,5d3uTyVYh3Mjb4fej1ZUZ1Hji5iNqUw7bVuAb2HCpump,2026-08-20T11:55:41.513505+00:00,4.312582992198173e-08,3.96757635282232e-08,-0.004,hard_stop,0,0,0,46.16,live_higher,hard_stop,0,1,mcap;pool
2026-08-20,940f340a-3972-43e3-8986-0985c5ac5cc5,GZZaWHs22e4oAbkrcZT9USGUzSzdmHusc1dZcodUpump,2026-08-20T11:55:03.497392+00:00,1.512008318407077e-07,2.0549061413030117e-07,0.017952872,trailing_stop,1,1,1,-8.24,live_lower,trailing_stop,1,1,
2026-08-20,2b7fa125-7fa5-4a2c-a9a1-fae83c969eb5,BCwPmW2jMA7z3mqsVgsQg8Vt4NTv1XjVCneVYKaopump,2026-08-20T11:56:45.113568+00:00,8.224217905576841e-08,7.566280473130695e-08,-0.004,hard_stop,0,0,0,108.61,live_higher,hard_stop,0,1,mcap
2026-08-20,138cdff9-9607-46f3-84f1-f0f262a7372c,FvKYWWMj9UABK5TL8cRyX58SdmpSMtqVBBMxEGqXpump,2026-08-20T11:56:39.372549+00:00,1.1242850301338762e-07,2.8107125753346905e-07,0.075,take_profit,1,1,1,-22.35,live_lower,take_profit,1,1,
2026-08-20,dcbc6505-fe16-4bf8-acbd-c582ee7031ff,3ERJtFfULGTnso1oyD7y9YaoVjWuE6VD51rCsfmCRhMm,2026-08-20T11:57:08.182961+00:00,2.1555164105122314e-07,2.15605444007865e-07,1.248e-05,trailing_stop,1,1,1,16.7,live_higher,hard_stop,0,0,
2026-08-20,c2ffdb52-be01-4dbe-90c4-f13051da3231,3drggLegFGPCmjQB9sHQEPPdbKaM4bYFmP7eaWGFQync,2026-08-20T11:49:37.396502+00:00,2.7977642198890317e-08,2.799682348312998e-08,3.428e-05,time_stop,1,0,0,0.04,live_higher,no_exit_within_window,0,,mcap;pool
2026-08-20,a2bba1ba-0e3f-48e6-a9b8-d0de38995530,BTCqvLRFZaaTQUDjq1X3q3UCw1B9NCDGDSnHXDR1pump,2026-08-20T11:59:45.007519+00:00,4.1422663943340886e-08,3.810885082787362e-08,-0.004,hard_stop,0,0,0,35.61,live_higher,hard_stop,0,1,mcap;pool
2026-08-20,a3b14b1d-6c72-4508-b5c4-33d5c6c65f23,9smrDR7shAEpsfCXtTptmdHj3BvkYtsGpGjduSRhpump,2026-08-20T12:00:00.818753+00:00,4.7528761460566345e-08,4.372646054372104e-08,-0.004,hard_stop,0,0,0,59.33,live_higher,hard_stop,0,1,mcap;pool
2026-08-20,c5ed6c0a-feb4-4b62-b8f6-94023689df51,GVUXrCVVfmgZKqFAvBT754ZQkRukCAAEnpfFUopApump,2026-08-20T12:00:16.335185+00:00,9.041453439719884e-08,8.318137164542294e-08,-0.004,hard_stop,0,0,0,188.76,live_higher,hard_stop,0,1,mcap
2026-08-20,4bff070d-31ab-4909-af15-899bc994900b,D8AsWwmEBKEcesub2SPgqnzJCnW9RrPLbK1QwQ1vpump,2026-08-20T12:00:21.655642+00:00,5.082287178218933e-08,4.675704203961419e-08,-0.004,hard_stop,0,0,0,73.79,live_higher,hard_stop,0,1,mcap
2026-08-20,5becd44b-5af1-4273-b941-1d4978ed6170,Eo9yDF4NEo7Mo7j2NtoaReAYVggYYn8k4Ejv9VRLpump,2026-08-20T12:00:26.476469+00:00,4.274249680238126e-08,3.932309705819076e-08,-0.004,hard_stop,0,,,,,,,,
2026-08-20,45c25354-f740-46d4-b12d-cb4122875c45,AR6hAvhxkvUXdP8NTmqNmBnMhrpL3WHvoAJgGaU6pump,2026-08-20T12:00:27.662788+00:00,3.077769541781753e-08,3.208252158954586e-08,0.002119759,trailing_stop,1,0,0,-12.58,live_lower,no_exit_within_window,0,,mcap;pool
2026-08-20,b2da5bd3-d661-4f6d-a32a-80b67dc69e8c,Du37E6SMnvWiSxeSaxKATch6uCQyQiVLHtN8HDXYmrKW,2026-08-20T12:00:48.757607+00:00,7.73186820425522e-08,7.113318747914803e-08,-0.004,hard_stop,0,0,0,160.61,live_higher,hard_stop,0,1,mcap
2026-08-20,667e7b45-0c87-4f99-acb3-76e7c2e7f1b5,8Umk8yHuKeu5RrXXDaVySVDcQDYaaQn9F8S1cXSEpump,2026-08-20T12:01:14.767211+00:00,2.471020930869755e-08,2.2733392564001747e-08,-0.004,hard_stop,0,0,0,1222.38,live_higher,hard_stop,0,1,mcap;pool
2026-08-20,8535f9ff-db57-4714-9b54-884237e41bfb,2ArkHyu9oCn7zoz9F1Kr5Nw5NeVVvYXL27KANp86pump,2026-08-20T12:01:20.106208+00:00,5.062988940435509e-08,4.6579498252006684e-08,-0.004,hard_stop,0,0,0,-5.23,live_lower,hard_stop,0,1,mcap
2026-08-20,15992086-92ed-4a5c-a11d-4ce3255f12e2,7xU8kirHvdCYCwa5GJC2Yg4w6kWu7J1HfSC5UiHppump,2026-08-20T12:01:29.986568+00:00,6.470546852765069e-08,5.9529031045438636e-08,-0.004,hard_stop,0,0,0,81.78,live_higher,hard_stop,0,1,mcap
2026-08-20,3c83ab6f-4230-447a-85bc-6abd25d204a7,2UnzakfN8sRxMU7QnvxGYdjVQ5bTUTTzg7zepyvepump,2026-08-20T12:01:54.296740+00:00,4.2939707103273164e-08,3.950453053501131e-08,-0.004,hard_stop,0,0,0,17.01,live_higher,hard_stop,0,1,mcap
2026-08-20,6b20ff5b-e3ea-4306-bad7-755dd3df7d40,9UyMMu8qhi7E6MJN5QuUsm3KwVgZ7rBawSREyPkNpump,2026-08-20T12:01:55.796893+00:00,5.732513748067018e-08,5.2739126482216565e-08,-0.004,hard_stop,0,0,0,46.53,live_higher,hard_stop,0,1,mcap
2026-08-20,99c1fc42-d73e-4eda-8658-20c11e809131,FwLEhWpZQXdJLHvXfmUBEELCNR7VdAv8M3KQ6Ntipump,2026-08-20T12:00:37.397694+00:00,1.6393664202200474e-07,4.0984160505501185e-07,0.075,take_profit,1,1,1,41.84,live_higher,hard_stop,0,0,
2026-08-20,1471856d-1696-41db-bb65-21e0292e4b6e,AjjWhx4eoDf6kqH19RfjifreCCDjzW1y5zi6Ybqtpump,2026-08-20T12:01:48.290809+00:00,8.142396943871307e-08,7.491005188361604e-08,-0.004,hard_stop,0,1,1,17.09,live_higher,hard_stop,0,1,
2026-08-20,34c64173-a770-4250-8a65-11e8ae37222b,E77PTJr4qwG3Ji6L6JkTJeVY6XYj9SVDAscge5hAtC9J,2026-08-20T12:02:20.824911+00:00,8.376895724284183e-08,7.706744066341449e-08,-0.004,hard_stop,0,0,0,59.69,live_higher,hard_stop,0,1,mcap
2026-08-20,420034ed-3c9c-49a6-9741-78cebae86b34,5WBUJYh8tGBz3hHSAYJSxk9fypBnVi9sxU772Nkgpump,2026-08-20T12:02:31.707745+00:00,4.539619401652913e-08,4.17644984952068e-08,-0.004,hard_stop,0,0,0,4.38,live_higher,hard_stop,0,1,mcap
2026-08-20,cdea16d9-2205-48bd-863d-7182705aea1f,D9XwJ2isnF75PKBG3TwfXAambsnHRv6U83ChBnGCpump,2026-08-20T12:02:41.581103+00:00,4.2481514012268445e-08,3.908299289128697e-08,-0.004,hard_stop,0,0,0,26.81,live_higher,hard_stop,0,1,mcap
2026-08-20,4a5e8135-e49a-4053-b15a-9ee1f8ad4fd9,4ZbD2opuq42H5Ys4QpS5W3oKtN6bZ6j4YBBkk19Qpump,2026-08-20T12:02:53.346474+00:00,4.364093766972461e-08,4.0149662656146645e-08,-0.004,hard_stop,0,0,0,48.07,live_higher,hard_stop,0,1,mcap
2026-08-20,a57eb285-08c1-4f14-9681-6674fe227382,C1sWL7kyFmcmm5MwhRSrJuDqsfLc7esBMC3V4Fdipump,2026-08-20T12:04:23.201379+00:00,4.936356812057649e-08,4.541448267093037e-08,-0.004,hard_stop,0,0,0,-0.43,live_lower,no_exit_within_window,0,,mcap
2026-08-20,49cc29e0-e9d5-4c92-aad7-7fca66594ecd,58PuexkDQzjV3x7M9rySDQkZGr33XjqLjTkJLHRKpump,2026-08-20T12:03:46.356636+00:00,2.847679553458787e-08,2.836003931505204e-08,-0.000205002,early_exit_no_green,0,0,0,0.96,live_higher,no_exit_within_window,0,,mcap;pool
2026-08-20,349b14c2-e429-4ee5-b31d-28dbd3bc3e69,4JTT1FiCDVVbQu3k7S397mqEG1CkGnKVRR9Mv4FUpump,2026-08-20T12:04:13.712639+00:00,8.493464805346563e-08,2.1233662013366405e-07,0.075,take_profit,1,1,1,-26.61,live_lower,take_profit,1,1,
2026-08-20,c60a42c9-7ab1-4e2c-8070-2f6f34ce1c0b,7tBnJgCgYjg5d8ZP5KKQeLgn2nuR5MsaKB2UrUafpump,2026-08-20T12:05:34.726127+00:00,4.748106506020117e-08,4.368257985538508e-08,-0.004,hard_stop,0,0,0,-1.68,live_lower,hard_stop,0,1,mcap
2026-08-20,eecb8eaa-97eb-499e-9f82-d78ac9fa5357,5y153TFbhia5RUnnYHVYRbV5v2UhSQ8NCXMNRDXbjxAo,2026-08-20T12:05:52.062532+00:00,3.440685455594405e-08,3.165430619146853e-08,-0.004,hard_stop,0,0,0,14.41,live_higher,hard_stop,0,1,mcap;pool
2026-08-20,974cef53-7844-48e2-adb8-71bf020b98ea,D5W4EaVptbcY3UgmUymPHokrBNBf3iuPdatFTiegpump,2026-08-20T12:06:12.129802+00:00,4.9650186206140904e-08,4.5678171309649635e-08,-0.004,hard_stop,0,0,0,67.05,live_higher,hard_stop,0,1,mcap
2026-08-20,e5a695ff-9e9d-4158-bc37-d4664ca6ef45,DCumTdi6naYjAvRnretwyghPocCY757xuaiQuk6Tpump,2026-08-20T12:06:32.727851+00:00,5.8432058940611257e-08,5.375749422536236e-08,-0.004,hard_stop,0,0,0,72.48,live_higher,hard_stop,0,1,mcap
2026-08-20,2f78e983-3566-419a-abaf-7dbea53d79a9,3cEWsSW5v1yQK5dqoKeGMDEx4hVTJNp8jUjhAX5FDHJ2,2026-08-20T12:07:10.933044+00:00,6.218346410135411e-08,5.7208786973245784e-08,-0.004,hard_stop,0,0,0,113.26,live_higher,hard_stop,0,1,mcap
2026-08-20,56a6ccc6-6f91-44a0-b160-336225262563,Hfq3tmtWqQLh4CAstmnXAuwmWASWTpGDGjtR3S1jpump,2026-08-20T12:07:39.254697+00:00,6.864524767315302e-08,6.315362785930078e-08,-0.004,hard_stop,0,0,0,134.3,live_higher,hard_stop,0,1,mcap
2026-08-20,a28d4c6a-1f3e-4d03-b24d-68451d6945ed,27ae5AGz4ovjFPghBJvXGHqBw3wh9P3ds7MHqqFGpump,2026-08-20T12:08:15.313173+00:00,4.688898007947597e-08,4.313786167311789e-08,-0.004,hard_stop,0,0,0,32.35,live_higher,hard_stop,0,1,mcap
2026-08-20,28b273da-b36b-4ebb-af2e-0e8d4c10cd0c,4KDAti1kyAFNePD3d4FUeBprdG2hzUENiXkcZUpJpump,2026-08-20T12:09:07.050698+00:00,3.4911748123747604e-08,3.21188082738478e-08,-0.004,hard_stop,0,0,0,1.67,live_higher,no_exit_within_window,0,,mcap;pool
2026-08-20,59f0e176-b66f-466b-be45-73ccaeed770f,DzmdZTdejYpMTae3gDBsjD3aV9YMjvESQvcn8q8opump,2026-08-20T12:09:32.841293+00:00,3.740291975266917e-08,3.441068617245563e-08,-0.004,hard_stop,0,0,0,-3.33,live_lower,hard_stop,0,1,mcap
2026-08-20,0c519739-619c-4f8e-9815-1146c80c2e87,AAmXpvTeNMq1thzQrgFunGv4nv2fCbtcZBDeKdUpump,2026-08-20T12:01:00.237502+00:00,3.077774383156904e-08,3.09472839888127e-08,0.000275427,time_stop,1,,,,,,,,
2026-08-20,ed299c5f-d0d8-477a-b790-6b941ffb42dc,GXmQq56B9W556ArqJXVhWuHGswZoB9AT16iJP4PLpump,2026-08-20T12:10:35.286149+00:00,2.8152742890916713e-08,2.7953204054183316e-08,-0.000354386,early_exit_no_green,0,,,,,,,,
2026-08-20,be84b35c-a67f-44a6-ba6f-295b583f9d1c,8vpR88B33ZsfAJqPDRpKxTw4F2jjYxVvBVUBdpxbpump,2026-08-20T12:12:35.519632+00:00,6.230718347180873e-08,5.732260879406403e-08,-0.004,hard_stop,0,0,0,95.83,live_higher,hard_stop,0,1,mcap
2026-08-20,74e028e6-50fc-4975-afcb-64221ef25e39,vyprdB3z7ke2mheweRvH5HkxRBdk3Bds2itJWaYpump,2026-08-20T12:12:41.508298+00:00,3.699896672829094e-08,3.4039049390027667e-08,-0.004,hard_stop,0,0,0,28.92,live_higher,hard_stop,0,1,mcap;pool
2026-08-20,c8aad452-06f6-4546-ac9f-bf972ed530a3,C71PQ9ab7DidrJsb3mwrMuvRVLfKdftY8yvoV8Zgpump,2026-08-20T12:11:31.502266+00:00,3.881706157242441e-08,3.5711696646630456e-08,-0.004,hard_stop,0,0,0,-8.08,live_lower,trailing_stop,1,0,mcap
2026-08-20,d9c757f1-16dc-486a-bb5c-f0101dad36d6,BhXeK7wyAVjnZg9jmX5L6873zA6ex565TGVQa8QQpump,2026-08-20T12:13:13.057027+00:00,9.998562903227107e-08,9.198677870968939e-08,-0.004,hard_stop,0,1,1,2.97,live_higher,hard_stop,0,1,
2026-08-20,514bd8a8-5b2d-4474-a3db-3c880743514d,CrLjPfoJkAjgDdqMjMiwMGCyjqGaLPFVeAd23Zi7pump,2026-08-20T12:05:33.289701+00:00,2.8996337895026504e-08,2.838381697224283e-08,-0.001056204,time_stop,0,0,0,-0.84,live_lower,no_exit_within_window,0,,mcap;pool
2026-08-20,17a678b1-c3e8-4148-b730-36d9b36bcb44,CDYtUrHGfhi2mWq4ciAbg79hYK9xP6QyHW8cW1HMpump,2026-08-20T12:13:35.220220+00:00,2.8875617255991128e-08,2.81468241526733e-08,-0.001261952,early_exit_no_green,0,,,,,,,,
2026-08-20,a3d9f48f-a9d8-4f3b-b441-588b3133c3b7,4H6ZYehNx45ZDNXrXjfFm5te4SqCk7s8guWAmSFbSfSW,2026-08-20T12:15:40.957179+00:00,4.783248822235721e-08,4.400588916456863e-08,-0.004,hard_stop,0,0,0,63.28,live_higher,hard_stop,0,1,mcap
2026-08-20,de7460f0-d437-42e6-a569-b45d8d16c5fd,9pMkjjEimntALm76AK5NKmJSeGEyQMvryytPYgcapump,2026-08-20T12:06:15.073735+00:00,2.982530320885118e-08,2.987332314025087e-08,8.0502e-05,time_stop,1,0,0,-6.1,live_lower,trailing_stop,1,1,mcap;pool
2026-08-20,e93ef330-b9fc-43c9-b7cc-e642143d3b62,H4m2akeZLtjtnzCZmSAWKpt2KeqMkpYnwjm32ExHomZA,2026-08-20T12:06:50.672395+00:00,3.099161398082907e-08,2.9445305482866657e-08,-0.002494721,time_stop,0,0,0,0.72,live_higher,hard_stop,0,1,mcap;pool;buy_sell
2026-08-20,4d0708b3-14bf-44aa-8417-af74f4f5bcdc,CjPJZn7R6tUBZf4j19tcgatwuE4Peso7D5cydERyvSxj,2026-08-20T12:15:52.156019+00:00,3.385254789318631e-07,3.2941933137366345e-07,-0.001344972,trailing_stop,0,0,0,0.12,live_higher,trailing_stop,1,0,age;buy_sell
2026-08-20,ef2084ad-d9d1-421d-b981-c0fda3e75229,BmZDryxu6nKLAuKNdXWTG2JFEf155gXpKZKGKPHVMwZy,2026-08-20T12:16:08.668622+00:00,8.729831004740259e-08,8.031444524361038e-08,-0.004,hard_stop,0,1,1,-9.79,live_lower,hard_stop,0,1,
2026-08-20,c0aa5331-af52-465e-8303-95888b8a83b8,4TZofBkVz5SLnMQgvCPwqwZYgwB3BYS8fc5tFa3LrPaa,2026-08-20T12:18:10.514342+00:00,4.785168075671863e-07,4.4023546296181145e-07,-0.004,hard_stop,0,1,1,0.52,live_higher,hard_stop,0,1,
2026-08-20,4cdc3136-f5e5-4777-9c75-223e47768817,716EchV2YxBzZrseEdrXc5Zz51EpWrYfPH1FrHgqRV3y,2026-08-20T12:18:47.557580+00:00,4.188615553910556e-08,3.853526309597712e-08,-0.004,hard_stop,0,0,0,25.05,live_higher,hard_stop,0,1,mcap;pool
2026-08-20,d35c68e6-eecd-4135-94ca-397dea8d1aad,E2sg12Wh9F5i5M4ukUB3sMZ23VNLfZESsjDH47dUpump,2026-08-20T12:19:04.813775+00:00,3.869921330084083e-08,3.560327623677357e-08,-0.004,hard_stop,0,0,0,-12.42,live_lower,no_exit_within_window,0,,mcap
2026-08-20,520ce310-0bd6-4a3c-b336-f892c8d68052,ASD7UFPzWxnvJ8gUYwXXXgGwTa3M1Vv9AKe6XfAppump,2026-08-20T12:19:20.604375+00:00,3.909218879421139e-08,3.596481369067448e-08,-0.004,hard_stop,0,0,0,29.15,live_higher,hard_stop,0,1,mcap;pool
2026-08-20,010b1d0d-8638-4647-b1fc-70a11aa28e9e,GMNyHKGWvJuJgFAZfNro8favq9htxFGXPLqLKtu5pump,2026-08-20T12:19:22.308575+00:00,3.188187239980012e-08,2.9331322607816112e-08,-0.004,hard_stop,0,0,0,0.66,live_higher,hard_stop,0,1,mcap
2026-08-20,a9557dbb-7d35-4b41-b0a2-8cc4d26f6a33,2RmpTJ2bzi2pNnFPwUyXAuXBhJ3PHuY5hqyyTvYLpump,2026-08-20T12:19:36.234197+00:00,4.811056489935001e-08,4.426171970740201e-08,-0.004,hard_stop,0,0,0,46.54,live_higher,hard_stop,0,1,mcap
2026-08-20,67bc24af-f60b-4663-bd0a-4516dd3cfc03,HPDpGv5ydPqGz76TgfbkzvH3UhWVkeLW77wBoLZJpump,2026-08-20T12:19:48.862023+00:00,6.648680063873747e-08,6.116785658763847e-08,-0.004,hard_stop,0,1,1,2.93,live_higher,hard_stop,0,1,
2026-08-20,55f483be-686d-4495-9395-92a74cd296c9,3oDGxKGGT9RPcWWkxndQw2QUEb9su3wkiaZtrhV8pump,2026-08-20T12:20:32.877849+00:00,3.315112849923765e-08,3.049903821929864e-08,-0.004,hard_stop,0,0,0,-0.01,live_lower,no_exit_within_window,0,,mcap;pool;volume;buy_sell
2026-08-20,89487c8e-b00d-43ec-a31d-fba833ca5691,6rQ6UxkdbAbBsDK7VGFkMCeJppXv2wPXdN2Mi76fsorc,2026-08-20T12:20:34.944151+00:00,4.3802536530273214e-08,4.0298333607851355e-08,-0.004,hard_stop,0,0,0,49.53,live_higher,hard_stop,0,1,mcap;pool
2026-08-20,f4894b12-a7cf-4607-ad38-4e0948261a4e,7HYvKKDqQfEqdAh356MnLUuzZx49iAKuPvk4CMfZpump,2026-08-20T12:20:36.911463+00:00,3.347162445970264e-08,3.0793894502926425e-08,-0.004,hard_stop,0,0,0,8.21,live_higher,no_exit_within_window,0,,mcap;pool
2026-08-20,e9030f88-4083-4a94-9e4c-7d766f8aa0f7,FGCbyks3bSzBbUbQBgESSD6yN982zLcdyqd1rBZKpump,2026-08-20T12:21:19.240684+00:00,4.2057592934952917e-08,3.869298550015668e-08,-0.004,hard_stop,0,0,0,42.8,live_higher,hard_stop,0,1,mcap;pool
2026-08-20,05e0b43a-99fa-4679-8291-f3f583d7a2de,GwKH9x92GteGweosCN2KpMM84RpY6Whaem7iPxHvH5r,2026-08-20T12:22:49.230716+00:00,5.167720110492425e-08,4.7543025016530313e-08,-0.004,hard_stop,0,0,0,-10.77,live_lower,hard_stop,0,1,mcap
2026-08-20,265e487a-6ebc-41e4-a5dc-3e471589bdb4,DJP3CVB7k55WRLfHhNykcBPhNrHxEFe3RLe9R6F8pump,2026-08-20T12:22:59.663363+00:00,5.6429761612310684e-08,5.191538068332583e-08,-0.004,hard_stop,0,0,0,90.72,live_higher,hard_stop,0,1,mcap
2026-08-20,f70eb9c3-fe68-4748-ac2a-0a79c79d281b,23i32Vas5BgkraZvZGjZB7j7eKPzm7bBgFa4xQ9tpump,2026-08-20T12:23:21.800860+00:00,3.215466006273154e-08,2.958228725771302e-08,-0.004,hard_stop,0,0,0,12.04,live_higher,hard_stop,0,1,mcap;pool
2026-08-20,7076c2f5-0da0-42b4-8058-f9dfc70b88fa,71XXbc2d57fYY3cP67MpyfeLkzpg6N2tquTeB3Mppump,2026-08-20T12:14:07.011894+00:00,2.8043704333681583e-08,2.8026324052908546e-08,-3.0988e-05,time_stop,0,,,,,,,,
2026-08-20,2b795fa4-8839-43e9-84ac-964f50549abb,DdBCMJSfKVnH3Gk6ZVAq5L1uJfM43WVcK7TdP3GHpump,2026-08-20T12:24:19.698796+00:00,4.4423533597158944e-08,4.086965090938623e-08,-0.004,hard_stop,0,0,0,51.52,live_higher,hard_stop,0,1,mcap;pool
2026-08-20,3e46c86d-cd41-4deb-8852-ea7f6ebfd06c,BCk6qwoE9wMUKcL8bBFrhEqf61KiHxFfQXYY7w66BP9Q,2026-08-20T12:23:36.300550+00:00,3.3713809152301703e-07,3.1016704420117567e-07,-0.004,hard_stop,0,0,0,-0.06,live_lower,no_exit_within_window,0,,buy_sell
2026-08-20,1b5e3ef6-de6a-4762-8bd5-fbe7892792eb,4zi6GQq4JphNbj8LyrCy2uxb9AUnr2ntmYW5X5E3pump,2026-08-20T12:24:36.565033+00:00,9.090941583918981e-08,8.363666257205463e-08,-0.004,hard_stop,0,1,1,28.63,live_higher,hard_stop,0,1,
2026-08-20,aef96726-9989-4f6d-8585-0ecb88fa1c91,Fa9ociRh5xRw1N3miihpoVJPQCmxJ32foEi2qN4mpump,2026-08-20T12:25:35.759607+00:00,3.498500791700574e-08,3.2186207283645285e-08,-0.004,hard_stop,0,0,0,7.83,live_higher,no_exit_within_window,0,,mcap;pool;volume
2026-08-20,5efd2da6-99b2-421d-8cc1-b31c00de18e5,2VUi4VTdE7er9WHHLkjuXQYVeahSLus5KUhjPcbCpump,2026-08-20T12:24:40.501026+00:00,2.8781535471573126e-08,2.8320838887304375e-08,-0.000800334,early_exit_no_green,0,0,0,0.28,live_higher,no_exit_within_window,0,,mcap;pool
2026-08-20,cd3f2685-cfff-48b6-bb2e-23e18d351242,46b8stpF5gicHBFzAbaymmwP2Hnr43rT2FXriuufpump,2026-08-20T12:27:16.220556+00:00,4.948316155260364e-08,4.5524508628395355e-08,-0.004,hard_stop,0,0,0,67.74,live_higher,hard_stop,0,1,mcap;pool
2026-08-20,bd5b1445-ba14-4207-b13d-facbf7c0c369,3WfTSe512hQfiuUo2yZhiFhDLb26zezjvsPQMUkXpump,2026-08-20T12:27:32.486742+00:00,3.505043769839083e-08,3.6962989034527966e-08,0.002728285,trailing_stop,1,0,0,-12.01,live_lower,hard_stop,0,0,mcap
2026-08-20,68e9f193-ddfe-44de-bbe1-092534da9723,3jdFkpnxQcD1QsLuuLAPBKUUPagQ1UNTMeMuEznPpump,2026-08-20T12:27:31.230323+00:00,7.77437452251445e-08,7.152424560713296e-08,-0.004,hard_stop,0,1,1,9.45,live_higher,hard_stop,0,1,
2026-08-20,004f894f-7ca7-4860-9a0a-104a853ca10e,FTargmUnsM4A4EiUBWimA9i4bxm76UPei1QuH1ZApump,2026-08-20T12:27:47.949232+00:00,4.625466151046439e-08,4.255428858962724e-08,-0.004,hard_stop,0,0,0,54.3,live_higher,hard_stop,0,1,mcap;pool
2026-08-20,2b448fd8-2342-4c66-9d85-ef94f72a54d0,CE2phJewGPCrwiNNtn531kDBZrrdb1RE5qwQrTvqLLjV,2026-08-20T12:28:20.955245+00:00,4.281107172150724e-08,4.3902953715823726e-08,0.001275233,trailing_stop,1,0,0,-15.53,live_lower,hard_stop,0,0,mcap
2026-08-20,33c8b68f-6fa2-41b7-8294-45f6ccfc2125,8GiU3Sqs3tVhdqRuj6EYT7gks9AYmhcGLphPbJ21pump,2026-08-20T12:28:31.399937+00:00,7.518971566679194e-08,6.917453841344859e-08,-0.004,hard_stop,0,1,1,7.38,live_higher,take_profit,1,0,
2026-08-20,cf378608-09b7-43bb-af6f-ad48399426ae,3ac71SJN46PbUPadMsaRHWmdMurqoR4dzSEGHAXJbonk,2026-08-20T12:28:58.591267+00:00,5.076981117440625e-08,4.670822628045375e-08,-0.004,hard_stop,0,0,0,19.82,live_higher,hard_stop,0,1,mcap;pool
2026-08-20,4fb3c99a-abfa-47e5-962f-0d88d4ab7070,2zk7jtc8zjZJv1Rvv4ujeD6bpjTGDgPDvTLeyRfHpump,2026-08-20T12:19:15.987188+00:00,2.983170689511901e-08,2.9758417435756683e-08,-0.000122838,time_stop,0,0,0,-6.08,live_lower,no_exit_within_window,0,,mcap;pool
2026-08-20,0d8fa355-cff1-45e0-b900-094d82b3f332,7EQFM57Ge6VZiYru4hrf2mFf2hbYtCGV4jcsgTtHpump,2026-08-20T12:29:27.066243+00:00,3.341586732427489e-08,3.07425979383329e-08,-0.004,hard_stop,0,0,0,11.55,live_higher,hard_stop,0,1,mcap;pool
2026-08-20,37e1586f-39a0-489f-ae42-105e0b3e1776,37EAvUcfJZ3xDuHx6EpFhAQahdwCB4Brh1bkgcaLpump,2026-08-20T12:29:47.438814+00:00,4.670438699197038e-08,5.117876203742442e-08,0.004790101,trailing_stop,1,0,0,-7.36,live_lower,hard_stop,0,0,mcap
2026-08-20,cf9d521b-1278-4b73-b322-0e1b03e69c38,BFeFpaNgQohaPuBiSU8k5bmCx3qJpUpDdKR2fLvtpump,2026-08-20T12:29:57.495164+00:00,7.007086384203237e-08,9.206838498576431e-08,0.015696625,trailing_stop,1,1,1,-32.47,live_lower,take_profit,1,1,
2026-08-20,77f4b777-57c4-49ab-a849-6b483d1454d2,EgPnaR4HU6u6TkaFkgUefrgebsoFQhafVuEiEsbLpump,2026-08-20T12:30:13.951052+00:00,5.753385646345239e-08,5.740674354634219e-08,-0.000110468,trailing_stop,0,1,1,-13.06,live_lower,hard_stop,0,1,
2026-08-20,aef3f532-96af-46e9-9e74-8f0bb46fc8f4,BZCL5ohoNEt8MF31WuGoZKBCsDp6RG6VgHz6ordWpump,2026-08-20T12:30:41.146663+00:00,4.943946086719188e-08,4.548430399781653e-08,-0.004,hard_stop,0,0,0,10.12,live_higher,hard_stop,0,1,mcap
2026-08-20,ee47b5a9-7397-4bca-b8e5-689e870c2942,9ShjFohvQb8iYfR8M6GViRiiZf3nuhwG1P6kLj6r4Mcd,2026-08-20T12:28:57.434496+00:00,5.322385862742267e-07,5.93921961050454e-07,0.005794711,trailing_stop,1,0,0,0.4,live_higher,take_profit,1,1,buy_sell
2026-08-20,b151c7d0-ff35-43c3-8c71-cabffaf1eadd,CR8zjHwiLLv2ZW3FowmuwDJFsPUHrVHcF2KkNpGkpump,2026-08-20T12:31:02.556663+00:00,3.82713078595588e-08,3.5209603230794096e-08,-0.004,hard_stop,0,0,0,23.53,live_higher,hard_stop,0,1,mcap;pool
2026-08-20,3984a52d-7485-4292-b371-ec131cfb6785,2MzL4tDkbLxKtF7VvJkWUY23fMjVRJApgUbnEehqpump,2026-08-20T12:31:19.855414+00:00,3.717564712812887e-08,3.4201595357878564e-08,-0.004,hard_stop,0,0,0,1.67,live_higher,no_exit_within_window,0,,mcap
2026-08-20,2765517f-2009-4a2e-a9a1-301c37f23f1e,HM9FciJxy21VWvjV2rVNAr1dxqAtWNgsHofvWN3ipump,2026-08-20T12:31:59.003459+00:00,3.5213918108453265e-08,3.2396804659777004e-08,-0.004,hard_stop,0,0,0,17.92,live_higher,hard_stop,0,1,mcap
2026-08-20,0c3a7e4f-eb10-44a2-bbf4-567da67bf578,wGBQoWPj22uxioaGRZgJW49ie8aK2Y7VuvUuDVDpump,2026-08-20T12:32:12.060259+00:00,7.80853019310811e-08,7.183847777659461e-08,-0.004,hard_stop,0,1,1,23.9,live_higher,hard_stop,0,1,
2026-08-20,ded910e5-cc98-4182-ad24-cd94f5727e0f,BMRnkrJfH4W2JRSjJJAikXNavmtAWZigjXJHfkrYpump,2026-08-20T12:31:58.198996+00:00,5.269065011424223e-08,4.92005605226595e-08,-0.003311868,trailing_stop,0,0,0,-2.2,live_lower,hard_stop,0,1,mcap
2026-08-20,c6819639-a7bd-4981-b7f8-e656cba6486a,prLt1qiYtKQiQVdFjwP8212yvAZYNStaAWc5RJTpump,2026-08-20T12:32:30.809747+00:00,2.9029715696522423e-08,2.8731304642117094e-08,-0.000513975,trailing_stop,0,0,0,-3.15,live_lower,no_exit_within_window,0,,mcap;pool
2026-08-20,c6c46212-77ae-4d72-9c38-a931e893ad28,LLkAa41epqAc26ZDtWJvM8ZFiz8e9aB9SoYYx2hpump,2026-08-20T12:33:05.951761+00:00,4.599609284219875e-08,4.231640541482285e-08,-0.004,hard_stop,0,0,0,28.03,live_higher,hard_stop,0,1,mcap
2026-08-20,b4c57db3-e0d4-4108-b381-981aae19ffb8,8jJwh672Xw9X9edUKFom13gLX4aF5YWb6MsEvzxTpump,2026-08-20T12:33:03.532324+00:00,8.276803499104494e-08,8.996430967565294e-08,0.004347255,trailing_stop,1,1,1,-16.75,live_lower,trailing_stop,1,1,
2026-08-20,a8c83005-de5b-4f70-8cd1-17316b039eb0,E7C38ffKcyThuzaBJcfToLQ7DHQ6cejsd1S9HhiPpump,2026-08-20T12:25:40.276545+00:00,3.062485939208879e-08,2.8416240422145738e-08,-0.003605925,time_stop,0,0,0,2.58,live_higher,hard_stop,0,1,age;mcap;pool
2026-08-20,db056186-6ef7-458a-b067-77f1b0ea0f76,6Mu677gGcCHvhZCPVZ3rfkj6ABsqFJBNEcX3mm9rpump,2026-08-20T12:33:59.668640+00:00,2.989167143144924e-08,3.003938311160753e-08,0.000247078,trailing_stop,1,0,0,-5.89,live_lower,trailing_stop,1,1,mcap;pool
2026-08-20,128757a8-a0d9-4e6c-be7d-d9759d2c497c,GcRhfrx6ELB3nuCf4V7oXc5DvgtTtj8e6JSkVBunpump,2026-08-20T12:35:45.415786+00:00,5.109583260620453e-08,4.700816599770817e-08,-0.004,hard_stop,0,0,0,71.8,live_higher,hard_stop,0,1,mcap
2026-08-20,8ce11286-a721-41af-8400-6a7d2cb69614,97A2AaJWdE5ahTWRadBKwt35tZpdz39JHdKe7sEkpump,2026-08-20T12:36:23.149704+00:00,5.669868102660387e-08,5.216278654447556e-08,-0.004,hard_stop,0,0,0,87.0,live_higher,hard_stop,0,1,mcap
2026-08-20,7ae3c0bc-0505-4294-b022-e768d5aef1a0,91rJYV6yYYrrWp8MUyP6yKDD24kQwE9aBjSr5Q6ipump,2026-08-20T12:32:13.026513+00:00,6.240436638689307e-08,6.55232468686499e-08,0.002498928,trailing_stop,1,0,0,-2.48,live_lower,no_exit_within_window,0,,volume;buy_sell
2026-08-20,63fa3285-ef3d-4a75-86fa-efd5867e8fe1,G98pXArx4w63Hr6uCxkoLqj1Hs4YzVSoTvjMuUkjpump,2026-08-20T12:38:42.128158+00:00,5.805735368490757e-08,6.982110540476483e-08,0.010131147,trailing_stop,1,0,0,16.48,live_higher,hard_stop,0,0,mcap
2026-08-20,65c6a23c-9f3d-4668-a8b5-6130ebf9e9fe,C8usVsssW3GVM2j1WPqnHDwf3VWxhvAChXPYkE3Vpump,2026-08-20T12:40:03.139545+00:00,3.540882682694057e-08,3.2576120680785326e-08,-0.004,hard_stop,0,0,0,26.65,live_higher,hard_stop,0,1,mcap;pool
2026-08-20,e25cc790-6399-4fe7-8ea7-9611156f655b,EGwPRz7yrhKTwp9bnyPSEyoevhhHighaaGkDCSqdpump,2026-08-20T12:40:36.224697+00:00,3.243007793366897e-08,2.9835671698975454e-08,-0.004,hard_stop,0,0,0,10.66,live_higher,hard_stop,0,1,mcap;pool
2026-08-20,4ab85ba5-9d7b-4e5b-9d61-bff9829c579b,2HdZw4U2xXTjS1MmrZ7NNXWnbnWbFev2wYoFPuw5pump,2026-08-20T12:41:24.491106+00:00,3.3193832350568566e-08,3.053832576252308e-08,-0.004,hard_stop,0,0,0,-3.45,live_lower,no_exit_within_window,0,,mcap;pool
2026-08-20,ed3c03fe-1dd4-4a02-96bd-628d37d0fdc8,H7caAHHr6Gs8cCgsbpB9U9bpvAeFcTgiyBMeQKp47PGj,2026-08-20T12:42:43.041113+00:00,8.825613185306252e-08,8.119564130481751e-08,-0.004,hard_stop,0,0,0,-98.46,live_lower,take_profit,1,0,mcap
2026-08-20,7d3aaeda-0c9d-4cbf-be38-541405a64e28,AxMkwD6UyQ3oYU2GP9W4Fr5oUhvLqs5NUyUPufGSEf4c,2026-08-20T12:33:16.432936+00:00,1.6375442002027467e-07,2.109867181294868e-07,0.014421686,time_stop,1,1,1,-0.17,live_lower,time_stop,1,1,
2026-08-20,262ac04b-6d10-475b-80ce-4464c2f73b83,Brood5oDeYPFAbfvR5uWog5kyQQLBfnReWtJGSLaGTaV,2026-08-20T12:36:27.408829+00:00,7.336578702925888e-08,1.617119405822757e-07,0.060209368,trailing_stop,1,1,1,5.84,live_higher,trailing_stop,1,1,
2026-08-20,09695aaf-509c-401d-a8b4-991fb0c0c234,GZh8niwXEQ1LxRB1x2cgpEPKEavi6muLfHH5pQcagfy3,2026-08-20T12:43:38.289841+00:00,3.271984003172799e-08,3.010225282918975e-08,-0.004,hard_stop,0,0,0,10.75,live_higher,hard_stop,0,1,mcap;pool;buy_sell
2026-08-20,3327225e-8442-4d5c-ab1d-27e16fbf1417,7XrDAysbWvpV5Hg9o2KXsU2z9VGfAhrQM9ShrcE3pump,2026-08-20T12:43:40.017721+00:00,4.644791541949519e-08,4.273208218593557e-08,-0.004,hard_stop,0,0,0,53.46,live_higher,hard_stop,0,1,mcap
2026-08-20,fe3ff1e3-fedb-4bed-8d5b-7cff66c48eb9,AH3vLRYLKkfGmqxJVGUNHpuqP6YwGffv35kgq3CxVMR2,2026-08-20T12:43:43.582666+00:00,3.8953792784507304e-08,3.583748936174672e-08,-0.004,hard_stop,0,0,0,-3.51,live_lower,no_exit_within_window,0,,mcap
2026-08-20,e51e2c63-ba81-49db-b7ab-5885530fd1b5,B4GbVTS1SBC1YEc6jixEFiSYUdbACnC16TTMaawvpump,2026-08-20T12:44:09.132613+00:00,5.1161626011406204e-08,4.706869593049371e-08,-0.004,hard_stop,0,0,0,62.46,live_higher,hard_stop,0,1,mcap
2026-08-20,e255df55-7a4a-445c-8810-449576b172b8,ACBMtAQzyPYzEXhreShCfZUHmEb4eCk6rcVjv79Wpump,2026-08-20T12:44:43.451168+00:00,8.799202068158148e-08,8.095265902705496e-08,-0.004,hard_stop,0,1,1,48.19,live_higher,hard_stop,0,1,
2026-08-20,a0d941be-d7ec-4d71-8d5e-c6ad19c98a88,DFX4aTHdgV46ZPjNGoDa2Vs1hBk6oa2riiMKAkwHpump,2026-08-20T12:45:01.735508+00:00,7.778978259908523e-08,7.156659999115842e-08,-0.004,hard_stop,0,1,1,-15.68,live_lower,hard_stop,0,1,
2026-08-20,9ab135f2-dda8-4857-8174-0536258f8e2f,BdEyLvRcp9zgmZfzxXUgAC3QWBjLw9cyHUVgyXoVpump,2026-08-20T12:45:13.127070+00:00,4.9358941339170074e-08,4.541022603203647e-08,-0.004,hard_stop,0,0,0,-12.65,live_lower,hard_stop,0,1,mcap
2026-08-20,8d92e319-9ee1-461e-81e8-f6e242149509,HhFWGFWPFi3sxAJmkAE2VswR1uC34pMzAGmSRWtbYw51,2026-08-20T12:37:27.436110+00:00,2.988834560793529e-08,2.8928680714474003e-08,-0.001605417,time_stop,0,0,0,-0.31,live_lower,no_exit_within_window,0,,mcap
2026-08-20,eceaff1e-834e-4f1a-a9d1-6e682d2b2155,jdyKTaSnqXzkufwfanA7JenGWDsL2HHddR7SNcZpump,2026-08-20T12:46:52.783831+00:00,5.419043848882264e-08,5.2926147721791044e-08,-0.001166526,trailing_stop,0,1,1,-43.72,live_lower,hard_stop,0,1,
2026-08-20,e28abf7c-30b0-402d-9b0e-bec976154118,3URMaR9zCbtvAZzZ5g4RcAkLDQ8DGf4hqV1H8TRxpump,2026-08-20T12:47:57.255289+00:00,9.20175080765412e-08,8.465610743041792e-08,-0.004,hard_stop,0,1,1,46.73,live_higher,hard_stop,0,1,
2026-08-20,b69f41b5-5a9a-4428-99b0-18f606456e6a,7PJ3mA7PWaRT85bvuCdmkQZkd38mDRqHDST9pgJkpump,2026-08-20T12:47:58.836223+00:00,3.2693793778287295e-08,3.0078290276024314e-08,-0.004,hard_stop,0,0,0,-3.03,live_lower,no_exit_within_window,0,,mcap;pool;volume
2026-08-20,04f9aee9-e05e-4ff4-9d04-5dc5aa41bc33,G1okDYrL7GdvzbmvLFkT74nJkiPmmvsGv8N1NDCdpump,2026-08-20T12:48:02.069736+00:00,7.343152579449128e-08,1.8357881448622822e-07,0.075,take_profit,1,1,1,-55.79,live_lower,take_profit,1,1,
2026-08-20,0e0ce031-8adb-49df-85bf-458a9a748f2e,5Weci7ZKx1GuSnmch9sdaW92DwNnXGWqWqPELz3Ypump,2026-08-20T12:48:24.508436+00:00,6.11774781002755e-08,5.6283279852253464e-08,-0.004,hard_stop,0,1,1,-24.43,live_lower,no_exit_within_window,0,,
2026-08-20,bedc15b9-785d-415f-9a85-afb9d179f26b,vkw7o6sEz8fK8bqBvNknUnFDAjZDHV8GnN8NRu2juDQ,2026-08-20T12:48:45.596656+00:00,5.196841387234855e-08,4.7810940762560665e-08,-0.004,hard_stop,0,0,0,83.17,live_higher,hard_stop,0,1,mcap
2026-08-20,5979c176-5717-49e5-9c0b-3fea03bce177,AXCWD1NowVAf9HKGqDGUnixAAhRERsEZJcVceJDtpump,2026-08-20T12:48:44.686444+00:00,1.0664590091844603e-07,9.811422884497035e-08,-0.004,hard_stop,0,1,1,-65.7,live_lower,take_profit,1,0,
2026-08-20,2ded2b95-d867-4a2d-bd89-3359f24ade5f,DW8h4FBH6Xw518yEHL2NmzLXdrNcPvdTsLGwc7nhpump,2026-08-20T12:49:06.420391+00:00,5.8393138529885643e-08,5.37216874474948e-08,-0.004,hard_stop,0,0,0,104.82,live_higher,hard_stop,0,1,mcap
2026-08-20,69e1cd48-c719-447f-852f-00aa6143a144,5DzJtqweZWuBQzEzbAuWJZfCr6BvaG6FAaeaojJCpump,2026-08-20T12:49:08.196064+00:00,3.672086046017207e-08,3.378319162335831e-08,-0.004,hard_stop,0,0,0,1.57,live_higher,no_exit_within_window,0,,mcap
2026-08-20,afe2eaf9-4700-4abd-97f3-96490ece62c7,GoXjCJnVYKQ2YkSnKkwQ25fbCuNRnjYFALZRi5Tpump,2026-08-20T12:48:56.569960+00:00,2.87186698659757e-08,2.8668601400792378e-08,-8.7171e-05,early_exit_no_green,0,0,0,-2.49,live_lower,trailing_stop,1,0,mcap
2026-08-20,3ce9c213-e489-42f1-808d-736947b91b30,EHjBXTZs6gZFNhAPJbDmCgorGQ76aoNRmYdDdJJNpump,2026-08-20T12:49:40.484813+00:00,4.416945256263959e-08,4.4037864748410734e-08,-0.000148958,early_exit_no_green,0,0,0,-3.58,live_lower,hard_stop,0,1,age;mcap;volume;buy_sell
2026-08-20,773dab80-6c35-4e6d-9089-3432c529a2c1,FnNCqTe2G7e6fH5QjCffgsFKUqXsHXSsgvTJhrrXpump,2026-08-20T12:50:26.429930+00:00,3.8088007235352534e-08,3.504096665652433e-08,-0.004,hard_stop,0,0,0,17.13,live_higher,hard_stop,0,1,mcap
2026-08-20,1d8982a0-b03f-4f64-bab9-98872be649d2,7Wgv15PJXeUB4hi8dC5sXuhLDU5uHNkCo4aGEnz1Jyug,2026-08-20T12:50:11.069432+00:00,2.97896138780545e-08,2.9737021971242306e-08,-8.8272e-05,early_exit_no_green,0,0,0,-6.21,live_lower,no_exit_within_window,0,,mcap;pool
2026-08-20,d1a6c36d-b8c3-4356-9c11-536def693731,3oUXMyiwpKgKBzrEsBtooV9Kp1MZSKJJz69PMgAYpump,2026-08-20T12:52:08.116416+00:00,3.654760205457614e-08,3.3623793890210055e-08,-0.004,hard_stop,0,0,0,30.72,live_higher,hard_stop,0,1,mcap;pool
2026-08-20,ff2a819b-abf6-4c49-9ab3-55052fd4e901,B97Z5BLtAsX1m9SvSjaRD4L6NkDxMyFrM4UdQSyhpump,2026-08-20T12:52:09.559801+00:00,9.776244724186497e-08,8.994145146251578e-08,-0.004,hard_stop,0,1,1,-48.1,live_lower,hard_stop,0,1,
2026-08-20,bd4c2cc3-fca2-41a5-b5f6-b8297d9afb5c,HusVBNE9SSUjVF6Toa7WVw6jg4ZYDuhWUuwjU9db61ZB,2026-08-20T12:53:28.418482+00:00,6.072670978758479e-08,5.586857300457801e-08,-0.004,hard_stop,0,1,1,-30.78,live_lower,hard_stop,0,1,
2026-08-20,ad8d3800-b193-4271-8698-d2b8def5c4f1,6tVES22u6SB5pFhfXdzibDePkb7jNpwqgpMVoitzpump,2026-08-20T12:54:15.347460+00:00,7.759280711849909e-08,7.138538254901917e-08,-0.004,hard_stop,0,0,0,92.4,live_higher,hard_stop,0,1,mcap
2026-08-20,8c656f71-026a-4eb9-a304-e8f704fdc4cc,FZFgdf6vktbmsd6wgJCXjHH7FoM3yhGGS2vpJYorpump,2026-08-20T12:54:48.444299+00:00,8.614560294935518e-08,7.925395471340677e-08,-0.004,hard_stop,0,1,1,23.01,live_higher,hard_stop,0,1,
2026-08-20,6784b082-736e-4482-868e-2a451ab94536,9vC1Gyp8Z8jzc8XtW5jHT8DeLoZB4ej8V9VK1g13gtpG,2026-08-20T12:55:04.823390+00:00,2.866180757260262e-08,2.8299974804669792e-08,-0.000631211,early_exit_no_green,0,0,0,1.26,live_higher,no_exit_within_window,0,,mcap;pool
2026-08-20,3d5449ef-4af5-41e2-8409-88fecc690ae8,Byy2XzUVgKKKR5ddW6JErsaDanaLf3ih4xYhNHBrpump,2026-08-20T12:55:18.949489+00:00,2.8700331521763655e-08,2.867586580775142e-08,-4.2623e-05,early_exit_no_green,0,0,0,-0.01,live_lower,no_exit_within_window,0,,mcap;pool;volume;buy_sell
2026-08-20,734265d9-c5ef-41b6-955e-cb45e0807281,5NnXEDEHyP9AQHjxL9mgX1QqRTDSGuBkYD4Vf87Upump,2026-08-20T12:56:31.906912+00:00,3.9404675799471134e-08,3.625230173551344e-08,-0.004,hard_stop,0,0,0,36.41,live_higher,hard_stop,0,1,mcap;pool
2026-08-20,dda7a5fd-ac95-4a63-8d32-b9893bad3800,8pB9RkwhyADd3x2aMV1VfaxHJ9A6YP2SRFu5xwrqQf13,2026-08-20T12:58:02.769960+00:00,3.962017614554608e-08,3.64505620539024e-08,-0.004,hard_stop,0,0,0,33.02,live_higher,hard_stop,0,1,mcap;pool
2026-08-20,960f007e-4b50-4208-a23f-4a875b650e33,J199HHXeuF3BWHp496GKKUdHSpu5P1QS6rXHFJqpump,2026-08-20T12:58:36.249185+00:00,4.145717986435174e-08,3.81406054752036e-08,-0.004,hard_stop,0,0,0,41.58,live_higher,hard_stop,0,1,mcap
2026-08-20,b75f59bf-c5c8-46ff-98fd-c76407f07e25,XLgr6ugNLP4nq2uZ9zgqWcuU4iAcWuQVKtGHwcKpump,2026-08-20T12:58:46.767286+00:00,3.5125840032758644e-08,3.231577283013795e-08,-0.004,hard_stop,0,,,,,,,,
2026-08-20,7b01b0de-9cec-482d-94e9-e44b27ed97d5,DENCEDmBELFRmT1CWWApz36wiDUV7cqmySj8a433pump,2026-08-20T12:55:53.859076+00:00,2.8312809922938662e-08,2.8034219434285854e-08,-0.000491987,trailing_stop,0,0,0,-3.36,live_lower,no_exit_within_window,0,,mcap;pool
2026-08-20,f4d04531-3eb8-4286-82f0-3fb9d461eae6,Fed3B2zjWwhCmpG489N4SvTCy4jPRgu8tyZMxFowpump,2026-08-20T12:58:37.730027+00:00,1.159465288845776e-07,1.86699470189951e-07,0.030511022,trailing_stop,1,1,1,-24.1,live_lower,trailing_stop,1,1,
2026-08-20,59f10166-a41f-4007-8f0e-2466b3b74746,3yGUkot4TnoYbNsvoGcwBx162eZwxDq6X7mACJZfpump,2026-08-20T13:00:32.112571+00:00,5.7459850484134014e-08,5.28630624454033e-08,-0.004,hard_stop,0,1,1,-24.25,live_lower,no_exit_within_window,0,,
2026-08-20,79eec034-c54b-43a7-a27e-4f062a04bcaa,7gFjowGgm2C94GuSaWrSSrHuJigEgP2fezwitwq3pump,2026-08-20T13:00:48.698415+00:00,3.9442233152129726e-08,3.628685449995935e-08,-0.004,hard_stop,0,0,0,31.92,live_higher,hard_stop,0,1,mcap
2026-08-20,41f6e4f4-4f4a-4c64-a56f-2906fcba2050,GswL68DggpXtsaiF2N7diZ8RFGJZKr5sh6NxX839pump,2026-08-20T13:01:20.371375+00:00,4.1347937662778417e-08,6.65256257161116e-08,0.030446123,trailing_stop,1,1,1,-40.52,live_lower,trailing_stop,1,1,
2026-08-20,f5c7c2f5-f8db-4264-bcfe-316e2137c981,8kiccDEvGh1i8YJ6YwLKCAVWhQBbHhWYSySTLE68pump,2026-08-20T13:01:30.296797+00:00,4.129333734952325e-08,3.798987036156139e-08,-0.004,hard_stop,0,0,0,36.89,live_higher,hard_stop,0,1,mcap;pool
2026-08-20,1ae897c6-0852-47c1-84ad-1bfc234ad60a,ETosEjwKhgn73xH1NKoxA7va71kS7RqDvErdrQ8hpump,2026-08-20T13:00:43.626174+00:00,4.4526663177594e-08,4.5286587147725e-08,0.000853336,trailing_stop,1,0,0,1.24,live_higher,hard_stop,0,0,mcap
2026-08-20,da9e617c-5e5d-4cea-bda2-85c95dfa288a,6RvLgWmWMxKSAKLDPovgCYrefHmk6pHhzTDEV29fpump,2026-08-20T13:02:25.980675+00:00,3.275844400680786e-08,3.013776848626323e-08,-0.004,hard_stop,0,0,0,14.14,live_higher,hard_stop,0,1,mcap;pool
2026-08-20,6000bd26-e473-484f-b202-4753afe7794b,FmcaWghu899Pu1hRkU2UtXCqTGSv34MFg5qpGXBppump,2026-08-20T13:02:35.247848+00:00,1.1877307694664902e-07,1.0927123079091711e-07,-0.004,hard_stop,0,0,0,200.35,live_higher,hard_stop,0,1,mcap
2026-08-20,ad3f195f-5b2b-4213-bdaf-4add6db3a19a,437oVFJ1XGs2hE9XkckdpybFkDhRLTTuBZf8L94kqRvr,2026-08-20T13:02:45.307431+00:00,8.116421312940874e-08,7.467107607905605e-08,-0.004,hard_stop,0,0,0,132.92,live_higher,hard_stop,0,1,mcap
2026-08-20,403c6e72-ccdd-4540-a226-a566b6b4902b,mPVFa5mNPf3JdwxfPmkqWP4Uhp1EwsF2uXfrJ6Jpump,2026-08-20T13:02:32.106434+00:00,3.1044037062058264e-08,2.9604021636417783e-08,-0.002319311,early_exit_no_green,0,0,0,3.2,live_higher,no_exit_within_window,0,,mcap;pool
2026-08-20,8a10e5f3-3817-44f4-bdd1-c98faa379fef,94Yzap6fVhF3uXQ2ErLUzh9s3GHizos4gVtEWcTiq6z1,2026-08-20T13:03:06.191496+00:00,4.5765204091358873e-07,4.382939105073098e-07,-0.00211494,trailing_stop,0,1,1,-0.22,live_lower,trailing_stop,1,0,
2026-08-20,2c1dc92a-b1d9-4085-805e-8077751dfe23,CxNTCa4KtzrTQ2SDgcQJzp9KvmMhEA1mv153hkyTcTzi,2026-08-20T13:04:43.199707+00:00,8.512395695622743e-08,7.831404039972924e-08,-0.004,hard_stop,0,0,0,176.48,live_higher,hard_stop,0,1,mcap
2026-08-20,9b433216-2664-4d91-b32b-9b43aa569301,C64i1XoPkeQs5xsqYx594DV6F6brr3AhonWVFpq1pump,2026-08-20T13:03:39.658158+00:00,2.867212256781471e-08,2.794739258181929e-08,-0.001263823,early_exit_no_green,0,0,0,2.55,live_higher,no_exit_within_window,0,,mcap;pool
2026-08-20,b6b9ee89-6400-4cbf-9be8-8175b4e12424,6GYr8m3VYQM6ukUL96vYk17QnnXi4RKGDFwRcCb1pump,2026-08-20T13:05:26.856996+00:00,6.940484633541224e-08,6.385245862857926e-08,-0.004,hard_stop,0,1,1,16.35,live_higher,hard_stop,0,1,
2026-08-20,71a12ab7-a4fc-4185-89ae-86afb4795f5d,Dko1mByzxmESDbDFdgqY13YGx5HVEbT13zEPCNn9pump,2026-08-20T13:04:04.284146+00:00,2.8595077904960495e-08,2.7998247890959662e-08,-0.001043589,early_exit_no_green,0,,,,,,,,
2026-08-20,6d7a6b4d-e1be-4193-bf8c-109764b984a6,27KK5hLtayuouLPtnUQVk8myc6aZ8HPo6v3SBPf8pump,2026-08-20T13:05:59.790774+00:00,5.287003697950688e-08,4.864043402114633e-08,-0.004,hard_stop,0,0,0,2.45,live_higher,trailing_stop,1,0,mcap
2026-08-20,80af9eb8-5d61-41a1-87e6-a17990dff11a,VxeWKNM7UviuxAsn5YtxhFTTiL8XjDG31o9eoSnSaxm,2026-08-20T13:06:09.153884+00:00,3.294588389110494e-08,3.031021317981655e-08,-0.004,hard_stop,0,0,0,12.81,live_higher,hard_stop,0,1,mcap;pool
2026-08-20,97412038-9ae6-4399-a931-8674d7367020,5C3VPtFSr51jjim4o5RsDJQygVLKUgL2p7RWko1Vpump,2026-08-20T13:06:05.865702+00:00,4.3315307722490685e-08,3.985008310469143e-08,-0.004,hard_stop,0,0,0,-9.8,live_lower,hard_stop,0,1,mcap
2026-08-20,b0f11eab-c6f2-4fab-b176-a68c76ab0a3e,4n9ZvXLQXpCWx7e6suvzx7nmRggaAzz5Whv8AjgApump,2026-08-20T13:06:35.203595+00:00,5.4885046535696425e-08,5.0494242812840715e-08,-0.004,hard_stop,0,0,0,31.5,live_higher,hard_stop,0,1,mcap
2026-08-20,1122fa12-c32b-4922-93c8-72a381eba999,26rW5mQm9MGEx7GzuyfVX8DJL2qcWfQbRqFWfKZFpump,2026-08-20T13:06:38.421338+00:00,2.868692344068227e-08,2.8677491175810053e-08,-1.644e-05,early_exit_no_green,0,0,0,-0.04,live_lower,no_exit_within_window,0,,mcap;pool
2026-08-20,826d2187-0c34-4ea1-ae78-6a9c93c61393,46faNFvwgY7LVup5w4yMCNd3Hza6RJpLvzABzy3Gpump,2026-08-20T13:08:49.038920+00:00,3.2804044331067123e-08,3.017972078458176e-08,-0.004,hard_stop,0,0,0,1.02,live_higher,hard_stop,0,1,mcap;pool
2026-08-20,d11ec0dd-9cc5-4180-a645-7e8413f5b7d6,FG9RtrucQTNQsiftQnSwXkCpyfpnKiYkLiDexQukTMwW,2026-08-20T13:06:36.383588+00:00,3.385401475214825e-07,3.5291096799395146e-07,0.002122469,trailing_stop,1,1,1,-0.14,live_lower,trailing_stop,1,1,
2026-08-20,3bfd5730-9eea-4ba1-9366-62ca365ce809,HGtRpz9XGN53LZtn78UzUu9HbaS82eSxE8iaZcqLrLJx,2026-08-20T13:07:39.298926+00:00,3.3839422128205616e-07,8.459855532051404e-07,0.075,take_profit,1,1,1,-0.14,live_lower,trailing_stop,1,1,
2026-08-20,5f21bc6b-fd35-496e-aa1f-f90c1c3335e0,7GVqnRzpitdtFEy8FiAtx8rUuC2ooBjDmrPECnUNSZ5t,2026-08-20T13:09:20.904437+00:00,4.633151001836273e-08,4.262498921689372e-08,-0.004,hard_stop,0,0,0,5.99,live_higher,hard_stop,0,1,mcap;volume
2026-08-20,24f8b0f1-ccf9-4de7-827f-014b6a71d6ae,Aes3eEbPMvcJHNkiZc1DfF5faPvr2sNcR5CEmXmpump,2026-08-20T13:09:38.233752+00:00,3.747010785810615e-08,3.447249922945766e-08,-0.004,hard_stop,0,0,0,34.02,live_higher,hard_stop,0,1,mcap;pool
2026-08-20,42d20819-11b8-4b1d-ab4b-aba241936a1a,4JNeqT5r2PVBC1boHT1e5BKqFmrEzn7q1zi2PkYNpump,2026-08-20T13:00:16.963169+00:00,2.8644100081791017e-08,2.827182244527422e-08,-0.000649833,time_stop,0,0,0,-0.26,live_lower,no_exit_within_window,0,,mcap;pool;volume;buy_sell
2026-08-20,9b325f6d-4d2e-4b02-a571-aeeee8a87356,GDwfSoHWVtzXvkbGPotSMWbZJa3oZ43DpqhxfN1nZcLG,2026-08-20T13:10:40.619845+00:00,3.683398066499958e-08,3.388726221179962e-08,-0.004,hard_stop,0,0,0,-16.49,live_lower,no_exit_within_window,0,,mcap
2026-08-20,17c45f93-636f-46e9-9572-ba2af02244e6,4YqcUheCbq6qe2p8C3buTzhcNFqVE1AJ5E5WBxXDpump,2026-08-20T13:10:41.402793+00:00,9.068294591398487e-08,8.342831024086608e-08,-0.004,hard_stop,0,1,1,-1.76,live_lower,no_exit_within_window,0,,
2026-08-20,c7a3574d-7ffa-4dae-9971-2adbff4a2014,ETDWyCq1EW4b7nkfSdaNmjRk6NPRtAZpzJwfUN6epump,2026-08-20T13:10:42.233899+00:00,4.052825970024567e-08,3.728599892422602e-08,-0.004,hard_stop,0,0,0,0.25,live_higher,no_exit_within_window,0,,age;mcap;volume
2026-08-20,9cf68ebc-09ff-4d1a-86b1-378aa6e3677c,6HgtjTUcXjQMgADRCXiaibRmisXwpLLZnebRNnWjpump,2026-08-20T13:11:23.680426+00:00,4.900269779474783e-08,4.5082481971168005e-08,-0.004,hard_stop,0,0,0,37.83,live_higher,hard_stop,0,1,mcap;pool
2026-08-20,ad3529c4-a700-4dc0-b7d4-bf53862d9f27,AB3tyz7y4sFDPA9o6u1K7mMTJqNMg1GQzqJHdcAVpump,2026-08-20T13:10:46.446727+00:00,3.7254547960109056e-08,3.4274184123300335e-08,-0.004,hard_stop,0,0,0,-18.54,live_lower,no_exit_within_window,0,,mcap
2026-08-20,0d9c6fc5-c81a-4dd5-8b73-881dee7343c3,A7EShAUusSsEZc174B9cxA8m1iY1bxVinqqkzrNUpump,2026-08-20T13:11:50.740782+00:00,5.752427321766348e-08,5.2922331360250404e-08,-0.004,hard_stop,0,0,0,30.98,live_higher,hard_stop,0,1,mcap
2026-08-20,3aa0d641-5c0f-4bb1-a7bb-7270f6dcaaed,5SH1skpCVeLhVEToo4UxPbXsNzYysme3gzVT1a8Mpump,2026-08-20T13:11:51.704038+00:00,3.4958252508558226e-08,3.216159230787357e-08,-0.004,hard_stop,0,0,0,-15.09,live_lower,no_exit_within_window,0,,mcap
2026-08-20,8a12767a-7321-42e7-90b2-2aa9e4c961fd,E8XWUHAVL3zQL7Uvq82bD3EFEHqBsj6TqPR5u3MRpump,2026-08-20T13:12:43.568438+00:00,5.190053886508777e-08,4.7748495755880755e-08,-0.004,hard_stop,0,1,1,-25.71,live_lower,no_exit_within_window,0,,
2026-08-20,4ca97ef4-688a-42d4-9ffb-6de989eba96c,D6uYfyRapEYZ8yEdAaQkPRVeCg2MssGwf9vTjqGipump,2026-08-20T13:12:12.285093+00:00,2.8076041518917906e-08,2.8045866256162952e-08,-5.3738e-05,early_exit_no_green,0,0,0,-0.11,live_lower,no_exit_within_window,0,,age;mcap;pool;buy_sell;score
2026-08-20,e31ffcbb-6f50-4048-93dc-230afeea3e36,DygZyzGd2xtdq5R3c9KVyiLreNcUeySSVeutXYQE1Xqk,2026-08-20T13:13:17.836885+00:00,7.417905611376814e-08,6.82447316246667e-08,-0.004,hard_stop,0,0,0,59.06,live_higher,hard_stop,0,1,mcap
2026-08-20,12833ec8-666b-4106-a8ce-07fadf2d9807,RPua3K3fAmusdwAfhqNLKi6VdG3PZaux9qWCTxQpump,2026-08-20T13:11:24.525610+00:00,2.8711450708124877e-08,2.8604534836337526e-08,-0.00018619,trailing_stop,0,0,0,-2.54,live_lower,trailing_stop,1,0,mcap;pool
2026-08-20,711d8d15-8356-427d-b1e4-22d4a1819e32,9cALBmdkyM818jqixwRJDQW8V7ujL5hJ1y17phGpump,2026-08-20T13:14:33.218630+00:00,4.5781398627554944e-08,4.211888673735055e-08,-0.004,hard_stop,0,0,0,-18.32,live_lower,no_exit_within_window,0,,mcap
2026-08-20,fbbe0762-8cbc-45b1-ac84-ad5f0d35544f,7g7cBrDs6b13mEZUPfYSxqShoh1TyUqN3CiAcsDUC1Bg,2026-08-20T13:15:20.504107+00:00,3.3906930879306473e-07,3.1194376408961955e-07,-0.004,hard_stop,0,1,1,-1.28,live_lower,no_exit_within_window,0,,
2026-08-20,a6937040-5ffc-408c-8392-464986857ae7,Cm7Yu7KxykVTvj5NGQrQXZ59cgDKfRtNy5jJ1tCVpump,2026-08-20T13:14:32.067509+00:00,2.8879185881524764e-08,2.7954897180150334e-08,-0.001600268,early_exit_no_green,0,0,0,3.25,live_higher,no_exit_within_window,0,,mcap
2026-08-20,4966ebcd-8a6e-4a2e-ac54-40116fef8edd,2iMqaGFzhr91miZmcoyoTTzZGhcNgQJwdtBYmxUfpump,2026-08-20T13:15:57.796927+00:00,5.880104952264372e-08,5.4096965560832224e-08,-0.004,hard_stop,0,1,1,-36.2,live_lower,hard_stop,0,1,
2026-08-20,f50b1979-18a8-4e7b-b976-8dd7b3fb135d,EffhnRX9F7FpjxphZEP1ZJXgsyXqAw69nsJFy658pump,2026-08-20T13:17:06.466373+00:00,2.830039915435688e-08,2.803506930373262e-08,-0.000468774,early_exit_no_green,0,0,0,0.7,live_higher,no_exit_within_window,0,,age;mcap
2026-08-20,e71df620-8d85-4928-9f72-134c3e04db06,FNZ3kuf12TLEVFyrwubjWT2CatzE6NMhpPXh7A2Upump,2026-08-20T13:17:33.612396+00:00,2.8746769452302582e-08,5.094677006904996e-08,0.038613036,trailing_stop,1,0,0,0.1,live_higher,trailing_stop,1,1,mcap;pool
2026-08-20,36fec9c1-b213-4390-89cf-3a6cf1dcf09a,Fc6fvuDJaRD15cpGmzQPRLezYt7VMkTvcoHCY15spump,2026-08-20T13:19:29.992151+00:00,4.525036606737951e-08,4.163033678198915e-08,-0.004,hard_stop,0,0,0,50.78,live_higher,hard_stop,0,1,mcap
2026-08-20,7b95af3e-d78d-4eb3-b19a-e42da962356f,CMQMNEMH3dravwSJi18EAAJZp9iVZ8NyNRMZVFqupump,2026-08-20T13:19:39.938804+00:00,6.096868765491821e-08,5.6091192642524754e-08,-0.004,hard_stop,0,1,1,-17.35,live_lower,hard_stop,0,1,
2026-08-20,48c183b0-e46b-43ca-8c0e-7de74ed990f4,Eedw5MBPdHPxdMbJ7pxLU7ggipCZfMNpZzckX5Gtpump,2026-08-20T13:20:18.472315+00:00,4.207211779613595e-08,1.0518029449033988e-07,0.075,take_profit,1,1,1,-49.63,live_lower,take_profit,1,1,
2026-08-20,f9507b4c-8896-44a5-a073-9589839c5b87,3hLgaxbr5mKzefZmZ7xhdfjRq53AaDz8QwiAGvFwfAPm,2026-08-20T13:20:44.676322+00:00,3.3802997446734405e-07,3.591480372270353e-07,0.003123697,trailing_stop,1,1,1,-0.24,live_lower,hard_stop,0,0,
2026-08-20,4f4d3da1-afcf-49d1-b6b0-01d1754a9431,H3FZSeX8p6CBxeViLWU1NG3om9bRZXrQseBUM9BCpump,2026-08-20T13:19:56.241036+00:00,3.044105806740622e-08,2.8223362315511524e-08,-0.003642606,early_exit_no_green,0,,,,,,,,
2026-08-20,8a35d250-71d6-4f15-9d8e-1b3979a69943,5AM8oW5nYDyErkCeB5zJke8ffYwcNYYHimhZ8n3Hpump,2026-08-20T13:12:28.193014+00:00,2.8699718895915978e-08,2.8033911882385475e-08,-0.001159954,time_stop,0,0,0,-0.26,live_lower,no_exit_within_window,0,,mcap;pool
2026-08-20,7777a58a-ea8e-41cd-a214-cc1e0a1b922e,2NDSwGDvFFnSXZPgKxm54FkrcCcwWXEaMYXDu7Z9pump,2026-08-20T13:21:49.237961+00:00,2.8277247555842695e-08,2.818774212424938e-08,-0.000158264,early_exit_no_green,0,0,0,0.06,live_higher,no_exit_within_window,0,,mcap;pool
2026-08-20,81f9a5d1-2c9c-433c-b3bf-e501a41a43f3,5cAdhAq5p2jdpQCLRHd39SMKQArpZqu6RegxPr6E1E1,2026-08-20T12:24:31.600113+00:00,5.312564670568218e-07,5.312564670568218e-07,0.0,time_stop,0,1,1,-3.56,live_lower,no_exit_within_window,0,,
2026-08-20,7ec33fd1-3e50-4141-bae4-6385d277165e,8W2Hjg59i7xmcus9e9shzdn3DqLCSzNmm7ACjyswECMG,2026-08-20T13:16:46.365478+00:00,1.8885726537757472e-07,1.8885726537757472e-07,0.0,time_stop,0,0,0,-1.98,live_lower,hard_stop,0,1,volume;vol_mcap;buy_sell
2026-08-20,86e7f83a-ffbc-453b-a5e8-56be51e7c599,ByAVXeAejtHUbfkcGVNvdCANDbsYo8S6numL4VvVwezE,2026-08-20T13:21:59.246442+00:00,1.6968833457354832e-07,1.6968833457354832e-07,0.0,time_stop,0,0,0,-4.29,live_lower,hard_stop,0,1,volume
2026-08-20,58074872-cd3e-42bd-b16e-057ec2360e32,BSWjeM9TAxTcwb2QAx18vtGaUCaprn38Zeqeqn8MeT1X,2026-08-20T13:23:12.278879+00:00,3.389717718401626e-07,3.389717718401626e-07,0.0,time_stop,0,0,0,0.06,live_higher,hard_stop,0,1,age
2026-08-20,e086e36f-7289-4d8c-a052-e1673ece0bbd,FfN3svgyCWeSK4qgWiRRiw4nK9pSTP7csZQHJePq1dmd,2026-08-20T13:30:52.061264+00:00,3.2722686832584015e-07,3.2722686832584015e-07,0.0,time_stop,0,1,1,1.03,live_higher,no_exit_within_window,0,,
2026-08-20,e5fd52ba-eca8-4a58-9132-e247d1e1d7d5,BaBPdESAQ9bxRkdsYkQ2YGeY4Bfk7sQtQQK9C4Pxpump,2026-08-20T14:37:14.677797+00:00,6.372663856260333e-08,5.862850747759507e-08,-0.004,hard_stop,0,0,0,-98.41,live_lower,take_profit,1,0,mcap
2026-08-20,6f888cdc-91bd-4394-b92b-77b58b4aac02,BhqaAwGSycaZ69TcfX1KzigbYGB7LkjjyGP1w6oEBvtL,2026-08-20T14:37:15.778218+00:00,1.692674587615117e-07,1.5572606206059077e-07,-0.004,hard_stop,0,0,0,-97.18,live_lower,take_profit,1,0,mcap
2026-08-20,05e0cb6f-1d22-4667-85cc-57003a86036e,AMtqrT17EJHSZCWmqN3gqt5FjY8ggxVFg7UwRDuHpump,2026-08-20T14:37:13.029223+00:00,2.6996821113366836e-07,2.483707542429749e-07,-0.004,hard_stop,0,1,1,-0.78,live_lower,hard_stop,0,1,
2026-08-20,9d03e404-dec9-4681-b07b-6c404b240c1c,ANQNA1dHaR6F5vKLiogLnQrQyxrLH9zeVxkBkkVupump,2026-08-20T14:37:50.717146+00:00,7.098809109272373e-08,6.530904380530583e-08,-0.004,hard_stop,0,,,,,,,,
2026-08-20,69554f8d-2cc8-4f8a-8451-5a85a1f122d7,3THkBevJB6YtpronuTpDnK5946kgUi2xRpkseCaQKskg,2026-08-20T14:37:12.280555+00:00,1.0395636376054963e-07,1.0705994758190716e-07,0.001492734,trailing_stop,1,1,1,-1.46,live_lower,trailing_stop,1,1,
2026-08-20,1fa29dc8-9068-4ff7-a858-edfa667f0dfe,4gRmHzt7gfBkqMdWnTn981QvqFJYPX8TrhiFqD4Ppump,2026-08-20T14:38:16.385447+00:00,6.16582542793189e-08,5.672559393697339e-08,-0.004,hard_stop,0,1,1,0.93,live_higher,no_exit_within_window,0,,
2026-08-20,0c33f095-c946-4fca-93ca-5e23c459b938,21eQ2kQr4xZ1mSQNBi1YBPz1dQqtLGMDMV8qud6ppump,2026-08-20T14:38:59.177667+00:00,7.353985252641997e-08,6.765666432430637e-08,-0.004,hard_stop,0,1,1,20.2,live_higher,hard_stop,0,1,
2026-08-20,2891c3a5-5ee6-48a6-b7f6-997965af7220,H9KsSRqmurChYuYwkxrHoHVh9cvTfxTf4vHc7Ewepump,2026-08-20T14:39:04.742558+00:00,6.273916994325746e-08,5.7720036347796865e-08,-0.004,hard_stop,0,0,0,41.68,live_higher,hard_stop,0,1,mcap
2026-08-20,426ccfb0-574a-4111-88cf-d86c64ea0426,N5aGwsdQrTuoWfXJ11u6nL8x8fFpk48yJZhv4Zrpump,2026-08-20T14:40:09.795915+00:00,1.988804525542167e-07,1.8297001634987936e-07,-0.004,hard_stop,0,0,0,-98.58,live_lower,take_profit,1,0,mcap
2026-08-20,0a227b05-5bdd-468c-9f4d-b99c1d6f399b,6TRGLmwxeoKGTt6a4Jmp3xbxj8gaXp8ViEAiNxh2pump,2026-08-20T14:40:10.790058+00:00,6.47918728189122e-08,5.960852299339922e-08,-0.004,hard_stop,0,0,0,12.15,live_higher,hard_stop,0,1,mcap
2026-08-20,d460415e-c9a5-4c6c-b0c1-8f3b4fa00a0f,4PMQaWaWTgxwGtBnXPNjTGQeKYTHhZEXwUT5Z3EzNTxY,2026-08-20T14:43:33.693341+00:00,7.024031584476368e-08,6.462109057718259e-08,-0.004,hard_stop,0,0,0,86.15,live_higher,hard_stop,0,1,mcap
2026-08-20,0fe00bd8-3c0e-4daf-94c6-24379b281312,9EBNZd3pdZm86sp5L1kX4afPxCdykR4qxnXzHTFCpump,2026-08-20T14:45:02.282255+00:00,5.271399781158212e-08,4.8496877986655553e-08,-0.004,hard_stop,0,0,0,4.17,live_higher,hard_stop,0,1,mcap
2026-08-20,7fb40ac2-9607-4930-9db0-d6a8a5f13db0,BSzEoDkwqqtK2LTw8FqoadT6tzjjtzeWgVAZtCTerVc1,2026-08-20T14:37:11.314761+00:00,5.287228706529151e-07,5.287228706529151e-07,0.0,time_stop,0,1,1,-2.09,live_lower,hard_stop,0,1,
2026-08-20,354396a8-2e22-4df2-b4c3-393ef992e914,BepNVgJUaQZiLrMoWSKkKCkwhvyadQ65F4SQsaF228bw,2026-08-20T14:47:46.668490+00:00,2.149179796312904e-07,2.3337546775807557e-07,0.004294077,trailing_stop,1,0,0,0.39,live_higher,trailing_stop,1,1,buy_sell
2026-08-20,6ad3fd0f-c1fc-41a7-a641-4ed4a066e570,6CAhmLpJyLFUkkqQWVpASJ3r9NHt9qHksDEUVmMDpump,2026-08-20T14:52:06.053185+00:00,7.910055488459216e-08,7.27725104938248e-08,-0.004,hard_stop,0,1,1,-45.04,live_lower,hard_stop,0,1,
2026-08-20,4ba49e8a-2627-420d-92f1-b7962f9aeaa8,2cXvWhQUzovt7CgU6zsNxuywRtkbnB77zs5vdhaDpump,2026-08-20T14:52:10.768510+00:00,6.948233270128601e-08,6.392374608518313e-08,-0.004,hard_stop,0,1,1,-8.8,live_lower,hard_stop,0,1,
2026-08-20,7f115824-1a67-4524-8e04-b5a0b8284d39,4VhVX2vybeUCPBKKvy7x4Aj3THeNei3x9E1mq1PQpump,2026-08-20T14:55:32.506519+00:00,1.3073536883956328e-07,1.202765393323982e-07,-0.004,hard_stop,0,1,1,13.87,live_higher,hard_stop,0,1,
2026-08-20,424071b5-e5aa-45fb-bd90-7e5077e04590,9oyLnfQmjWiDQm8dPT6P83Xfuz8azK23amLZ6LeApump,2026-08-20T14:55:48.076854+00:00,6.018538599971229e-08,5.537055511973531e-08,-0.004,hard_stop,0,0,0,115.26,live_higher,hard_stop,0,1,mcap
2026-08-20,000298b8-6db4-4459-88e0-4808c00d611e,H4jgYoXMaKHW4G8swuK18CyeWdBGJdwgYCkj1fBJh7pJ,2026-08-20T14:56:37.937764+00:00,2.3573828103820466e-07,2.168792185551483e-07,-0.004,hard_stop,0,1,1,-4.4,live_lower,hard_stop,0,1,
2026-08-20,986692de-9807-4040-a47f-e7deb5fa27dd,3mqpxkyRtpTQ6YrBfZCSCpYPTkWrCNFp9u4gKUabpump,2026-08-20T14:56:41.714265+00:00,1.253225251269931e-07,1.1529672311683365e-07,-0.004,hard_stop,0,1,1,25.55,live_higher,hard_stop,0,1,
2026-08-20,4e66769c-e13a-45f8-a920-dfd27d397e73,DWV4eMP3RdArp3xhAJJZARaRwRdRLQr6Ntsh4PD7951g,2026-08-20T14:57:07.996808+00:00,5.930623457594113e-08,5.456173580986584e-08,-0.004,hard_stop,0,1,1,-35.68,live_lower,hard_stop,0,1,
2026-08-20,45adb955-f9a8-453e-af4d-3d8a5040b8e5,8g8X3m82LvPsxLKr4Fnyrhg5sPRRomf2RztHZ953pump,2026-08-20T14:58:01.842298+00:00,6.376717558416103e-08,5.866580153742815e-08,-0.004,hard_stop,0,0,0,29.88,live_higher,hard_stop,0,1,mcap
2026-08-20,6d7a10cb-654e-4ff1-a697-9a9509008c36,BPUPw2y9VvT8yVAiJzbn6ecPps7S1UxaToi5gSmZGvWT,2026-08-20T14:58:32.912198+00:00,4.584850335868151e-07,6.612529240341334e-07,0.022112815,trailing_stop,1,0,0,0.11,live_higher,trailing_stop,1,1,age;buy_sell
2026-08-20,0ef3c5a2-4cf7-4f4f-a141-da7d30b3a8c5,HmQo3qY6Ebhx7qfLywnDt2QcrBiCr7sSNAcFfvdZpump,2026-08-20T15:00:35.581838+00:00,1.3433117981457435e-07,1.235846854294084e-07,-0.004,hard_stop,0,1,1,-13.53,live_lower,hard_stop,0,1,
2026-08-20,9e5427ee-5d87-401a-8382-2d2684bfcdbb,G9s7Gdw8e8duTjQsyFKpUWd6GcGzrykzgfYfbB8Fpump,2026-08-20T15:01:50.474022+00:00,8.132120763098834e-08,7.481551102050927e-08,-0.004,hard_stop,0,0,0,177.9,live_higher,hard_stop,0,1,mcap
2026-08-20,8eb2ef8e-665e-46d6-8f60-7f8d264df9a9,8B77QWzEEjJTnj42tG4NovQ3Gi3KWfHvgnpnztGXpump,2026-08-20T15:02:32.930640+00:00,5.088842090266649e-08,4.681734723045317e-08,-0.004,hard_stop,0,0,0,73.72,live_higher,hard_stop,0,1,mcap
2026-08-20,a787b890-ec09-4199-a607-5724a9a5cad7,G8PRj3Vnko91SdfhiEwHAdoBdWkLeDtHdPb8W3LKSTB2,2026-08-20T15:03:37.695475+00:00,8.16422247189377e-08,7.51108467414227e-08,-0.004,hard_stop,0,0,0,81.42,live_higher,hard_stop,0,1,mcap
2026-08-20,768ef35b-a355-4b64-a066-3a27165b2cfd,Bvu2qQEznxfS8n4ngbinKVa9JUgnPx9YGct33WrMpump,2026-08-20T15:03:42.278761+00:00,1.7503614323385867e-07,1.6103325177515e-07,-0.004,hard_stop,0,1,1,9.9,live_higher,hard_stop,0,1,
2026-08-20,8bec8dc1-3dee-4bdf-b2a7-745cf2f4229c,FBhwCuz12b17UoBcJ9pZ1nCU7oLffMeCFeBu9WWopump,2026-08-20T15:04:03.081699+00:00,9.746546545297877e-08,8.966822821674047e-08,-0.004,hard_stop,0,1,1,47.62,live_higher,hard_stop,0,1,
2026-08-20,7512de53-32f9-4def-9ef3-7587a6947c90,32gC9SFr9u2KmJP84YogLiRmCTiuYZChd34S6YS1V7gs,2026-08-20T15:03:36.754664+00:00,4.563232145476205e-07,4.198173573838109e-07,-0.004,hard_stop,0,0,0,-0.36,live_lower,no_exit_within_window,0,,age;buy_sell
2026-08-20,82520e89-9661-4c31-bd1a-44c26cbb9864,HPqjtgAjN4sNXTz2pUN3fe4AKw6GpuE9ZUMNqqTApump,2026-08-20T15:04:35.025975+00:00,6.193507865514752e-08,5.698027236273572e-08,-0.004,hard_stop,0,1,1,-15.29,live_lower,trailing_stop,1,0,
2026-08-20,290affb0-853e-4905-973d-2cc5bb0d9afe,9gRQKvwA3mtoMGAbhea5jAgSRG2pfS8RsQBv2wDqpump,2026-08-20T15:06:33.929404+00:00,5.01613852285249e-08,4.614847441024291e-08,-0.004,hard_stop,0,0,0,58.51,live_higher,hard_stop,0,1,mcap
2026-08-20,f82f81ea-7b1d-4783-ac64-3a9cdaa310d2,H4ZEyE9TXfUffPeJn9DDXGvqCQb6mqiVLNYEmfBajE3w,2026-08-20T15:09:29.441666+00:00,6.30683844371933e-08,5.802291368221784e-08,-0.004,hard_stop,0,0,0,41.7,live_higher,hard_stop,0,1,mcap
2026-08-20,bf68a1cb-b8fe-4242-a2c3-eefc3790c47f,FJrSbgXq2Qg1zrJeWv7EikEHmJzfsRV3Qanf7CWopump,2026-08-20T15:10:44.100345+00:00,7.960210722035215e-08,7.323393864272397e-08,-0.004,hard_stop,0,0,0,149.24,live_higher,hard_stop,0,1,mcap;pool
2026-08-20,bd8ab9c0-2911-4fe8-8d5a-0096137f34db,CV8RX5R76hrKpZxryVTapmppt5fbZz8vpL8b22aTseUH,2026-08-20T15:08:55.895062+00:00,1.1851848311612778e-07,1.4526803512789684e-07,0.011284971,trailing_stop,1,1,1,0.08,live_higher,trailing_stop,1,1,
2026-08-20,08b011d7-ace8-45c6-96b9-7fbda2dd82ff,4FEWNCqZ1nPWuckPBifz1K3YHYWhzRuK4AJ6F7BC71nd,2026-08-20T15:01:55.390785+00:00,4.5691661472582125e-07,4.5691661472582125e-07,0.0,time_stop,0,0,0,-0.23,live_lower,no_exit_within_window,0,,buy_sell
2026-08-20,98f55eb9-e649-4653-8cf2-22c5e08b32cd,AmecR3Wdf6x3EiDPovbWP7KajMvTmpQP5moQCKijpump,2026-08-20T15:12:09.308500+00:00,5.6852976750022024e-08,5.2304738610020264e-08,-0.004,hard_stop,0,1,1,-7.34,live_lower,hard_stop,0,1,
2026-08-20,01883250-f4db-4534-8711-8e53178b7b75,EuNnGsYXbw9zvC125rPSqB6ihNyLeJhgG7bM2zHnpump,2026-08-20T15:12:35.178150+00:00,2.9789043815138594e-07,2.740592030992751e-07,-0.004,hard_stop,0,1,1,3.1,live_higher,hard_stop,0,1,
2026-08-20,cfb206da-dc96-48d6-b0db-002bc3865415,667ms8GP97JhkSL2Qs1YSCLYmRscvuS13A9TMRE2No5C,2026-08-20T15:12:46.131660+00:00,9.008653356070544e-08,8.287961087584901e-08,-0.004,hard_stop,0,1,1,-55.24,live_lower,hard_stop,0,1,
2026-08-20,915bdae0-1865-4029-a53a-31e4a3c2020a,5qB9hS5rbPBnQTAyhfdovUvWRTwzyU6rS6wrHBwwpump,2026-08-20T15:12:51.816739+00:00,1.368119275865205e-07,1.2586697337959885e-07,-0.004,hard_stop,0,1,1,-28.91,live_lower,hard_stop,0,1,
2026-08-20,d59eef4f-6e94-4983-aba1-9c940bbcbabf,BLttra4xonS8EtMXCSrkfnBHse5Ry87BowWNZ1TFpump,2026-08-20T15:12:52.548134+00:00,7.525363294611755e-08,6.923334231042814e-08,-0.004,hard_stop,0,0,0,136.93,live_higher,hard_stop,0,1,mcap
2026-08-20,a4c7ed81-c128-4e05-8bfe-d5325fb2f001,8neCmK35Hh2gT28R8LeDJAb7zGbFG1dJWuytnAXJpump,2026-08-20T15:12:57.203121+00:00,9.584650672913112e-08,8.817878619080063e-08,-0.004,hard_stop,0,1,1,27.27,live_higher,hard_stop,0,1,
2026-08-20,b6e790aa-ac03-4e58-93d6-10f5b6c6348a,DUdSXSwcydUgV5pW1dVidCLr61ZL3rZQwRxdpfGao9Uo,2026-08-20T15:03:22.498970+00:00,4.71931531407745e-07,4.71931531407745e-07,0.0,time_stop,0,1,1,-3.06,live_lower,hard_stop,0,1,
2026-08-20,ed8fe64a-94e8-4136-8fcb-c7b25ccf68e6,CjuXzNvRsTnRuosnZWgCdWhUitqjmQ4BJa1d4947pump,2026-08-20T15:15:06.039286+00:00,4.363903145426443e-08,4.0147908937923275e-08,-0.004,hard_stop,0,0,0,36.69,live_higher,hard_stop,0,1,mcap;pool
2026-08-20,ff52cd78-148d-4aff-bf3b-f7db4a82db3e,CEFhpvaPUWAzmE7m7mQq9YxJVRkpMDqyx3MDK3GFpump,2026-08-20T15:25:27.145381+00:00,5.675150679456434e-08,5.221138625099919e-08,-0.004,hard_stop,0,1,1,-9.35,live_lower,hard_stop,0,1,
2026-08-20,0e29ce29-4be9-4660-a030-2a04414b3108,DRb2D2oJwGRtmgYFn9TKvtBrj914SWcuEDBf5b48pump,2026-08-20T15:25:32.749873+00:00,8.616403041058357e-08,7.927090797773688e-08,-0.004,hard_stop,0,0,0,193.14,live_higher,hard_stop,0,1,mcap
2026-08-20,88ee200c-ce59-4bd2-ac7e-08ed3ee24d64,BcjthfeauzCeYiqmAtSoND56rXtU4DKi7UF3dgap5rSQ,2026-08-20T15:25:43.500138+00:00,7.489598838913422e-08,6.890430931800349e-08,-0.004,hard_stop,0,0,0,62.52,live_higher,hard_stop,0,1,mcap
2026-08-20,9120925c-49cc-4f1c-adf0-48040a56545e,85NE3Po4jXdFsndi5k27iiWTPjTM7u9P7NLBmvRvpump,2026-08-20T15:27:04.685032+00:00,6.202050198865741e-08,5.705886182956482e-08,-0.004,hard_stop,0,0,0,9.92,live_higher,hard_stop,0,1,mcap
2026-08-20,707a97a2-b270-4087-ae85-3165a69711a1,6ftPkrtKJABGUYvqDu8YbejR3wwAJmYyb1Ya97tZpump,2026-08-20T15:29:43.766089+00:00,5.9119624359078166e-08,5.439005441035192e-08,-0.004,hard_stop,0,0,0,47.06,live_higher,hard_stop,0,1,mcap
2026-08-20,cb2bc3af-a391-4b63-986d-4968b65e11a0,A6qX8zH29kTmqYeCQf3ARAfr6cYfRcwrenQxtAczpump,2026-08-20T15:30:27.398262+00:00,9.84468026987515e-08,9.057105848285138e-08,-0.004,hard_stop,0,1,1,-16.7,live_lower,hard_stop,0,1,
2026-08-20,2c94aa44-7c04-48a4-9e3e-c07b951b3ff3,92K6PqF1ABJAMp8LKqM6dAxLGdaGwCdczjK5G4dqpump,2026-08-20T15:33:23.448389+00:00,7.495957620302525e-08,6.896281010678323e-08,-0.004,hard_stop,0,1,1,-41.52,live_lower,hard_stop,0,1,
2026-08-20,7fac977a-72ba-40ac-ab1d-026e915b6589,F9GaQbvyyZ8bsnpRmdFg2MMkKQD2u6sdLhPaNuTNUkx5,2026-08-20T15:33:50.768990+00:00,5.647553478962348e-08,5.195749200645361e-08,-0.004,hard_stop,0,,,,,,,,
2026-08-20,c64b91d7-faa7-4bc6-9007-95ec2faf47f6,5vkTQzTusX7wSa6DrXPYvTWwWT71N4Vsyip97Yrupump,2026-08-20T15:33:56.038117+00:00,5.247237220102997e-08,4.8274582424947575e-08,-0.004,hard_stop,0,0,0,-98.69,live_lower,take_profit,1,0,mcap
2026-08-20,45e800f2-ec03-40a2-adec-531eeb7fb2ab,FaHZp99C1FdwFQN2Lc3aNWvE4srV61tExwJkcSoRpump,2026-08-20T15:34:10.790976+00:00,5.348370586195823e-08,4.920500939300157e-08,-0.004,hard_stop,0,0,0,79.29,live_higher,hard_stop,0,1,mcap
2026-08-20,fda16708-39d0-47c2-8808-77e82c88cd61,GYeWtdQpt8cjgdjdzpL63zRDhSqmBitrizXPkL2ypump,2026-08-20T15:34:31.564606+00:00,6.065407844180676e-08,5.580175216646222e-08,-0.004,hard_stop,0,1,1,-11.54,live_lower,hard_stop,0,1,
2026-08-20,d8e9ea58-7e7c-4f80-8ea8-57cfc7f3194b,6xqCocSuQoT2A3Kw8TJrwUH359gViFYHZ9vuyAQgpump,2026-08-20T15:38:01.597455+00:00,9.776617910754393e-08,1.0433549522566748e-07,0.003359708,trailing_stop,1,1,1,3.56,live_higher,trailing_stop,1,1,
2026-08-20,fda89067-514c-48f0-9b52-7aa98a3f12c6,HLeypzoXu6SFWqYk2vjhhBgJbMdab2HZy374BPSDpump,2026-08-20T15:40:02.694425+00:00,1.6752235268461905e-07,1.5412056446984953e-07,-0.004,hard_stop,0,1,1,-9.47,live_lower,hard_stop,0,1,
2026-08-20,da368254-6658-46e3-88e7-3f0ff8bb4e2a,goUfRz3tU75dixK7cZpQxUmRrLG3FUDUdZcASE9pump,2026-08-20T15:40:05.437069+00:00,2.009542856478838e-07,1.8783543690967679e-07,-0.003264138,early_exit_no_green,0,1,1,-0.28,live_lower,trailing_stop,1,0,
2026-08-20,56e21bc5-0f53-46c2-8d04-6bb219d55ac9,5o1ZuSQcA9pbGZutkvdZUEcmJU5pftzV9bqGM5X9xAEZ,2026-08-20T15:54:43.385451+00:00,1.8424789533755675e-07,1.6950806371055222e-07,-0.004,hard_stop,0,1,1,13.9,live_higher,hard_stop,0,1,
2026-08-20,b430392f-c7b3-4002-bb64-971d2a4c0638,4fegBMgNNwNiadST4PEkueEuawndeHtNWohjPQVUpump,2026-08-20T16:03:09.829290+00:00,1.3083893648030175e-07,1.203718215618776e-07,-0.004,hard_stop,0,1,1,2.23,live_higher,hard_stop,0,1,
2026-08-20,e9a1a4e6-b869-48f7-945e-ef527026a733,5VrKfum5BoN72FrtAG6m8MZkHQ6S9nhoLBPdPqLZ2gbk,2026-08-20T16:08:00.176698+00:00,3.624723228571369e-07,3.3347453702856595e-07,-0.004,hard_stop,0,1,1,12.31,live_higher,hard_stop,0,1,
2026-08-20,19dfddbc-b8ba-4933-bcbc-d0de89492f62,ABL2S9mxwyi6Vi3KgWogHQE7v4qjYdvUu2s38YBppump,2026-08-20T16:07:45.668862+00:00,2.3791441646602498e-07,2.18881263148743e-07,-0.004,hard_stop,0,1,1,0.06,live_higher,trailing_stop,1,0,
2026-08-20,69ed3e2e-9a8f-4b6d-8901-e35137ccd16c,5f34cC7RiTwrE38xra7ywsBDoQWdXzZSiS8Jk4HApump,2026-08-20T16:10:23.174350+00:00,1.9479635039011078e-07,1.7921264235890192e-07,-0.004,hard_stop,0,1,1,-14.53,live_lower,hard_stop,0,1,
2026-08-20,ffaaf4c4-13af-446b-8110-4ac40466b98e,D2dEZEjJNmuHCEnoYCVHtLbxcTTmydvDHUCZqi4ypump,2026-08-20T16:20:16.304218+00:00,2.3690317095765095e-07,2.657287657784329e-07,0.006083835,trailing_stop,1,1,1,-5.67,live_lower,trailing_stop,1,1,
2026-08-20,16aff4de-8e52-468c-8b0b-3b4fd0d6096e,EzKVn4znLW8Mc8JAafZWi37KxGp46CHf43jptxdnpump,2026-08-20T16:26:31.618065+00:00,6.686699393515721e-08,6.151763442034463e-08,-0.004,hard_stop,0,1,1,5.66,live_higher,hard_stop,0,1,
2026-08-20,2ef64002-ad7a-4f00-9b2a-fa1a30199697,EHTJSJ97kDfwtb6qCv5AWgSn18cBAtGbwLSquxqMpump,2026-08-20T16:28:07.475585+00:00,1.3594971338740993e-07,1.8818730151544511e-07,0.019212099,trailing_stop,1,1,1,-43.91,live_lower,trailing_stop,1,1,
2026-08-20,f4906548-dde2-42b9-bbae-5b4e30239125,2aDqxiKMZFxL4n9UtftfwHzg1qS29mfpfN2S3suUpump,2026-08-20T16:34:43.975999+00:00,2.3402795102681226e-07,2.153057149446673e-07,-0.004,hard_stop,0,1,1,-8.64,live_lower,hard_stop,0,1,
2026-08-20,558b1041-ff9b-4cea-85bb-b3a48d3d93c1,EvDxj9d4W7r7UQ34g3tw9siA6qML1ihYrzw9NhhDpump,2026-08-20T16:42:25.933457+00:00,1.3533793556194296e-07,1.2451090071698753e-07,-0.004,hard_stop,0,1,1,-1.71,live_lower,hard_stop,0,1,
2026-08-20,c8b47da7-263c-4e13-a5ae-b9c812aeb8d1,FwYKVLDDtvRpTxpr8wDbMmprna4H4Upt65xCG7uLpump,2026-08-20T16:43:01.806184+00:00,3.3737822759996137e-07,8.434455689999034e-07,0.075,take_profit,1,1,1,-1.52,live_lower,take_profit,1,1,
2026-08-20,d8c25c6a-e68c-44bd-a3ee-f2f02a1e11b4,CbMWV8Sk5oR2XMStjcmhVcyELTaqWsef7hNBMa4tpump,2026-08-20T16:47:01.989286+00:00,2.507157147676464e-07,2.306584575862347e-07,-0.004,hard_stop,0,1,1,-7.64,live_lower,trailing_stop,1,0,
2026-08-20,c7df4a2d-8e42-42f2-9778-b80d5abefedf,GKBz5P9GW1irM8DUgDk1Qtqid3ERi49GKm7SbrP2hSpa,2026-08-20T16:48:47.570505+00:00,4.657931494630255e-07,4.285296975059835e-07,-0.004,hard_stop,0,1,1,2.73,live_higher,hard_stop,0,1,
2026-08-20,4ce6f365-9aa9-433b-a9cc-889f4feb8276,GVLFCJBosq5rtYrLTXUr41a8BjEsKBq19ZXHQpT3pump,2026-08-20T16:48:51.105067+00:00,1.0467433916432774e-07,9.630039203118152e-08,-0.004,hard_stop,0,1,1,18.98,live_higher,hard_stop,0,1,
2026-08-20,626299d5-ff15-46b0-b07c-7304c67e560b,F1n4cSmBGa8ZYMPgJ7UrkR8678rLTSdw3AYfQRs8pump,2026-08-20T16:48:25.953608+00:00,1.6794922906813104e-07,1.6873297611957537e-07,0.000233329,trailing_stop,1,1,1,3.08,live_higher,trailing_stop,1,1,
2026-08-20,bacac12e-3232-429b-b1f0-8bc9fb029c8b,3qxH4hgDv8qqG2r6mnEZnxyc5pD777dnXvVpo4Fqpump,2026-08-20T16:52:08.558086+00:00,2.1904006680374555e-07,2.015168614594459e-07,-0.004,hard_stop,0,1,1,-19.38,live_lower,trailing_stop,1,0,
2026-08-20,7ade0b92-820b-4faa-abe1-bc2a70200548,7hJFU7p6kMmGzifMcXeZ9uP7R7aKT6FBd8uYXkbapump,2026-08-20T16:55:50.766894+00:00,2.2543487364120317e-07,2.0740008374990694e-07,-0.004,hard_stop,0,1,1,-12.79,live_lower,hard_stop,0,1,
2026-08-20,faa02831-152b-4362-805b-fa44dd975004,71Geo1QcySm986JzmdYuitHqnLPgDLbdjyPoqMPrpump,2026-08-20T16:57:17.156027+00:00,4.199775771946999e-07,4.1953124742540924e-07,-5.3137e-05,trailing_stop,0,1,1,-2.45,live_lower,trailing_stop,1,0,
2026-08-20,68138978-e669-49df-8f42-ee312c7d77f0,3DmVvQcs1UKVxvGP34GdN6YpvnfKqHfSpK3Pg6kqpump,2026-08-20T16:57:49.574112+00:00,1.662400984294259e-07,1.5294089055507183e-07,-0.004,hard_stop,0,1,1,-7.84,live_lower,hard_stop,0,1,
2026-08-20,e2eb76b6-b772-4bb8-aea9-db4b5b983341,ENzjkHHNgb7X4eB2pvZ5pQ7B8KUGoD8M7fZtnJsppump,2026-08-20T16:59:48.803171+00:00,2.0813308804915007e-07,1.9148244100521807e-07,-0.004,hard_stop,0,1,1,8.54,live_higher,hard_stop,0,1,
2026-08-20,9df46d73-94b1-4a18-9924-630580a311ac,AUFPTcZ2vRs7hv8hJxJ7gSeLa7BUuRLGd9snpgzv6B6A,2026-08-20T17:04:05.840379+00:00,1.8110586580303927e-07,1.6661739653879615e-07,-0.004,hard_stop,0,1,1,9.75,live_higher,hard_stop,0,1,
2026-08-20,a0fc47f7-fa08-4d9c-a621-ff2fadc483ee,6j7fHsXUCuPLqw4uJCD5JfZEn9dCAMrkDHvXkbYspump,2026-08-20T17:07:55.202593+00:00,1.2005274672235388e-07,1.1044852698456558e-07,-0.004,hard_stop,0,1,1,3.55,live_higher,hard_stop,0,1,
2026-08-20,c27aebb7-5452-4138-a90b-50c10e393f2b,9bTjKvVb1pBkRhjZ6f1znpo3ckcv6hVKbV4RmuvMpump,2026-08-20T17:15:19.341707+00:00,1.8578720254428012e-07,1.7092422634073772e-07,-0.004,hard_stop,0,1,1,-3.93,live_lower,hard_stop,0,1,
2026-08-20,3f201ceb-f3d7-4d89-93ce-e3353c06b232,9bdb67JcUHKjrHvdfm1xvFa65tZ3Mpe2GsDESmBZpump,2026-08-20T17:17:24.274920+00:00,2.855273960509793e-07,2.6268520436690095e-07,-0.004,hard_stop,0,1,1,4.71,live_higher,hard_stop,0,1,
2026-08-20,8e85fadf-9867-4acb-a66b-cd84f9bf1a6e,Bj8WHavgQNBNdUcvgmwjnVotc2spiSdwy4UgRyQqpump,2026-08-20T17:20:49.566009+00:00,2.894652904960486e-07,2.663080672563647e-07,-0.004,hard_stop,0,1,1,73.03,live_higher,hard_stop,0,1,
2026-08-20,a1da7fd0-e41d-4eb3-93ee-0468f400f1e3,A3iUN5AVyCeyxnW97R66cyKfUUwaFk7mCMY3wMkPysbP,2026-08-20T17:24:13.722417+00:00,3.580281647640689e-07,3.2938591158294343e-07,-0.004,hard_stop,0,1,1,-4.4,live_lower,trailing_stop,1,0,
2026-08-20,c8ee1011-dfaa-407e-bdc5-427a50f40bd4,DZAtr9v9Lc4xjLhnxLnurDk4a2HKkneZxcLxADqNpump,2026-08-20T17:23:37.044363+00:00,5.016463826490253e-07,6.382095776747751e-07,0.0136115,trailing_stop,1,1,1,17.93,live_higher,hard_stop,0,0,
2026-08-20,5f60fe82-d57b-4c6e-80b7-1ba31988afe2,77MSb7q2cKTs82fPNLXSQcVixhuZq6kSUPkUjNy2pump,2026-08-20T17:27:18.766388+00:00,4.9141153001216315e-08,4.520986076111901e-08,-0.004,hard_stop,0,0,0,14.22,live_higher,hard_stop,0,1,mcap
2026-08-20,adb44720-5834-4a88-a6a9-c9f0c89b57f0,CgNHWaxoj3Tqtv4JhTHDBvGREEftPrk3PX67wQ3bpump,2026-08-20T17:28:47.493319+00:00,5.436745412572524e-07,7.466612174296838e-07,0.018668032,trailing_stop,1,1,1,-4.31,live_lower,trailing_stop,1,1,
2026-08-20,a8a638c5-6204-408a-8914-aa219549d4d7,BvVCiRmFZAchiHRV5C3USEzzFDXwd4T54mvg1Cqspump,2026-08-20T17:31:27.983847+00:00,2.0271465191371787e-07,1.8649747976062044e-07,-0.004,hard_stop,0,1,1,4.66,live_higher,hard_stop,0,1,
2026-08-20,e88863d0-f80f-4aaa-aa58-ec8f33882912,4EUa5vebsktw2BQ3HAwpBokJnjY8KVsC76gKLb2Dpump,2026-08-20T17:33:34.192213+00:00,7.67691024909696e-08,8.120189679964652e-08,0.002887095,trailing_stop,1,1,1,14.42,live_higher,hard_stop,0,0,
2026-08-20,a0a8fc21-466b-42dc-8dc3-65fed117ff40,GWANk687A5Aj5eqi33HdzdeQq6z1e1ySXwwCY5tkpump,2026-08-20T17:41:44.387669+00:00,4.4614812761620497e-07,4.1045627740690857e-07,-0.004,hard_stop,0,1,1,-10.34,live_lower,hard_stop,0,1,
2026-08-20,dddc28ae-b1b9-49de-847e-92111fb69d5e,6u7Jsv9wprq62qvmseC53g2pubJ1bNVzdB6MC8tQpump,2026-08-20T17:41:49.303414+00:00,1.1242437516561232e-07,1.0343042515236333e-07,-0.004,hard_stop,0,1,1,8.58,live_higher,hard_stop,0,1,
2026-08-20,8aeee00e-5332-43c7-a6e4-52f27c92ded8,Af8hLGodrgxqgmGg6Nfv6YhYLqKcYvYdUUCDRY57pump,2026-08-20T17:45:46.955666+00:00,2.4180199136046734e-07,2.3566210846621263e-07,-0.00126961,trailing_stop,0,1,1,-0.56,live_lower,trailing_stop,1,0,
2026-08-20,26719531-dac6-43c0-ac58-26ab0873858b,5b862n9N8RSpZ4Zc5fmFrTbgvJkrMWCrqZ1JCx4vpump,2026-08-20T17:48:04.037743+00:00,3.209847510590506e-07,3.2304643674444456e-07,0.00032115,trailing_stop,1,1,1,-5.17,live_lower,trailing_stop,1,1,
2026-08-20,22e0965a-057f-4499-9b37-ba537a34f17c,G6wARiaxMhBFacr7hYGGWdZuWqJ6ErKDCHtzc5Urneko,2026-08-20T17:52:05.866362+00:00,1.0597778845166846e-07,1.9520849069775524e-07,0.042098775,trailing_stop,1,1,1,-25.81,live_lower,trailing_stop,1,1,
2026-08-20,d8b0fc22-94e9-4cc7-bdef-18e9e5335454,ArU711tniqPcBFsPewPCTzs2JHRKEQ5WEfTPuo7AeYyE,2026-08-20T17:52:50.808308+00:00,2.89621933907159e-07,2.664521791945863e-07,-0.004,hard_stop,0,1,1,-3.05,live_lower,trailing_stop,1,0,
2026-08-20,381d4970-8f13-4db2-9154-07d4afce18b1,7NM1kVcAhgXVeRtAHLntrByoLUNyA653653midwBpump,2026-08-20T17:58:36.925693+00:00,1.8019166819102402e-07,1.6577633473574212e-07,-0.004,hard_stop,0,1,1,2.4,live_higher,hard_stop,0,1,
2026-08-20,1774c94d-d04f-4281-bdb5-987035fb2d8c,49DbBgC9Z385FzJqtdTBdDHPRzcD5GoUUeYCRNdYpump,2026-08-20T17:58:23.764054+00:00,1.2275328225243448e-07,1.1293301967223973e-07,-0.004,hard_stop,0,1,1,-8.06,live_lower,trailing_stop,1,0,
2026-08-20,82ddc16d-8448-444f-9774-21b54d5d97b4,4CiLPCuACsnm11pP7SqordPyH8mtL56z2vj8pD3Zpump,2026-08-20T17:58:35.021022+00:00,2.034674577257023e-07,2.617673570583428e-07,0.014326591,trailing_stop,1,1,1,-1.29,live_lower,trailing_stop,1,1,
2026-08-20,8026527e-48c8-4931-a7b1-d9b060fd82ea,3rZQxH5sjnMqKJerzSCp5DW5X4EXb3k4C3rTwaDmpump,2026-08-20T18:04:34.160947+00:00,1.1213172880102575e-07,1.0316119049694369e-07,-0.004,hard_stop,0,1,1,16.23,live_higher,hard_stop,0,1,
2026-08-20,5c999590-9548-4328-812d-0e2a1ef545df,HTtdgAEGJqpjVeLPzFnRPN7DfgLqL733Z6ueKMGrpump,2026-08-20T18:07:16.932778+00:00,3.1365899429276923e-07,4.3267469756789553e-07,0.018972149,trailing_stop,1,1,1,0.05,live_higher,trailing_stop,1,1,
2026-08-20,cff3d7e2-9fdd-47a0-b743-c9d4e36f8f65,6rewXW5nSjQwB1Rgn9ivVAAsmbtBc9x9NZ87i1J5pump,2026-08-20T18:16:34.296227+00:00,1.1869739371853734e-07,1.1925414137891516e-07,0.000234524,trailing_stop,1,1,1,-3.16,live_lower,trailing_stop,1,1,
2026-08-20,49e0030d-a1bf-404d-997d-d5946f00ef7e,5HiKdA2uuoJKY4y7kosZ8DaKLh9CHJAKcLXwJtNNpump,2026-08-20T18:18:47.010981+00:00,2.6716480294965344e-07,2.457916187136812e-07,-0.004,hard_stop,0,1,1,9.26,live_higher,hard_stop,0,1,
2026-08-20,7a93d312-c44f-4533-8cbd-00954fd9afe1,5XeAyznGfB7F6ixDj67n1tGHakaNrZmyb6QLhgfwrDep,2026-08-20T18:22:37.810738+00:00,2.2005969758474158e-07,2.0245492177796225e-07,-0.004,hard_stop,0,1,1,5.62,live_higher,hard_stop,0,1,
2026-08-20,ac404f40-117a-4e67-9105-dc19e8a8daf3,AQXVX61be3PPAgM4jgFzQMgnjAQNNNQf2YcPfX8pump,2026-08-20T18:30:53.580230+00:00,3.0921207774122373e-07,3.635222791406447e-07,0.008782031,trailing_stop,1,1,1,-4.37,live_lower,trailing_stop,1,1,
2026-08-20,06a2f50d-2c74-48ff-ae95-71e6d99dc127,HE5PwX1n28BMspuLDif4Utt4APcLx4krbaSubhs76xCZ,2026-08-20T18:32:25.068116+00:00,6.906019039516934e-08,6.353537516355579e-08,-0.004,hard_stop,0,1,1,1.36,live_higher,hard_stop,0,1,
2026-08-20,2e6acf7f-00f2-4ff4-a63e-94cf4d6f8355,9kt6D2s65MzggauCLLCc3PCyuDq3N68W2Kfw75Frpump,2026-08-20T18:38:03.789176+00:00,1.5038943071832347e-07,2.3270806682159824e-07,0.027368491,trailing_stop,1,1,1,-25.98,live_lower,trailing_stop,1,1,
2026-08-20,56ff2e08-8759-412d-9596-5415d18c0dc1,CJgy7XD3WjiN5PKF4cWDtb2xmvw2s3psXH2uGK67pump,2026-08-20T18:41:37.602352+00:00,3.0178055872824045e-07,3.0612269403373396e-07,0.000719419,trailing_stop,1,1,1,-3.24,live_lower,trailing_stop,1,1,
2026-08-20,737ecd82-b715-40d7-96f2-b64d44530d51,8Ga8sUz4Q9Grhs8ush4cgFZt4sEfCx822kh39fCwpump,2026-08-20T18:48:57.995855+00:00,1.6706732202425553e-07,1.5370193626231508e-07,-0.004,hard_stop,0,1,1,7.93,live_higher,hard_stop,0,1,
2026-08-20,959b9a8c-6fe2-4547-bf5c-8bcac8e18cfb,4CXKaFyoDEaRtGYqaQv3kmDkzo7RkXKnmfCoq29Lpump,2026-08-20T18:50:20.511832+00:00,7.927312769238034e-08,7.293127747698992e-08,-0.004,hard_stop,0,1,1,22.01,live_higher,hard_stop,0,1,
2026-08-20,ef2d2169-a11b-40ba-9a8b-fbf1c128e636,6vdHzrPqm1AcuMdx4k5cUiWxi9YDxV6yTWqsNZMrpump,2026-08-20T18:52:37.560885+00:00,2.615067095323707e-07,2.4058617276978105e-07,-0.004,hard_stop,0,1,1,-4.94,live_lower,hard_stop,0,1,
2026-08-20,25fbc4f0-1575-439e-bea1-6d6680a2131f,EsqYneVWU37VHd1hVtN7A7hw5f4eMmBYAEVGm5eFpump,2026-08-20T18:54:21.580158+00:00,3.5691894870513136e-07,3.842142750161306e-07,0.003823743,trailing_stop,1,1,1,-2.7,live_lower,trailing_stop,1,1,
2026-08-20,70ec2b0e-0cb9-46df-8912-ea17af9ed6cd,5xMC6FLknqmS2CMzUU3jM9Bh7QV9FGDFqJosWc28pump,2026-08-20T18:59:23.077505+00:00,2.3245167993108873e-07,3.7582934598125983e-07,0.030840316,trailing_stop,1,1,1,-6.12,live_lower,trailing_stop,1,1,
2026-08-20,177f0089-6a61-4678-9708-c2ca73424e2b,AgriPDTmguv6tTVHjLokbjN2ZBii6bGxawBYUrjSpump,2026-08-20T22:00:30.663196+00:00,2.6234458503654694e-07,2.413570182336232e-07,-0.004,hard_stop,0,1,1,1.54,live_higher,hard_stop,0,1,
2026-08-20,122a45a5-1706-4a07-81c1-0c474834c2bc,4xVMWdAsFsDubPHj2sw7QaAuQwR227LJNkYWZLZUpump,2026-08-20T22:01:55.924838+00:00,1.491399712985474e-07,1.3720877359466363e-07,-0.004,hard_stop,0,1,1,14.15,live_higher,hard_stop,0,1,
2026-08-20,fa66c90a-77b6-4a65-beb5-1238d2405243,FqNvJUZnJKUS5VfupnBZ5KEKxnfgPh8SkHNd7kjupump,2026-08-20T22:00:29.725517+00:00,1.3994697477453088e-07,2.188644528690534e-07,0.028195493,trailing_stop,1,1,1,-36.27,live_lower,trailing_stop,1,1,
2026-08-20,5d51c1e9-0df6-4506-ab96-5386f11a8452,9zpJ6oGwDFfnvrtftxsDAzF9yfBmFeUVtq9ydAiPp9vU,2026-08-20T22:02:08.050376+00:00,2.3377439350128152e-07,2.9624481424085033e-07,0.013361262,trailing_stop,1,1,1,-19.43,live_lower,trailing_stop,1,1,
2026-08-20,35f80b0b-2bc3-4499-8c21-aceb4e32df39,Bnsd3FCfxBPHhKUhvnFEKSDgpduGU8UyeNJExDndpump,2026-08-20T22:03:04.097776+00:00,9.87921173503846e-08,9.088874796235385e-08,-0.004,hard_stop,0,0,0,103.93,live_higher,hard_stop,0,1,mcap
2026-08-20,0ef5b4d8-f69d-4ad6-b5be-6c9bc891d326,AScVtDEBvEUAtEL5VEyKVhP41PApFkFUZzW8BrBC5uen,2026-08-20T22:02:28.553932+00:00,4.669242873646976e-08,4.605637195443211e-08,-0.000681113,trailing_stop,0,0,0,-2.47,live_lower,trailing_stop,1,0,mcap
2026-08-20,2dc5251d-127a-4cd0-b6f7-c6110af098fa,6Mb2LjntjNauf2vGeeLwSzSggtbVfZaBpX8oA693pump,2026-08-20T22:03:47.716213+00:00,1.5923863118997475e-07,1.4649954069477678e-07,-0.004,hard_stop,0,1,1,1.05,live_higher,hard_stop,0,1,
2026-08-20,df9776d4-5e26-4a78-96d3-102ecb34269f,AzQEr9vnARnpDQxeDFEVv6DPeywKpVzutbw36NyLepyy,2026-08-20T22:04:08.790071+00:00,9.423771236638365e-08,1.2463120522802233e-07,0.016125971,trailing_stop,1,1,1,-4.51,live_lower,trailing_stop,1,1,
2026-08-20,b34b8309-0272-40b6-b218-a3933232a9e7,8fztfRGvfq8LEVi8QpNoDVgVvtwVo2pYKo6nShU8pump,2026-08-20T22:05:14.191739+00:00,4.085346653223249e-08,5.47509092327111e-08,0.01700889,trailing_stop,1,0,0,0.01,live_higher,trailing_stop,1,1,mcap
2026-08-20,ab79b6f9-58fd-42b5-898f-ed8940bf03e5,5Cwca9EBv5wqiwbT62RdJommPfPC4bH8V7nrUJaYB6Hv,2026-08-20T22:05:24.166451+00:00,1.6666035318445857e-07,1.5332752492970188e-07,-0.004,hard_stop,0,1,1,-0.39,live_lower,hard_stop,0,1,
2026-08-20,e2b4993d-f40a-4255-8187-b4e27e54fda4,8NfTYBbdA3pqQuHDd9t45SfB6nnBPqi8Ys6CVQA7pump,2026-08-20T22:06:01.595403+00:00,2.9867183931596635e-08,2.968445502449537e-08,-0.000305902,early_exit_no_green,0,0,0,0.01,live_higher,no_exit_within_window,0,,mcap;pool
2026-08-20,723d4189-f5a3-44f2-ab7c-9da0f5d7a2cf,EeRUpBBDtv1EMibpQSzFEkfFUdZQeU2GH6Uk2E43pump,2026-08-20T22:06:54.004790+00:00,8.392277100614879e-08,7.720894932565689e-08,-0.004,hard_stop,0,1,1,-0.59,live_lower,trailing_stop,1,0,
2026-08-20,500c3d3e-79cd-4348-92c2-b875ca5f44e4,Bz4Gs1tycd1Jio1Fo3qoxcLEfvDVhMvQECCnnijipump,2026-08-20T22:08:07.566195+00:00,5.835627013086148e-08,5.368776852039256e-08,-0.004,hard_stop,0,0,0,18.54,live_higher,hard_stop,0,1,mcap
2026-08-20,1bc0f02c-0ec0-4e74-8d20-99f65242aa6f,7ZbohBU7AH7ZsPb4yzRShoAUFF8CWdDPMEmnWi7N9tqv,2026-08-20T22:06:55.575787+00:00,3.809888682608276e-07,4.0743051088174837e-07,0.003470133,trailing_stop,1,1,1,-1.69,live_lower,trailing_stop,1,1,
2026-08-20,e7abd432-3f45-4ccc-9fd2-27ac4fb0d1a3,BM2a4nXYH8nxqX1iifn5y3ipFJRSzZ4pYN3HJHasTz6w,2026-08-20T22:08:51.690321+00:00,1.93250347939775e-07,1.8337562187845905e-07,-0.002554905,trailing_stop,0,1,1,-26.02,live_lower,trailing_stop,1,0,
2026-08-20,9240fc0b-351a-49a1-8151-b9741844431a,buLSKKXBPBGRBieQWuo4rtziN33o2rhha2YfnCnpump,2026-08-20T22:09:42.421905+00:00,7.529853758645715e-08,7.53015491810391e-08,2e-06,early_exit_no_green,1,,,,,,,,
2026-08-20,296f01dc-76ca-4ab0-acf5-8756ea5d6742,5vp23EKrtJdh3GRAqSWcnKpMLg6EUZwfjmxFniUdpump,2026-08-20T22:02:21.797425+00:00,3.399104046022174e-08,3.4022431162923896e-08,4.6175e-05,time_stop,1,,,,,,,,
2026-08-20,6a016f6f-a818-41e7-8d73-f43b2e7635d7,CdAWsC9t5ahqhNS5Q79Pssa5z47HpXafpwG83wDuDWuv,2026-08-20T22:02:22.715125+00:00,2.8619941638698767e-08,2.864651848404938e-08,4.6431e-05,time_stop,1,,,,,,,,
2026-08-20,25448892-7a4e-492f-9f97-bc0bc92db229,3fREUnawyt4u9tFiYJ9Y2ogk9igoCdGcwjSJ887Cpump,2026-08-20T22:10:30.446333+00:00,2.996729688658579e-08,3.1270909631930945e-08,0.002175059,trailing_stop,1,0,0,3.19,live_higher,no_exit_within_window,0,,mcap;pool
2026-08-20,baed3db8-2f75-4174-86f7-e15821e033b2,4LTVXyR3SG5tbLzyimBL4EtG8k9cNzCXJdLC1mdMpump,2026-08-20T22:12:11.435183+00:00,7.491404563339265e-08,6.892092198272125e-08,-0.004,hard_stop,0,1,1,1.5,live_higher,no_exit_within_window,0,,
2026-08-20,0559c4a4-e68b-4170-b5b1-e185b972bd3f,2pcZXVF4TnNYdhpXUG4SzFkZA9ysFyDLbhBjopSWNSbv,2026-08-20T22:13:36.453924+00:00,4.077265534540847e-07,3.751084291777579e-07,-0.004,hard_stop,0,1,1,6.53,live_higher,hard_stop,0,1,
2026-08-20,219b9ca0-310a-440c-a67f-0d051775fe63,24we6MhQbmj4wEwx7gqjCekTSem6i34Wm8eBpZMUpump,2026-08-20T22:14:32.172762+00:00,6.459396193287401e-09,1.6148490483218503e-08,0.075,take_profit,1,0,0,-24.04,live_lower,no_exit_within_window,0,,mcap;pool
2026-08-20,87ddd0ba-0d50-463b-8f0d-226308c5d277,8oQ143D3znE2KPHgjADTXMU49BVBQPKFPtBkARPH8Bc5,2026-08-20T22:15:36.116294+00:00,4.018903081545407e-07,4.978899787778146e-07,0.011943517,trailing_stop,1,1,1,1.26,live_higher,take_profit,1,1,
2026-08-20,0ac5c192-704e-4ca9-8fe7-13898e65fe71,Fyn2bQ8fefYnFfRp3XF5iAwkZGndDXNb9JeufbXtDGiC,2026-08-20T22:15:21.415918+00:00,1.0372544330433265e-07,9.542740783998605e-08,-0.004,hard_stop,0,1,1,6.43,live_higher,hard_stop,0,1,
2026-08-20,9297b463-ec2c-416b-af51-c7c074ee26e9,58Zx8zvuvHKTmq6WTyTChk2g9W5xjX661cUT7hX4uKyA,2026-08-20T22:15:14.892032+00:00,1.0448415960249357e-07,9.962924366241945e-08,-0.002323278,early_exit_no_green,0,1,1,1.94,live_higher,time_stop,1,0,
2026-08-20,a355e568-e6e8-4efd-bd93-dac9ff8c6123,9vNUEnkdSxRUBHehJK4diqze2aYpQcJe3tMMYAS9pump,2026-08-20T22:16:27.610453+00:00,3.4246191126364574e-07,3.150649583625541e-07,-0.004,hard_stop,0,1,1,14.8,live_higher,hard_stop,0,1,
2026-08-20,23fd0ed3-1174-4f40-bf09-10d7cfedb4a8,985WYiiniqM4Dfi6GQewv9CS9oVKQ2UTSJbdW8eVqSN2,2026-08-20T22:16:59.787639+00:00,1.0844710917718257e-07,1.0684523479083798e-07,-0.000738551,trailing_stop,0,1,1,-1.51,live_lower,trailing_stop,1,0,
2026-08-20,ed2c9cb1-a9b9-45cc-bce9-6ee1cc0f904c,AZbYPJUfJ1LKpoZWUzzgHvDLBwzD7XaKur3UXj9ppump,2026-08-20T22:17:33.757517+00:00,4.4058976561753855e-08,4.580102382510628e-08,0.001976949,trailing_stop,1,0,0,3.51,live_higher,trailing_stop,1,1,mcap
2026-08-20,9b0c1e60-b22b-4195-bdea-928163cb36e1,4H962aVmurU7ajUh8A4WAX5MCNCBjVNjDXLZWMCDpump,2026-08-20T22:16:29.281269+00:00,0.00029803199796544784,0.0003180860999896308,0.003364421,trailing_stop,1,0,0,-0.67,live_lower,no_exit_within_window,0,,mcap;vol_mcap
2026-08-20,fcf9eced-9d2c-4aa4-a1ba-2aa143a252df,2KhWZWodWZHR3o9wS9DXr4egMkdqjxN4TUroRxwwhxJq,2026-08-20T22:16:52.036134+00:00,4.4789296081330145e-08,5.142307182066742e-08,0.007405537,trailing_stop,1,0,0,-2.46,live_lower,trailing_stop,1,1,mcap
2026-08-20,fcdfb882-2c60-417e-b490-e22c335e9153,7hJXqafoJkR12ampA4QuMkCkPkQZEosnW3iSm5Gcpump,2026-08-20T22:10:32.701096+00:00,3.0715877384170025e-08,3.0697045928082226e-08,-3.0654e-05,time_stop,0,,,,,,,,
2026-08-20,ca8c07c0-9d30-4a95-a2f4-bb8ecd8247a9,CQQKsy583PnTLyMaQXd6MGudSsuez1FpMHHABf1DaLHq,2026-08-20T22:18:39.856481+00:00,1.0064732002186985e-07,1.1421910334941423e-07,0.006742248,trailing_stop,1,1,1,-3.33,live_lower,trailing_stop,1,1,
2026-08-20,b98b5043-db03-432d-8c66-873041ab7a4b,HcyDRRZ7fPSTL8QcooEoMKoSWoWNktijuoxKiLWhNLMn,2026-08-20T22:12:45.139035+00:00,4.6670980474161086e-07,4.6670980474161086e-07,0.0,time_stop,0,0,0,2760495.76,live_higher,hard_stop,0,1,mcap;vol_mcap
2026-08-20,4d0d4830-5387-4441-aea2-f855c4b509a0,9C3kdFpAL8cCzzBGdRUGyL6Krh59eNoVpS7qy7wypump,2026-08-20T22:20:50.084901+00:00,5.72767367111122e-08,5.748856360349331e-08,0.000184915,trailing_stop,1,0,0,1.38,live_higher,trailing_stop,1,1,mcap
2026-08-20,47d0caa7-847c-47ab-8761-7511a11e772b,GjsN3ZjyZVXCcyXhgG9vLb3EzaBQy87u5YArx1KpYXHi,2026-08-20T22:24:06.723588+00:00,4.667087368158227e-07,4.2937203787055687e-07,-0.004,hard_stop,0,1,1,-6.04,live_lower,hard_stop,0,1,
2026-08-20,6ab82aa7-8db3-4204-90fa-50552be21893,28p9312Sv6TgDuypxwSFH7DGHFyxZof4jCLv1KYmpump,2026-08-20T22:23:55.060862+00:00,2.9058408140808768e-08,2.8318035461232244e-08,-0.001273939,trailing_stop,0,0,0,-2.89,live_lower,trailing_stop,1,0,mcap;pool
2026-08-20,634c25c5-ca88-49ae-9cf5-722010022502,8HW5W2uWCy1gEUbVzVqZ87PPRuyjDJ2VnvvpA4WaWfTY,2026-08-20T22:24:18.214870+00:00,5.620836069924269e-07,5.171169184330327e-07,-0.004,hard_stop,0,0,0,-2.84,live_lower,hard_stop,0,1,mcap
2026-08-20,33b6a9c6-5dd6-43fa-bef8-d010b4835bbf,149ete5GAgSWMfzijUQTSSPW8ho2bJDxBhTwH9Etpump,2026-08-20T22:24:49.867098+00:00,2.636579973663083e-07,2.4256535757700363e-07,-0.004,hard_stop,0,1,1,3.44,live_higher,hard_stop,0,1,
2026-08-20,81a6a2d8-8574-4592-ba2c-82d501f5dce1,E4d9YHLKLNGbCBmQMSD8jkec3ZW6vjj1NWwUAhpap52o,2026-08-20T22:24:57.966122+00:00,1.2993438339267658e-07,1.311468848179544e-07,0.000466582,trailing_stop,1,1,1,-1.46,live_lower,trailing_stop,1,1,
2026-08-20,121e3c51-136c-4993-9010-ba02f8f92347,DRYK5L6PnL1PqykTMqWPSDDsmVqA5GN9SgXAf16UFqHP,2026-08-20T22:25:39.443916+00:00,1.3453100775390226e-07,1.5770789274365157e-07,0.008613957,trailing_stop,1,1,1,-31.67,live_lower,trailing_stop,1,1,
2026-08-20,33eea35a-b06a-4262-aedd-6d05217761c0,6dHwnX6DcbdEbDaybeVHZDguTBVc7oJSrZVE5itGpump,2026-08-20T22:24:59.667417+00:00,6.346443567235192e-08,6.34513809179179e-08,-1.0285e-05,early_exit_no_green,0,,,,,,,,
2026-08-20,00af4412-a2bb-449a-955d-c09162a818c7,CXt2MutgyxxMPRfETh7kZTqJ7S31QPXqQ5MawZf5pump,2026-08-20T22:26:00.473276+00:00,4.735938976689175e-08,4.640766027756114e-08,-0.001004795,trailing_stop,0,0,0,24.66,live_higher,hard_stop,0,1,mcap
2026-08-20,e66ccc9f-8d94-4934-99df-35cccf4492a0,k8JTVmxaUrMSss5xMwCvRPFvB4qdnbjwF3MeeijNory,2026-08-20T22:26:37.632189+00:00,0.00015731198505081624,0.00014472702624675093,-0.004,hard_stop,0,0,0,-98.87,live_lower,take_profit,1,0,mcap
2026-08-20,7f2affb5-0445-47cd-b6e8-e32b2938510a,4PYRiRetW5Vvp9K1rsQfKc8AFG2wmBaTUfmen3RRpump,2026-08-20T22:28:06.810253+00:00,1.6311062282146834e-07,2.1100449062369694e-07,0.014681407,trailing_stop,1,1,1,-6.23,live_lower,hard_stop,0,0,
2026-08-20,194cae9b-7159-43d9-94ee-e24738c1ce69,Gf4RijnqcMdkRKuC1CTxLHvVrZSyhd31s6cTu85AGpVG,2026-08-20T22:29:18.960009+00:00,4.67754840631998e-07,4.566147860186848e-07,-0.001190801,trailing_stop,0,1,1,-8.24,live_lower,trailing_stop,1,0,
2026-08-20,05eab6d8-c182-48e5-a79c-574f07e56a04,63tZFU7BGfym2oJeWBpcw1ExJdPh154wkCFihtYypump,2026-08-20T22:28:16.434932+00:00,0.0002822583626497272,0.000309045114011832,0.004745077,trailing_stop,1,0,0,0.04,live_higher,trailing_stop,1,1,mcap;vol_mcap
2026-08-20,5a3be12d-cff6-4b81-800c-c7f0e9883fbc,CFkY3bZVtd2AkWqBUohVGT9vc6mMhj8TDsyCaRsxpump,2026-08-20T22:26:30.089812+00:00,3.7639055219533895e-09,3.772238810996216e-09,0.0001107,time_stop,1,0,0,-98.86,live_lower,take_profit,1,1,mcap;pool;vol_mcap
2026-08-20,2cf0101a-faac-477d-b83a-ddd236987848,5sPnZMVUm1vX9no1e9LwC7dzSdASkAhMdo1ntRC4Mnmt,2026-08-20T22:27:31.127441+00:00,9.507476695386144e-08,9.507476695386144e-08,0.0,time_stop,0,1,1,-4.88,live_lower,no_exit_within_window,0,,
2026-08-20,bb8b1333-1017-4426-afce-75eee1701923,9b1pyjViHaPmpbx7Rn18PC8DAY36N8ugyyNcKwP2pump,2026-08-20T22:36:32.144364+00:00,3.13229740849274e-08,2.9410414822447677e-08,-0.003052966,early_exit_no_green,0,0,0,0.87,live_higher,no_exit_within_window,0,,mcap;pool
2026-08-20,d021a0d7-2e0f-4ec9-9492-f419ace231a5,1MNyeVjuSYPpQiDNPVrGKWm1w2fnD5b1gndCK7ppump,2026-08-20T22:37:19.731420+00:00,2.9562459515924884e-08,2.8169665688844183e-08,-0.00235568,early_exit_no_green,0,0,0,4.95,live_higher,no_exit_within_window,0,,mcap;pool
2026-08-20,61bb79ca-576a-4594-9a22-cb711f72675d,DYa8bJnws7SwGDokXb8s3Ppfor975PoxCbdb233mVAGH,2026-08-20T22:37:58.936056+00:00,1.1231201479070445e-07,1.1261512345003676e-07,0.00013494,trailing_stop,1,1,1,-2.61,live_lower,trailing_stop,1,1,
2026-08-20,9f531d49-425d-4225-8f8b-3c403ff7b704,5k76AdwWypWNrncajfHPYFntDvTfNWMddsmGaaAwpump,2026-08-20T22:29:11.380906+00:00,2.808858176814708e-08,2.7994245056779803e-08,-0.000167927,time_stop,0,0,0,0.3,live_higher,no_exit_within_window,0,,mcap;pool
2026-08-20,f3679d0c-65f0-4b05-9303-dcadeec59a56,DphfkTJGZv9XJbG3jg4XizPGFXmcYksTQksyWoJ3pump,2026-08-20T22:39:21.075218+00:00,8.7574365066144e-08,8.056841586085248e-08,-0.004,hard_stop,0,1,1,7.39,live_higher,hard_stop,0,1,
2026-08-20,de596b61-435e-4348-9020-60aecbe0514a,7LTdCG9h5hL34k9cui7SvMppkcPHFcPWeBZaXw3Ypump,2026-08-20T22:39:34.401001+00:00,5.874846104318464e-08,5.404858415972987e-08,-0.004,hard_stop,0,0,0,15.83,live_higher,hard_stop,0,1,mcap
2026-08-20,87aba42f-563a-41a3-be56-6ae9dd644f1c,CqdLGUU9AtU5KPjwpMFyQAtQUXzKrYpyEfCGWJFFpump,2026-08-20T22:40:35.682934+00:00,7.712743289832883e-09,1.9281858224582208e-08,0.075,take_profit,1,0,0,-47.4,live_lower,take_profit,1,1,mcap;pool
2026-08-20,d1a237d0-a516-48bc-8a31-bc180ef89a47,4A9dw1u19345BTCUAtdSjBk5c3tq4nbgnTxB9ncArEWR,2026-08-20T22:31:00.219335+00:00,9.759236029207477e-08,9.759236029207477e-08,0.0,time_stop,0,1,1,6.59,live_higher,no_exit_within_window,0,,
2026-08-20,83d09fc6-9ca3-43e7-8cb8-1ddc929b2ebe,DALN9ycHptk4bU7KNpPnhgT7w6iBqaQscFxWtcSh7jGc,2026-08-20T22:41:08.755185+00:00,3.873388614239446e-07,3.5635175251002907e-07,-0.004,hard_stop,0,1,1,-17.7,live_lower,trailing_stop,1,0,
2026-08-20,27f29e3e-33fc-4a94-a35b-8ffb3d10b31f,Gg227u7Lsv8V4tVPyEb7HBevGzmzuyVehRrSwMD5Tfi,2026-08-20T22:41:57.748583+00:00,4.927298684318076e-07,4.648797520644108e-07,-0.002826104,trailing_stop,0,1,1,23.09,live_higher,hard_stop,0,1,
2026-08-20,728e67f6-a6d1-4fb7-8e15-22ab3a3141e0,AY6Qyq7EANmYEqchjxkGSNeathEDP7PUWuMMuZU9xLJv,2026-08-20T22:42:05.332890+00:00,1.3155616249243988e-07,1.338716992466496e-07,0.000880056,trailing_stop,1,1,1,1.47,live_higher,take_profit,1,1,
2026-08-20,68b82302-1418-4505-bf89-0884d0110581,BNy4oiJzLQPhWdRqaE9pLmYnoqfmS9ttJYKeFztw5VDc,2026-08-20T22:40:37.179078+00:00,1.0374583727104363e-07,1.3594600550595124e-07,0.015518776,trailing_stop,1,1,1,4.52,live_higher,trailing_stop,1,1,
2026-08-20,34bcebb2-6765-4116-96c5-c8f2143248f6,9ANyqmAXfZGRVYVR6dz8wCeTtgveZqzDyJcLgWN3pump,2026-08-20T22:43:44.904128+00:00,6.031885175759832e-07,5.549334361699046e-07,-0.004,hard_stop,0,0,0,3.64,live_higher,hard_stop,0,1,mcap
2026-08-20,845d874d-6c7a-4708-8bbf-4fc909cc30f7,BbSfPKoQgC2fWeYvWiyQkp1EiTH59AVrbGRybgQJpump,2026-08-20T22:43:27.358000+00:00,4.815733297393397e-08,4.606196732114687e-08,-0.002175542,trailing_stop,0,0,0,-2.52,live_lower,hard_stop,0,1,mcap
2026-08-20,a6281e89-f556-4849-878d-423d2b02a2e2,6xoNjjPDhLHJ9YHjgDyLokepRjZoscVu7stp3AySpump,2026-08-20T22:44:22.738153+00:00,1.3286111216734888e-07,1.2223222319396098e-07,-0.004,hard_stop,0,1,1,11.61,live_higher,hard_stop,0,1,
2026-08-20,6f838513-b98f-4eaf-920a-1be1370c2935,UBVjB6jZVdEipMo5eHD9B7rtobMk9C61qeEYZGtpump,2026-08-20T22:44:40.304615+00:00,9.067914782020132e-08,8.342481599458521e-08,-0.004,hard_stop,0,1,1,14.55,live_higher,hard_stop,0,1,
2026-08-20,b0ea8b42-8d66-44df-ad5c-3d1d399077f0,7AkzWt4dRCe2j3wdpR1JWTMGNwHqVC5EsxkDs1VbPGcR,2026-08-20T22:44:43.326910+00:00,5.924585049075682e-07,5.450618245149628e-07,-0.004,hard_stop,0,0,0,-0.79,live_lower,hard_stop,0,1,mcap
2026-08-20,a011b4c8-c070-451f-9565-4624af871056,ExYvUY2oPrBq78x6HK6Sug7289m5pmn1MANeHw1gukdP,2026-08-20T22:46:51.797009+00:00,7.232447316279753e-07,7.649659385252258e-07,0.002884308,trailing_stop,1,0,0,-7.47,live_lower,trailing_stop,1,1,mcap
2026-08-20,38e15bee-03dd-4c69-9d12-dc91903ee67d,5E3UKpotoHEbjhKwVQ4DdWAC4uwU8yGb4Zf5xr1Hpump,2026-08-20T22:39:24.913732+00:00,7.935094688066106e-08,1.1062376545110583e-07,0.019705385,time_stop,1,0,0,-1.34,live_lower,no_exit_within_window,0,,volume;buy_sell
2026-08-20,72c97f6a-1f45-4bb2-952a-50f63f6be15f,754yLVczSpe8VkiCJoXQebgdSSksFMkbo6vAzkmGpump,2026-08-20T22:47:58.521686+00:00,2.8091254516409328e-08,2.8024441252325618e-08,-0.000118922,early_exit_no_green,0,0,0,0.12,live_higher,no_exit_within_window,0,,mcap;pool
2026-08-20,dbe54d7f-44ac-4aed-ab3d-d7195b87938d,4xPbyPgpuyZuzrMzpC8zWKTu4Pe78nUTGJmmEJjnpump,2026-08-20T22:40:18.106481+00:00,0.0002813582491559444,0.0002813582491559444,0.0,time_stop,0,0,0,-1.84,live_lower,no_exit_within_window,0,,mcap;vol_mcap
2026-08-20,163e4708-1f5a-4d65-9f63-da1ba01a7990,24wp2gGmmqmCV1EpfQHKKnZcc5bL6kpaLPeFHpzPpump,2026-08-20T22:50:59.128478+00:00,4.092781251160238e-07,3.7653587510674195e-07,-0.004,hard_stop,0,0,0,-37.38,live_lower,hard_stop,0,1,mcap;pool
2026-08-20,b1b11eed-3281-4fbd-9d3b-45359ea665b7,7p792PuViXcQMFTskaNyq7gawe3sxYV2bHo1scQdcf7,2026-08-20T22:52:28.985945+00:00,9.97280981978057e-08,1.0171413842007026e-07,0.000995728,trailing_stop,1,1,1,0.92,live_higher,trailing_stop,1,1,
2026-08-20,fda69240-882d-44d3-95f8-8b6865714860,xiv39RwkGxPeftoZCAEMioycKy3VAVy3y8MJEyGsyV8,2026-08-20T22:52:33.523935+00:00,4.4656234978929685e-07,6.311620183543433e-07,0.020668969,trailing_stop,1,1,1,6.35,live_higher,trailing_stop,1,1,
2026-08-20,2fb81729-53b2-415a-a95e-a04f7d7c4e93,8abrLrTWSoGK8WhtTT3cnLv2bojp5RSKed5pPAxYpump,2026-08-20T22:51:29.843988+00:00,8.131610143568264e-08,9.647944193240814e-08,0.009323701,trailing_stop,1,1,1,-11.59,live_lower,trailing_stop,1,1,
2026-08-20,84a2f052-6e11-448d-bea4-6e17beda5d1c,D8A2kRs5vKdkaUSz7wwJ26CzcL3jBUfESWPCm2HPpump,2026-08-20T22:53:07.304520+00:00,8.592614554482331e-08,1.0144816082902803e-07,0.009032184,trailing_stop,1,1,1,-16.15,live_lower,hard_stop,0,0,
2026-08-20,97c153ef-2ba2-4054-806c-db5bf67fde4c,Eg4hBq2iHEd6cVvt1eKJB5GbH3Wgg547kCspeh3HAfMS,2026-08-20T22:52:06.034836+00:00,7.722866193067548e-08,7.105036897622144e-08,-0.004,hard_stop,0,1,1,-3.0,live_lower,hard_stop,0,1,
2026-08-20,7b0e552e-3c28-469d-8081-913495d0fb38,9dHNGuMkYoW8BLSKZvcXGJtbSYZTxmzAseaJU4wbpump,2026-08-20T22:53:56.902424+00:00,5.419657880034705e-08,5.397259345429114e-08,-0.000206642,trailing_stop,0,0,0,-4.33,live_lower,trailing_stop,1,0,mcap
2026-08-20,963da153-8583-4224-915c-fc8afc285861,7fxFs5u2114PTpTxY62L2Birkn4gosB6FWbB5xFgB2h2,2026-08-20T22:55:08.721352+00:00,3.9169804333489024e-07,3.6036219986809904e-07,-0.004,hard_stop,0,1,1,20.04,live_higher,hard_stop,0,1,
2026-08-20,59b6ea91-902c-4c22-8794-9d58e6b4725c,HYrybfoP3NNn6Bj1zbPAgehp6ZheHLFmja3vvWkGHZP6,2026-08-20T22:54:10.576160+00:00,4.363148897750655e-07,5.738195736108589e-07,0.015757505,trailing_stop,1,1,1,-3.11,live_lower,trailing_stop,1,1,
2026-08-20,f0079715-c5b6-473c-9b41-85d9e6f3c991,g1h6d1C99uuvMJUoaVMPqa3sEWEq72aU7tr9FmW6PJ6,2026-08-20T22:55:12.333273+00:00,1.1244313508601474e-07,1.201453904107735e-07,0.003424956,trailing_stop,1,1,1,1.22,live_higher,trailing_stop,1,1,
2026-08-20,113b583d-1e0b-4ddb-b58d-05b35d1fe4bf,7PcvDtB26eBVJgpzsAykVKhePWoqnCmusTDWGDZbpump,2026-08-20T22:56:15.986152+00:00,7.590092723289134e-08,6.982885305426004e-08,-0.004,hard_stop,0,1,1,7.65,live_higher,hard_stop,0,1,
2026-08-20,db01b0cb-05f2-436f-a8bf-71cf4b100603,EeXfGwcspRvSJd9v8sKAPjsGM6eFh1e2oTQPGLR5pump,2026-08-20T22:56:59.393330+00:00,8.786012537718198e-08,1.0713613074728599e-07,0.010969712,trailing_stop,1,1,1,-17.25,live_lower,trailing_stop,1,1,
2026-08-20,b5509fa6-d714-4d49-9f41-3f6e49b8debe,3ZL9BPpV37rih15TwQsyZ4vKg4kkK7a6yTKeSg9YQBD4,2026-08-20T22:48:04.022137+00:00,1.145619945106363e-07,1.145619945106363e-07,0.0,time_stop,0,1,1,-5.68,live_lower,no_exit_within_window,0,,
2026-08-20,c1c3a886-dec3-44fc-9548-6cd01c0fe4e6,Hq31UKFpPrrPB48oThgsVBiYsYfXEevYqxXfTAizpump,2026-08-20T22:57:26.929074+00:00,3.440168701732454e-07,3.164955205593858e-07,-0.004,hard_stop,0,1,1,3.07,live_higher,hard_stop,0,1,
2026-08-20,23d28414-2de3-4ea9-8ad5-436e60894985,8QAdFeJh4JdBmJgbtdxc5k22VHjYLb2epaWp4RCzpump,2026-08-20T22:57:52.873904+00:00,4.810616956634192e-07,4.4257676001034564e-07,-0.004,hard_stop,0,1,1,15.45,live_higher,hard_stop,0,1,
2026-08-20,50bb1ae7-c1cc-4b62-8186-9241f1640000,6KpTpJXDfxfzbKbZ1uz4qqeRrssCg3WFV89W6rPWpump,2026-08-20T22:57:54.403904+00:00,9.266286700268394e-08,8.524983764246923e-08,-0.004,hard_stop,0,1,1,19.18,live_higher,hard_stop,0,1,
2026-08-20,84c253ce-aeae-489b-99cb-ad20927b5ae9,A36ZBuSX3MKZRZEvtFXNn61AHMhyd3vdW6Joq6o9BwX5,2026-08-20T23:00:10.140742+00:00,5.947330370011068e-07,5.471543940410183e-07,-0.004,hard_stop,0,0,0,-3.68,live_lower,hard_stop,0,1,mcap
2026-08-20,b1b588d6-f642-4843-867c-bebba4a7a3a0,3DUTR391NP9EpdJWe6ngoJtzhr2iigm7qp2qHG4gpump,2026-08-20T23:00:36.974587+00:00,1.1366320338195881e-07,1.0457014711140211e-07,-0.004,hard_stop,0,1,1,61.38,live_higher,hard_stop,0,1,
2026-08-20,ed9ae684-3ddb-4e7d-9729-28e5b0bb6a3e,Ch2zyD45Bs65Yzi6fnoRoY3mKyXGnFCMjriqphv9pump,2026-08-20T22:56:39.718333+00:00,5.712284264073148e-07,7.589520352133354e-07,0.016431571,trailing_stop,1,0,0,-1.44,live_lower,trailing_stop,1,1,mcap
2026-08-20,5e636a04-2be6-4e89-a662-30045af5ed45,91m7Uo1rRDMtLfZpvSTgKXETtLystYHfCegjkZKEjDR8,2026-08-20T23:00:52.870369+00:00,7.561769116915636e-07,6.956827587562385e-07,-0.004,hard_stop,0,0,0,24.24,live_higher,hard_stop,0,1,mcap
2026-08-20,661295a0-15ed-4ac5-bc79-560a644ac3b2,9W4Rc469pqi4edSkM8v3eU8uCSrcfUhQMFA8Ymk7pump,2026-08-20T23:00:29.898029+00:00,6.96295088732069e-08,7.989476192123718e-08,0.007371338,trailing_stop,1,1,1,-7.09,live_lower,hard_stop,0,0,
2026-08-20,d8690d32-5d44-4c22-9466-b0b73c2a8dc1,AjGztD41pxXiYZdH17DXL39PGSXNd3Cj4uGMpwjgDr4p,2026-08-20T23:00:57.455529+00:00,3.1721221677958743e-07,4.506561950716022e-07,0.021033865,trailing_stop,1,1,1,-8.78,live_lower,trailing_stop,1,1,
2026-08-20,3bb82325-034e-4787-95d7-3c6eb20a662a,8deGUSvMFqS7mC76bt4epSPFjs5Un29duq7sFCSkpump,2026-08-20T23:01:14.145332+00:00,7.739789824418046e-08,7.719124662392092e-08,-0.0001335,early_exit_no_green,0,0,0,0.13,live_higher,no_exit_within_window,0,,volume;buy_sell
2026-08-20,b4f5f9a7-5efe-4e36-a209-fb2e16b808b0,8bEXMHKoSa1uphojaP2mYk8bejxYyv8Pa4vvZxKUL4vr,2026-08-20T23:02:27.499948+00:00,6.100457438736263e-07,5.612420843637362e-07,-0.004,hard_stop,0,1,1,37.34,live_higher,hard_stop,0,1,
2026-08-20,579257e0-b7cf-49ba-aa5b-abb2a3cb0ba0,4LomEdE1yJY8raEwvUA9aYtja1e3hmpXEFygQwpTJ9KR,2026-08-20T23:01:29.582834+00:00,5.975456342461403e-07,6.295246864521727e-07,0.002675867,trailing_stop,1,0,0,-0.69,live_lower,hard_stop,0,0,mcap
2026-08-20,6a67fdac-f318-432a-94c7-0a73b9bbf6bf,5KQgYAX4kgzUQitBw1KmDwtZrsiXzx8c22A8cKeNpump,2026-08-20T23:01:55.100977+00:00,2.8951257289281185e-08,2.8587777588314214e-08,-0.000627744,early_exit_no_green,0,0,0,-0.02,live_lower,no_exit_within_window,0,,mcap;pool
2026-08-20,48457150-f879-4a8b-ad7c-676f5f4141bd,7HGV9Ze2gSWpr7TJMhj3JWibAVGeJLnDf2YZHsNVpump,2026-08-20T23:03:22.795337+00:00,8.580612145120766e-08,7.894163173511105e-08,-0.004,hard_stop,0,1,1,-4.91,live_lower,hard_stop,0,1,
2026-08-20,fc12e768-e7c0-4dc4-8170-20b3d3e60055,63Xzbh33uZXGDfspv7PpBSfjMVuSRZYosBs3rppkpump,2026-08-20T23:04:12.813562+00:00,3.518620351845183e-08,3.2371307236975686e-08,-0.004,hard_stop,0,0,0,-3.05,live_lower,hard_stop,0,1,mcap;pool
2026-08-20,d98dee97-c6e1-4172-854e-3237dfbe878c,8rd2hZFhnqqwWSPmSBVm86wPyc73DLE7cfkULRe7pump,2026-08-20T23:03:40.424662+00:00,2.8515049219014527e-08,2.816048253413786e-08,-0.000621719,early_exit_no_green,0,0,0,0.81,live_higher,no_exit_within_window,0,,mcap;pool
2026-08-20,44e53d88-9fa1-4b71-93d0-9a0ae23d003f,Cv1Tu1QNQcC4DrEhKPdxT6ErM8Z8UV6JATopp7xQWe2t,2026-08-20T23:04:02.156876+00:00,1.2797874628233108e-07,1.3634126097611342e-07,0.00326715,trailing_stop,1,1,1,-4.06,live_lower,trailing_stop,1,1,
2026-08-20,028772a8-a31a-4b57-a4d9-e50a393154cc,2rKQGf2nqhptyeCREfGn5mocX3spy6SmMAziN7PsLFbE,2026-08-20T23:04:41.977742+00:00,3.678613375991847e-07,3.479676536064937e-07,-0.002703965,trailing_stop,0,1,1,-24.66,live_lower,trailing_stop,1,0,
2026-08-20,63a3c5d8-09b6-4bf2-a8e7-9d5710195b9e,9zjRYWx9LZcuCwpKSRP3BfpeNZpi5GoEdPUHC7Hrpump,2026-08-20T23:05:08.566809+00:00,9.168491885099e-08,8.435012534291081e-08,-0.004,hard_stop,0,1,1,21.19,live_higher,hard_stop,0,1,
2026-08-20,08553071-6edd-4c15-a08e-7dbf1471be22,BtyNYEE3qF3XroLWTcEPdYm2cNoUJz86e4gHihE4pump,2026-08-20T23:05:59.671419+00:00,6.344126259099421e-08,5.8365961583714676e-08,-0.004,hard_stop,0,1,1,-0.21,live_lower,hard_stop,0,1,
2026-08-20,e543e94f-00a6-46db-a9cf-c013cb32b3f9,ExZnXXP7ckHUGc6qXvJpeSiCANU549kEJzUVfdj2pump,2026-08-20T23:06:01.535448+00:00,1.512378240205225e-07,1.391387980988807e-07,-0.004,hard_stop,0,1,1,0.05,live_higher,hard_stop,0,1,
2026-08-20,2439bfcc-d758-4fc7-bb21-65ada9f75947,AvG7yyqeX46vf4XGhUXrM88sfcUijck8pFGQK5BQbhcQ,2026-08-20T23:06:27.716976+00:00,5.008600379476054e-07,4.60791234911797e-07,-0.004,hard_stop,0,1,1,65.45,live_higher,hard_stop,0,1,
2026-08-20,65a6f45d-297c-49db-9ea2-09fc6cb0b4fc,Cii6h4qW2yNP9UNsPa2PLt916yKikmJdYZo8nrNjpump,2026-08-20T23:06:26.961304+00:00,3.7793708392109796e-08,3.77842386742937e-08,-1.2528e-05,early_exit_no_green,0,0,0,-9.22,live_lower,no_exit_within_window,0,,mcap
2026-08-20,c7d986e6-d408-43e5-94e8-36faa2828459,HMVwx6yZhB1P2EX4jwBRkBE5gw3oskinciF4Kb85kDi4,2026-08-20T23:06:34.290023+00:00,3.961571134587131e-07,4.989160435827019e-07,0.012969467,trailing_stop,1,1,1,-19.0,live_lower,trailing_stop,1,1,
2026-08-20,01adb934-a2d0-4d5a-b9be-c3923d1b61b4,DmuqgM85gFa54sqqkVxgM8JGMNik9zoVZT4FCh7dpump,2026-08-20T23:07:07.551024+00:00,2.812880715625411e-08,2.8117923216887762e-08,-1.9347e-05,early_exit_no_green,0,,,,,,,,
2026-08-20,878d3d31-5686-4df8-a795-183bba4f3f26,2dg78ddMSGSPYNFmeWW1FsekzMT5E7XRKo2ZUx6gpump,2026-08-20T23:08:39.850455+00:00,6.022270243669962e-08,5.5404886241763647e-08,-0.004,hard_stop,0,1,1,-0.5,live_lower,hard_stop,0,1,
2026-08-20,219c531a-7015-4504-a623-293abcf266f5,GDP4ni6kuJW2Y78e5KuRZEptHFha13fZ7hvZEPcupump,2026-08-20T23:08:38.369912+00:00,1.4236545136794284e-07,1.3097621525850742e-07,-0.004,hard_stop,0,1,1,-25.39,live_lower,trailing_stop,1,0,
2026-08-20,c9b9c673-bf2e-4f3b-b34a-ea5e88ca7783,HDjdSyCmpLBdDGTM7pVXEgjJLsNYR4wekf9KVSEmpump,2026-08-20T23:10:12.814361+00:00,1.0125254930485722e-07,9.315234536046864e-08,-0.004,hard_stop,0,1,1,9.25,live_higher,hard_stop,0,1,
2026-08-20,e88db3cc-62ef-43ba-95f1-d4ec2427b087,FYxinScJnNxZiqta2Za2kAYAGj8JHAFDwRuojb9Fpump,2026-08-20T23:00:32.438269+00:00,2.8048509022139414e-08,2.8004156405684872e-08,-7.9064e-05,time_stop,0,0,0,-0.05,live_lower,no_exit_within_window,0,,mcap;pool
2026-08-20,cec48dea-c7c5-4c50-8ff1-13fbca4584f8,3HAF1E1GeJoXZCyjjYMGUMNAbUQRNgjohQoguMAspump,2026-08-20T23:09:38.573196+00:00,2.827955121963597e-08,2.7995260588910523e-08,-0.000502643,early_exit_no_green,0,,,,,,,,
2026-08-20,d7a3065b-8651-4515-a783-6eb0e6e10ff3,8deGPA9APTTKVMsGYWFVwkfvSH4UzTY4gfprz9qqpump,2026-08-20T23:10:11.251583+00:00,1.2924371959856812e-07,1.677074714223989e-07,0.014880318,trailing_stop,1,1,1,-1.8,live_lower,trailing_stop,1,1,
2026-08-20,fff37d12-b17b-4965-bc49-2d5a36202ae2,4YSwrPVSYWBTMnBp9kK5kfi716Fr9usRB2jvAFzMpump,2026-08-20T23:12:05.468438+00:00,1.1220055689853385e-07,1.216072958631772e-07,0.004191931,trailing_stop,1,1,1,-1.06,live_lower,trailing_stop,1,1,
2026-08-20,de9ef388-5de6-4a47-bd84-2ba116a0638b,Gf58wZr817pdnjthCD9bLwhxn4qumnCxqCQfZ3QBoA1Q,2026-08-20T23:12:33.143584+00:00,6.040697641999029e-07,5.557441830639108e-07,-0.004,hard_stop,0,0,0,-43.31,live_lower,trailing_stop,1,0,mcap
2026-08-20,bebcb23c-5b99-4689-9e48-8d38e33308d0,59M99AVNMwy6g6qDojPDHGqbPLBjvyFgXMnk1D3Apump,2026-08-20T23:13:59.632101+00:00,1.423934406611476e-07,1.310019654082558e-07,-0.004,hard_stop,0,1,1,36.78,live_higher,hard_stop,0,1,
2026-08-20,1afbc67b-af2a-46e3-a28a-ec4eb5403e75,3mZWPfnfDPcaCddXZPN16BBMDDtc5NGEwekpTfSMpump,2026-08-20T23:14:14.241380+00:00,1.389908706904296e-07,1.2787160103519523e-07,-0.004,hard_stop,0,1,1,20.26,live_higher,hard_stop,0,1,
2026-08-20,eae6fdf3-03f2-449d-a144-def5e8bdfbb1,QreLaiUYJ4m15ab6PnjyNm1CcNQADcKK35v2M6Gpump,2026-08-20T23:14:33.377668+00:00,3.8453040056189893e-07,3.53767968516947e-07,-0.004,hard_stop,0,1,1,7.9,live_higher,hard_stop,0,1,
2026-08-20,32c78b11-c666-42bc-85a2-68644b1a41c3,9Pwpcnq39ediQEAGEnmFVNdjn35eVDptEs7JY2h18eto,2026-08-20T23:13:56.010351+00:00,5.420199567417815e-07,7.156056455293101e-07,0.01601285,trailing_stop,1,0,0,-30.34,live_lower,trailing_stop,1,1,mcap
2026-08-20,40d6d5f7-71e8-48c8-84d1-31b39bd37e90,5aZyDkz9iSazrvANYsnPsgjCN7uNfnDcBboa5B1Dpump,2026-08-20T23:14:22.796514+00:00,7.465414041628355e-08,6.868180918298086e-08,-0.004,hard_stop,0,1,1,12.97,live_higher,hard_stop,0,1,
2026-08-20,60bd67e2-611f-49e2-9227-9c3830e6421d,5tLmqSBLmdAPK5va31Ejxqf1YLpspmErnE2TLWfSpump,2026-08-20T23:06:02.283353+00:00,0.000294812293368228,0.000294812293368228,0.0,time_stop,0,0,0,0.52,live_higher,no_exit_within_window,0,,mcap;vol_mcap
2026-08-20,7ff24cb1-8847-41b2-a30a-adcf2ddf689e,G3pNEduTBSoTAKvJG9DTJcXsvQsbsCjWU27bgknpjMSy,2026-08-20T23:17:14.721338+00:00,3.228511218880679e-07,3.557328857477781e-07,0.005092404,trailing_stop,1,1,1,10.83,live_higher,hard_stop,0,0,
2026-08-20,d4b4e7e2-4773-4770-bbfb-7286307c0897,CRf8W1oZx4e8NHZEZUkgT9Bo1UY2V1srLRsGe2Cvw2wD,2026-08-20T23:19:44.284820+00:00,5.142512175466203e-07,4.7311112014289067e-07,-0.004,hard_stop,0,0,0,-10.89,live_lower,take_profit,1,0,mcap
2026-08-20,c6dce248-1f87-45aa-b29a-25ab7012e504,FV4Z3PxZYh3wRfwzh9NRA3GkBfeTvDbwGE1nittgTdK5,2026-08-20T23:15:44.441828+00:00,5.246635061465743e-07,1.3116587653664357e-06,0.075,take_profit,1,1,1,-0.6,live_lower,take_profit,1,1,
2026-08-20,6badd9ba-2ef1-45d4-a571-954e92dfcb7f,Bm97mFQzBSC5mLo3hBBpVba85GFEFmL2CFrPNjaMpump,2026-08-20T23:20:24.948897+00:00,9.779117361095378e-08,8.996787972207748e-08,-0.004,hard_stop,0,1,1,10.68,live_higher,hard_stop,0,1,
2026-08-20,8e6f73af-2cb4-4455-ad53-ba01b3c6ccb3,3ogbYZA3BHdAeMPAYbXAj6s1uitLV6MBMdfMKUhMqkW7,2026-08-20T23:21:03.386576+00:00,6.648794113436203e-07,6.116890584361307e-07,-0.004,hard_stop,0,0,0,1.17,live_higher,hard_stop,0,1,mcap
2026-08-20,814c45df-6a6b-4a67-88a6-18075043fcdf,TKNZVNSj1Ne5Zi9BxUANpAmd64ax2eLGUoy5RYJRghk,2026-08-20T23:20:42.692405+00:00,2.840231015254779e-08,2.8038153173545055e-08,-0.000641069,early_exit_no_green,0,0,0,0.98,live_higher,no_exit_within_window,0,,mcap;pool
2026-08-20,bab4bb52-a640-4f5d-a404-1a757eb5d2ae,H4akBpqX7gp2znozmnfVSSSyfLgY3S7TuhVpuPLEYxfj,2026-08-20T23:22:29.419058+00:00,1.9234896106968724e-07,1.7696104418411227e-07,-0.004,hard_stop,0,1,1,13.56,live_higher,hard_stop,0,1,
2026-08-20,fbc025fa-2334-4a43-9b84-0f9bb20a644b,DdVntuAE65Fk12rSB1vXvJoXfjV34W79kSyVNfZKpump,2026-08-20T23:22:46.012981+00:00,2.9813175593553107e-08,2.9788247838220944e-08,-4.1807e-05,trailing_stop,0,0,0,-3.1,live_lower,trailing_stop,1,0,mcap;pool
2026-08-20,38c99a05-d649-473e-bafd-246a96d30539,E6kHNzHXqAGsua9FKRCPCruTg6yyGDi7EZYGyhAipskr,2026-08-20T23:15:06.145590+00:00,4.3501816080771594e-07,4.3501816080771594e-07,0.0,time_stop,0,1,1,5.17,live_higher,no_exit_within_window,0,,
2026-08-20,a1b341de-336d-49f7-815e-8642c61bfb3a,9HV2WUrgHgSztHd7fJifYb54B2XzuPEAHEfXDctHpump,2026-08-20T23:24:56.106901+00:00,6.541041323073886e-08,6.017758017227975e-08,-0.004,hard_stop,0,1,1,7.68,live_higher,trailing_stop,1,0,
2026-08-20,9d116a02-74f6-40aa-9962-25513f47e259,9Lg3p6SCcabZJVg27rLsrVpWKPEsDE7bKoj5NURYb48,2026-08-20T23:15:42.876646+00:00,3.9162783037970034e-07,3.9162783037970034e-07,0.0,time_stop,0,1,1,-21.6,live_lower,hard_stop,0,1,
2026-08-20,0082c67c-aed2-4c68-be89-6dfa6be4a263,57yXGMo6MEWkgNLUNc6YoudvJb7d2UVPq2TDW6gcdMt2,2026-08-20T23:25:15.663831+00:00,4.179010683459599e-07,4.128070646164995e-07,-0.000609475,trailing_stop,0,1,1,5.22,live_higher,trailing_stop,1,0,
2026-08-20,198a3186-e244-44f2-8681-d55a95aefa05,DPaFTr5Q6WQKamcttjDweXK3cK2ME2Q67r9SE3gvpump,2026-08-20T23:25:33.257182+00:00,3.488739057097379e-08,3.2096399325295886e-08,-0.004,hard_stop,0,0,0,8.33,live_higher,hard_stop,0,1,mcap;pool
2026-08-20,0448a6c3-ddbb-4f04-a560-738e76ac0916,FHRE1hRcta6qr2qmwCAEktE7QD7RaKp8BYSw73fjpump,2026-08-20T23:26:15.256446+00:00,1.5504148164452141e-07,1.426381631129597e-07,-0.004,hard_stop,0,1,1,1.52,live_higher,hard_stop,0,1,
2026-08-20,eabf8479-7658-41ba-b2ae-b85e068a8ede,7LsSsnZuooxgXnA44rLte89JqfXVwmqfThoQew8u3Sa2,2026-08-20T23:26:15.998427+00:00,4.900102719249446e-07,4.5080945017094905e-07,-0.004,hard_stop,0,1,1,-2.02,live_lower,hard_stop,0,1,
2026-08-20,e633bcca-fba0-4420-b1d8-d371a2783f31,5Zc6ZmFoh3yQyAUGtiFj9YceT2PBSDXpbBnd4Xd9pump,2026-08-20T23:26:27.792067+00:00,5.924686345654498e-08,7.116258799046094e-08,0.010055996,trailing_stop,1,1,1,-23.57,live_lower,trailing_stop,1,1,
2026-08-20,869e96f3-4d03-4088-b17c-d9325246bb98,HTHbRBvpkJUULaJGYLNuhTC6NBtmabWJ2ppn9QKDAoSZ,2026-08-20T23:17:27.227782+00:00,4.821117207607101e-07,4.821117207607101e-07,0.0,time_stop,0,1,1,-0.3,live_lower,hard_stop,0,1,
2026-08-20,44f41bc6-f99c-4f0d-ae26-07f8353f3ff8,EPkfUyf2XEXVCNqbLiwSX3Gt4rjwwahNCQwyuPUwbxVc,2026-08-20T23:27:04.031030+00:00,7.028726487331214e-07,1.4537070227092268e-06,0.053411836,trailing_stop,1,0,0,-34.23,live_lower,trailing_stop,1,1,mcap
2026-08-20,2de737d1-0619-4beb-8c74-8444dd87e5f0,C5H1ReA31j2dhqFqcjxpnqHyqZxKWT1JecP8oXiRpump,2026-08-20T23:28:05.684497+00:00,4.100669470475819e-08,3.772615912837754e-08,-0.004,hard_stop,0,0,0,-10.98,live_lower,hard_stop,0,1,mcap
2026-08-20,f0c2c0c7-8720-4a1c-b6e2-ce81a14e005a,GAorWxvrco2WBBwbTs8otsgC45JhWrBM19yjV2nCx7fL,2026-08-20T23:27:57.231694+00:00,6.842703023655129e-07,6.295286781762719e-07,-0.004,hard_stop,0,0,0,3.05,live_higher,hard_stop,0,1,mcap
2026-08-20,7e70ed04-e946-43a8-a97a-12b6452aea7c,FMXmESYAa4AsqeQga4LwATsSrxN7J4XHrx6GjTnCpump,2026-08-20T23:27:36.680291+00:00,1.6387448697887994e-07,2.605268215515783e-07,0.029489744,trailing_stop,1,1,1,-1.38,live_lower,trailing_stop,1,1,
2026-08-20,f916722a-22f9-44d7-8052-2e5a96988664,8Ru8Qhaiv4mB1r6QeE12H8pAkBk2djAK4FbMiaBqpump,2026-08-20T23:28:38.786247+00:00,4.2529448419209596e-08,3.912709254567283e-08,-0.004,hard_stop,0,0,0,37.42,live_higher,hard_stop,0,1,mcap
2026-08-20,201bb873-541b-4e7e-b040-4be4118e7291,3tEG5iKPkbnLW72yXtZQQEXNCE8iQEXSkAiWDSrmpump,2026-08-20T23:28:59.428397+00:00,7.152878840560272e-08,7.114691385656794e-08,-0.000266938,trailing_stop,0,1,1,-12.71,live_lower,trailing_stop,1,0,
2026-08-20,ff57528c-d050-444d-9272-bd3aa0c19d71,GMRygNgDVL3AmXjqn5TUW7hytjJXhSspkH1FpsTSpump,2026-08-20T23:29:32.168350+00:00,1.7076052469524647e-07,1.9292749513231818e-07,0.00649066,trailing_stop,1,1,1,-21.03,live_lower,trailing_stop,1,1,
2026-08-20,be9b740b-1a8b-413b-a620-896807132996,DxRASX5AmVFgSaS5J7M6zKzpDKwDB5HMbrYzDWRupump,2026-08-20T23:29:46.715864+00:00,1.3317600115267992e-07,1.2252192106046552e-07,-0.004,hard_stop,0,1,1,29.98,live_higher,hard_stop,0,1,
2026-08-20,15f4bcad-7a1c-4849-84f2-af793eb0bf25,EiQtinRi7RgTkL34W9RMoTzDdrroDiEn2sbabC5mwXBk,2026-08-20T23:28:18.223945+00:00,3.8454316940745814e-07,5.173880894892179e-07,0.017273083,trailing_stop,1,1,1,-6.76,live_lower,trailing_stop,1,1,
2026-08-20,b470695d-84bd-49e4-a3ec-4e234b697b43,FLDHqLZoBXeRDMUCfEdKR5ej2fqX55o9588LXRr2pump,2026-08-20T23:31:02.050213+00:00,5.79469019422122e-08,5.331114978683523e-08,-0.004,hard_stop,0,1,1,-3.79,live_lower,hard_stop,0,1,
2026-08-20,dc3ecab1-0dfe-478c-8782-f31ad0f2d125,JhWmwzDEur7h3mRcZEkQj9BVZqkZ4ijjVxMaUDTpump,2026-08-20T23:30:31.356298+00:00,2.040162419933615e-07,2.577784652219628e-07,0.013175966,trailing_stop,1,1,1,-2.25,live_lower,trailing_stop,1,1,
2026-08-20,03d06c79-7690-4b92-93a8-2085eed56ae8,9tiLg32Azjdbez39MnqUxJiNCSeDKrdEksH6H7oHpump,2026-08-20T23:31:55.914917+00:00,1.1370816850961305e-07,1.0461151502884401e-07,-0.004,hard_stop,0,1,1,-3.07,live_lower,hard_stop,0,1,
2026-08-20,a9cf704a-fa08-48c9-a364-3effa03ebf0c,CRVUydHBTckrYaQqvUyeJAWSEUmT7MScgpmDbuRZGoF5,2026-08-20T23:32:13.526865+00:00,4.16943378569204e-07,3.835879082836677e-07,-0.004,hard_stop,0,1,1,-10.64,live_lower,trailing_stop,1,0,
2026-08-20,89340f95-4e1d-411f-9553-f7f8b7781eb3,A1rSs59e38hFsrS6KounMRLYRDHyQR3ZKHW1nDd6RNop,2026-08-20T23:22:50.571493+00:00,3.3728451648532953e-07,3.3728451648532953e-07,0.0,time_stop,0,1,1,-3.06,live_lower,hard_stop,0,1,
2026-08-20,1dcfe874-7a30-4b0e-a0ec-562428c86a61,5gtnUqapFuscoXAPJsVr6Y5f2YRdqBaUti5aNi24pump,2026-08-20T23:31:32.351976+00:00,3.263955154632138e-08,3.263966157149088e-08,1.69e-07,early_exit_no_green,1,0,0,-0.04,live_lower,no_exit_within_window,0,,mcap;pool
2026-08-20,85f5eca7-b5b4-4d99-8303-56232f2a490d,5PFvEBJXRuuHCVj1aMUrND9zsUsDq3MsAPxTQd5csS5E,2026-08-20T23:33:03.396531+00:00,4.895834491766452e-07,4.633193831275875e-07,-0.002682287,trailing_stop,0,1,1,7.41,live_higher,trailing_stop,1,0,
2026-08-20,6744724e-2bce-41f3-a416-0fe46e922bd8,5T7BisF6xpecuFC92bkxcgh646xU1orzqV1nH2HRpump,2026-08-20T23:33:57.089738+00:00,2.8376973545587998e-08,2.822556779115517e-08,-0.000266776,early_exit_no_green,0,0,0,1.49,live_higher,no_exit_within_window,0,,mcap;pool
2026-08-20,53d71c9c-a6e0-4e8c-9fdd-74d9aed4068f,RfcNEfWfLzgfuHQmCfFgU1qwjhiAo3opkcwvvEv3pZV,2026-08-20T23:34:04.575223+00:00,1.040331914398571e-06,9.571053612466854e-07,-0.004,hard_stop,0,0,0,-4.85,live_lower,hard_stop,0,1,mcap
2026-08-20,ee76c5e4-7a38-4caf-994c-772bbef85960,7jfoyXmnZ6Px2nxNtzJoD43rDjGwdEK8vj7ngd5Upump,2026-08-20T23:34:54.219435+00:00,1.4571797658569057e-07,1.6286537299395345e-07,0.005883761,trailing_stop,1,1,1,-3.34,live_lower,trailing_stop,1,1,
2026-08-20,c2e77330-f552-4c94-8d17-41b109b8ea96,G7wAwSm6twi9eFLz1X3o6RzQUfk7g9UaeDPY9zmZr7Lm,2026-08-20T23:35:22.813642+00:00,7.542666322258389e-08,7.779666570435945e-08,0.001571064,trailing_stop,1,1,1,-9.61,live_lower,trailing_stop,1,1,
2026-08-20,07ee0bd0-862a-46ec-a1bf-eb194ec99673,CUHYquEcsWaVL5XQNZDgjmBHiorWU6K3FD5dPqZZpump,2026-08-20T23:36:34.073092+00:00,6.074708483129973e-08,9.142085231611959e-08,0.025247111,trailing_stop,1,1,1,-8.49,live_lower,trailing_stop,1,1,
2026-08-20,b4ffa774-868f-4b25-9185-fdac02cbaaf7,HydDAEwsTurRC6tAbKjLDPcG4xVGQRwtefV4gJhDdSSp,2026-08-20T23:37:34.356838+00:00,5.299712156856899e-07,5.058941360689397e-07,-0.002271546,trailing_stop,0,1,1,-4.39,live_lower,trailing_stop,1,0,
2026-08-20,dc12f33d-8deb-49d8-85d7-d0decb90726f,ANseH1zFV2mggST3JFA6ouJQzA2qGM4XbNhfUVyw93fQ,2026-08-20T23:37:52.900338+00:00,5.555905625845346e-07,6.265179541219565e-07,0.006383063,trailing_stop,1,0,0,-8.98,live_lower,trailing_stop,1,1,mcap
2026-08-20,84c126fd-8309-439c-9dec-3076907e802a,5Tuz4k6GcFWjpu7i4jeejbQxp5j6QYwG1qaU9pKhTaAk,2026-08-20T23:36:59.655620+00:00,1.0269684649860328e-07,1.1822879478051426e-07,0.007562038,trailing_stop,1,1,1,1.04,live_higher,trailing_stop,1,1,
2026-08-20,c949f73f-3dcc-436b-bf3b-cad565552c55,8ih4NCh1WqNb2amQEX6bn5RdmSKA4pSQmYYS9qLavyg5,2026-08-20T23:38:58.682466+00:00,4.846729535140178e-07,4.4589911723289644e-07,-0.004,hard_stop,0,1,1,-10.72,live_lower,hard_stop,0,1,
2026-08-20,70c5daed-9a4c-48cd-8fe0-12ea7b185e85,ARo3JnnrYQcV5QLN5hRvgyDkCngY4RFiS9yyL3cupump,2026-08-20T23:36:11.471622+00:00,0.0009750541221042649,0.0013443041890140442,0.01893485,trailing_stop,1,0,0,-4.33,live_lower,trailing_stop,1,1,mcap
2026-08-20,fbb4e07a-852f-44a6-b18b-96177e5e2e95,JCLSQsJgFqaWVUSk4brSuxbX9MGzmg3fCtBh4GhvnSfH,2026-08-20T23:39:41.649096+00:00,6.133160333641393e-07,5.642507506950082e-07,-0.004,hard_stop,0,0,0,-0.02,live_lower,hard_stop,0,1,mcap
2026-08-20,d649e753-9363-49d3-af30-538efe75882f,6iebdFtr3fMrjCHwgv7i8FE9GQSjZii4LqNU1vWLpump,2026-08-20T23:39:40.135129+00:00,5.7779098191309785e-08,5.3156770336005004e-08,-0.004,hard_stop,0,1,1,-2.99,live_lower,hard_stop,0,1,
2026-08-20,0c9f6cc7-daba-4a79-8ce3-09d4f6e251e6,Gouvcb5mnDoruM79TaLSL7fSEoN8WMsBauUovGXspump,2026-08-20T23:40:49.478452+00:00,7.973828326585633e-08,8.397236956673538e-08,0.00265499,trailing_stop,1,1,1,-19.73,live_lower,trailing_stop,1,1,
2026-08-20,cf03d5ce-752b-4d21-b9c4-6451d95b153a,DBvy4tehfsQ5eHLBF6TZXka41ZT8pAd5iobDr1NeZ4FB,2026-08-20T23:42:28.993721+00:00,4.77977288239506e-07,4.397391051803455e-07,-0.004,hard_stop,0,1,1,-4.87,live_lower,hard_stop,0,1,
2026-08-20,5df20743-7e3d-4402-92e1-8a22dc7f85b6,ZExy7krMikBNWHhs9YLpmvuk6CBz4JQn42TK5E2pump,2026-08-20T23:41:50.538393+00:00,9.331605818315633e-08,1.0657239730430553e-07,0.007102925,trailing_stop,1,1,1,2.09,live_higher,trailing_stop,1,1,
2026-08-20,052b3be8-04b8-4f66-98c0-9040632d0dbb,Am78mmoERLcLnG9eCHJnKovuQbwrWjwVZapDbsHipump,2026-08-20T23:41:59.060309+00:00,8.489784445127413e-08,7.81060168951722e-08,-0.004,hard_stop,0,1,1,-1.38,live_lower,hard_stop,0,1,
2026-08-20,66049f1d-c5e7-483d-836f-78ba6bdbd692,67GhcJJh8i2AQLj7Jqtuc2QbAfZrLeeAnb1vZhve5jP7,2026-08-20T23:42:43.564885+00:00,4.305658056034383e-07,3.9612054115516323e-07,-0.004,hard_stop,0,1,1,-2.67,live_lower,hard_stop,0,1,
2026-08-20,08700db9-15f2-4a76-8d84-d9723e0179bc,BnBGSCuLwPSzGfWsKFztNs2NswHKiEoyfb9MtkLcpump,2026-08-20T23:42:48.098185+00:00,6.829086455499108e-08,7.509094181259202e-08,0.004978761,trailing_stop,1,1,1,-7.82,live_lower,hard_stop,0,0,
2026-08-20,ce0f91d7-4b26-4ce3-a4ec-ac88f8cb7272,6pqqVXkbW4L79gyP7K8P1ctqirDyjayDtifPohFnpump,2026-08-20T23:43:26.139119+00:00,4.582226780753986e-10,5.238053958116266e-10,0.007156206,trailing_stop,1,0,0,-14.25,live_lower,trailing_stop,1,1,mcap;pool
2026-08-20,5c5af978-d3b0-490a-abd0-2f3b557cc3af,4hxdBPRzKZTN2TGKyREN4f4bAqow1dgmuBkYgiiEpump,2026-08-20T23:44:11.945986+00:00,1.0221517189640163e-07,9.403795814468951e-08,-0.004,hard_stop,0,1,1,-2.98,live_lower,trailing_stop,1,0,
2026-08-20,fec26d8a-c7d4-4250-aa14-41821b71fb62,577iS1eopQMaccq53onSLCQWe15Coj1MVxD5Svpkpump,2026-08-20T23:43:23.694628+00:00,2.8534167249366337e-08,2.835988923339328e-08,-0.000305385,early_exit_no_green,0,0,0,0.97,live_higher,no_exit_within_window,0,,mcap;pool
2026-08-20,2aecc615-a470-4034-bd47-1c0f497b1f2f,7hitxQdbSbdKe45QyAaiUFehtp3bFtrW2t1eUtUspump,2026-08-20T23:44:48.597863+00:00,1.738148632891951e-07,1.599096742260595e-07,-0.004,hard_stop,0,1,1,14.2,live_higher,hard_stop,0,1,
2026-08-20,3c02e1f6-3af9-4211-a431-f902c2ea34c9,7pVhPawz16nWttjRnX23sNHJaKDEmsM25MtcEDSDAGM5,2026-08-20T23:43:41.684446+00:00,1.0164338366368736e-07,1.0273852320275357e-07,0.000538717,trailing_stop,1,1,1,-0.83,live_lower,trailing_stop,1,1,
2026-08-20,c46e4de5-4aee-45d5-9fef-ff7474b000b7,6Mdk3EisND53gePX9U175CCjZwG7AgyPQUzrFULSpump,2026-08-20T23:43:57.378081+00:00,3.0406870091330084e-08,3.022314659711456e-08,-0.000302109,early_exit_no_green,0,0,0,0.21,live_higher,no_exit_within_window,0,,mcap;pool
2026-08-20,e99f9ab9-d5d1-485d-be12-e3eec62928ee,J78fAvTc1iqbkC9SgBjNREGhTpXDampnTt1a9RR2pump,2026-08-20T23:46:08.930750+00:00,1.2372848462786594e-08,1.1383020585763667e-08,-0.004,hard_stop,0,0,0,167.45,live_higher,hard_stop,0,1,mcap;pool
2026-08-20,d7ee83f6-179d-4d50-b59e-08edaaa1005c,BicMq5CgVLCP4p4ywVERKTQagadmi1BJnNAWvwcUpump,2026-08-20T23:46:28.554157+00:00,4.816334644210908e-08,4.451686344602332e-08,-0.003785537,trailing_stop,0,0,0,-10.82,live_lower,trailing_stop,1,0,mcap
2026-08-20,3579afb9-5e3b-48a5-a030-e573e6d533fe,BVP8yTMsvaMqMKMAr1mX5roqow9sYDn2h11tBJVWpump,2026-08-20T23:47:47.034521+00:00,5.8539902605042055e-08,5.385671039663869e-08,-0.004,hard_stop,0,0,0,12.29,live_higher,hard_stop,0,1,mcap
2026-08-20,3c5789e3-4d9f-47fd-9959-68ddcfe13c1c,8uzxAFGv27ewPNERz8wmRvRA8tdBRo8iqx5T4wqudTtr,2026-08-20T23:47:54.569721+00:00,1.70806006598746e-06,1.5714152607084634e-06,-0.004,hard_stop,0,0,0,-5.75,live_lower,hard_stop,0,1,mcap
2026-08-20,fba4e6f3-7a5b-417d-81b8-578af40a59ff,CoeNMYxa5Md22CF65AG8T8by6SJs9Uz3qN9ruCQHpump,2026-08-20T23:48:12.176389+00:00,8.08331782557937e-08,7.43665239953302e-08,-0.004,hard_stop,0,1,1,32.69,live_higher,hard_stop,0,1,
2026-08-20,11fac8ab-8e69-433a-97c2-fce39694ac00,6apmQ7v76Tx9aXVRFc7FFUaPMFWhAMqNg9Uhocs7pEwg,2026-08-20T23:38:52.143234+00:00,6.674139799061786e-07,6.674139799061786e-07,0.0,time_stop,0,0,0,-7.93,live_lower,hard_stop,0,1,mcap
2026-08-20,8000fb69-ef3c-4890-b597-f06e6df5a48d,HatNud686V39UEhwzwL7yai2cMhzwQH3ZiJe7Wsvpump,2026-08-20T23:49:37.902827+00:00,8.989317034194079e-08,8.270171671458553e-08,-0.004,hard_stop,0,0,0,55.64,live_higher,hard_stop,0,1,mcap
2026-08-20,3d56d090-3170-4daa-9f46-4b7be5b2ff76,CJieZh2EDi7xVw5J4uyp3MyQMn9M1tPovX46emHSpump,2026-08-20T23:50:45.017489+00:00,1.6162089398020789e-07,1.8676942170428684e-07,0.007780098,trailing_stop,1,1,1,-8.43,live_lower,trailing_stop,1,1,
2026-08-20,25b6715c-f3d1-4925-b550-e60af9ea536e,BhdtwqP1ALUPwG3vBwsXxNpLv3Nev9mmupafZFEqF9bo,2026-08-20T23:51:13.659898+00:00,4.1304602708253547e-07,3.8000234491593267e-07,-0.004,hard_stop,0,1,1,16.37,live_higher,hard_stop,0,1,
2026-08-20,6bed1095-848a-46d4-9925-3ccf2ed58636,FacZi7ok8SeCcPkw26ReMaMNuxyuqFhXHAtQpMQCpump,2026-08-20T23:46:50.132806+00:00,7.697078663313958e-08,1.309237964163895e-07,0.035047719,trailing_stop,1,1,1,0.14,live_higher,trailing_stop,1,1,
2026-08-20,fb4afd11-1e51-4b4a-b068-665538708830,6ZoSxWMinhAyTsPiCu119G71QoCaHZKAANxpnYWrpump,2026-08-20T23:52:16.511072+00:00,0.00019041307496391432,0.0002124081274423561,0.005775615,trailing_stop,1,0,0,-1.08,live_lower,trailing_stop,1,1,mcap;vol_mcap
2026-08-20,93449884-309c-4f26-8bb5-bf292cd31eb2,9rN3RYnSdSELFJGmsnKcfDSvJpqqgJWPpy54HQhYpump,2026-08-20T23:53:54.659388+00:00,4.69835147978063e-07,4.32248336139818e-07,-0.004,hard_stop,0,1,1,5.94,live_higher,hard_stop,0,1,
2026-08-20,71d257c8-3fa0-4fc2-9f25-61ea188fd86f,B7psiXfcyReHhnUbhFMst8jyyTKvjWpJ97EJMx7gsLT3,2026-08-20T23:53:17.549896+00:00,3.0708677565744105e-08,2.9640300126124833e-08,-0.001739537,early_exit_no_green,0,0,0,2.51,live_higher,no_exit_within_window,0,,mcap;pool
2026-08-20,adc1031d-232e-48ba-a349-bab79a8118dd,HvtTVSKkcno8PVSuTWibMHhet8HWReiasLzCL8rgxuKq,2026-08-20T23:45:23.320294+00:00,8.359455951803188e-07,8.359455951803188e-07,0.0,time_stop,0,0,0,-36.4,live_lower,hard_stop,0,1,mcap
2026-08-20,f97bc3ba-665c-4337-aaf8-9d4f255faa87,4dykUiePnJ5KTKYCwyJ8xFGrzTvKYN7JkupKnA1zeWtc,2026-08-20T23:53:51.152362+00:00,4.498883199197673e-07,5.111163868186878e-07,0.006804807,trailing_stop,1,1,1,-3.94,live_lower,take_profit,1,1,
2026-08-20,68ec7349-2e6f-4c4c-892d-981f2a0ab595,3mDFd7gP3ZbXtQHftwVNXLKjvEKSaJ9RHJxfRxzCjtS3,2026-08-20T23:55:23.003044+00:00,1.0282590551942913e-06,2.570647637985728e-06,0.075,take_profit,1,0,0,44.61,live_higher,hard_stop,0,0,mcap
2026-08-20,fa5b9ab8-a002-4f02-bfa4-39793eb3c747,JAJgE1ZUb8uwEkSF8xtncSDkbzSXM2pcuBR3YkBcpump,2026-08-20T23:55:25.521186+00:00,2.3276549123788784e-07,2.1414425193885682e-07,-0.004,hard_stop,0,1,1,-8.52,live_lower,hard_stop,0,1,
2026-08-20,a7764784-74d0-47ae-806e-6d57f0dc1ce4,FHChu8pTfq2D88Z8uPkSAEmGCbSxFTwaN8LUGXMXpump,2026-08-20T23:56:32.748368+00:00,5.009303017627209e-09,4.608558776217033e-09,-0.004,hard_stop,0,0,0,38.53,live_higher,hard_stop,0,1,mcap;pool
2026-08-20,e16dbaf6-a9cb-49ee-a957-6af19a6f2eb2,SmJ9byAxPk2vdWHz3qHfwwSrgPMzcREG2vd5K3dpump,2026-08-20T23:57:51.021118+00:00,6.729349677895808e-08,6.191001703664144e-08,-0.004,hard_stop,0,0,0,38.51,live_higher,hard_stop,0,1,mcap
2026-08-20,a9dc2c76-c0b5-4e73-aec6-b82c6f529ce3,39sZriyJKqCyH2oDRCnbUC4rQ4phhRqeGkWJSzwbmoon,2026-08-20T23:48:56.857605+00:00,3.5662046872260707e-07,3.6347913983981323e-07,0.000961621,time_stop,1,0,0,-98.86,live_lower,take_profit,1,1,mcap;vol_mcap
2026-08-20,df77cfd3-fb3e-4140-8112-94c6a7255e50,6GADZeRisi3z6prqdbDPRWNVLvNEujxHBicSeGBnk7Vc,2026-08-20T23:56:11.215557+00:00,4.599442498705386e-07,5.847763869085084e-07,0.013570355,trailing_stop,1,1,1,-1.05,live_lower,hard_stop,0,0,
2026-08-20,dc3fa099-ec35-4efa-9f73-55ae1c9ab04f,5H6Pyb1qYWH5REDTmWZeHXhivDj2kbD1Xiztp8ZEpump,2026-08-20T23:58:47.787615+00:00,6.03299586455423e-08,5.550356195389892e-08,-0.004,hard_stop,0,0,0,14.53,live_higher,hard_stop,0,1,mcap
2026-08-20,4e0c6535-b6ab-4b3e-bfd3-a0ce712bd665,ABMJTmm8HoyDXE891JHQRRFDNTAk5khQ1suhmSggpump,2026-08-20T23:57:37.510514+00:00,6.367593122807898e-08,6.365217555936108e-08,-1.8654e-05,early_exit_no_green,0,0,0,-0.04,live_lower,no_exit_within_window,0,,pool
2026-08-20,2719b8ef-df03-4c3d-ad38-d02b908d17bd,4cYH99Y2enVwCnLZoxHZofiGsjsS8vy3XkpsFTbqpump,2026-08-20T23:59:56.282638+00:00,1.235854897144943e-07,1.5791035126616146e-07,0.013887092,trailing_stop,1,,,,,,,,
2026-08-21,e76156e5-552a-4346-bebf-cadcf809fd84,3PiX1MSH12WeFtjHykZFpWJzpfsvBYNt1v1W2eRspump,2026-08-21T01:00:03.395366+00:00,2.845658816118729e-07,2.6180061108292306e-07,-0.004,hard_stop,0,1,1,-12.12,live_lower,hard_stop,0,1,
2026-08-21,9db68efa-bf53-49c2-948f-1aa0bcfd90ed,D8RHobSRJcvuxD5w24bM41WQHew4m32EJ9rWCSuWpump,2026-08-21T01:00:09.228678+00:00,1.6762999209692743e-07,1.9434818334450412e-07,0.007969395,trailing_stop,1,1,1,2.2,live_higher,trailing_stop,1,1,
2026-08-21,7bfce27a-1a4e-42ea-a50f-fc3cb275f374,DaYGTZoSxNPEdHj3pZjHtp5q3oWRvLZSZzWSbWRmpump,2026-08-21T01:00:40.911799+00:00,3.164554375543136e-07,3.3343044607128816e-07,0.002682054,trailing_stop,1,1,1,-1.84,live_lower,trailing_stop,1,1,
2026-08-21,501315ea-36c5-4427-8cee-71e6ae2b56a2,H8fRH6Pmvr4Qmaur3HFEJSF9qLCzs7uaZDQLZejKpump,2026-08-21T01:01:22.010255+00:00,5.880856991965135e-08,1.4702142479912837e-07,0.075,take_profit,1,1,1,-15.75,live_lower,take_profit,1,1,
2026-08-21,ca83b6bc-64fe-46b3-8576-03007a5e7cb8,E8EgDjqkXuZFbFCH57VYqf5AmY6EFEPa2mx9qBAVpump,2026-08-21T01:02:39.727451+00:00,1.658789162288024e-07,2.0753491383229517e-07,0.012556146,hard_stop,1,1,1,-21.0,live_lower,trailing_stop,1,1,
2026-08-21,40b7f718-22bf-40fb-a10d-8c7f3d3531a5,4twizYMhEHgqipW3g85HL9fk229cBikyvxihjSPHpump,2026-08-21T01:04:32.105399+00:00,2.16216531974134e-07,1.989192094162033e-07,-0.004,hard_stop,0,1,1,-0.85,live_lower,hard_stop,0,1,
2026-08-21,3f416c82-26b8-4828-bf07-7ff5047a1f1c,G3NcfWQKxb1eKehMvgqBcXXMLL9rnSLFhyNrtqr7f9fH,2026-08-21T01:01:20.157131+00:00,1.0624052213687312e-07,1.3667351623914836e-07,0.014322687,trailing_stop,1,1,1,-4.4,live_lower,trailing_stop,1,1,
2026-08-21,82642ff8-6bb7-4e96-8c73-44dad3530284,FA1mRCTqaWwbEzr2Sr6XwfXs8K5mVgnB97wULtVCKPvF,2026-08-21T01:02:05.777407+00:00,1.0294502781749821e-07,2.573625695437455e-07,0.075,take_profit,1,1,1,0.61,live_higher,take_profit,1,1,
2026-08-21,33147898-b144-4e41-b1fa-7826c32d34f9,2bkD7M1Qy2GMEH434L2HxjX4fb14sakXtteCtEJSpump,2026-08-21T01:01:32.744984+00:00,5.817887920002665e-07,6.921603742371706e-07,0.009485537,trailing_stop,1,0,0,-1.16,live_lower,trailing_stop,1,1,mcap
2026-08-21,047dc3ad-fe84-40c1-ad04-2ca2c3d1a427,ErHxuczcsHaZWiYCXWfVejcgE84QAJkw9W6K16Gnpump,2026-08-21T01:07:04.391080+00:00,6.837149703741863e-08,6.290177727442515e-08,-0.004,hard_stop,0,1,1,-3.63,live_lower,hard_stop,0,1,
2026-08-21,53bdd8c6-d6bf-420c-b3ce-a5f9fa751972,2jTjGe7CbUqSLwAS8JkfdJvnL58UDR2wb84Qjaky6UJf,2026-08-21T01:08:24.084299+00:00,3.9247640845505476e-07,4.2001695128347395e-07,0.00350856,trailing_stop,1,1,1,-4.49,live_lower,trailing_stop,1,1,
2026-08-21,944c0250-0d7d-48e1-9b88-cad659d8dd94,12smmDMPW6Zkqj89ykqdbuDZCuFZTee1ZBWiB89Wpump,2026-08-21T01:09:21.755160+00:00,1.4615115108228455e-07,3.6537787770571136e-07,0.075,take_profit,1,1,1,-1.39,live_lower,take_profit,1,1,
2026-08-21,40047946-e518-41d7-8fa7-b877f72d241b,CWN9wFfoPRWnhurkoqKZZ8V9WD5wRswSPHNbzHQVpump,2026-08-21T01:10:25.550008+00:00,2.0589420648647692e-07,1.8942266996755878e-07,-0.004,hard_stop,0,1,1,-5.25,live_lower,hard_stop,0,1,
2026-08-21,33a58483-5522-47e5-9b83-cd0a4471f11c,GeViKNfbHaw22B3UcDj69oZg1w1KKUHW26izGU1opump,2026-08-21T01:08:30.815872+00:00,7.172475605996507e-07,1.7931189014991265e-06,0.075,take_profit,1,0,0,10.89,live_higher,hard_stop,0,0,mcap
2026-08-21,aa29bb13-3022-4838-9baf-1678127cea13,DLs5KFSVViUDV3AzzUR1viyKx5etLPurBJtaXaVgWLSU,2026-08-21T01:08:59.435135+00:00,4.6171602276239954e-08,7.046663115375517e-08,0.026309493,trailing_stop,1,0,0,-0.9,live_lower,take_profit,1,1,mcap
2026-08-21,b2bf023f-3d1f-4256-9f8b-df9162f20d47,E8EgDjqkXuZFbFCH57VYqf5AmY6EFEPa2mx9qBAVpump,2026-08-21T01:11:10.678275+00:00,2.771424601911327e-07,2.549710633758421e-07,-0.004,hard_stop,0,1,1,-8.41,live_lower,hard_stop,0,1,
2026-08-21,6f084c5b-6a49-4df3-86f5-eaeff35807ca,APvM3cJm7ciGtFULVCY1CPWgNCPZr7XTRhQhcQadBCkm,2026-08-21T01:11:57.685897+00:00,4.728765936057708e-07,4.3504646611730915e-07,-0.004,hard_stop,0,1,1,-5.42,live_lower,hard_stop,0,1,
2026-08-21,8e3f58c1-0dbf-4655-924c-39f9a4da534a,2PYEXVLkuBtV513F2xHenLC3c9eqbrLNQfmc4iQypump,2026-08-21T01:11:56.719426+00:00,6.494593551332906e-07,7.798091629133537e-07,0.010035255,trailing_stop,1,0,0,-14.87,live_lower,trailing_stop,1,1,mcap
2026-08-21,5c8d2713-66f5-4b10-8f18-33055a39d647,HjbvsrBbGtKaC96nQim5Vrmr4c9XXituEoT1eJhZ6EE8,2026-08-21T01:12:36.453637+00:00,3.753647067608095e-07,5.811419176566354e-07,0.027410304,trailing_stop,1,1,1,-19.82,live_lower,trailing_stop,1,1,
2026-08-21,b8e83270-1fd5-4e37-afdd-f20924c71755,8FhAXv2tfXUpyMbJsHDHX9zfiEb9PERzFWSY9sgLpump,2026-08-21T01:13:59.126522+00:00,1.0486280191065814e-07,9.64737777578055e-08,-0.004,hard_stop,0,1,1,-1.21,live_lower,hard_stop,0,1,
2026-08-21,9dbea331-c570-4760-aa21-d3c2d211436d,42ycK9ArByM4eYxuKubiWxrYpcFbsuXunpDxHZWAfDgm,2026-08-21T01:13:09.288629+00:00,9.06869481684534e-08,8.343199231497714e-08,-0.004,hard_stop,0,1,1,1.01,live_higher,hard_stop,0,1,
2026-08-21,d5b3f68a-bfab-4e0e-98e5-8a4913669029,21nmE4QzH2Xkx6NHhExBLcmzzgk6dmwfACvE3gW4pump,2026-08-21T01:16:08.043813+00:00,2.6267992818179945e-07,2.416655339272555e-07,-0.004,hard_stop,0,1,1,29.93,live_higher,hard_stop,0,1,
2026-08-21,2639f71d-863a-481d-8bd7-b44da5a12afa,Gj5AR1wLJAA4ytR6azKmf6pXvFgzECExwVzkmYS6pump,2026-08-21T01:14:33.360734+00:00,0.000304980579657906,0.00032816195692494986,0.003800468,trailing_stop,1,0,0,-0.37,live_lower,no_exit_within_window,0,,mcap;vol_mcap
2026-08-21,e3ecb741-d4f0-4e2d-a0b1-744515aaae04,AvazHsJ4BVMuXToQu9fRpYwptoK4hEdovHXWpUuoHhPP,2026-08-21T01:15:12.498969+00:00,1.2576857879903754e-07,1.1570709249511455e-07,-0.004,hard_stop,0,1,1,-2.59,live_lower,trailing_stop,1,0,
2026-08-21,47b632ba-ffac-4962-9d8a-a53cc19622ee,F5CGhJ6j2cToen84ArGZoccdz1cTW1Q1Kwz9xqsmgfpK,2026-08-21T01:16:39.900713+00:00,2.1610944685524445e-07,1.988206911068249e-07,-0.004,hard_stop,0,1,1,-39.7,live_lower,trailing_stop,1,0,
2026-08-21,68e9daf6-4afe-473b-9dd9-998ef5212323,HUqMnQxWxRSAVYXk7zPAxbwRaXPEroYqprW5RL4GrJNV,2026-08-21T01:07:57.248201+00:00,1.826626546063646e-07,1.826626546063646e-07,0.0,time_stop,0,0,0,982406.39,live_higher,hard_stop,0,1,mcap;pool;vol_mcap
2026-08-21,0393803a-5a98-499e-9f8a-e34873ac3b59,2tc5bkUEcpGTD29T5o6DtqXUFCmTP8eCkFXWJQoMePbq,2026-08-21T01:17:38.982129+00:00,3.9811143186075113e-07,3.6626251731189105e-07,-0.004,hard_stop,0,1,1,19.58,live_higher,hard_stop,0,1,
2026-08-21,73080ea8-4534-4c0e-ba6c-19bdf44db163,4cZPEPLWEzCu81r15FqMPjh8F9kznUdPYqhgNT3qpump,2026-08-21T01:18:45.925077+00:00,8.438772033588843e-08,7.763670270901736e-08,-0.004,hard_stop,0,1,1,-9.26,live_lower,hard_stop,0,1,
2026-08-21,f0c93654-d470-42dc-8131-b6e50afd535d,AuxxLPyFVxZWrpCuc8hdxfVn9ECBk4VDwu2WAWC27PzB,2026-08-21T01:19:01.603248+00:00,2.4541353530896213e-07,2.926646190478817e-07,0.009626829,trailing_stop,1,1,1,1.44,live_higher,hard_stop,0,0,
2026-08-21,6ee6248a-596d-4ace-9249-668c3f2084d1,4R8poUfquSoPm4sQwWRCcRXQaA1jbZC2htiRPBAAy4H5,2026-08-21T01:19:48.630988+00:00,2.692357640893926e-07,2.476969029622412e-07,-0.004,hard_stop,0,1,1,-26.3,live_lower,hard_stop,0,1,
2026-08-21,a4cb09ec-7cd9-4412-ba81-538b3d10ab41,Ea7YdvLfxwiZsBfTCudLbQTRjr1jXLU4Z1WQCUQx273M,2026-08-21T01:20:19.022469+00:00,3.1094195178081714e-07,3.824548099735083e-07,0.01149939,trailing_stop,1,1,1,-37.92,live_lower,hard_stop,0,0,
2026-08-21,cd21dab0-c74b-43f0-b1b1-a8e82d522bb2,2AP6yxzVvSQBRnmkB1ktrH6j2aep6ar88hXdCcUzoqcq,2026-08-21T01:11:29.221371+00:00,4.901902959656675e-07,8.214510132428652e-07,0.033788992,time_stop,1,1,1,-0.66,live_lower,time_stop,1,1,
2026-08-21,c94d91b6-4c4f-4e55-9ac2-b06582d56229,GPoEuxQ47D2cW9MdxVKvQrBpWtpXajd3Y1g5c8RLpump,2026-08-21T01:19:46.075443+00:00,1.0199411995031706e-07,1.4077060784984246e-07,0.019009178,trailing_stop,1,1,1,-2.19,live_lower,trailing_stop,1,1,
2026-08-21,e28ee172-b92a-4c1f-88bb-a2eeaf516290,6awr4nA7MWco36RABwMvfKQXrWgrAT67NT2aD7pFoYgD,2026-08-21T01:21:54.296569+00:00,7.252927596875999e-07,6.672693389125919e-07,-0.004,hard_stop,0,0,0,13.73,live_higher,hard_stop,0,1,mcap
2026-08-21,88b3d8be-42ab-4613-a5c6-8ba8681afdcb,BXsSW7SnETq53HQscXR68TLM1Gajk4t5J4QJFQpHpump,2026-08-21T01:23:25.544412+00:00,1.3664129411955642e-07,1.257099905899919e-07,-0.004,hard_stop,0,1,1,8.24,live_higher,hard_stop,0,1,
2026-08-21,49702f68-8b65-4458-b3aa-426d37a0e518,5qz1cj54gv6xN4eekPcKSjog8SFUHmtMKzjrAZXLpump,2026-08-21T01:22:49.392360+00:00,1.2056456099254422e-07,1.3124076260639927e-07,0.004427587,trailing_stop,1,1,1,1.34,live_higher,trailing_stop,1,1,
2026-08-21,509f3369-ee1c-4cc7-ae7c-c20160403ced,2R7kEXkH6JjLiR9yyhjcU3HQD3Ctnu5uqxdJLcKKWmCN,2026-08-21T01:25:30.732351+00:00,4.27049164670407e-07,3.928852314967744e-07,-0.004,hard_stop,0,1,1,-15.66,live_lower,hard_stop,0,1,
2026-08-21,c58c0dd4-7510-4f65-8ed0-538c41b16056,46zwyNDT7D9UP2EdTSLFM7p4gx4kDvPHvpSpmhAXpump,2026-08-21T01:26:48.310524+00:00,2.953589393464343e-07,3.683696480095922e-07,0.012359658,trailing_stop,1,1,1,-27.79,live_lower,hard_stop,0,0,
2026-08-21,9896716f-b6c0-44f4-a160-9a0aaeff3b1a,4Bv89BKYKxQ6ZsLZoU9pHqutBw1qakVgiTHwaBCvpump,2026-08-21T01:27:25.225065+00:00,6.295573668199274e-08,5.7919277747433324e-08,-0.004,hard_stop,0,0,0,22.65,live_higher,hard_stop,0,1,mcap
2026-08-21,a14d1c17-61cd-4266-b1db-6d1524f41e52,Er67puRBtqLTCAzzNisVdFmVuJKxu3x9Yz9qHrg6pump,2026-08-21T01:27:34.899585+00:00,3.026872252619446e-07,2.78472247240989e-07,-0.004,hard_stop,0,1,1,6.82,live_higher,trailing_stop,1,0,
2026-08-21,4772d306-05fe-4adb-800b-22776cecd258,GCbxZL7rDPhF3YDgyiBXfZQJZFmub2M5Pha89jo6pump,2026-08-21T01:23:24.006574+00:00,3.0229824652730614e-08,2.793134747370344e-08,-0.003801671,time_stop,0,0,0,0.62,live_higher,no_exit_within_window,0,,mcap;pool
2026-08-21,6d133bc9-c02b-40ad-8526-313cb790066c,EATAvbkfdMpbDZgFvhSzLvkj9b9HKUa3ue1udtkwa72k,2026-08-21T01:33:47.874623+00:00,3.4126988327800493e-07,3.139682926157646e-07,-0.004,hard_stop,0,1,1,25.86,live_higher,hard_stop,0,1,
2026-08-21,d4806b71-eea5-4685-9577-c33d4202abf9,G5EmS8SDcwumWBpmYpfPEUKDKjcWbxKpRgVQuTeB7Y2R,2026-08-21T01:24:02.240456+00:00,3.4403816609226e-07,3.4403816609226e-07,0.0,time_stop,0,1,1,-25.24,live_lower,no_exit_within_window,0,,
2026-08-21,82453172-a446-439b-b7a4-683d0bddc5ab,AK4BEKVFbPTr8NJTqxcxbXQxh1hoJnzzFqzCYiRpdb2T,2026-08-21T01:24:12.868433+00:00,4.0666334233956525e-07,4.0666334233956525e-07,0.0,time_stop,0,1,1,-7.66,live_lower,no_exit_within_window,0,,
2026-08-21,0ba69ce6-bb18-4251-94f3-21585683d86a,AkabWaLNNEirGqcfFQmjdJmunF6veKFaxJ3dD1vVKRLK,2026-08-21T01:34:00.891619+00:00,8.408947419886587e-08,7.736231626295661e-08,-0.004,hard_stop,0,1,1,-2.66,live_lower,hard_stop,0,1,
2026-08-21,0fbe8dda-80a9-40f7-8dd4-29f3c8bcc6ca,BRbSXK6uwUKgztG6v4GBjzxnVDDQq52woYcXa8Gtpump,2026-08-21T01:24:56.004942+00:00,1.7224802256817347e-07,1.7203443815194995e-07,-6.1999e-05,time_stop,0,1,1,-0.04,live_lower,trailing_stop,1,0,
2026-08-21,2d6cbb83-f2f6-4a6f-9367-e2535c44b07d,51q3FGz93TpBjxbcjcsB7CQuHwrhzW8dKogufhvrgQCH,2026-08-21T01:28:05.702551+00:00,9.049517188116856e-08,2.262379297029214e-07,0.075,take_profit,1,1,1,-3.51,live_lower,take_profit,1,1,
2026-08-21,39ae474a-291d-498c-8a06-76004a1005c6,AwbszCjqKwcnXm8aEcWVSiSuN5MdExi3gbNFcwDmpump,2026-08-21T01:35:09.370070+00:00,1.2507785398083633e-07,1.1507162566236943e-07,-0.004,hard_stop,0,0,0,342.8,live_higher,hard_stop,0,1,mcap
2026-08-21,22bbde8b-60fa-4d70-8455-fe337f52b4a9,L4zQjf4jAbs9sE3Kmdgn92vCirP1qJmgYBTaPLAmfbJ,2026-08-21T01:35:37.008772+00:00,3.743294753820548e-07,3.9477874346178975e-07,0.002731453,trailing_stop,1,1,1,-7.77,live_lower,trailing_stop,1,1,
2026-08-21,98f1b6fb-cb8a-4bef-82f4-8f21ca34678c,J3fCYm5tfQaW1ytqEeZ1uLj8TpYpd9bQkZViqrYXpump,2026-08-21T01:36:58.850683+00:00,7.878976050769139e-08,8.090945023036393e-08,0.001345156,trailing_stop,1,1,1,-4.06,live_lower,trailing_stop,1,1,
2026-08-21,e0b6aba0-bce3-43c7-ad1d-9ac3c32c5782,CjcjqrYdZrxKjww5YUYenMtTXmM21dR3tkJpdBbD8i7o,2026-08-21T01:35:06.803690+00:00,1.0660722814432989e-07,2.6651807036082473e-07,0.075,take_profit,1,0,0,1.57,live_higher,take_profit,1,1,pool
2026-08-21,d782a388-6496-4875-98cb-f8edc0c3d218,5hbgzhHSDAxPEj9PkdPfBRFGyg8cUUcFsbCAey4AZm7a,2026-08-21T01:37:29.116506+00:00,3.144102807462887e-07,6.205568014231056e-07,0.048685832,trailing_stop,1,1,1,-11.94,live_lower,trailing_stop,1,1,
2026-08-21,bbc9b9db-6355-4142-b8db-4e6a97cd7afd,HWRbZefpsX8wuBnn6Rgob8qc2WZHo9AjcXAKsysGpump,2026-08-21T01:38:10.639748+00:00,8.464971898734175e-08,9.325600381614291e-08,0.005083469,trailing_stop,1,1,1,-18.4,live_lower,trailing_stop,1,1,
2026-08-21,f68ade24-4b3d-4429-98bd-aea7b0afb05f,3hmBnKgUgynzpn4NbtwLG2tJHknESrDD1seHGoqgpump,2026-08-21T01:38:33.158968+00:00,5.393452639797198e-08,4.961976428613422e-08,-0.004,hard_stop,0,1,1,-0.9,live_lower,hard_stop,0,1,
2026-08-21,e725a574-81e5-4f99-80f6-fd998d49e9e2,FTLYydxsZRUjbMddJyJQm5SwAD1PCq3pHn2gLd8Zpump,2026-08-21T01:38:41.806753+00:00,1.727744659819706e-07,1.5895250870341295e-07,-0.004,hard_stop,0,0,0,495.25,live_higher,hard_stop,0,1,mcap
2026-08-21,060bea36-a4b0-4042-a954-0073c6cd5310,9W3eJxJL7mdtA6PUwnZLbRwDbD45V5x5hMmtQMrEfrHB,2026-08-21T01:35:49.160457+00:00,3.9300167799294854e-07,4.148475346155581e-07,0.002779359,trailing_stop,1,1,1,0.14,live_higher,trailing_stop,1,1,
2026-08-21,b88a9acc-d9ac-4efc-9d1d-8337db0ebc67,DNSNAcSaTFRoBLZa1DeKPnpsY1yEanAd2ysNq2wgEx67,2026-08-21T01:37:27.403433+00:00,1.4344275021601563e-07,3.586068755400391e-07,0.075,take_profit,1,0,0,5.11,live_higher,take_profit,1,1,pool
2026-08-21,622c9397-d8ca-4235-be7e-af5f63a434bc,HDH2G4qA5zYksj1ZDVP47A8gR37hEXaTiUC2qwhFpump,2026-08-21T01:40:07.597941+00:00,1.0756235919690207e-07,1.3043346441677272e-07,0.010631556,trailing_stop,1,1,1,-2.01,live_lower,trailing_stop,1,1,
2026-08-21,8a7c0809-9f10-43e9-b64b-25e14084c49f,FTfA7LVZdkJeJyMXZNcEBUgg3K62RKdNCtvEmDkApHDc,2026-08-21T01:39:04.144635+00:00,2.741012019140847e-07,3.0239649224031875e-07,0.005161468,trailing_stop,1,1,1,-1.57,live_lower,trailing_stop,1,1,
2026-08-21,435d630f-dfb7-4eed-b29f-9e4c9abf163d,Bz5wALzvD7MNvqYDu6N417h7Q4nGGRuidSY67PzTpump,2026-08-21T01:39:56.833855+00:00,6.180452232077706e-08,5.6860160535114896e-08,-0.004,hard_stop,0,1,1,0.21,live_higher,hard_stop,0,1,
2026-08-21,22f037f5-f18d-4f76-8f56-f8d0a35fdf6e,858tkJMwLYkEdSoTPJBmh142EkSbtbKwzBMqjeqwMoMT,2026-08-21T01:41:09.516118+00:00,4.3434820815979444e-07,4.559711188624794e-07,0.002489122,trailing_stop,1,1,1,-3.92,live_lower,trailing_stop,1,1,
2026-08-21,11f8962e-1c76-4761-bc9b-401e3be7c9c6,9XWmHuoR9yRxC4VaDU5US3tX6hMGqJWHF6vYQqHFpump,2026-08-21T01:42:19.477176+00:00,1.552867166841275e-07,1.428637793493973e-07,-0.004,hard_stop,0,1,1,13.89,live_higher,hard_stop,0,1,
2026-08-21,df5fe8aa-9a1e-4480-b534-e84cb533103a,GCysEz4A4vwhFoACzcDoZs4AEumAsAozh5HjZwTUpump,2026-08-21T01:40:24.353793+00:00,1.0332213747180722e-07,1.1255009125408042e-07,0.004465623,trailing_stop,1,1,1,0.22,live_higher,trailing_stop,1,1,
2026-08-21,6650115c-c817-4dfd-96ac-5332c2295f96,JAiYP5xBBFGbDu4BnA84nCk7NHFDneygnsn9jJKn3uU5,2026-08-21T01:42:44.153727+00:00,1.775013232892964e-07,1.6330121742615269e-07,-0.004,hard_stop,0,1,1,5.47,live_higher,trailing_stop,1,0,
2026-08-21,0e7bc244-409b-40d9-bb9d-a279c9ec381a,6CUnt73RqKoDmN3YMPpHhoLSZ9ubLYdwHmohWPYbpump,2026-08-21T01:42:33.517309+00:00,5.419154957580317e-07,4.985622560973893e-07,-0.004,hard_stop,0,1,1,18.68,live_higher,hard_stop,0,1,
2026-08-21,7e3e80a7-326d-4f60-a646-d70097809c83,yDVxDppFEYZfvB1HPkEex8HBzf8QXRBhtEjjssvpump,2026-08-21T01:44:09.771146+00:00,6.086544077920625e-07,6.81420284244989e-07,0.005977602,trailing_stop,1,0,0,-0.38,live_lower,trailing_stop,1,1,mcap
2026-08-21,36598486-3f43-4ee0-8167-70a0b066bafa,H8Za4CLXLFM2A7oW89mVSgNVwycpq79yvfQxpdeQbRjy,2026-08-21T01:45:14.514090+00:00,3.1584718593826974e-07,4.2703486055381114e-07,0.017601498,trailing_stop,1,1,1,-23.21,live_lower,trailing_stop,1,1,
2026-08-21,97c31e7f-c183-46ed-8829-546bde0cb36d,47KCJfuCHtRVNHfzQEnHb4C1ABsV8DgLwFM9W9RUpump,2026-08-21T01:46:24.127947+00:00,2.303220015150951e-09,5.758050037877377e-09,0.075,take_profit,1,0,0,-50.11,live_lower,take_profit,1,1,mcap;pool
2026-08-21,1467bc92-3df1-4fc6-92ce-1d7810969422,By1E4agYpYj4SyYe9xK9ruUZnQdqTNkztc4FyMLupump,2026-08-21T01:47:12.196066+00:00,5.377755098577124e-08,4.947534690690954e-08,-0.004,hard_stop,0,0,0,-0.56,live_lower,trailing_stop,1,0,mcap
2026-08-21,41790094-f99c-42a9-9d94-a73b190d8d6a,BvfBJt8Du1R3P8VR38ix9FXrcpQzw52o7jKeWYvKpump,2026-08-21T01:43:46.139412+00:00,2.732678751978259e-07,4.835531650158745e-07,0.038476036,trailing_stop,1,1,1,1.2,live_higher,trailing_stop,1,1,
2026-08-21,578cd5a8-35cd-45f4-a958-10083c6695bf,3DRF9H5diZ6EuQE7f1SWcQhzVcr4AKo6nJVJaXq7pump,2026-08-21T01:39:02.529137+00:00,2.873872534476718e-08,2.838176204939686e-08,-0.000621049,time_stop,0,0,0,-1.95,live_lower,no_exit_within_window,0,,mcap;pool
2026-08-21,62d26f73-f576-45ad-855d-8ebf053d9539,FZ8VY5dbqC4WFFSSwPEpoakWL3mVSXsMVNxkVJPcpump,2026-08-21T01:48:13.565692+00:00,4.240768557962159e-08,7.430544295407257e-08,0.037608463,trailing_stop,1,1,1,-32.12,live_lower,trailing_stop,1,1,
2026-08-21,aad5fda1-9ff4-49b0-b8db-80b02249a3ec,B2B1WsRDtwKvmPSUSJN2vYXAM5kbXYUvpCEymx2kpump,2026-08-21T01:49:36.752087+00:00,7.701621203902503e-08,1.3939092440567436e-07,0.040494534,trailing_stop,1,1,1,-2.58,live_lower,trailing_stop,1,1,
2026-08-21,384fade7-da62-40dd-892a-61f3a45bd629,5wsqPSb4DR3ew7z4Woavy4f3TivrUD7aNkAFkmkVCeBv,2026-08-21T01:41:50.710536+00:00,4.0045626488315025e-07,4.0045626488315025e-07,0.0,time_stop,0,1,1,-14.68,live_lower,hard_stop,0,1,
2026-08-21,e84b0d08-8598-40f8-b3cb-d4b4d42d9f2d,3EEmu5XWiMAp8Ncx5Q2KvBHnSrrU7vvw1Vcv6vN1pump,2026-08-21T01:51:29.237340+00:00,4.0818082845371387e-07,3.755263621774168e-07,-0.004,hard_stop,0,1,1,-3.77,live_lower,hard_stop,0,1,
2026-08-21,b5376859-0d9b-46d9-9d82-8d78fca3067e,FA2a8sa62ZvZ7ctLXJgB4rLiUn8h59houZ12uMnpEGnY,2026-08-21T01:49:55.710426+00:00,4.6813115378475575e-07,8.44155003365915e-07,0.040162233,trailing_stop,1,1,1,-0.64,live_lower,trailing_stop,1,1,
2026-08-21,4759fc04-4777-4549-9e0a-0e85bbe69416,AkVK1nboNFUGpYPDBWVoJwA31CuSQqfBQHoj527UqRH4,2026-08-21T01:53:30.507160+00:00,4.7544934744757623e-07,4.3741339965177014e-07,-0.004,hard_stop,0,1,1,24.17,live_higher,hard_stop,0,1,
2026-08-21,6fe06133-c04f-486f-8084-ff83afe0294d,AqxFgBrBX4zkxyXmPM4eU24uVHK64tjkiyMDyYNvpump,2026-08-21T01:53:25.913778+00:00,3.1930095751728806e-08,2.9375688091590504e-08,-0.004,hard_stop,0,0,0,-0.39,live_lower,hard_stop,0,1,mcap;pool
2026-08-21,6eb0ec4e-f5fe-4e1d-89b5-ae9b73245558,CTGX5DPUtUdpXa9XCXCuPPa5nn1gXiUdRqcQjgNbUx1B,2026-08-21T01:46:05.516934+00:00,9.717239775666524e-08,9.717239775666524e-08,0.0,time_stop,0,0,0,0.05,live_higher,no_exit_within_window,0,,pool
2026-08-21,6da1abd5-2ed4-4640-a0fa-0047b24b7345,HVkwWWqvMMv3JZ3TLiqeUih8iLWLJhnPSSSGMjGjNgdj,2026-08-21T01:55:01.020431+00:00,1.3317459984935837e-07,1.5067664495257322e-07,0.00657109,trailing_stop,1,1,1,-1.08,live_lower,trailing_stop,1,1,
2026-08-21,bb2165d6-601c-4dee-b183-5415cd032147,Qv8As5CLkejFafZCP9vqaWbGmGDKP6CR6FTPoxJpump,2026-08-21T01:47:33.186603+00:00,2.8472571600231126e-08,2.8005534778091734e-08,-0.000820152,time_stop,0,0,0,1.07,live_higher,no_exit_within_window,0,,mcap;pool
2026-08-21,73afe102-ab1c-48a4-8329-dbcee165b585,BRBpuK6xM5tkVT58YuprUeKh9nseVBMJtyEUS6JemFY1,2026-08-21T01:57:24.741451+00:00,1.1287697567525211e-07,1.579427764489122e-07,0.019962353,trailing_stop,1,1,1,-1.21,live_lower,trailing_stop,1,1,
2026-08-21,430c552d-c26b-48c8-800c-f972140c7614,4H3KjxdCwZ5dKAtHy6uBukDEi4QAuVEnzq6mHR8NTRPY,2026-08-21T02:03:21.294569+00:00,4.67762507040946e-07,4.3034150647767034e-07,-0.004,hard_stop,0,1,1,53.17,live_higher,hard_stop,0,1,
2026-08-21,e6e78e98-d701-4fc9-82b0-311a78d8be35,9C1A9nv93o6aNaboDeq9WrdCFZFfCtrr6og9FR8puW1L,2026-08-21T01:54:06.257359+00:00,4.5767830239631723e-07,4.5767830239631723e-07,0.0,time_stop,0,1,1,5.38,live_higher,hard_stop,0,1,
2026-08-21,e4a26a9a-5743-4167-9e8c-5411332b47b0,AQ2FoVMXKqPKqDDcNtg3Ucz5ze6YxHo9LfJcXhVdpump,2026-08-21T01:58:00.200426+00:00,1.290994430634323e-07,1.7282776171043996e-07,0.016935905,trailing_stop,1,1,1,0.24,live_higher,trailing_stop,1,1,
2026-08-21,e18c7101-f4b5-4eb3-841d-6b9a158f4055,CSNbZqJCJcXYNGai4YYAnnA9ktVwE244Vn7xbn5xpump,2026-08-21T02:04:42.793533+00:00,6.062779837436079e-07,5.577757450441193e-07,-0.004,hard_stop,0,0,0,3.27,live_higher,hard_stop,0,1,mcap
2026-08-21,c48cd2ff-5439-4943-8fcd-d61f56a341ca,Db3fbpBo7k1umRzKqTwDmrubdG9h31z3C4mSgHpRpump,2026-08-21T02:05:09.466679+00:00,7.831469299172672e-08,7.204951755238859e-08,-0.004,hard_stop,0,1,1,-19.4,live_lower,hard_stop,0,1,
2026-08-21,5edb6da0-163d-41e6-b9f2-dae7ff331c17,6rqCKfUQ9c2UzQaaqHCaXkCixf7kNPdDULoqnPe1W5Fg,2026-08-21T01:56:07.816867+00:00,2.52843795235803e-07,2.52843795235803e-07,0.0,time_stop,0,1,1,14.66,live_higher,hard_stop,0,1,
2026-08-21,6d93e6eb-65cd-49a8-93b7-f9465670e9bb,42f3tEHg6pPCbx51CziSBzuiiEy73uNdXV1Lw2tppump,2026-08-21T01:56:14.428430+00:00,9.365541659676822e-08,9.117126982608724e-08,-0.001326216,time_stop,0,0,0,2.29,live_higher,no_exit_within_window,0,,pool
2026-08-21,cb6a0b17-392f-4130-a5eb-81da58cddc1c,DoeYmDz6NgUwpcz5tkZH5qe4tWMgXdqsmVCWzLaypump,2026-08-21T02:05:58.242042+00:00,6.906004609141581e-08,6.353524240410256e-08,-0.004,hard_stop,0,1,1,-1.53,live_lower,hard_stop,0,1,
2026-08-21,5b7bef6e-514a-458b-8568-0c5a72834d5c,AKwDD8uauN9C3dzg19jNosywbGemNXWHoWJXw79Gpump,2026-08-21T02:06:59.250666+00:00,3.2485437811978005e-08,2.9886602787019763e-08,-0.004,hard_stop,0,0,0,9.53,live_higher,hard_stop,0,1,mcap;pool
2026-08-21,7ef3bf83-4362-4e8f-a084-090b28892d7b,HK7aXw9LecGWsrYiWRxdGoPPBYuxFF3iAtZmUHCzpump,2026-08-21T02:07:55.531212+00:00,1.4045885994314675e-07,1.6438122693645207e-07,0.008515791,trailing_stop,1,1,1,0.81,live_higher,hard_stop,0,0,
2026-08-21,cd461c70-24e3-4955-bc2c-d87f992b8720,GUDxW89Ypnmu8xXzGdKVPcHXjiH1QnidyVjqKgBxoss,2026-08-21T02:09:08.554433+00:00,4.96666689435675e-07,4.56933354280821e-07,-0.004,hard_stop,0,1,1,-2.68,live_lower,hard_stop,0,1,
2026-08-21,b8e37f14-db76-4967-bb30-31b404a7df13,DiTXF2J2dkemKvb4grp26Hby3jVP4zYW3kpbboqDMQgh,2026-08-21T02:10:23.510855+00:00,1.0692620878498487e-07,1.1562204115919394e-07,0.004066277,trailing_stop,1,1,1,0.49,live_higher,trailing_stop,1,1,
2026-08-21,4ea2b0c4-ab3f-4725-86be-305bc0c60b67,6cjgjGcCWSvucCVUacupEoNUmtPwNqfK7kgEvY1Vpump,2026-08-21T02:09:38.276917+00:00,4.128515280269644e-07,1.032128820067411e-06,0.075,take_profit,1,1,1,-6.32,live_lower,trailing_stop,1,1,
2026-08-21,a4ff8dc6-c932-49d2-9581-abfda02d3fb1,2iCFTFFSXH6SuuoRheFaqiJwQwNzaxKBXzMSggDEpump,2026-08-21T02:12:44.547108+00:00,1.2160195937260512e-07,1.3367961658607157e-07,0.004966062,trailing_stop,1,1,1,6.64,live_higher,hard_stop,0,0,
2026-08-21,7f6382d5-4ca7-4d52-b282-44aff409d84e,hhyWJ1r83YPiDqca3UZDjpEE8R9fme4UifHBrsZpump,2026-08-21T02:03:57.992909+00:00,8.557713797436265e-08,8.532992499912221e-08,-0.000144439,time_stop,0,,,,,,,,
2026-08-21,2a6b628b-ca02-42fe-87b0-cf62f790b9b9,HKf9paYQxWTQrRzK7d7fCm8PrhKPP7V2DDFDLmYsbonk,2026-08-21T02:13:42.389945+00:00,1.3938182935997033e-07,1.282312830111727e-07,-0.004,hard_stop,0,0,0,0.25,live_higher,hard_stop,0,1,volume
2026-08-21,c78452c5-7703-4400-ae8b-7a255c8fb8d5,6FVQ8mxt6Pz2kwqq5pqTbHQ6fcNRGktoPUArm59Vpump,2026-08-21T02:14:21.323350+00:00,6.281262661233173e-08,5.778761648334519e-08,-0.004,hard_stop,0,1,1,10.89,live_higher,hard_stop,0,1,
2026-08-21,f4708ccd-32ae-458e-82a4-5a18e4274b4c,9K8GzcKb9WgkNaJwWzd2V3ruVmgXZU9U9Eg9fqbepump,2026-08-21T02:15:21.847254+00:00,5.259222062103063e-08,8.100146841888748e-08,0.027008983,trailing_stop,1,1,1,-3.16,live_lower,trailing_stop,1,1,
2026-08-21,3f365438-263f-487b-9384-bc56221bf75c,FYSqLJ2x4E1t7AYV27rZYC924c2FQpT541ZwNVRSH2u,2026-08-21T02:07:35.963470+00:00,7.753681684354205e-07,7.753681684354205e-07,0.0,time_stop,0,0,0,2.72,live_higher,no_exit_within_window,0,,mcap
2026-08-21,ebb5342d-1f03-4cb8-b41f-628a51707d84,5BoHgYBiqc2U6KCDm1npffBWno9pMjmEgRHaxW4qoqZ6,2026-08-21T02:16:56.277089+00:00,1.1136970882426784e-07,1.1515517819775771e-07,0.001699506,trailing_stop,1,1,1,1.55,live_higher,trailing_stop,1,1,
2026-08-21,c48762af-26a0-400e-95e3-3cdbe91e3c81,4TdSPaqu72c7Rtq9mYZPHVfdf8V3ChocFFdnWBmepump,2026-08-21T02:08:16.207239+00:00,6.07315059510656e-08,6.013636053865371e-08,-0.000489981,time_stop,0,0,0,-98.86,live_lower,take_profit,1,0,mcap
2026-08-21,971d8e7a-c558-499f-b0d7-2e7b52d46e50,4jAS8ubhqHZhNNCyW9uyS3YLxtvUSzTBhpXvhiThpump,2026-08-21T02:17:59.246550+00:00,7.159331532695304e-08,6.58658501007968e-08,-0.004,hard_stop,0,1,1,3.69,live_higher,hard_stop,0,1,
2026-08-21,1b422985-3ec2-4155-b947-a4ac64638027,A3BGKmbxPwazMHUuoM2gPFWyKWgz5p4hfpnYzM6Upump,2026-08-21T02:19:16.211295+00:00,1.9784940462017738e-07,1.8202145225056318e-07,-0.004,hard_stop,0,1,1,-6.71,live_lower,hard_stop,0,1,
2026-08-21,09b4de65-00cf-47b5-9f9f-4ca5f6dea38a,59HXKxRCc9vK3ATdT1kQYwCTVdx1fWwWixhwRQDmmkpk,2026-08-21T02:19:27.127740+00:00,3.783111019731515e-07,3.480462138152994e-07,-0.004,hard_stop,0,1,1,-8.63,live_lower,take_profit,1,0,
2026-08-21,24386872-e263-4c18-af09-29e85e3b84c4,DDbmJfjxbgu7BtSH8vLnSqZrvYVzpdTNGD9Cxhj5nuUn,2026-08-21T02:20:03.498820+00:00,3.225319871172221e-07,3.5604381405680507e-07,0.005195117,trailing_stop,1,1,1,-0.12,live_lower,trailing_stop,1,1,
2026-08-21,8c106e8f-60cd-4fa4-899e-0152718a0332,CRCPWSANo3ZgGhVZvLKUfwYK6cfTQF1L4Ri2WXo6pump,2026-08-21T02:20:55.932244+00:00,7.799637383629206e-08,7.17566639293887e-08,-0.004,hard_stop,0,1,1,2.18,live_higher,hard_stop,0,1,
2026-08-21,b2423c45-a096-4257-aaf0-dcd6066cd95b,HqXuXwAVXkYD1NqR9YqYwxCgUi5d8qHH9QW9ZJ4gpump,2026-08-21T02:22:10.768814+00:00,3.3824511915894793e-08,3.756684739816178e-08,0.005531987,trailing_stop,1,0,0,-15.78,live_lower,trailing_stop,1,1,mcap
2026-08-21,ce350e82-ccba-445c-9c64-b935b11f1f84,5jjHH7nG7s2TrmmhyoNuRMVAihAD8vFCjYadZHoVpump,2026-08-21T02:13:12.574824+00:00,5.8807520455547e-08,5.8675337646924304e-08,-0.000112386,time_stop,0,,,,,,,,
2026-08-21,3a3eb754-c278-4618-b672-7bb91695e3c1,6suUkuQR5sECNb7heoaZMPNsENhRwPhFieH1ZqKcdWHM,2026-08-21T02:15:08.131507+00:00,1.7679744893593673e-07,1.7679744893593673e-07,0.0,time_stop,0,1,1,-32.85,live_lower,trailing_stop,1,0,
2026-08-21,edbe9ef3-d177-486e-ac33-75ba239d630f,CzeYh6zKRwRXmNwrb7PdQTCmd2upRSRH1iyh65bhpump,2026-08-21T02:22:57.424897+00:00,1.797401044201929e-07,3.9171606231396946e-07,0.058967351,trailing_stop,1,1,1,6.59,live_higher,trailing_stop,1,1,
2026-08-21,f00da6b7-d056-49e7-ba2d-ff667e56fbc4,HXF8oCe82aCLuf45CTQhLpoZJR2ZsFJ3gkFgJPFWpump,2026-08-21T02:26:07.128564+00:00,3.1617993335503866e-07,2.908855386866356e-07,-0.004,hard_stop,0,1,1,8.49,live_higher,hard_stop,0,1,
2026-08-21,eff5ebb5-fbd5-4c2b-8a16-7e8d1b843b25,72j2Tk64W7LXHZoZcya8XJRTWY6hN1BAoxLCvMsTxg5q,2026-08-21T02:26:13.795508+00:00,1.4937296188095933e-07,1.629986818297959e-07,0.004560973,trailing_stop,1,1,1,-5.9,live_lower,trailing_stop,1,1,
2026-08-21,74f7db19-a78b-46b1-b296-8037cf1fcc64,FDYoc6roSvjskuwcQ4cWRSzedFSEFrCWEPCJ3nRpaGgP,2026-08-21T02:23:56.477758+00:00,9.678738157199151e-08,1.0253467307553917e-07,0.002969029,trailing_stop,1,1,1,-0.37,live_lower,trailing_stop,1,1,
2026-08-21,74a10d5c-e4aa-480a-ba50-bee3a9fee306,GPunAbJ5TMcW4tdBfyyjc5mfkbN5h919mrkWZDYSf8Tv,2026-08-21T02:28:18.080307+00:00,3.776548361014188e-07,4.633750172969606e-07,0.011349011,trailing_stop,1,1,1,-6.61,live_lower,take_profit,1,1,
2026-08-21,5aff1686-2d73-4a19-8e1f-3b03942530f3,Gvy78vExHhKPVNNZXwLUV6PxM6337FtQLfQSNBLWpump,2026-08-21T02:28:32.683137+00:00,4.993402080981436e-08,5.567449405963755e-08,0.005748058,trailing_stop,1,0,0,-5.29,live_lower,hard_stop,0,0,mcap
2026-08-21,7d92a240-3a31-42b0-b35a-3202db4276d3,1PW2E63DSCMVPnA52CsRQLdmGYUpSMg1Aqc88Vjpump,2026-08-21T02:29:14.951401+00:00,7.003115368260379e-08,6.442866138799549e-08,-0.004,hard_stop,0,1,1,25.86,live_higher,hard_stop,0,1,
2026-08-21,cdc3d9cd-7e2a-4b38-8b40-2f45818286bb,Ds6QVSQfGc3LpTKn1gqgM2bEU45Hc8LUsYNzzdYF9RDZ,2026-08-21T02:28:44.218008+00:00,9.885874839811499e-08,1.1899106205975079e-07,0.010182363,trailing_stop,1,1,1,-0.56,live_lower,trailing_stop,1,1,
2026-08-21,545e065b-49dc-4736-9617-ba3b55a8db85,3HeT5PXFvW63CSNBe3LHL5jYgRFn9wFmDfBqvsdrpump,2026-08-21T02:30:16.539018+00:00,5.3815811341971295e-08,4.951054643461359e-08,-0.004,hard_stop,0,0,0,628.4,live_higher,hard_stop,0,1,mcap;pool
2026-08-21,6a8008f9-a992-4cda-887f-5e222159081e,FoJtQFmk4i9aYWceMHuvHTqbomt3YDmpxFtvuK47pump,2026-08-21T02:20:35.178052+00:00,2.8771969044942097e-08,2.790974426156978e-08,-0.001498376,time_stop,0,0,0,0.04,live_higher,no_exit_within_window,0,,mcap;pool
2026-08-21,09731b58-dfed-48f5-9ac7-7132baa88a11,F7446YJnKKhTPo2bTAqcrCT2M4T3AQyHaGSMnU7fXP3D,2026-08-21T02:30:37.869815+00:00,1.2284715386346275e-07,1.1301938155438574e-07,-0.004,hard_stop,0,1,1,5.57,live_higher,trailing_stop,1,0,
2026-08-21,a93780ee-5d63-4a7f-847b-ec136bdb4415,RJMYJKZe1DR69XwznGAfWx5QueMmXQ4uPt1Fuphpump,2026-08-21T02:29:35.589869+00:00,3.713818689843262e-07,4.5151526665827096e-07,0.010788545,trailing_stop,1,1,1,-0.26,live_lower,trailing_stop,1,1,
2026-08-21,3f219d1a-b683-424b-bf4d-7cb49918faa1,EfdNJu6EjYqXJasM8JstDvz2AWBK4tTVgt8m3z7gFefR,2026-08-21T02:31:32.173155+00:00,2.6028788081644785e-07,3.272520139447108e-07,0.012863475,trailing_stop,1,1,1,-17.02,live_lower,take_profit,1,1,
2026-08-21,5f2f8824-b1ec-43d3-a9a4-d11c12e5a568,E4hk6uJQQtXrHVFMPqdM5j4MfkSV7H62wmasQoNtpump,2026-08-21T02:31:59.590623+00:00,6.400618373713527e-08,5.8885689038164445e-08,-0.004,hard_stop,0,1,1,4.36,live_higher,hard_stop,0,1,
2026-08-21,ef2def89-71a3-4cc8-9254-662817f90a65,BL1nf3tkgWy9eZAP3Xscear3geH5DE9DFGGt4ogbn8DZ,2026-08-21T02:31:57.994346+00:00,1.252414662654132e-07,1.1522214896418014e-07,-0.004,hard_stop,0,1,1,3.56,live_higher,hard_stop,0,1,
2026-08-21,f3c4031a-47c8-45af-8640-ce5e6a4e841f,8JfhkBpdfPrvFQPL7tmHaKG8AkZGL3PNFfgc9Kwtpump,2026-08-21T02:33:11.012236+00:00,1.0453977124297009e-07,1.092284374044495e-07,0.002242527,trailing_stop,1,1,1,-6.08,live_lower,trailing_stop,1,1,
2026-08-21,81b3cee7-1c06-4346-b353-60667018eabc,4m2kfr8dz1789p6L6e2ZrG6U7YHadPUJ4Em8nPGhpump,2026-08-21T02:24:13.078691+00:00,3.05686743054151e-08,2.831548483130222e-08,-0.003685455,time_stop,0,0,0,0.76,live_higher,no_exit_within_window,0,,mcap;pool
2026-08-21,d6bcee83-ffa9-4331-8aae-159b33d65f41,BhT7FKRj978c3uBK2ScFicJHfD3mYvtkJUjVXaQdpump,2026-08-21T02:35:00.122369+00:00,5.002023539063601e-08,4.601861655938513e-08,-0.004,hard_stop,0,0,0,-0.75,live_lower,hard_stop,0,1,mcap
2026-08-21,9321fe12-99b8-4638-9301-a34496448e82,D6CAPufsJA9A18HobT3GkFxjasHy1dS5wb4Dd6M5pump,2026-08-21T02:31:25.715413+00:00,0.0009297491376773699,0.001131610644714116,0.010855697,trailing_stop,1,0,0,-0.64,live_lower,trailing_stop,1,1,mcap
2026-08-21,fdd91195-24b9-4d49-9b7e-5f400a9a48f7,Cx8TaqVoxmrpKxKqTCzB55x2MTvGCCaMQuZwavhppump,2026-08-21T02:33:52.849106+00:00,1.67148218273594e-07,1.7782076008384916e-07,0.003192538,trailing_stop,1,1,1,1.11,live_higher,trailing_stop,1,1,
2026-08-21,bc8ac0ce-518e-435d-9569-5ae6f74ebf90,9SnVVFYcAxMZEQyaYqvUEqrgXLqibCAPagE8omYwQbE3,2026-08-21T02:35:57.120633+00:00,1.0687731104026656e-07,1.240126890187745e-07,0.008016378,trailing_stop,1,1,1,-5.66,live_lower,trailing_stop,1,1,
2026-08-21,fb7f6aec-ef2b-4184-8610-563637972dc2,FdDMxg1yL3NQNQUm7domeCWFh4CwCBSkiKo3pMNZpump,2026-08-21T02:39:26.062785+00:00,1.3734707430204067e-07,1.263593083578774e-07,-0.004,hard_stop,0,1,1,8.11,live_higher,hard_stop,0,1,
2026-08-21,9ad2017f-b8ad-4188-b591-5a81ebf8761f,9Ae1SYzPXwjJfB2Wc3yLo8m3rJq2gFjPY6AP6CEUpump,2026-08-21T02:30:03.767252+00:00,2.81362494474639e-08,2.8012575524665735e-08,-0.000219777,time_stop,0,0,0,-0.15,live_lower,no_exit_within_window,0,,mcap;pool
2026-08-21,e935b4d5-c908-41bf-a00c-224859cace50,4NLQKUEgV5KubazyH2szTDdCaYeXfh29UhZaRm5Rpump,2026-08-21T02:38:05.199332+00:00,1.367962403227927e-07,1.6712826322387964e-07,0.01108657,trailing_stop,1,1,1,-3.16,live_lower,trailing_stop,1,1,
2026-08-21,f58c35df-aec1-4a69-81da-3107d7a7ea89,2PBb4eUwBp5d2rkVWtPMMRtJ5kPKJLdANufafhXipump,2026-08-21T02:40:19.347897+00:00,6.516088783136584e-08,5.994801680485658e-08,-0.004,hard_stop,0,1,1,-2.33,live_lower,hard_stop,0,1,
2026-08-21,74913b3d-a097-4a27-9f67-5fb3b8255ebc,FvbR1K8FfyUU7bJyoZWiG93aPrA1NAv3NM8YTyaRpump,2026-08-21T02:40:37.017240+00:00,7.488815557656855e-08,6.889710313044306e-08,-0.004,hard_stop,0,1,1,9.51,live_higher,hard_stop,0,1,
2026-08-21,6903a4cf-6638-4ba8-8a7d-92a68aa76ef3,6iujYBwvrKWJGR78V78TmzZSmVKUBF268MRCAo9w8X31,2026-08-21T02:40:48.803025+00:00,1.0407496127253629e-07,1.1303145112078752e-07,0.004302903,trailing_stop,1,1,1,-1.5,live_lower,trailing_stop,1,1,
2026-08-21,34e95a37-0fb1-4ad2-84ef-efa63f98ddf2,32upPzfFjwqSsU6YVkgpwndyut1C2jKgCCsN9yAMTaKJ,2026-08-21T02:41:50.570975+00:00,4.6206137730536863e-07,4.2509646712093916e-07,-0.004,hard_stop,0,1,1,-11.08,live_lower,hard_stop,0,1,
2026-08-21,5f9ff37b-6b1d-4404-a20f-24cdf399d7ed,5JgMtVwcXanzFf7c1f98kh27J6XCoEPp38nsmmWoogxT,2026-08-21T02:33:06.265936+00:00,3.922854123973564e-07,3.922854123973564e-07,0.0,time_stop,0,0,0,4626292.07,live_higher,hard_stop,0,1,mcap;vol_mcap
2026-08-21,9c8c5736-e105-4d4f-a15f-a05d845a8a70,5b6uAKhfGKB9o3QFeutfZcLBZmustPvhAs1s931Upump,2026-08-21T02:43:09.548474+00:00,1.4096826590625204e-07,1.6057631205766983e-07,0.006954773,trailing_stop,1,1,1,0.35,live_higher,trailing_stop,1,1,
2026-08-21,9d08bfba-ffdd-4c8e-ad03-ce89e24f0d39,sq9JyjtT8Gttr51fg6SSo1pQk5wAzwfMTJzJSxhpump,2026-08-21T02:43:34.145109+00:00,5.278202110097145e-07,4.855945941289374e-07,-0.004,hard_stop,0,0,0,-13.7,live_lower,hard_stop,0,1,mcap
2026-08-21,b58eb290-3979-46f8-b74d-b63530344cc6,ECSF3gbbX8JrKGgNZmqesRk47wPpwABG8yNZRuwJpump,2026-08-21T02:44:19.043324+00:00,4.876343835839025e-08,4.486236328971903e-08,-0.004,hard_stop,0,0,0,-1.31,live_lower,hard_stop,0,1,mcap
2026-08-21,cbd0f856-6f2f-4ded-a94a-fecc70adb108,GYvPjYJtNFbjUvyurrVTr8ocmvSg644rD5owbxHwpump,2026-08-21T02:44:39.636684+00:00,4.3266194700772335e-08,5.960228288206253e-08,0.018878582,trailing_stop,1,0,0,-11.56,live_lower,trailing_stop,1,1,mcap
2026-08-21,714694be-d03c-4b06-b17b-cacbf4c1c10d,8nsA3pUGg5ZWZKSoHK23VPZBh5y5esvn1EzjLDZJpump,2026-08-21T02:45:20.489321+00:00,6.705360769297666e-08,1.0341370737014298e-07,0.027112709,trailing_stop,1,1,1,-14.37,live_lower,trailing_stop,1,1,
2026-08-21,daa43ced-4e00-4351-bc38-815d0d28d207,nMJN6DxSNKsTsBaxKHb9HJQ4vapoKNAntnCbG9Rpump,2026-08-21T02:46:05.717212+00:00,8.485122500973534e-08,7.806312700895651e-08,-0.004,hard_stop,0,1,1,-0.38,live_lower,hard_stop,0,1,
2026-08-21,d3d16cb9-eb20-4d15-8e2c-d0bf030f385f,9bXYn9H8D2QuAYQ79FLJN7dVHweD26UcUmy4q1ZkU6pc,2026-08-21T02:46:36.889115+00:00,5.711401597877415e-07,1.1510151790912131e-06,0.050764686,trailing_stop,1,0,0,-27.41,live_lower,trailing_stop,1,1,mcap
2026-08-21,dcef03bb-c773-4f74-8837-4aaf6f80c75c,D4GqNAfzZZ5Rcx2bSyowt2xUhK52VKg9e3WDgEWbqDKu,2026-08-21T02:46:29.260630+00:00,2.385221814286381e-07,2.740854688682639e-07,0.007454922,trailing_stop,1,1,1,7.13,live_higher,take_profit,1,1,
2026-08-21,3669fd07-9b45-4922-a739-808b5b86d51b,4f1aEwkTVcbaFG6ffxZjTJf9Q4X7SfUZJcABu72fpump,2026-08-21T02:47:34.668685+00:00,4.40185865367366e-08,4.049709961379768e-08,-0.004,hard_stop,0,0,0,20.75,live_higher,hard_stop,0,1,mcap;pool
2026-08-21,f3aa9c95-af1a-456f-bb22-e948c6c3ffd4,Dd1GtEMtQ6Fc16Ne9bngTj4hQuo1JAzRaGRJ3fh5pump,2026-08-21T02:38:04.497119+00:00,2.84497741686372e-08,2.844099026197449e-08,-1.5438e-05,time_stop,0,0,0,-0.42,live_lower,no_exit_within_window,0,,mcap;pool
2026-08-21,2a044fc9-9789-4496-bfb2-a06223ff2cb9,8nbTadgxdC9sowP7DjXBVyqsr7d97gzQcAzhUT6uJyHa,2026-08-21T02:49:03.109656+00:00,3.5090298885114676e-08,5.8883227438708726e-08,0.033902431,trailing_stop,1,0,0,0.16,live_higher,trailing_stop,1,1,mcap;pool
2026-08-21,082fef89-dabd-4331-bcbb-e544244e6255,AGPHMv6mifgTYt2eCdY3WcesgTW4sXQArhc4inqkpump,2026-08-21T02:51:24.179060+00:00,1.1586029607832047e-07,1.0659147239205483e-07,-0.004,hard_stop,0,1,1,18.48,live_higher,hard_stop,0,1,
2026-08-21,aaace371-4fda-424e-968b-f67038edffea,FSvk6Z1ubBwWGo7CvSzPfkUzWKbSFFn4H3Y6w3ZEUwiM,2026-08-21T02:48:06.314942+00:00,5.5948707635825066e-08,1.0578585374426649e-07,0.044538246,trailing_stop,1,1,1,-6.73,live_lower,trailing_stop,1,1,
2026-08-21,b92d576d-3109-4542-93f7-e262003bf04d,CxwmhwVBnsNAfMjH7meVwVnDE8ds5D5NxEXEPNQRpump,2026-08-21T02:52:53.964066+00:00,6.232496323109324e-08,5.7338966172605784e-08,-0.004,hard_stop,0,1,1,4.7,live_higher,hard_stop,0,1,
2026-08-21,952858ad-0141-4317-8807-e877835ad042,CZ53Yc5aknpRRPgwunyU5xmGWfohunwv61quVU61pump,2026-08-21T02:52:58.461453+00:00,5.90426512791869e-07,6.114570482868313e-07,0.001780961,trailing_stop,1,0,0,-1.29,live_lower,hard_stop,0,0,mcap
2026-08-21,5e6baebd-22db-4a1a-a5c1-6c632e75916a,9XLiHNN2VxBFqsDkqbWwD4w22KiJoUJPuad58pd7wp7G,2026-08-21T02:53:33.101119+00:00,2.967312537445023e-07,2.729927534449421e-07,-0.004,hard_stop,0,1,1,2.35,live_higher,hard_stop,0,1,
2026-08-21,526beb6b-694f-4880-b6c7-df81dcc789e6,vrdUBbCgJDJ9Kyj1WAbfh9ST2QJdSgiSSezt7LQHWhk,2026-08-21T02:53:32.323731+00:00,1.8329065386474915e-07,2.2321808211389026e-07,0.010891834,trailing_stop,1,1,1,7.3,live_higher,trailing_stop,1,1,
2026-08-21,67897a49-ffcc-49b3-9428-3ea1af0791b4,3xnytQBnr3WriLoppqsxh7yG1BPQQ1awPFJsTHM4hJMg,2026-08-21T02:55:36.457096+00:00,9.52709478931442e-08,1.149483339793078e-07,0.010327065,trailing_stop,1,1,1,1.67,live_higher,trailing_stop,1,1,
2026-08-21,9140d7e3-47a6-4c73-9270-9534d7fb685c,AtHC7imEK4VWcA7k4rVNM6pnHKorNcEYoiZRaiB29HK8,2026-08-21T02:53:07.131879+00:00,2.026205695178528e-07,2.026205695178528e-07,0.0,time_stop,0,,,,,,,,
2026-08-21,45ac564f-f54b-4b09-af6e-d25cceb9e905,DXGfaq4ajxPPWgFLfvZ1toTJD7TEHbfxY6cQ28aTpump,2026-08-21T02:53:16.675905+00:00,0.0009478582731081596,0.0009478582731081596,0.0,time_stop,0,0,0,1.47,live_higher,no_exit_within_window,0,,mcap
2026-08-21,d1257ae9-5e28-4f24-bc54-b224ed69e991,FN8MBkwwBNQ2Ht53f2QJfW9m5jvnbJXRCP7hebYqpump,2026-08-21T03:04:03.095218+00:00,5.233567671869741e-07,4.814882258120162e-07,-0.004,hard_stop,0,1,1,11.08,live_higher,hard_stop,0,1,
2026-08-21,90e2bea8-17e0-4aa4-9819-f4c79316aa8b,SKiLLAutoNX72GnhEmXVNZbGYFUMAGRLY7pNmWUjFoW,2026-08-21T02:55:31.794658+00:00,6.984434298322083e-08,6.984434298322083e-08,0.0,time_stop,0,1,1,-0.91,live_lower,no_exit_within_window,0,,
2026-08-21,2df40144-8368-4022-9bde-0ebf24a7275d,Hnfo6aX8ruRYHsWApjCs46FaHjfC9kR5DcUEBh8puCJ6,2026-08-21T02:56:07.074709+00:00,1.1037169146962763e-07,1.1037169146962763e-07,0.0,time_stop,0,,,,,,,,
2026-08-21,de2ef024-e47b-420f-a427-b663d8973421,8P3ZzctUEeMuW5na4iTmGCdfc9RiPGVTvzoaPTHc5zxd,2026-08-21T03:05:43.235363+00:00,9.623279303653956e-08,8.85341695936164e-08,-0.004,hard_stop,0,1,1,9.12,live_higher,hard_stop,0,1,
2026-08-21,2ac1db99-dddb-48f4-89f4-47752c0988a2,9dfHzFsh5c7smj6puGnL74ExhZ1rBrR8eUdngga3pump,2026-08-21T03:03:23.706961+00:00,7.507470962637828e-08,6.906873285626802e-08,-0.004,hard_stop,0,1,1,-0.16,live_lower,no_exit_within_window,0,,
2026-08-21,50ac8d54-9ad3-4e94-9e20-8beb06e2900d,BVb5w8ZMfCxEZqKtbp1xvM9PP4hz1z37LbRk6ENzpump,2026-08-21T03:06:21.748934+00:00,7.810307736348337e-08,7.18548311744047e-08,-0.004,hard_stop,0,1,1,0.0,live_higher,hard_stop,0,1,
2026-08-21,0ea34f07-9214-4fb4-bcb9-77bc3a76f842,59i7euueyTJDXAenfmQiQ141Naok1wCeNhDXbXXKGMC8,2026-08-21T03:06:17.183144+00:00,1.3104766468955663e-07,1.7443254833024604e-07,0.016553093,trailing_stop,1,1,1,-1.75,live_lower,trailing_stop,1,1,
2026-08-21,5a63280e-f386-43a3-813f-31bb775e822c,Dv6cvJERmeuNHndsKk4G8uH45ACDBDBsEKgquKXnpump,2026-08-21T03:07:51.687171+00:00,3.568051366706995e-08,3.282607257370436e-08,-0.004,hard_stop,0,0,0,7.85,live_higher,hard_stop,0,1,mcap;pool
2026-08-21,eeb61f93-b8ee-4a5d-865d-40014ce9d30f,GPiudnajiwsVCp27t3gh6HaVfNsXeDHMj1frT8Ucpump,2026-08-21T03:07:50.174515+00:00,3.69127843928266e-07,3.395976164140047e-07,-0.004,hard_stop,0,1,1,4.17,live_higher,hard_stop,0,1,
2026-08-21,76ba0c4d-f8a4-4f19-949d-bb0c9be403b7,5SyZLRJRMtvfUN3Foc7aMcTi2dvPCEh6e7sSGQKzY2BF,2026-08-21T03:08:36.934744+00:00,1.240574932600815e-07,1.2510437286281522e-07,0.000421933,trailing_stop,1,1,1,-2.26,live_lower,trailing_stop,1,1,
2026-08-21,d8a6ad70-06c9-4226-be5d-97b9dacded3a,7osS6iATtXw7yUPjJ5p8g7mSDmj6os6h93pzQR9Gpump,2026-08-21T03:08:57.505289+00:00,6.542619010264625e-08,6.019209489443455e-08,-0.004,hard_stop,0,1,1,8.32,live_higher,hard_stop,0,1,
2026-08-21,8af06f0e-ebe1-4490-80fa-10c2faff3a0f,6MWPSMsuwESmDXmQJfer8e4veKw3yyrHoVvMRYiEqYEa,2026-08-21T03:09:42.454863+00:00,1.9411179265668752e-07,1.7858284924415252e-07,-0.004,hard_stop,0,1,1,-7.45,live_lower,hard_stop,0,1,
2026-08-21,7e768193-128a-4957-a596-51888b49fff8,5kWh6oHBPKG4CZNGvT5Ze4Uj37SKpM36XcuH1rVJpump,2026-08-21T03:08:38.553517+00:00,1.597607801417115e-07,3.6920519724651015e-07,0.065549385,trailing_stop,1,1,1,-27.25,live_lower,trailing_stop,1,1,
2026-08-21,96fc29da-edcd-4974-97d3-f1565e3899ba,72QXLTeN9j2ZFrafgQ9rviihtpoH24svULdE5upvpump,2026-08-21T03:10:47.200600+00:00,1.8662050993399963e-07,4.6655127483499907e-07,0.075,take_profit,1,1,1,-7.07,live_lower,take_profit,1,1,
2026-08-21,e8db272c-9a4e-4dc8-9cf6-610fafd4ab8c,CARSh8KFk9rgrHBaMbD2PXYCeX3dNGRaZ9WsZ7gYDGXH,2026-08-21T03:03:48.427038+00:00,2.8153248907288916e-08,2.8142861436872715e-08,-1.8448e-05,time_stop,0,0,0,0.23,live_higher,no_exit_within_window,0,,mcap;pool
2026-08-21,e7e01fde-f60b-4154-9a4d-69ab69a09472,9URnFgnwTSUG587bXkSSDdk8YHuh7spozNRCH4PRpump,2026-08-21T03:11:15.339598+00:00,0.00096494101071111,0.0011531604363341048,0.009752898,trailing_stop,1,0,0,-0.87,live_lower,trailing_stop,1,1,mcap
2026-08-21,6e4048ad-c9d0-41e1-8659-8a963642979a,47CAuCwKerx3t2yyWKMagjuapDMfU1iSRhspKpA37xLR,2026-08-21T03:06:53.470240+00:00,8.529459758897105e-08,8.727365245297687e-08,0.001160129,time_stop,1,1,1,-0.62,live_lower,no_exit_within_window,0,,
2026-08-21,8aaa8df1-af52-4f58-bd2b-2fa11889ef49,ExNdySWemp1sD4WVzDomKbtJVWmYvaCYyMYrtDzfpump,2026-08-21T03:15:29.699248+00:00,9.663050339375946e-08,1.3730448925033143e-07,0.021046142,trailing_stop,1,0,0,0.11,live_higher,no_exit_within_window,0,,pool
2026-08-21,62490c94-8d1b-45b3-ba45-bdc72e09e81e,8Qs5Di5df2u3SnxofQ7hfN4DkvfXLKok2qrziqwbpump,2026-08-21T03:17:56.935632+00:00,9.069218740337515e-08,8.343681241110514e-08,-0.004,hard_stop,0,1,1,10.66,live_higher,hard_stop,0,1,
2026-08-21,bbaaa1be-e0f4-496a-ba90-721e97decb81,EdhQ3wmv36yEx7HhrAqVsX66RC1LG8GybyagUKQdwGsb,2026-08-21T03:15:18.964273+00:00,3.4532447972358104e-08,3.7675032421884594e-08,0.004550191,trailing_stop,1,0,0,4.67,live_higher,hard_stop,0,0,mcap;pool
2026-08-21,a695c644-7f6a-4831-9c7e-14fa02574cff,AL1tMnHKFivDi73MJZhU43eZsFnZWuZYCSvGQMgxpump,2026-08-21T03:18:33.639870+00:00,1.4734319450066438e-07,1.3555573894061124e-07,-0.004,hard_stop,0,1,1,-1.9,live_lower,trailing_stop,1,0,
2026-08-21,5a091e56-0b36-4cf0-9331-cccdf98b056e,5ksqjQSp7ByartmY3ERAhH2S1VDV4WazjygL2sRENb9o,2026-08-21T03:10:59.780427+00:00,9.948316056158758e-08,9.948316056158758e-08,0.0,time_stop,0,1,1,-0.12,live_lower,no_exit_within_window,0,,
2026-08-21,f8eed785-c176-4f5e-b974-5f14ad6cceec,FUXtAuiqmxCKfH1xXqfhDZ1GvTbvNUtLTMEHBkFjpump,2026-08-21T03:21:12.047586+00:00,4.409880181891638e-08,4.057089767340307e-08,-0.004,hard_stop,0,0,0,4.93,live_higher,hard_stop,0,1,mcap
2026-08-21,0a1d4702-ca0a-45e2-879e-262e1a8a0f72,6CVZvkaaNCGLd68K5dm6daSZ4nPibRvE81He64bbeALA,2026-08-21T03:19:22.099633+00:00,1.046034807817877e-07,1.44293906075885e-07,0.018971847,trailing_stop,1,1,1,-0.48,live_lower,trailing_stop,1,1,
2026-08-21,b4c7446d-9815-4896-86e0-905ee4539346,d2poSesCQ8DvJ96gie91HpHyz5ExtZJiM5mhhKxpump,2026-08-21T03:22:23.399561+00:00,8.103062364278326e-08,7.454817375136061e-08,-0.004,hard_stop,0,0,0,3.3,live_higher,hard_stop,0,1,volume
2026-08-21,0dc6ffc9-7b13-4c7a-9376-623dd263b18e,VymRukHU4f5EaLAZW9soESz9q7Aavh5mVSDJxuTpump,2026-08-21T03:23:24.722927+00:00,1.0546333524502092e-07,9.702626842541926e-08,-0.004,hard_stop,0,1,1,5.44,live_higher,hard_stop,0,1,
2026-08-21,63f85192-7327-4d34-b6ac-905a67330f25,G5DdEh9C7hnymnGh5GBYuHV59ogrynfiwSsJJRjxcR6h,2026-08-21T03:15:47.561236+00:00,1.0723440148792858e-07,1.0723440148792858e-07,0.0,time_stop,0,1,1,-3.71,live_lower,no_exit_within_window,0,,
2026-08-21,1767fb06-391a-40da-a262-0d343b402b7c,6ohyncSeV9r1yGY1hGevjF4c2DAaj1ARqqK26k9Upump,2026-08-21T03:24:58.537633+00:00,1.41454220769371e-07,2.0061363261958407e-07,0.020911151,trailing_stop,1,1,1,-5.19,live_lower,trailing_stop,1,1,
2026-08-21,0d196d98-7848-4830-9f73-d61bc9b9bca0,EyJXABYUabvefsdTqmaXRvc4sxUAB9KTYydCWgULpump,2026-08-21T03:17:17.824760+00:00,1.0332693359074639e-07,1.0301472467324131e-07,-0.000151078,time_stop,0,0,0,0.17,live_higher,no_exit_within_window,0,,pool
2026-08-21,a433a36b-6a45-4650-a4a9-ec51b7fd103e,6ES9ksxpNtnvwcWqPCbePXFHv3ym2DmJwM5HSzh6pump,2026-08-21T03:26:14.654636+00:00,2.35307376957815e-07,2.1648278680118982e-07,-0.004,hard_stop,0,1,1,0.08,live_higher,hard_stop,0,1,
2026-08-21,e81d471a-f148-4b0f-a1be-57c283adc27c,6uayq1XY5vHPKFY4qSvPvLdPv42qA5tKn5GHRMBopump,2026-08-21T03:27:17.391392+00:00,7.65550803404481e-08,7.043067391321225e-08,-0.004,hard_stop,0,1,1,6.84,live_higher,hard_stop,0,1,
2026-08-21,65ccfb12-d67c-43d7-b71a-4d8b502026b7,BBAi5phg6opTj6AKYFrXFondMbBH2uMR9k3CqkJJZhKG,2026-08-21T03:28:55.389014+00:00,2.0475053463994888e-07,1.8837049186875298e-07,-0.004,hard_stop,0,1,1,-9.78,live_lower,hard_stop,0,1,
2026-08-21,6d4db9ec-3c8a-4170-b182-f91330022cb6,HrqRJ1MSHEXAPxbWyDdWLrpQWheyQ53mWtgNiEMU1NGA,2026-08-21T03:29:14.584853+00:00,9.862959264341588e-08,1.2411724781492894e-07,0.012920897,trailing_stop,1,1,1,-1.93,live_lower,trailing_stop,1,1,
2026-08-21,5fb9b804-1943-4995-94ed-36809dfe75f9,7XtfcFz3ABBsYaPBLTerJ7vFcg8o69uwqVj4LPPDpump,2026-08-21T03:21:19.755293+00:00,1.501811663844218e-07,1.4988477721921902e-07,-9.8677e-05,time_stop,0,,,,,,,,
2026-08-21,ee06b47c-3bf6-4018-8a7c-bc3608afa1cc,8izopqfGYDaRvF2f4XgYwWbCGJJ2gTG6XBM72ppCpump,2026-08-21T03:29:47.323546+00:00,0.0007695759169178241,0.0008161850864485141,0.003028237,trailing_stop,1,0,0,-2.21,live_lower,trailing_stop,1,1,mcap
2026-08-21,39856fbb-a8b0-4fcc-8a16-b57b70d25036,HEFHUk5HhJ7S42HMSx8w7mYXxWvaAQFevz5gHhJgpump,2026-08-21T03:31:46.501490+00:00,1.7838358980754237e-07,1.912934033126418e-07,0.003618554,trailing_stop,1,1,1,6.23,live_higher,hard_stop,0,0,
2026-08-21,2925eca7-6aef-42a6-8989-dc9523877d1f,3KugHseWcY6cQ7ZxG2Ldo4MiDBdSj7tmi13MnPRA9rk6,2026-08-21T03:33:16.692354+00:00,3.9261803917738454e-07,5.709469732397419e-07,0.022710232,trailing_stop,1,1,1,-3.48,live_lower,trailing_stop,1,1,
2026-08-21,36700397-56de-42c1-bced-b1e60e56b220,5putkx7PtSXACfJsK2PkQpU4c25g7pt3cdbqf2qzcvvd,2026-08-21T03:28:15.052735+00:00,2.614666403184469e-07,2.614666403184469e-07,0.0,time_stop,0,1,1,-8.93,live_lower,hard_stop,0,1,
2026-08-21,867dcfef-cf3e-45de-af07-18ff2311f682,FqQCMcuXKbk48S3ZA4MBZNj8vJ9aRiE9VZUjZuHfpump,2026-08-21T03:28:30.753495+00:00,2.8051594219833305e-08,2.8056919107244524e-08,9.491e-06,time_stop,1,0,0,-0.01,live_lower,no_exit_within_window,0,,mcap;pool
2026-08-21,ce1356e9-4051-435d-911e-0ffb108e0a84,FHCqLwH3jTTCzxroij6ngoKAkQE7LyRaREH4sfXMpump,2026-08-21T03:36:46.522820+00:00,5.519126393399256e-07,8.305064461637602e-07,0.025238941,trailing_stop,1,0,0,-2.63,live_lower,trailing_stop,1,1,mcap
2026-08-21,92524e30-d0b3-4631-b39b-9cc418ab0e67,BzHBHPwtSiufbkCbuXive7vFVWZVbknYEUiW5KAuvxQ7,2026-08-21T03:38:56.735831+00:00,1.2379555750720292e-07,1.1389191290662669e-07,-0.004,hard_stop,0,1,1,-2.56,live_lower,trailing_stop,1,0,
2026-08-21,8094132b-eba2-4cca-9575-1607840bd434,2XaA4mRUL2GJgTiJZEJmShhTQfLPahVEYyxMV49Gpump,2026-08-21T03:39:01.851626+00:00,2.1721855016571873e-07,1.9984106615246124e-07,-0.004,hard_stop,0,1,1,-0.45,live_lower,hard_stop,0,1,
2026-08-21,19a4dbd8-d21c-4d0a-bdd9-a1e5a67b626f,9hCzz8ZmBDe8x1D8mUCuqet7vfEEPkfvikx1jZZZpump,2026-08-21T03:30:41.632953+00:00,2.8281763244121174e-08,2.83362177476807e-08,9.6271e-05,time_stop,1,,,,,,,,
2026-08-21,4d57f666-4d38-443d-af6c-9d4664229b92,EhooJ1c6ZLHcDZVBnxcMX6htZkX3p488jsGLapmcpump,2026-08-21T03:40:50.757555+00:00,7.920758017480722e-08,7.287097376082265e-08,-0.004,hard_stop,0,1,1,1.78,live_higher,hard_stop,0,1,
2026-08-21,c917df7f-1fc8-4dd6-8f2d-617813cd0328,AjJoUEJD2CGCdxb4RgFx6dNNYaXdN3v4Tfo9dZrxpump,2026-08-21T03:42:00.119907+00:00,4.2945865418309466e-07,3.951019618484471e-07,-0.004,hard_stop,0,1,1,16.38,live_higher,hard_stop,0,1,
2026-08-21,d8215ccd-dd79-4163-9148-0882b4a45605,pmoatNzpPCk5QiDvwkybXc1Sfata8uCiEFsyfV1pump,2026-08-21T03:41:51.511993+00:00,6.173998525269279e-08,5.680078643247737e-08,-0.004,hard_stop,0,1,1,-5.29,live_lower,hard_stop,0,1,
2026-08-21,36dfd4d3-dd88-4844-9186-542836cf0224,F4i53Knx9g3ymxCnXisxRnBQ9MRkr3DDFKV4ib2apump,2026-08-21T03:33:31.653109+00:00,1.0472062086911923e-07,1.0499777155527774e-07,0.000132329,time_stop,1,0,0,-0.27,live_lower,no_exit_within_window,0,,pool
2026-08-21,a646e4a5-1c77-4457-b743-2b9852c8c755,14YM66zHD4Uv8T6ok8puooQQkRdodN7oqNV7oy2Ppump,2026-08-21T03:43:42.111728+00:00,3.9978141589227304e-08,3.677989026208912e-08,-0.004,hard_stop,0,0,0,10.61,live_higher,hard_stop,0,1,mcap;pool
2026-08-21,4d435c7c-34a6-4fb2-a6ff-3e8a92cda555,8Cc8WrXRrCRJWHVi9X4JKQj6fAX3cw8Kkj3xFuLQpump,2026-08-21T03:44:02.590245+00:00,4.1156249535064835e-08,3.786374957225965e-08,-0.004,hard_stop,0,0,0,15.03,live_higher,hard_stop,0,1,mcap
2026-08-21,9f343a57-de0f-4c73-a4b9-133f8a3105e7,D9DREb7MDb46AKMA7qCf1qFqBoj9X5fVqTzYdz8Qp2QC,2026-08-21T03:44:32.421772+00:00,1.7221182584005895e-11,1.5843487977285424e-11,-0.004,hard_stop,0,0,0,43.4,live_higher,hard_stop,0,1,mcap;pool;vol_mcap
2026-08-21,9689b131-9099-4070-b77a-384801188335,DvmWFuPB9EoFcqKLXjKhQ8CT47YGPkkNKcWfpk5Awko2,2026-08-21T03:45:52.333402+00:00,1.3123708145527296e-07,1.2073811493885113e-07,-0.004,hard_stop,0,0,0,-0.64,live_lower,no_exit_within_window,0,,pool
2026-08-21,36297d59-b799-4ce6-9b06-d6d3be540e4f,6LVLssjTw8CQe9c7RnFNjHctEFrCfL2Lnwm56YxFpump,2026-08-21T03:38:58.217051+00:00,2.8067555089365295e-08,2.802674804592461e-08,-7.2694e-05,time_stop,0,,,,,,,,
2026-08-21,816d5503-55a3-4833-a6c6-eeb09be2419d,6V1LDUQbBQ4J3kqD1ymua2DRRfWBvypPc6rokwoipump,2026-08-21T03:39:49.018825+00:00,1.1771050043001708e-07,1.1745837041629604e-07,-0.000107098,time_stop,0,,,,,,,,
2026-08-21,9d2db9e0-298e-484f-ac91-7470eaa3fefe,5T34DHXXQ7qFJLksGP7WmkBSHWdBA6PcC8FxTaYFpump,2026-08-21T03:50:39.282377+00:00,9.100481599649262e-09,8.372443071677322e-09,-0.004,hard_stop,0,0,0,335.99,live_higher,hard_stop,0,1,mcap;pool
2026-08-21,a29e0ae4-eb72-4fe1-af73-517621188323,FM9tt46La5ADEr7DJQCU6kRZV9spdx4PGc2eFxsfHbG6,2026-08-21T03:51:14.144276+00:00,1.9504970846180132e-07,2.1037537413891357e-07,0.003928656,trailing_stop,1,1,1,-0.61,live_lower,trailing_stop,1,1,
2026-08-21,a0e2ec25-06e5-43b6-90d9-c7233e570686,G8qSC5z7VXGVy1iwocbvW5yB7Rsg2rfETEWUeBzGpump,2026-08-21T03:53:06.792998+00:00,4.429104091981682e-08,4.074775764623148e-08,-0.004,hard_stop,0,0,0,1.15,live_higher,hard_stop,0,1,mcap
2026-08-21,506ca941-1b19-4e8f-93e8-04eb83247ed7,9u8vwvBnVccBDNfstjE4umcZCCiew1fgsJT8Xw13pump,2026-08-21T03:43:43.922880+00:00,8.102495138814052e-08,8.081428025632318e-08,-0.000130004,time_stop,0,,,,,,,,
2026-08-21,16bccdbb-5654-4792-ab33-51de585ca7f9,FLcMhh6qmswDercM5MKuC2gUwXodBMAUgJ4i5tmspump,2026-08-21T03:54:09.536936+00:00,2.7831282571861592e-09,6.957820642965398e-09,0.075,take_profit,1,0,0,-61.43,live_lower,take_profit,1,1,mcap;pool
2026-08-21,4ab98df0-18d7-4870-91c2-997277caa24a,4CfxEKwb4DdGiDf5DgxpJambucf1DWGxSBKPv135Ezjd,2026-08-21T03:53:16.366399+00:00,1.078937482337535e-07,2.2845305772885966e-07,0.05586946,trailing_stop,1,1,1,-2.85,live_lower,trailing_stop,1,1,
2026-08-21,f31e4a92-2b50-4f99-874e-65158d99ca2c,4FQsvUTRtBtBMefAF22KfGSbkJEWzBEhGymegZwbpump,2026-08-21T03:46:15.162199+00:00,2.9325759161432674e-08,2.8335466443022215e-08,-0.001688435,time_stop,0,0,0,2.48,live_higher,no_exit_within_window,0,,mcap;pool
2026-08-21,ed2c7824-8f67-41ed-a075-8ee5853e6d08,4fLBduBe5TFkqmW81WfFCDXoo4vF7u98uW2j3Yj8pump,2026-08-21T03:46:36.914245+00:00,2.823523931601288e-08,2.7972348262791726e-08,-0.000465537,time_stop,0,0,0,0.69,live_higher,no_exit_within_window,0,,mcap;pool
2026-08-21,c3fe15bd-af5a-405b-8782-1495df6aaf04,HTyb3xkNx5K7o2CgAXfMDijgN8Cahavxc5CndS36Bdg7,2026-08-21T03:56:27.105499+00:00,1.4590177401755509e-06,1.342296320961507e-06,-0.004,hard_stop,0,0,0,-34.97,live_lower,hard_stop,0,1,mcap
2026-08-21,ae86d592-aae4-4289-9ed0-140373b641b7,4iif9TofdJE9DEyvYHA7KccxxnAK6bEpsPEgqbbwpump,2026-08-21T03:58:01.998905+00:00,8.950643923344692e-08,1.0701252818540463e-07,0.009779234,trailing_stop,1,1,1,1.81,live_higher,hard_stop,0,0,
2026-08-21,20c8e4e4-eefc-4449-9415-ef029e7984f3,CegpUaVQsVzSSvfYsofqnkvpEjTcfKQkuWj5HhEVt7im,2026-08-21T03:49:17.005151+00:00,1.0807506068926073e-07,1.0807506068926073e-07,0.0,time_stop,0,0,0,4.85,live_higher,hard_stop,0,1,pool
2026-08-21,d6f1918d-119d-4451-a430-8fb4c320651a,FykVHkvrZsTh8xLT6MK5xWuT1CpBPVckNxAuvvHzXWVH,2026-08-21T03:59:22.898084+00:00,5.160810747089744e-07,5.546522891588406e-07,0.003736934,trailing_stop,1,1,1,1.75,live_higher,trailing_stop,1,1,
2026-08-21,60b03a25-7908-4367-a1bc-fcf235e4a837,4G6Fdh2QChr4AVCHMuHDi6e9PxFMLNM6nUk4ZAXYqqNv,2026-08-21T04:00:39.365376+00:00,1.9749167696290848e-07,1.816923428058758e-07,-0.004,hard_stop,0,1,1,-0.9,live_lower,hard_stop,0,1,
2026-08-21,76f2880f-de12-49d9-90a7-971d427b77e7,ABRvq4oGyfLWp412jkxW16524PZ9MhbyRuzXzvZHpump,2026-08-21T04:00:49.029372+00:00,3.9889514369885773e-07,5.696928376681952e-07,0.021408846,trailing_stop,1,1,1,-18.9,live_lower,trailing_stop,1,1,
2026-08-21,7d9fb13f-ae4a-4786-815d-4ca662bdb749,7vr6QCY8sJxqdM2QvaFVuympoAGYQv5JDPgYn2wroUTt,2026-08-21T04:03:11.444368+00:00,2.2794019473520192e-07,2.0970497915638577e-07,-0.004,hard_stop,0,1,1,18.05,live_higher,hard_stop,0,1,
2026-08-21,c49a3202-d8aa-42c5-bebf-79cf2571d673,45aFA78nCKaYvfcxNbvxMXKjEFMGe2dszmcQxbMUpump,2026-08-21T04:03:38.788627+00:00,1.370372869742922e-07,1.2607430401634883e-07,-0.004,hard_stop,0,0,0,373.76,live_higher,hard_stop,0,1,mcap
2026-08-21,e9d2d11f-b356-4aa3-a16c-9e4991e81bc7,5yCwXacwJZ25UNXWQjpu5ku2VTNxcsqehyTHUU9s1UgU,2026-08-21T04:02:12.720962+00:00,3.119198721722403e-07,3.402312395709068e-07,0.004538244,trailing_stop,1,1,1,4.77,live_higher,trailing_stop,1,1,
2026-08-21,314239ba-9cda-4be9-90bf-ab3d6ddd97f6,4mttQarv3JCUHWCduJr2TnMHvfgi2RhdXHgvaBhbmoon,2026-08-21T03:55:27.746426+00:00,3.052618952941044e-07,3.092781457196345e-07,0.000657837,time_stop,1,0,0,-98.88,live_lower,take_profit,1,1,mcap
2026-08-21,69110f1e-63f3-4dcc-86a8-4cb5d82dbc35,8nYT4BGpR5TZSd6752bpVxSGBwNyU7UsuRVc2nkbpump,2026-08-21T03:57:50.246598+00:00,0.0007397355988688483,0.000856189594198501,0.007871326,trailing_stop,1,0,0,-0.81,live_lower,trailing_stop,1,1,mcap
2026-08-21,2ddd0c8d-00f3-4b4f-a7bb-59acd933f15f,Gpqm7M5hrDPUYQK4Daicr9bqHkZb8pjNB4YuLPRSwGwi,2026-08-21T04:04:04.402172+00:00,1.2486210729670554e-07,1.6366819678798898e-07,0.015539578,trailing_stop,1,1,1,0.94,live_higher,trailing_stop,1,1,
2026-08-21,29bef4a0-3b3c-40f0-a894-c00b9e3492ed,58Hm4qv5bbsy3HR9KraprZW97hoAsVhgdYDonqzcKvcL,2026-08-21T04:05:44.613827+00:00,1.3871650322992297e-07,1.2761918297152913e-07,-0.004,hard_stop,0,1,1,0.77,live_higher,hard_stop,0,1,
2026-08-21,24294268-bddb-402a-910c-591befd96d04,DHTNvHNQ68CMo39P5UdGauQyZArUeWwqoQU4A5fTpump,2026-08-21T03:57:36.542602+00:00,6.433124021123018e-08,6.441765374991158e-08,6.7163e-05,time_stop,1,0,0,0.02,live_higher,no_exit_within_window,0,,pool
2026-08-21,6f279fdb-1cb9-4805-bc3b-613c07e740b8,Anqfj4zgKQQxURkZYugTyZNekmFPNp1CLwmZjT2SBeax,2026-08-21T04:05:52.144903+00:00,1.1534424126756772e-07,1.7263204852179175e-07,0.024833406,trailing_stop,1,1,1,3.65,live_higher,trailing_stop,1,1,
2026-08-21,5293a5a2-0311-42c7-8acd-677aa317fa73,CXdRBoRWmWWeUDHkFgmH6D566sFFccaTsrgCGaGSpump,2026-08-21T04:08:14.461135+00:00,1.4862924085693865e-07,1.3673890158838358e-07,-0.004,hard_stop,0,1,1,103.12,live_higher,hard_stop,0,1,
2026-08-21,979ca5df-8da2-4091-9605-157189b66b42,62qFbfeMYpo5R15DA1jBFTNMC3uMaMZ8DdTQJmKnpump,2026-08-21T04:09:15.324925+00:00,1.455177593932506e-07,3.637943984831265e-07,0.075,take_profit,1,1,1,-16.93,live_lower,take_profit,1,1,
2026-08-21,fc44d251-1a0e-4ce2-ad62-d0d934ee6c5a,46SY6zvXqDmsZUcoWm2yJfPyDj4hiffyFuzLWk6qpump,2026-08-21T04:09:16.912769+00:00,4.0373278400402165e-08,3.714341612836999e-08,-0.004,hard_stop,0,0,0,-11.36,live_lower,trailing_stop,1,0,mcap
2026-08-21,b84b348b-e0d2-47d4-93b4-713407029dc1,HTdwVBwgMk4hEdAohhcnJvuB6h6NHmxsv9N5MV1uMEME,2026-08-21T04:09:50.274664+00:00,1.4493232928639295e-07,1.333377429434815e-07,-0.004,hard_stop,0,1,1,2.75,live_higher,hard_stop,0,1,
2026-08-21,0c9f9586-e798-47e3-8c1f-094d339f86d1,9eEePSVLVYpCKQjS7ZMWcjDZQmwmh62pjXa373MmgCuA,2026-08-21T04:10:54.884836+00:00,3.615399505611784e-07,9.038498764029461e-07,0.075,take_profit,1,1,1,-22.88,live_lower,hard_stop,0,0,
2026-08-21,f5cda800-ae71-42ae-83ed-991b4a77cdb6,GmuhNbvCR71xC3DEnLbPHqM9xuBABqV5ijQCYBhJpump,2026-08-21T04:11:15.333578+00:00,1.0036586470663386e-07,1.2484957508549421e-07,0.01219723,trailing_stop,1,1,1,-0.14,live_lower,trailing_stop,1,1,
2026-08-21,b6b6243e-87d7-4292-93e6-8fe6120b8e3c,A9bh4MNcJKLGJLPjdLbpJN1u8bepecmgp4f1wrGApump,2026-08-21T04:12:21.200460+00:00,6.155895406743475e-08,5.663423774203997e-08,-0.004,hard_stop,0,1,1,-8.45,live_lower,hard_stop,0,1,
2026-08-21,af1844be-88e4-4b73-9fac-f5fdc60dc89b,oW6jSvHLEqk54WHq88bpQjbYB9ZoKbkoNqN3j1npump,2026-08-21T04:12:45.395842+00:00,6.114142275617119e-07,6.604718209703862e-07,0.004011813,trailing_stop,1,0,0,-2.73,live_lower,trailing_stop,1,1,mcap
2026-08-21,1f4b65cb-cbfa-462f-96dc-9c2e464bd707,2ticWeqhVUosQAtxFKYvibNbDcgnETtiR24RwGsvsTUT,2026-08-21T04:13:22.110560+00:00,9.214101505934065e-08,1.34390558968043e-07,0.022926567,trailing_stop,1,1,1,-3.56,live_lower,trailing_stop,1,1,
2026-08-21,38caf433-2d7c-4eee-bcef-54d8d6022f89,48vPVoBAivjq7zWcHsErf6RjAkDEWjfbKD32QVVQpump,2026-08-21T04:13:25.771920+00:00,5.896751413380795e-07,9.000424284492478e-07,0.026316803,trailing_stop,1,1,1,60.73,live_higher,hard_stop,0,0,
2026-08-21,379c1132-9451-4533-8270-7be26db2c70c,Fv3LZubr9UTMcnqSggx4zeYrLAts7QTtcnw9Sw73Yqi2,2026-08-21T04:14:58.572173+00:00,5.999374772389182e-07,6.293068364518322e-07,0.002447702,trailing_stop,1,0,0,5.39,live_higher,no_exit_within_window,0,,mcap
2026-08-21,bd73a817-18f6-4841-bbfb-c256988a1436,4ZYPfHBRVvDtyXTo4g8X7hS3KBCFy6MBjxzamrewpump,2026-08-21T04:16:23.516589+00:00,9.057216347244412e-08,1.2114410336216823e-07,0.016877117,trailing_stop,1,1,1,0.04,live_higher,trailing_stop,1,1,
2026-08-21,3679d220-9195-4f95-85fc-0b6ef2841514,RsCEWZ4L8YjJ4Y8U2Eiehp5pMUc71vHQe8ArMw2xJ9o,2026-08-21T04:12:31.751203+00:00,1.1612877364761691e-07,1.9448788434321313e-07,0.033738026,trailing_stop,1,1,1,0.78,live_higher,trailing_stop,1,1,
2026-08-21,2f13d4de-3b9e-46c2-a95b-78344c7edba3,HZZtkz62vvz2T6sbjAsJas68zRL1b8MT8H14Ae4pump,2026-08-21T04:10:54.089424+00:00,1.247462801658001e-07,1.2470276368204836e-07,-1.7442e-05,time_stop,0,,,,,,,,
2026-08-21,da3a7fe1-0b59-43f8-bcac-45701ba2f114,FSzi7Kv5mB9PEBYMTc7Qpuui22iC1PgA19NN2tVTpump,2026-08-21T04:20:23.792439+00:00,1.3738471061846517e-07,1.4421362992809127e-07,0.002485327,trailing_stop,1,1,1,28.79,live_higher,hard_stop,0,0,
2026-08-21,ad5099c9-a7f0-417c-99bb-5e7e14cd06dc,78ZhsHeGdo2QxZT9xJsyvyhC1RZro8fGGuAkgokCA5ga,2026-08-21T04:19:29.497218+00:00,3.7609807697469277e-07,5.800352050410384e-07,0.027112227,trailing_stop,1,1,1,-5.07,live_lower,trailing_stop,1,1,
2026-08-21,80bb56db-647e-47b3-b2fb-974806bb25ac,57RZioYFeZx6eCo3PymNTKxBsLhAitK8Kg2xFekUxYRT,2026-08-21T04:18:12.723792+00:00,1.3399936482517087e-07,2.5356253345806693e-07,0.044613334,trailing_stop,1,1,1,-6.52,live_lower,take_profit,1,1,
2026-08-21,239501ab-d564-4785-89d3-8a75237d852e,9QzYUC5sHczPXJ61jhmvKUhfDRb7aTptUXy4t3dWEHDA,2026-08-21T04:24:48.986885+00:00,4.754090610177936e-07,9.575271741083237e-07,0.050705608,trailing_stop,1,0,0,-19.27,live_lower,trailing_stop,1,1,mcap
2026-08-21,a0f4d0fe-e918-4c3a-adcb-f0d705e1697b,8MrsFYcKMtpfA2Xu2rex9HedGyFQL1FAFnnptsZDpump,2026-08-21T04:17:32.190348+00:00,1.649693611038786e-07,1.6501474568082933e-07,1.3755e-05,time_stop,1,0,0,0.05,live_higher,no_exit_within_window,0,,pool
2026-08-21,d0a3c15f-4ec8-402f-bb58-f02a7e3417f3,2VVBKWfWTpAwdkDFLCz5SsAeZDxFrzmsKHvchLc5pump,2026-08-21T04:26:18.748307+00:00,1.0853371266588058e-07,2.2677546808363335e-07,0.054472363,trailing_stop,1,1,1,-2.89,live_lower,trailing_stop,1,1,
2026-08-21,1f0ae0da-00bb-435b-b01a-4db4977775e1,FpBfhCcGRzT58NJNXZPfUqirW3XSDac5msdyYbUnpump,2026-08-21T04:27:59.651388+00:00,1.09737087881947e-07,1.0095812085139124e-07,-0.004,hard_stop,0,1,1,5.57,live_higher,hard_stop,0,1,
2026-08-21,e4dcb2be-8e85-44b3-9eb3-c317c9ae87c4,E5tmebsRUpy96HExAYbe6HLz6LbWF1dDGqs8i8Z1pump,2026-08-21T04:28:39.729303+00:00,1.4597772435316217e-07,1.342995064049092e-07,-0.004,hard_stop,0,1,1,5.2,live_higher,hard_stop,0,1,
2026-08-21,d7c14119-94d8-4051-8744-0d94e7a7e184,Dov3PgaEuPyzFhD2kZBvBzeLMithgKH2Wh6cCUYzwiKE,2026-08-21T04:21:41.200992+00:00,2.2777092768433304e-07,2.2777092768433304e-07,0.0,time_stop,0,1,1,1.27,live_higher,no_exit_within_window,0,,
2026-08-21,58d440cd-1e54-47c2-882e-1a8dd6316fdb,86SfYpgrYzyUnXZckXrhZRVk2FaDY7opYgFBb9Mr1SV2,2026-08-21T04:30:21.074697+00:00,1.2850799408215487e-07,1.5457465247956245e-07,0.010142038,trailing_stop,1,1,1,-1.78,live_lower,trailing_stop,1,1,
2026-08-21,c55de596-cdd7-4210-a2a6-9370dcce2feb,8PyYEBhmWzXNw74TRH8MJEn4eMpivt78efkuWiJGbwZh,2026-08-21T04:30:24.491877+00:00,5.600164743157255e-07,6.569448852747849e-07,0.008654068,trailing_stop,1,0,0,-3.3,live_lower,trailing_stop,1,1,mcap
2026-08-21,092e737b-e426-4e10-bf89-3a2ba9b7f269,7bM1tgDa9cE9Fgu839f37NAurnituXdMBTS5GE8Vpump,2026-08-21T04:31:38.807439+00:00,3.293119568129075e-08,3.0296700026787497e-08,-0.004,hard_stop,0,0,0,-0.07,live_lower,no_exit_within_window,0,,mcap;pool
2026-08-21,cbce0c8d-b897-4dfd-b62c-dd822b7157d3,ERtZSUFkTZsLXPtwN6yRRosMfmd1uxKekwxHDCV1BjsK,2026-08-21T04:32:13.413273+00:00,1.9409951936662945e-07,1.785715578172991e-07,-0.004,hard_stop,0,1,1,-3.34,live_lower,hard_stop,0,1,
2026-08-21,2eb00425-b059-4eb7-9f24-215a47f15ccc,DgDH1G3gfLbJzpP5W8U6kf4ac6DjcokD5ZrbbYzaDdpb,2026-08-21T04:32:48.070751+00:00,6.809700255516933e-07,6.264924235075579e-07,-0.004,hard_stop,0,0,0,0.16,live_higher,hard_stop,0,1,mcap
2026-08-21,3961bd76-8203-48e7-8139-325e74eb53c0,uaPxCo56PhuFTmoYJkujKCMMyfMVe3MPoo3Guohpump,2026-08-21T04:31:56.760764+00:00,9.20240475012189e-07,9.57189283910128e-07,0.002007563,trailing_stop,1,0,0,16.1,live_higher,hard_stop,0,0,mcap
2026-08-21,44edd44c-b77a-4d54-b6c9-d5100046c1e7,AtCLtfEAT7a1e3bfgmPUuPAeCfFdshLBHbRGA1AuaezT,2026-08-21T04:33:49.928137+00:00,4.4625114594302474e-07,4.105510542675828e-07,-0.004,hard_stop,0,1,1,21.52,live_higher,hard_stop,0,1,
2026-08-21,a75b2494-4e80-40c9-956c-46150a39d440,24mFREMG4vCXn3QuLT3HTb1dqqZ7SZN4WAgdBCWypump,2026-08-21T04:33:14.224035+00:00,9.535081746473616e-08,1.107482091455269e-07,0.008074074,trailing_stop,1,1,1,-13.22,live_lower,trailing_stop,1,1,
2026-08-21,eeec338e-a125-46bc-b0c0-ae465ccb3bd2,2XeFL4zN52MfKzhgrDaGPqx9jQsasWPunaAeEuU2pump,2026-08-21T04:34:38.613251+00:00,4.269348021216342e-07,4.308063523555975e-07,0.000453412,trailing_stop,1,1,1,0.27,live_higher,trailing_stop,1,1,
2026-08-21,d2449ba3-3caa-4b8e-9d4d-adad18b5d628,92ZBHDX5UT4Yqa8ca6U7qd76CyctgX36D53DrJHGyd5D,2026-08-21T04:35:41.601508+00:00,2.025673761331008e-07,1.8636198604245275e-07,-0.004,hard_stop,0,1,1,3.89,live_higher,hard_stop,0,1,
2026-08-21,9be76f8f-02c8-4d7b-9f01-fe5b7d4ab86a,6Wqm1YK1gYkPQGZu4KJUCZpY2ACpzNVHqH94LFWgpump,2026-08-21T04:35:00.355467+00:00,9.505961703867943e-08,8.745484767558509e-08,-0.004,hard_stop,0,1,1,-0.23,live_lower,trailing_stop,1,0,
2026-08-21,73b040b2-e058-40f4-873a-f5107b28929c,FaeYA3nN2NyCgkWNF4ioK9VdvPmMdyU15zCEXFcVpump,2026-08-21T04:35:06.835970+00:00,6.104707084511183e-08,7.719757381269426e-08,0.01322791,trailing_stop,1,1,1,-0.21,live_lower,trailing_stop,1,1,
2026-08-21,1a43749d-eac2-4179-8656-a236797bf129,FpKzTxp2G9NxpwFfYHed9jENkQknh7HxJ54zbMXFpump,2026-08-21T04:36:42.794707+00:00,7.927340662439657e-08,7.293153409444485e-08,-0.004,hard_stop,0,1,1,-7.0,live_lower,hard_stop,0,1,
2026-08-21,7690d141-8add-4f05-ae06-ea51a08ffc06,54Nt7zszqaFrQfFUDEoHSAxw3N5QoTokLY7kuubM1Y5M,2026-08-21T04:37:57.479055+00:00,1.4488976114527264e-07,1.3329858025365084e-07,-0.004,hard_stop,0,1,1,3.06,live_higher,hard_stop,0,1,
2026-08-21,88a5fc35-252a-47ab-9bbc-04b521720fa3,8fieGqM61s5FUYoJzHvk1oeNsJKXVkBtpFzARE9xpump,2026-08-21T04:29:41.441158+00:00,2.825986756933264e-08,2.8023990728385138e-08,-0.000417335,time_stop,0,0,0,0.81,live_higher,no_exit_within_window,0,,mcap;pool
2026-08-21,833495ba-4496-4273-97d7-a1aab5026f93,GZNJGkiFeqrfcuA2ABiwFN9cs8wHGnrHHvUNGp6nq5j6,2026-08-21T04:36:19.171395+00:00,9.823306110456558e-08,1.190415028471618e-07,0.010591364,trailing_stop,1,1,1,6.3,live_higher,trailing_stop,1,1,
2026-08-21,889cbcb0-eeb1-4365-8fda-c2956dd35259,8QAaT7P7TA3YjVh4MthBPQmLwyrGs7wEqLEnUh1jZDkX,2026-08-21T04:40:21.006100+00:00,5.506894022921693e-07,5.066342501087958e-07,-0.004,hard_stop,0,1,1,76.88,live_higher,hard_stop,0,1,
2026-08-21,75df774f-5658-41b2-985b-9c960abfd641,ENkVmH4atdVSXvBaoCZkxAhe2Ny3acJwXrbeLEf9pump,2026-08-21T04:40:30.569470+00:00,1.92293279328668e-07,1.7690981698237455e-07,-0.004,hard_stop,0,1,1,-9.3,live_lower,hard_stop,0,1,
2026-08-21,8af6521e-8557-4448-a7e0-341232dd70e4,5KdAHAC2CknbyivUEhpUJZhqk3hP9GNy2DGtQjgxXXJd,2026-08-21T04:41:43.318822+00:00,2.8658836799970426e-07,3.398634670398918e-07,0.009294707,trailing_stop,1,1,1,3.61,live_higher,trailing_stop,1,1,
2026-08-21,ad4b33d9-febf-4bd1-95c3-ea2abe3ccd08,8Yb5xmLfqipYJxKXN8qgHGmXzRhYZoZohzy1TXXhy4qy,2026-08-21T04:32:55.636634+00:00,2.657540995431913e-07,2.657540995431913e-07,0.0,time_stop,0,1,1,-5.04,live_lower,no_exit_within_window,0,,
2026-08-21,4e194c1c-8866-486d-9b2d-14b17e069dcf,Ek1Ebx4Kczb8L9zPUGZAPofjL2B3hMPXLhEQkVxqpump,2026-08-21T04:43:00.023621+00:00,6.418270228373168e-08,5.9048086101033145e-08,-0.004,hard_stop,0,1,1,-4.03,live_lower,hard_stop,0,1,
2026-08-21,6ac7ed0d-3f33-4bc7-b6bb-4e09b012b38b,FE7JyZ7aGBoPUVU6wSqDSsD48oKX4h4m4y4g1KeHBYDc,2026-08-21T04:44:10.350007+00:00,7.965824586616341e-08,1.0661482951275844e-07,0.016920146,trailing_stop,1,1,1,-14.55,live_lower,trailing_stop,1,1,
2026-08-21,c6de81f8-d869-4bb4-b6b0-97f708a70865,HiXMPbH7q1nH1vnQNfd5zxH5uNYM3Lc2Y63YggH3pump,2026-08-21T04:44:52.419194+00:00,3.608605065774056e-07,5.074460037761883e-07,0.020310549,trailing_stop,1,1,1,-12.17,live_lower,trailing_stop,1,1,
2026-08-21,8b4f5513-55ea-40da-bd24-27213a07ae30,J9QmCqDamBvETeHAqadZpogUZkNd4uvvqWRqGtfVpump,2026-08-21T04:46:23.820339+00:00,5.679151862797803e-08,1.0077436787004519e-07,0.038723079,trailing_stop,1,1,1,-34.13,live_lower,trailing_stop,1,1,
2026-08-21,baca2bae-487f-49a4-8abd-a597f6410b8e,BSpdBG1kZ1RbwNydDSke3tXbZ8K6emhXon3c8VBdpump,2026-08-21T04:39:41.233547+00:00,8.777539071970488e-08,8.760103825190488e-08,-9.9317e-05,time_stop,0,,,,,,,,
2026-08-21,9413085d-e0df-4128-836f-6cc9c9b7db55,BEvnAonFF6cNvnd7GDqLLu6mQi4LCKwS9dDSkw7RZyom,2026-08-21T04:49:18.285135+00:00,1.8300157584361044e-07,4.095474028683775e-07,0.061897234,trailing_stop,1,1,1,-22.17,live_lower,take_profit,1,1,
2026-08-21,943213e0-0f19-4759-ac26-70ab061e82d7,9yjtzAJQ3qmjnvGKeGcziZ3AhugH1tMLzpJxeNS7KYy2,2026-08-21T04:41:19.765587+00:00,2.593011467143968e-07,2.593011467143968e-07,0.0,time_stop,0,1,1,54.68,live_higher,hard_stop,0,1,
2026-08-21,1b2223bf-082e-49a8-ae5e-6eaddc530416,H8TYNyUmC7pqhvWPisGLxTt1HHc3QCwfrBxSvn8npump,2026-08-21T04:51:15.710158+00:00,7.138162966497818e-08,9.79933328569014e-08,0.018640442,trailing_stop,1,1,1,-2.57,live_lower,trailing_stop,1,1,
2026-08-21,7ca2de77-14ec-4260-88ff-456d24155e26,HGiwDSaVvrPA1arBVqunmebVytehSZBXFPs7azUBpump,2026-08-21T04:52:06.012299+00:00,8.088386517511944e-08,1.1384579453609249e-07,0.020376084,trailing_stop,1,1,1,2.71,live_higher,trailing_stop,1,1,
2026-08-21,93c07824-09e9-4780-8def-35548f4759f9,9uByc1a4aqKkSqxReE1y9TuA1YB1ERpsccR447jdSKzp,2026-08-21T04:43:35.718375+00:00,9.475313221359211e-08,9.475313221359211e-08,0.0,time_stop,0,1,1,-1.85,live_lower,no_exit_within_window,0,,
2026-08-21,08588ac5-6a24-4e95-943c-04894d2d6ad5,GMrn5rdGBYhUTAPPsZuZFNuZF1R14nfmnc6qgrWQpump,2026-08-21T04:55:41.211065+00:00,1.5386119281564896e-07,1.4155229739039705e-07,-0.004,hard_stop,0,1,1,-7.64,live_lower,trailing_stop,1,0,
2026-08-21,10d8a03d-eb6b-4043-b84e-dbfe9549ad60,9zLDop7HYzTXZAAM9aNZhngqku1M2mVohUvYG7M2w2km,2026-08-21T04:46:24.506813+00:00,9.860395740508095e-08,9.860395740508095e-08,0.0,time_stop,0,,,,,,,,
2026-08-21,0a4d7353-7ab2-4401-b07a-f3832c77e9be,8mKMcie8MNYQKFU67z318MVAMZ48B6aU7hhP1fxD6m9e,2026-08-21T04:56:18.826565+00:00,2.516361547058417e-07,2.3150526232937435e-07,-0.004,hard_stop,0,1,1,36.35,live_higher,hard_stop,0,1,
2026-08-21,8c2dc6c7-1c0d-43be-a0c6-7b08700cc386,51NL5P2K298tQW8xyG4zPNoBjk2m95ARBjWKwmbxpump,2026-08-21T04:49:46.362801+00:00,7.515538313392626e-08,6.914295248321216e-08,-0.004,hard_stop,0,1,1,-2.0,live_lower,trailing_stop,1,0,
2026-08-21,2fafb259-0ffb-49a6-aab6-edc76c325e19,DdW2GtkekpgyQHUJm7xqnzcLy4eJo6gbqv5FPsgupump,2026-08-21T04:56:56.132537+00:00,1.365820115199419e-07,1.4026921444446435e-07,0.001349813,trailing_stop,1,1,1,2.2,live_higher,trailing_stop,1,1,
2026-08-21,4bfedd43-4361-4dce-a494-9e4a683cec06,9fjsD52Qw4ibT9sKqMWRXPWYTVAZex4d9b6bp3nFNsBx,2026-08-21T04:57:32.260824+00:00,4.1410043934340917e-07,8.775239993616881e-07,0.055955454,trailing_stop,1,1,1,-17.96,live_lower,take_profit,1,1,
2026-08-21,adbf6064-1663-4d12-95f7-aefac1cb42cd,D5CFeSHpkmdbHkVh9JVZxaCHUJQeUu2w88Egb6sNpump,2026-08-21T04:59:27.839076+00:00,5.683738629238759e-08,5.229039538899659e-08,-0.004,hard_stop,0,0,0,13.33,live_higher,hard_stop,0,1,mcap
2026-08-21,80d48c73-5846-43ce-b68f-cc8670d44a6e,idiofKa885Nkg2ydcLn6ZSQz6y2GneagRfR3ijZ4kgY,2026-08-21T05:00:03.969069+00:00,9.923749386879345e-08,1.2505978622682388e-07,0.013010351,trailing_stop,1,1,1,-1.52,live_lower,trailing_stop,1,1,
2026-08-21,0bf8c8df-206f-4b62-8fba-1203464c1c77,EMEa9kGDYDQBaSimq8HyS5yU12Pvr25wPaBT11wu5Ae2,2026-08-21T04:56:53.646282+00:00,8.71226261350268e-08,1.1350353458976347e-07,0.015140102,trailing_stop,1,1,1,-2.46,live_lower,trailing_stop,1,1,
2026-08-21,060885e6-3121-439c-a78d-353bb3262898,GJPofeb3r5V611A1aa2GG4QJCQGPUtSmcfUk6GffsRbL,2026-08-21T05:00:55.739069+00:00,7.780897588368068e-07,1.76390195738538e-06,0.063348231,trailing_stop,1,0,0,-14.09,live_lower,take_profit,1,1,mcap
2026-08-21,c0f7c7aa-77c7-4549-8bd5-d11af40c1041,5kNaJDmPFpm1rudepQ2ijcrKg4UyQvEiGRKgyLZQAtdU,2026-08-21T05:01:56.557687+00:00,6.796542609025435e-07,6.2528192003034e-07,-0.004,hard_stop,0,1,1,30.92,live_higher,hard_stop,0,1,
2026-08-21,3e53a697-01eb-40db-9ff3-f728b8840d81,21iNU1nQAZakj7ePkNfHwBYrReWrQ4RccL9dQfzN7sDB,2026-08-21T04:59:23.331114+00:00,1.152499364945755e-07,1.0602994157500947e-07,-0.004,hard_stop,0,0,0,2.0,live_higher,hard_stop,0,1,creator
2026-08-21,18f2db80-13d6-44db-9ef1-201100e20da7,DZ87Nn5mizyrYnHx8SFKgTTLPJQk6pktDuWpTzDoZKXM,2026-08-21T04:59:29.352438+00:00,6.255374504389936e-08,5.754944544038741e-08,-0.004,hard_stop,0,0,0,-27.81,live_lower,no_exit_within_window,0,,pool;volume;vol_mcap;buy_sell;score
2026-08-21,e60080c2-9fb2-48f0-924f-ae2192bf9d7e,4LXoxGZ3qgEDsxPRapCMpjToskWfuaPjenj7XWJHpump,2026-08-21T05:01:54.532209+00:00,7.342113615457612e-08,1.159226902598416e-07,0.028943678,trailing_stop,1,1,1,16.73,live_higher,hard_stop,0,0,
2026-08-21,bbb0ff0b-37e9-4d4a-97e6-7522e4f10fd6,Dnjs56dBH96Z6qL38wQeoQSBFFvxY6nH7Ke18e9rpump,2026-08-21T05:04:42.288592+00:00,1.9953243387069738e-07,2.5480803213631746e-07,0.013851282,trailing_stop,1,1,1,-14.06,live_lower,trailing_stop,1,1,
2026-08-21,5c7edf84-9db8-4fca-9b21-80dbb126373a,EtxBh8EExEYmdw5mDfzC59EVEyFp8AnMER2CyVAUgtom,2026-08-21T05:06:06.086142+00:00,5.178723296177808e-07,4.7644254324835833e-07,-0.004,hard_stop,0,1,1,18.99,live_higher,hard_stop,0,1,
2026-08-21,96eaa3c8-71d4-447d-9ca8-cc3b4ceca573,B3zosPWagKk3pbDhZRs9qX21DTV7zYTtAv7LSNXCpump,2026-08-21T05:06:33.844861+00:00,2.081064497539868e-07,1.9145793377366786e-07,-0.004,hard_stop,0,1,1,12.27,live_higher,hard_stop,0,1,
2026-08-21,650d9610-3c7b-4bd8-91ff-76e0783eb174,8ffXKcLgP8Gjyip9zRBKg2qZHgQPVJXRTA8g6iK92fMh,2026-08-21T05:05:41.035509+00:00,2.466169637981001e-07,6.165424094952501e-07,0.075,take_profit,1,1,1,-0.22,live_lower,take_profit,1,1,
2026-08-21,7f91cc97-5513-4548-9d0a-fc725fbdfb5a,5aaCoePkGsezqVstvNRXHYos7HasxSBTRcQSoSSGCQ2C,2026-08-21T05:06:32.008325+00:00,2.1861530009097952e-07,3.279975830749201e-07,0.025017069,trailing_stop,1,1,1,-12.83,live_lower,trailing_stop,1,1,
2026-08-21,dc6c3b05-5186-4588-812f-3df6f7217bd4,VVKXKdLC7y4bUoimBXzA4NsqsNDpQcVt3duMB5ujU5J,2026-08-21T05:06:43.469534+00:00,4.362298716113175e-07,4.013314818824121e-07,-0.004,hard_stop,0,1,1,-8.49,live_lower,hard_stop,0,1,
2026-08-21,519987be-60f4-4f80-87b1-5f89801d6675,B54h8297FkSRK3BfKy2WehkttRz7QoVN2BpoeuBuuUuL,2026-08-21T05:07:08.327350+00:00,1.2742367873666772e-07,1.4543227945822524e-07,0.007066426,trailing_stop,1,1,1,-5.92,live_lower,trailing_stop,1,1,
2026-08-21,dcc66fa9-73b5-4804-a9cc-bf4c79a9e0b1,FtSknfttg6qWLqm4oyer29JpWndyEkpQ2FjooBKxpump,2026-08-21T05:07:36.128055+00:00,1.6623063017335917e-07,1.5293217975949045e-07,-0.004,hard_stop,0,1,1,6.27,live_higher,hard_stop,0,1,
2026-08-21,6c1c3a24-a962-47e0-8c2a-c6ce93b1eff8,8Q4XpdTvu2zBZ2sU485JSd43gwY6nKBjgXZadUEgbonk,2026-08-21T05:07:51.984386+00:00,9.386038705829639e-08,1.1140165607558467e-07,0.009344341,trailing_stop,1,0,0,-0.08,live_lower,trailing_stop,1,1,volume
2026-08-21,ac66f355-409b-4597-b38e-cfa4e9a4848d,91UqR3U5LjySkSykDg3vDAMKjkaAj8S8hVtq19Zre6Kh,2026-08-21T05:09:52.866565+00:00,2.6873908900503735e-07,2.472399618846344e-07,-0.004,hard_stop,0,1,1,3.08,live_higher,hard_stop,0,1,
2026-08-21,34de6d83-986b-4c71-bdc6-f71770ac408b,3ep8exkQohRh3yavgnEU6kLUASxgjDCfSsfbgYGxxS37,2026-08-21T05:10:12.031184+00:00,1.670421894588746e-07,1.5367881430216465e-07,-0.004,hard_stop,0,1,1,-0.37,live_lower,hard_stop,0,1,
2026-08-21,71a4ddc3-7b2d-4541-b8ad-ce248b7c931a,7izmd86iBkLyUN1vxvbLLamY7Az1NVh3f9gsQVbHpump,2026-08-21T05:10:45.998911+00:00,1.1343578661442754e-07,1.0436092368527333e-07,-0.004,hard_stop,0,1,1,6.32,live_higher,hard_stop,0,1,
2026-08-21,b4f39585-82a4-481b-817e-5a76477b5e23,C7twuEqJKN2NpSR6KhAWk9K18DV8P4EfPPsUVCXxS4ee,2026-08-21T05:11:11.652238+00:00,2.2782174205598218e-07,2.3326410118103155e-07,0.001194434,trailing_stop,1,1,1,7.6,live_higher,hard_stop,0,0,
2026-08-21,bfa9f008-dcf9-4fcc-bac4-29970dda22d5,Bqg7sh6Sq1GYv6QmDwW91x9j4GxzX1d6uY9CfuMdpump,2026-08-21T05:12:49.645223+00:00,1.4272086023023265e-07,1.3130319141181405e-07,-0.004,hard_stop,0,1,1,9.94,live_higher,hard_stop,0,1,
2026-08-21,f1a3808f-9988-411a-a513-6d14796cf17c,FYrcY3jq5DXZ8GGQwwMsZ24Zxv6HdmZizD4Xy6LH6xnR,2026-08-21T05:13:13.374706+00:00,4.6662739752606926e-07,4.2929720572398377e-07,-0.004,hard_stop,0,1,1,-1.89,live_lower,hard_stop,0,1,
2026-08-21,a8c50b28-19a3-4616-828f-94e8a0bc6702,4dJHPEJLUH5btuUMXkmzM8xE8Mo7VAh4Xx6MkybBuwPB,2026-08-21T05:13:15.311493+00:00,3.347204872640304e-07,3.850963133161349e-07,0.007525059,trailing_stop,1,1,1,-4.51,live_lower,hard_stop,0,0,
2026-08-21,be353101-b578-4a62-bff8-93c56a57fdee,Http7TpsWxzRgh58hhss655Tqm7DYrvVFFkjFW96pump,2026-08-21T05:17:14.048696+00:00,6.523233392578691e-08,6.001374721172396e-08,-0.004,hard_stop,0,1,1,-8.1,live_lower,hard_stop,0,1,
2026-08-21,78e398a0-f721-460e-8b5e-f246316a1b4c,FqYYHr8qP5ysPKDKEU8cSk155UQAAm2BFJsimrjNshDD,2026-08-21T05:15:32.302011+00:00,1.3478908077489939e-07,1.2400595431290744e-07,-0.004,hard_stop,0,1,1,-2.05,live_lower,hard_stop,0,1,
2026-08-21,87a10229-3748-429e-9050-a8b41ea4b6a0,5xTcP4jvmeFZUUgSV91Pda4hPc3EyJV7rpnm9tXgpump,2026-08-21T05:18:45.453435+00:00,5.517556507184344e-08,5.076151986609597e-08,-0.004,hard_stop,0,0,0,59.86,live_higher,hard_stop,0,1,mcap
2026-08-21,03b732ef-6c39-4546-9707-fd1b0bb902a9,3cKCvi1Fjvcy4RB69Mbi2UowqhJZ3288ZnvDrNJ4t1s5,2026-08-21T05:19:04.102550+00:00,2.927579681824731e-07,2.6933733072787527e-07,-0.004,hard_stop,0,1,1,-0.59,live_lower,hard_stop,0,1,
2026-08-21,58314462-b730-429e-bf34-6144a8b5208b,DR35GqBbWyhDN6gcsbinfTJok6wS4X1yznSG8ttGpump,2026-08-21T05:11:21.403801+00:00,6.303278416046457e-08,6.272951247063511e-08,-0.000240567,time_stop,0,,,,,,,,
2026-08-21,e0639832-92e9-4cf9-8bc6-50cc7f460725,9rhXDDm2FXNHpSZzCefEeP2qzzf3PXcSWMzfMb1hhFYL,2026-08-21T05:19:38.714365+00:00,4.79882167894867e-07,9.130031173575111e-07,0.045127844,trailing_stop,1,1,1,-2.56,live_lower,trailing_stop,1,1,
2026-08-21,52d341b9-3bc6-4bb4-b477-b54ee0802a6d,5jPD51YHpZ6V6HhqDKnR7tN5EEFTxzsdTm9dak8GDhhH,2026-08-21T05:12:00.427951+00:00,1.4693785399714485e-07,1.4693785399714485e-07,0.0,time_stop,0,1,1,-0.7,live_lower,no_exit_within_window,0,,
2026-08-21,81249466-8914-4aa6-9e83-b97efcf9be65,2L3n4kh5RAr2Kzv4boxeGkQu5qsbHbq6FrUNVykDpump,2026-08-21T05:13:43.524256+00:00,6.035369653139754e-08,5.847067193534344e-08,-0.001559991,time_stop,0,0,0,3.23,live_higher,no_exit_within_window,0,,pool
2026-08-21,f5bc0c85-4810-4f9c-8315-f25349e233b9,D5rbWynnc1rSxYGRVJg9Nu9hLjUMWnkzzhZpC67qpump,2026-08-21T05:24:10.886498+00:00,1.6330515107930334e-07,1.7135902219245633e-07,0.002465896,trailing_stop,1,1,1,-10.49,live_lower,hard_stop,0,0,
2026-08-21,d03cc8ec-4fb7-48b6-bc1b-f8c2d9a59928,EZT3VTgZQ7N5wRd81j9HcQ3YRr1VFGvmezNmcdhFpump,2026-08-21T05:21:35.873869+00:00,9.76628291227937e-08,1.3027814642450644e-07,0.016697918,trailing_stop,1,1,1,-3.38,live_lower,trailing_stop,1,1,
2026-08-21,5feeb427-1dab-40de-8108-82222b3433e3,E1gQwSwwUFmh9MmKFdZBxSq1QExxCE8Z8hwAwVLkBKfx,2026-08-21T05:18:38.866517+00:00,1.1513954812143357e-07,2.167936725054548e-07,0.044143878,trailing_stop,1,1,1,2.67,live_higher,trailing_stop,1,1,
2026-08-21,9df200d7-0acb-4f2d-86f8-291483e0491a,A64xwZ9LjANe7DrB3pxiFG8p6oVEJHZzteNGm34Epump,2026-08-21T05:25:17.380250+00:00,6.795850010671483e-08,6.252182009817765e-08,-0.004,hard_stop,0,1,1,0.37,live_higher,hard_stop,0,1,
2026-08-21,06486555-29fd-45a9-8020-e67dd862e3c1,HT6ZTPhLUXawA7TpRucxkL6S6CYybtyex4gPZh6gr5Mb,2026-08-21T05:25:34.271617+00:00,6.500303250326837e-07,1.2110284778175892e-06,0.043151691,trailing_stop,1,1,1,39.04,live_higher,hard_stop,0,0,
2026-08-21,3014b88e-edc6-460c-ae33-0bfefceb84f5,DnAJknBPSYH5by25njqspAvhrSpgrFiLGs531BWAUant,2026-08-21T05:29:30.875142+00:00,3.8886289614764486e-07,3.577538644558333e-07,-0.004,hard_stop,0,1,1,3.5,live_higher,trailing_stop,1,0,
2026-08-21,f9aaad5a-f6b8-4afb-83ec-90a71af253de,29FCYXXnnYCAzPjwXKo9BhuQCV92PNUkhWUoWGGzpump,2026-08-21T05:21:37.861653+00:00,1.1260441487709191e-07,1.128100933026478e-07,9.1328e-05,time_stop,1,,,,,,,,
2026-08-21,de70b1d6-1111-44f7-bea3-dac430a701dd,91R4m2osMWFWJJqL8wAHH6cFFYLAbEyeEk4HQ7n9gZEn,2026-08-21T05:31:58.315505+00:00,6.714978970950342e-07,6.177780653274315e-07,-0.004,hard_stop,0,0,0,-9.64,live_lower,hard_stop,0,1,mcap
2026-08-21,bcfb326b-fe5f-4be6-a3e5-01f6829dc095,4jX36reX3iSATdNWpNmpu8CxSAu7bdjp4cy1XTYVpump,2026-08-21T05:32:52.752087+00:00,1.0704906398923225e-07,9.848513887009368e-08,-0.004,hard_stop,0,1,1,39.31,live_higher,hard_stop,0,1,
2026-08-21,d5792c86-cea1-4d3b-af5b-8a772b98f3a7,8cRfE6sF64GNs2inzM7oFJNfr369EJWhjhrCDQJZSu5F,2026-08-21T05:23:20.470162+00:00,1.2763731611162793e-07,1.2763731611162793e-07,0.0,time_stop,0,,,,,,,,
2026-08-21,9b69b2d9-cea0-4156-8283-b7cc197f1a01,DX2aSC7C5xCYD3prXNnZyFgyHp2WeEG4Mg8EQRQ3zzjJ,2026-08-21T05:32:12.722707+00:00,4.7430808099214545e-07,4.3636343451277383e-07,-0.004,hard_stop,0,1,1,-5.62,live_lower,trailing_stop,1,0,
2026-08-21,603cf78d-4e0e-4d88-bcba-6c21837d5408,8dnjKJibLGc1SMER6kdWzQLy3rLaQ6hW1gWKdXFUJzcQ,2026-08-21T05:33:18.408050+00:00,1.0994472658976902e-07,1.1041677992577821e-07,0.000214678,trailing_stop,1,1,1,1.78,live_higher,no_exit_within_window,0,,
2026-08-21,61e7b95d-e9e8-4813-a38b-23507912621b,4JgF54x6PGGfLJM6rnSUftmniwy3fW7r92NKG8NBNhHn,2026-08-21T05:34:25.237220+00:00,7.242032666033938e-07,6.662670052751224e-07,-0.004,hard_stop,0,0,0,5.81,live_higher,hard_stop,0,1,mcap
2026-08-21,661ab5d2-71ae-4612-bb8b-19b1f57ac082,9HLhhbN4uAEmFyw8xrszyGQ9PptWh5LZNQmzN6rrpump,2026-08-21T05:37:44.855689+00:00,5.375965051380342e-07,4.945887847269914e-07,-0.004,hard_stop,0,1,1,33.59,live_higher,hard_stop,0,1,
2026-08-21,d45bb934-9fe0-4186-9b7c-c8397574f3bf,BdeJJ2Skx22TCdGDaZcXim1rvkTFhCshizTrUh4qmoon,2026-08-21T05:28:50.675367+00:00,3.5619345532983347e-07,3.5663844480900944e-07,6.2465e-05,time_stop,1,0,0,-98.89,live_lower,take_profit,1,1,mcap
2026-08-21,745baa6f-5521-4cfe-aa52-8252de6af81f,D6tVGuFDCEKGMMVjeZFCg5K1shgUdNzTd4FU3w3opump,2026-08-21T05:29:02.279672+00:00,1.0623433784457103e-07,1.0588526849489752e-07,-0.000164292,time_stop,0,0,0,-0.13,live_lower,no_exit_within_window,0,,pool
2026-08-21,05ba9306-7efb-4f1b-b865-65468f492189,7JHNqz5dsMZUKzFAMT71UjvQSLbMtHoWAnNbdA6Mpump,2026-08-21T05:39:41.245636+00:00,2.54786347709533e-07,2.3440343989277036e-07,-0.004,hard_stop,0,1,1,1.32,live_higher,hard_stop,0,1,
2026-08-21,180513e6-1df8-4483-b5c7-52827d1c056f,3w9fmLeLpPLrDDgcJ3DocxG7jMAqQXDEVR2mmPyS8Nuc,2026-08-21T05:40:41.138472+00:00,9.5632226382007e-08,1.1011893203226911e-07,0.007574176,trailing_stop,1,1,1,0.97,live_higher,trailing_stop,1,1,
2026-08-21,be06f9ad-cdcf-46c3-97f9-cc742c6ef8e6,2Jf4ytXydCrbatT1CEasrweCHtqf1CMCNSMo4P8Qpump,2026-08-21T05:42:32.546590+00:00,8.152624127671715e-08,9.588812023137695e-08,0.008808133,trailing_stop,1,0,0,-4.56,live_lower,trailing_stop,1,1,volume
2026-08-21,73b9399b-c58f-4cb8-b145-481157dd4ea7,6538R5SffYthLG89EGK2hEmcoDCGRWQQyRhCYYTW3ufd,2026-08-21T05:36:23.141722+00:00,1.0773127962465094e-07,1.7187123495752947e-07,0.029768492,trailing_stop,1,1,1,1.89,live_higher,time_stop,1,1,
2026-08-21,4b91c717-8ec2-423c-ba46-d24f21b02e85,CHFd6Z9tBGY75XbGUwJB5ua9qkiXcVCFP18Vy4X3pump,2026-08-21T05:44:02.927470+00:00,5.9332968493910056e-08,6.870925412064812e-08,0.007901413,trailing_stop,1,1,1,-5.68,live_lower,trailing_stop,1,1,
2026-08-21,d31ca53a-4b9f-4c63-90f0-65b1404cdc7e,7Z3D9R9bQoXie4ytivXMGTn5fyju6XidDkX9PND2VG4V,2026-08-21T05:45:41.208974+00:00,4.037435949662265e-07,8.205883031453418e-07,0.051622455,trailing_stop,1,1,1,0.72,live_higher,trailing_stop,1,1,
2026-08-21,bd256dfb-1f36-40c1-8b6f-146297b40a94,FMVNVxZbBBQEDeE2V1W3kJFBbP1rzdTY6hPNuUMNpump,2026-08-21T05:46:58.182479+00:00,1.3320346199324988e-07,1.464528919203222e-07,0.00497338,trailing_stop,1,1,1,-0.25,live_lower,trailing_stop,1,1,
2026-08-21,dd0aff36-3e68-4614-acb6-4de05f7f5b5d,E4tNphuXzm5zXD3kyzfKdYHjFM9tadTCBcGyiE8tJ3Eu,2026-08-21T05:48:06.263732+00:00,4.036544188066293e-07,3.7136206530209894e-07,-0.004,hard_stop,0,1,1,-15.86,live_lower,trailing_stop,1,0,
2026-08-21,70422bce-3527-4cb1-8379-182c5142320e,Buc15NKkghMaFjQZUhxqkwHWziNPJ1sDRsyoed8j9LP7,2026-08-21T05:39:03.570136+00:00,4.828435948304781e-07,4.828435948304781e-07,0.0,time_stop,0,1,1,29.68,live_higher,hard_stop,0,1,
2026-08-21,ec45fbe6-1609-48a6-b6b0-e3a313931541,Gt8H1untLQ7EwgBTTRpbUopzMBF6wtPr2rZunC5tpump,2026-08-21T05:48:52.854357+00:00,5.953840032863698e-08,5.4775328302346026e-08,-0.004,hard_stop,0,0,0,11.74,live_higher,hard_stop,0,1,mcap
2026-08-21,85160322-9a1e-43d6-9159-0a547840d685,C7tJ5PAFnq1V3jr6F9ot4u238JRsPq7DzGzmPc3npump,2026-08-21T05:39:06.161282+00:00,5.70088119925655e-08,5.66330546236762e-08,-0.000329561,time_stop,0,,,,,,,,
2026-08-21,f83b673d-96d8-4236-9cee-8153aee38b8b,3R42zEghqULGHDXpnt1dGrwe2eh3y4pE98jZbCYws3TX,2026-08-21T05:49:15.087119+00:00,1.5390823789415772e-07,1.716803685261971e-07,0.005773613,trailing_stop,1,1,1,-3.81,live_lower,trailing_stop,1,1,
2026-08-21,e947e30d-a0e4-4e2d-a925-f4d53ff95512,51np46m1K1SjpxxcB3mfDPdepu9T1pjnzwBj7dHPpump,2026-08-21T05:41:23.733593+00:00,5.7009054483080064e-08,5.494537258037862e-08,-0.00180996,time_stop,0,0,0,3.14,live_higher,no_exit_within_window,0,,pool
2026-08-21,45a15854-a027-40e4-af2d-4a817db1d2b7,8jMAJhGFzmCrf4u36fFytWisRBN4u1hRB7cDQ8W36FqH,2026-08-21T05:51:02.837064+00:00,6.968847880305752e-08,6.411340049881292e-08,-0.004,hard_stop,0,1,1,10.05,live_higher,hard_stop,0,1,
2026-08-21,5e36a42a-4362-4040-bcdb-8c02fa891d51,CtvJrH482LnTqpzRWc2gsYWWD8pqha8vMHvbDztGp7gu,2026-08-21T05:45:00.682477+00:00,1.1200014242155736e-07,1.1200014242155736e-07,0.0,time_stop,0,1,1,1.56,live_higher,no_exit_within_window,0,,
2026-08-21,cf0f076b-ccc8-4334-b30c-405cf0f0554d,5NfV2sy8DqXamLvYEE4LcTWzGqZc5Emv4bqqhVDWpump,2026-08-21T05:54:35.176938+00:00,6.844206311140489e-08,6.29666980624925e-08,-0.004,hard_stop,0,1,1,-9.45,live_lower,trailing_stop,1,0,
2026-08-21,35dd3632-bb3a-47ef-bb52-dfc94ded6cf3,GVWtecykPwL8Z4Wmg4CqUxqU9ivAmYe8DqrBaBEdpump,2026-08-21T05:55:46.884008+00:00,6.596338844652516e-08,6.068631737080314e-08,-0.004,hard_stop,0,1,1,-13.27,live_lower,hard_stop,0,1,
2026-08-21,b33ceb08-0137-461d-9b4e-ad1fd27f8836,3pyLbkrGgwghbnqUupXeGmwaVzh7xpeJsA1boPxrrPJ3,2026-08-21T05:55:48.562602+00:00,7.080087514554897e-07,6.513680513390505e-07,-0.004,hard_stop,0,0,0,21.45,live_higher,hard_stop,0,1,mcap
2026-08-21,d2279f06-c220-4683-acdb-57d326e8d551,HuLexvkJ4uByV52CSUEzqEFoodCGTnquY6jgeki8ebkk,2026-08-21T05:54:06.511747+00:00,4.4560292086366494e-07,5.545760766695831e-07,0.012227608,trailing_stop,1,1,1,1.35,live_higher,trailing_stop,1,1,
2026-08-21,80083b49-6dab-41e5-8504-289c58118a07,A3g7VbCqCzgYazgpus1kiV5YeAoJRiAX2U1qF5yymoon,2026-08-21T05:49:07.445628+00:00,3.528970816910627e-07,3.618691842261376e-07,0.001271207,time_stop,1,0,0,-98.9,live_lower,take_profit,1,1,mcap;buy_sell
2026-08-21,08c94e3f-f9a5-4c24-95a5-85fe7cbf6715,HW7bCrCYtMSqEVfsuQZ7TdGKacEB3vUZzp8P2gSvwyYk,2026-08-21T06:00:03.583059+00:00,1.2021149834521886e-07,1.1059457847760136e-07,-0.004,hard_stop,0,1,1,4.07,live_higher,hard_stop,0,1,
2026-08-21,edafcd16-7b50-440c-8af6-0601a2e46ba4,AgpG8mRVLEc1fLY41ZkpA51TorpmzBXt5RDi62kE6c1H,2026-08-21T06:00:20.800848+00:00,2.9735090020964593e-07,4.325534364983424e-07,0.022734509,trailing_stop,1,1,1,-12.77,live_lower,take_profit,1,1,
2026-08-21,50f0e0c9-669c-4762-9a3c-e81dbb4bc3bd,2i6gotrFz6R7wnczVs16zRRCHvev5ZkTkGBP4xtHohCs,2026-08-21T05:51:14.422840+00:00,1.1167188857651123e-07,1.1254554251490318e-07,0.00039117,time_stop,1,1,1,-0.2,live_lower,time_stop,1,1,
2026-08-21,231aa6bb-90e7-4f20-a4c5-728077e95e32,3NRVHbgjzCtfSCUEJHqZ2tB4bW2XXH3MJ7Qz3khhEfiu,2026-08-21T06:00:50.476764+00:00,3.64892901273664e-07,3.357014691717709e-07,-0.004,hard_stop,0,1,1,-6.84,live_lower,trailing_stop,1,0,
2026-08-21,b33cba6e-3c61-427b-a07f-8175853c28e4,5oes9GhCaVgyDYedsJt4CS675bfk9W3nk9L41kfAELPM,2026-08-21T06:01:34.158670+00:00,5.793831634250279e-07,5.330325103510257e-07,-0.004,hard_stop,0,0,0,-3.28,live_lower,hard_stop,0,1,mcap
2026-08-21,00f2ea6f-cf93-476f-8268-551d2ea97224,g9erp6LsDV6wi6zrakSyRjJukerg8XvjcmNpnJvv7DB,2026-08-21T06:02:06.821658+00:00,6.707468039171741e-07,8.661339203897899e-07,0.014564894,trailing_stop,1,1,1,48.85,live_higher,hard_stop,0,0,
2026-08-21,06ba6450-ea07-4e3a-b3af-7a36dcb213f7,6XWXwLoT27rM5XNssMDd1sAzx3TBuHbPiqUfRCAUpump,2026-08-21T06:03:51.773618+00:00,7.709502082484885e-07,8.286736545142806e-07,0.003743656,trailing_stop,1,0,0,-2.56,live_lower,hard_stop,0,0,mcap
2026-08-21,341f2df9-681d-490f-961d-851d021a19cb,2pmp3d3Roy1nJ75CiLWrm4a3cpUh63iPy8ndPDcN1Frb,2026-08-21T05:57:02.253387+00:00,4.2020736978906796e-07,4.2020736978906796e-07,0.0,time_stop,0,1,1,3.13,live_higher,hard_stop,0,1,
2026-08-21,ff5fe17e-0a95-4211-aa96-20bed7d5b09d,3SKwcdikFmSYqwF9gVdk39BHT65kBMRbhwDFMnPApump,2026-08-21T06:04:09.281489+00:00,7.427693235841458e-08,7.900051736840184e-08,0.003179712,trailing_stop,1,1,1,-2.58,live_lower,trailing_stop,1,1,
2026-08-21,fc022ffe-2785-4080-bd7d-b1313f59b0fa,J8Z9cCfWnr3NmRdLirPoMXvh8sNcJyyxZ2x1yj4b35wo,2026-08-21T05:57:28.223220+00:00,4.91782350228844e-07,7.477348917145517e-07,0.026022949,time_stop,1,1,1,0.16,live_higher,time_stop,1,1,
2026-08-21,6dd49bce-dd3b-4588-8441-3cf3085f7f7e,2uwaR5ocxdRz9JRLTdfvNYxvVA8Xs2f3AAP51n4FvDv3,2026-08-21T06:05:28.187502+00:00,1.1197978508740757e-07,1.167856420097385e-07,0.002145859,trailing_stop,1,1,1,-4.1,live_lower,trailing_stop,1,1,
2026-08-21,839189f6-7ce6-44d4-bb1b-1ef39f5217ee,H8hg19wmSoKpJMbrgocKi5DiBPCdsw4cCySs8UPE1kse,2026-08-21T06:06:00.922469+00:00,1.2155583437340475e-07,1.3627234912470666e-07,0.006053397,trailing_stop,1,1,1,0.06,live_higher,trailing_stop,1,1,
2026-08-21,6abdbc4b-6c44-4d4a-a205-d3cb385bc0e0,8x5jxEYfsCVYiFrfP124uv7ZZXudNnq7ctjjC8Gepump,2026-08-21T06:10:44.552349+00:00,1.4834833466487692e-07,1.3648046789168677e-07,-0.004,hard_stop,0,1,1,-5.89,live_lower,hard_stop,0,1,
2026-08-21,af783a53-722a-4a73-81ca-250856b56d51,94wtp6BVqrkxzfrXxe2gNXXww64aeFZRYXKabur86iUy,2026-08-21T06:09:51.315716+00:00,1.129004230346407e-07,1.0386838919186945e-07,-0.004,hard_stop,0,1,1,-2.44,live_lower,trailing_stop,1,0,
2026-08-21,8de9cf6b-6787-4fb1-ab9c-f8c1323f56a9,GTsoXyUvyZzvod9dFGTE9eus5HdwqEmDp8rkBRH7pump,2026-08-21T06:12:32.137341+00:00,6.059377318756781e-08,5.574627133256239e-08,-0.004,hard_stop,0,1,1,1.42,live_higher,hard_stop,0,1,
2026-08-21,8de1719a-f527-468f-9c9b-35b857c62276,ADdrRii3DnyqzynBzg3Z3x9XzyiH8NU3HDCcdNnyu3Sg,2026-08-21T06:10:10.924789+00:00,1.4411482900063724e-07,1.3258564268058625e-07,-0.004,hard_stop,0,1,1,-5.55,live_lower,trailing_stop,1,0,
2026-08-21,1f83ebbf-2823-48c5-826c-89a5d95e5135,13idfYmvMXKX6pjaR6fxQSyg3Ft4UBQuE3HJaqZvpump,2026-08-21T06:12:33.914074+00:00,5.773373120120539e-08,5.311503270510896e-08,-0.004,hard_stop,0,1,1,2.05,live_higher,hard_stop,0,1,
2026-08-21,3b10c43a-d341-4367-a35d-418d9b401afa,D2a2nkwGmVh6GMaDLBtW8CWe13Edf2PHhZWpsXJnKFfD,2026-08-21T06:13:38.681746+00:00,1.210211294446463e-07,1.2293279986542695e-07,0.000789809,trailing_stop,1,1,1,-2.36,live_lower,trailing_stop,1,1,
2026-08-21,09937596-1409-4048-8d04-84bfff330713,CBdR2CdsxAvamKWWzSh9tCBGKwb8MBAU8SqDB3mcpump,2026-08-21T06:15:35.085881+00:00,7.073580103129483e-08,6.507693694879125e-08,-0.004,hard_stop,0,1,1,4.65,live_higher,hard_stop,0,1,
2026-08-21,3600a53a-27aa-4bdb-a0b8-7289a483f533,CRARL8p94PKayTpfQKZdvRKfsrht7QJVhfm1oW4prXzv,2026-08-21T06:14:19.339907+00:00,4.331162626519491e-07,1.0532263908843455e-06,0.071587029,trailing_stop,1,1,1,-8.58,live_lower,take_profit,1,1,
2026-08-21,fb567097-e368-46a9-91b1-cd985988a9b0,GPRsiA8ocy6u97e6wo985pFYxNnGPnDAYXetMdq6doQN,2026-08-21T06:14:51.072073+00:00,9.771031206974915e-08,1.1116031651746969e-07,0.006882592,trailing_stop,1,1,1,1.21,live_higher,trailing_stop,1,1,
2026-08-21,2d70b07e-77ff-4c50-a60c-a16c24ce41b3,CD1XQJchxz3hvV3MheafCZpiEX1LEefdCMEGu3Nauwb5,2026-08-21T06:16:41.431596+00:00,2.4479681638891355e-06,2.2521307107780047e-06,-0.004,hard_stop,0,0,0,50.96,live_higher,hard_stop,0,1,mcap
2026-08-21,6b99510a-da95-470e-8abe-b6b69e39e63a,DzrGNBwxhu9LoWreVxYbBDE77Jg286yKBzev8AYc7kJ7,2026-08-21T06:17:14.180662+00:00,3.0697236377557195e-07,7.674309094389299e-07,0.075,take_profit,1,1,1,-35.35,live_lower,take_profit,1,1,
2026-08-21,b505205a-850c-428d-bdf7-04776cf012f9,yCoAYHQyU4DmjcHuQc7zMY5Kj2G9cuM6jDXj4oX9fGA,2026-08-21T06:16:39.859188+00:00,3.9115745982720265e-07,4.5852634343666125e-07,0.008611479,trailing_stop,1,1,1,-5.82,live_lower,trailing_stop,1,1,
2026-08-21,fdf975f0-4d46-47f2-962e-fa163c72fd0d,C6U8w6fW1vVcspfTZZpZaacFaDp9UekBWDYFcohghfeE,2026-08-21T06:17:57.912571+00:00,3.077476731875436e-07,2.8312785933254014e-07,-0.004,hard_stop,0,1,1,-1.14,live_lower,hard_stop,0,1,
2026-08-21,754697fa-09f6-444b-8dc4-030d404ca961,EyRq2gLVDTsvxETPTNipKLTgjvctWWYCYCundvtdpump,2026-08-21T06:18:40.383062+00:00,8.927421104752685e-08,8.21322741637247e-08,-0.004,hard_stop,0,1,1,-2.72,live_lower,hard_stop,0,1,
2026-08-21,8daa066a-972e-4be5-8b92-48d0f8de1973,GA1JU9E561kawUtkY9MstgCXNYHmQWxGpW8K1Wrvb4bz,2026-08-21T06:12:01.450420+00:00,1.1579747540991863e-07,1.8563313575335983e-07,0.030154224,trailing_stop,1,1,1,1.51,live_higher,trailing_stop,1,1,
2026-08-21,9b3d6c51-bb7c-4f53-a302-16b60dd00f6d,H8yKDhRYrNw15dSMs22WdX17dKWn9kL7wcLYicRvXXpV,2026-08-21T06:20:00.562692+00:00,3.7882792649599714e-07,7.768238864967589e-07,0.052529913,trailing_stop,1,1,1,-20.25,live_lower,take_profit,1,1,
2026-08-21,d7f272ff-7069-443c-b8b4-4b482181a35b,FTtpgH7kGRedcaT7S9gYr4Y1DXSem8xNJpMaGVD3MSw1,2026-08-21T06:21:33.336796+00:00,5.653117513978583e-07,1.4132793784946459e-06,0.075,take_profit,1,1,1,10.73,live_higher,hard_stop,0,0,
2026-08-21,1d4b5a0b-ecab-43f5-82a0-221cb6aaa913,FgHBr7WBtyMzsBhSeFTCbntdMm6CVoQ1hMxeJSTz9f3k,2026-08-21T06:21:44.888748+00:00,4.028429978481362e-07,4.4974052544942446e-07,0.00582082,trailing_stop,1,1,1,-3.55,live_lower,trailing_stop,1,1,
2026-08-21,14a18991-e4e0-4ce1-be4e-58f8b1079013,3NQcporBGYhuBRF7fX4hiNvDUcgQZSca85bFS65Fpump,2026-08-21T06:22:35.950562+00:00,1.8388855103477337e-07,1.691774669519915e-07,-0.004,hard_stop,0,1,1,19.55,live_higher,hard_stop,0,1,
2026-08-21,94a6180e-f160-4e13-a83b-7d7d3783caf2,F2CvEpoSEPoyzxAEnU7YuviwYyn1y4DhAqSpftnkAaaG,2026-08-21T06:24:12.114938+00:00,5.069079758243482e-08,5.125875395062606e-08,0.000560216,trailing_stop,1,0,0,7.48,live_higher,hard_stop,0,0,mcap
2026-08-21,8a4f5999-7b4e-4990-b9bb-68c9b1b8acef,EyD4qwK1X6rTSvVDHCXDZDCMX7rUzgvnuwuuM1upump,2026-08-21T06:24:52.847082+00:00,7.40562516932419e-08,8.49032891821945e-08,0.007323512,trailing_stop,1,1,1,-10.37,live_lower,trailing_stop,1,1,
2026-08-21,057a2627-3e95-4952-8188-54b158117779,AhZ661yNivsmPf7m2BLzYtX3KJB6YCChgdL5u5qhpump,2026-08-21T06:27:13.926555+00:00,8.879438644302303e-08,8.169083552758119e-08,-0.004,hard_stop,0,1,1,9.99,live_higher,hard_stop,0,1,
2026-08-21,abbc7f7c-0e12-4e7d-adb3-b744ca283055,4Ecjqn3Qbkv3eC1mo5iKteaL9tndqkofTnK9L2yBmoon,2026-08-21T06:19:46.140339+00:00,3.5394031818314826e-07,3.6239999130802807e-07,0.001195071,time_stop,1,0,0,-98.9,live_lower,take_profit,1,1,mcap
2026-08-21,507dcd53-bb48-43a9-99aa-8191aca289cb,DaCvuh5NfnsuJCneoeix3koYUKt339DUrWaG6eC4pump,2026-08-21T06:19:55.425438+00:00,0.0005642202087853213,0.0005642202087853213,0.0,time_stop,0,0,0,-0.61,live_lower,no_exit_within_window,0,,mcap;vol_mcap
2026-08-21,6b3250a0-922e-4efb-bbfe-65ca5a812e1e,7tNuF81XZNNkfFshRQgCwgRBdDBLZdvfb1LxUy4zJQ31,2026-08-21T06:19:57.995729+00:00,4.959481363705887e-07,4.959481363705887e-07,0.0,time_stop,0,0,0,-35.03,live_lower,trailing_stop,1,0,mcap
2026-08-21,56301a48-da6b-453b-a853-1cd08b37b985,D8jDZUUVxw7MJNksYHFUXbBxNk6pFmHmuWxgcmnUpump,2026-08-21T06:28:13.987495+00:00,9.678024421701312e-08,1.1879309122781139e-07,0.011372593,trailing_stop,1,1,1,-1.13,live_lower,trailing_stop,1,1,
2026-08-21,394950ee-eb51-4919-b3eb-e87f28e6ef1e,BrLXqwNWnWXzVGswThm33pWXSX4FUNe9UpconxCTuMV4,2026-08-21T06:26:00.671976+00:00,9.805696382903698e-08,1.0781237353902467e-07,0.004974358,trailing_stop,1,1,1,-0.17,live_lower,trailing_stop,1,1,
2026-08-21,279b4371-4a9d-4499-bf6b-960272f93a92,9gsZDtQc1Z8vLkv2eX9kz6jgywkLeXEU9ovNyZkUpump,2026-08-21T06:31:49.615772+00:00,1.0592484014229964e-07,1.26872999893891e-07,0.009888219,trailing_stop,1,1,1,0.33,live_higher,trailing_stop,1,1,
2026-08-21,f3db4dd8-03b3-4952-b2ab-c447916670bc,FpENLDFtFAqbH9cFt1EwykB4DmmXpDciLRiNBwkdpump,2026-08-21T06:32:23.750382+00:00,1.4433180298320768e-07,1.4500865701584306e-07,0.000234478,trailing_stop,1,1,1,-2.47,live_lower,trailing_stop,1,1,
2026-08-21,499a75fb-de14-4f7c-a16a-a97197a3f744,bNd5B5qQrBqwGmpoWRjHSTgtUHbNfeZ3Wx8CYjrpump,2026-08-21T06:33:39.316574+00:00,5.955664199696709e-08,5.4792110637209725e-08,-0.004,hard_stop,0,1,1,6.33,live_higher,hard_stop,0,1,
2026-08-21,84baef2c-6bc3-40bb-86a4-a60e96224d9d,3p1GkrXeEPskw9TWY5xdHr75AE34gxkP5NGkSyJJpump,2026-08-21T06:33:43.844602+00:00,6.435288147365979e-08,6.643432580915212e-08,0.001617211,trailing_stop,1,1,1,-3.23,live_lower,trailing_stop,1,1,
2026-08-21,f10a376e-a43a-45c1-a306-e4b7cc8366fe,6Aq45PS9BvatHhhT6EqDH7ps5qUZ2gNcKHfAMERrcGt9,2026-08-21T06:34:18.537922+00:00,1.871076335513107e-07,1.7213902286720584e-07,-0.004,hard_stop,0,0,0,-5.26,live_lower,no_exit_within_window,0,,volume;vol_mcap;buy_sell
2026-08-21,dcd04348-35f5-49a7-aa4b-b2bd05dc470d,FhQuLtNJHZ4DCorrhFBBbsM3wQmaE5MGwMXrfJuaUege,2026-08-21T06:35:09.742662+00:00,5.20569955027423e-07,7.024965404201321e-07,0.017473788,trailing_stop,1,1,1,-1.01,live_lower,trailing_stop,1,1,
2026-08-21,b1f417e0-ddff-4666-a35d-df0c40eaa3e0,AxkdQX6YmoztkUoqzSGwPj9ecmQQ6SPowPq7KCJcpump,2026-08-21T06:37:40.729134+00:00,6.377020094954648e-08,5.8668584873582765e-08,-0.004,hard_stop,0,0,0,24.48,live_higher,hard_stop,0,1,mcap
2026-08-21,9fb13c9a-0664-46a2-99e0-6b0be73b75ea,7uHi984PMc4DdNqZxLoJoG14ZwuHQpVMWzLTs4NL3dFb,2026-08-21T06:32:44.216294+00:00,1.1072822338681152e-07,1.3015730020180777e-07,0.008773317,trailing_stop,1,1,1,0.29,live_higher,trailing_stop,1,1,
2026-08-21,6e4c5976-11fa-410c-ab6b-e07d50575d4f,7AcjsQ97DcD7Rhi7PdFrQ9ZnCkx2S5HxCCojaZcUbxqW,2026-08-21T06:34:27.127506+00:00,4.908307783221302e-07,4.515643160563598e-07,-0.004,hard_stop,0,1,1,-0.4,live_lower,hard_stop,0,1,
2026-08-21,5f382dc7-02e5-4385-ab86-11a73e0a79bc,DcxbyhYrYddcjnG4e3RqKQTdq6Kqk7WeCWCscpd5xusc,2026-08-21T06:38:28.451134+00:00,5.182246778763938e-07,4.767667036462823e-07,-0.004,hard_stop,0,0,0,-5.91,live_lower,hard_stop,0,1,mcap
2026-08-21,2a302735-7cb9-4426-806d-44a96bff3b9f,DYTLQ6L1YVDH3bnh1pb8YmUh7Yv1ULnMFi5ZNcAppump,2026-08-21T06:41:25.834859+00:00,7.345589124260643e-08,6.757941994319792e-08,-0.004,hard_stop,0,1,1,2.95,live_higher,hard_stop,0,1,
2026-08-21,85088979-33f7-49ba-9e57-9375cbf4245c,CBjUovp1xoK6Pn4Nh18wcYHrL5kZwaLtGj2gtoHGpump,2026-08-21T06:41:19.297809+00:00,7.233300536413362e-08,6.654636493500293e-08,-0.004,hard_stop,0,1,1,0.02,live_higher,hard_stop,0,1,
2026-08-21,34bed607-3f4c-4c96-b40b-6ef4a2eaca41,4MhaGS1igGEH9yKod4NWxc3DFc4Unxa1AYDWhGUrEXpo,2026-08-21T06:41:31.394115+00:00,3.8259328087986413e-07,4.924406544454806e-07,0.014355633,trailing_stop,1,1,1,1.53,live_higher,trailing_stop,1,1,
2026-08-21,6037d75b-c3ea-49f7-9566-310f9fe7e855,9BThmdzH1YPYJX3yCorcgE3wjy7BKwAPHT6gNFs14rho,2026-08-21T06:41:46.968364+00:00,1.314658111263688e-07,1.209485462362593e-07,-0.004,hard_stop,0,1,1,0.35,live_higher,no_exit_within_window,0,,
2026-08-21,0d18914d-45d5-44d5-b32c-ffe27068c3c4,DcbnMUtzvd4CgKJDBLWDo4LQFmNEwFKTWddqsdaRuNkD,2026-08-21T06:42:06.544056+00:00,1.5973584039921602e-07,1.6360662890823732e-07,0.001211622,trailing_stop,1,1,1,0.56,live_higher,trailing_stop,1,1,
2026-08-21,a469605e-532f-4001-af3e-cc8512dffdfd,J1jvH7vMWHXeP6kmqdeFWSzGpwagJFVak8QhbxMMpump,2026-08-21T06:44:19.364691+00:00,8.346705675367262e-07,7.678969221337882e-07,-0.004,hard_stop,0,0,0,7.59,live_higher,hard_stop,0,1,mcap
2026-08-21,6e3f22e3-3cbb-4633-867c-3c6ee05fa747,7m5igAtGFqiVbYcXxAGkgMAbHHV8UB6G59jvUhNjw7mW,2026-08-21T06:35:42.455849+00:00,9.375347569930956e-08,9.375347569930956e-08,0.0,time_stop,0,1,1,-1.77,live_lower,no_exit_within_window,0,,
2026-08-21,9bf9d0ea-e52a-4d58-9d1b-8294ea501cbc,33uSNYgmtgWjF1JBSjfodBGkFw9X6CKP1KEGry2xpump,2026-08-21T06:44:25.879646+00:00,9.53451167710879e-08,1.3519981776424664e-07,0.020900232,trailing_stop,1,1,1,-21.79,live_lower,trailing_stop,1,1,
2026-08-21,935b15b5-2a89-4d41-a273-f8d2c1a33b3e,6ZBiGGnw3RVdSWhqHeTP3t87HnZAC2CDQWSb1n171MN2,2026-08-21T06:45:44.054692+00:00,1.250083228928155e-07,1.3170793276938639e-07,0.002679666,trailing_stop,1,1,1,-3.48,live_lower,trailing_stop,1,1,
2026-08-21,d18ff762-aa2c-45c1-b4cc-b09b75479047,BqQ2Tz7KJggQ1wcMnuMxwHNbqbwVEPTW6xd69piLpump,2026-08-21T06:46:48.802252+00:00,9.817597569445584e-08,1.000748421310571e-07,0.000967073,trailing_stop,1,1,1,-3.84,live_lower,trailing_stop,1,1,
2026-08-21,bbab3dde-a3e8-4dca-8df1-26bc5f38e522,9v44ybLaGAje3c5STXzSxZmbWQftwPXPZEQ8aNm6moon,2026-08-21T06:41:13.668257+00:00,3.5424366005450235e-07,3.6410339756378457e-07,0.00139166,time_stop,1,0,0,-98.9,live_lower,take_profit,1,1,mcap
2026-08-21,a4e0fdec-59e7-49e4-8a4d-5874fdb16e2f,GTqeknRmpqSNJR95YMKzzT76DYn8AoCnLW8zuWE5pump,2026-08-21T06:52:25.393068+00:00,6.399825496489901e-08,5.887839456770709e-08,-0.004,hard_stop,0,1,1,-4.46,live_lower,trailing_stop,1,0,
2026-08-21,5477f652-70dd-446c-a459-ac49fd05ced3,EkMsqiCnJmry1CwfDcAQzLCs1vrhaE2615uKLjWUxM5L,2026-08-21T06:44:44.487591+00:00,4.863699605188498e-07,4.863699605188498e-07,0.0,time_stop,0,1,1,-0.28,live_lower,hard_stop,0,1,
2026-08-21,30941b7c-ecbf-4ef6-b07d-5f9b371b01af,9QFGeGKjmWLFBdgGuhGz5TrtZ6zXV7f9gq5mmbPopump,2026-08-21T06:51:14.851816+00:00,1.4327940959129988e-07,2.047953670241386e-07,0.021467131,trailing_stop,1,1,1,-3.55,live_lower,trailing_stop,1,1,
2026-08-21,f31968d0-2589-48e9-8864-c65c494e7a53,CwiJhhgYiwJnDLAyPWjZKzYCauhHgM1vAQUdRnAux2Kh,2026-08-21T06:48:34.638375+00:00,1.329490353203361e-09,1.329490353203361e-09,0.0,time_stop,0,0,0,15116.39,live_higher,hard_stop,0,1,mcap;pool;vol_mcap
2026-08-21,6e2b7d51-dabf-4630-b1da-f6c435f2ddb9,B6SgZJnRR74beaTCGuAoEAxG2cjr9AmBU6cwdoa6gHHU,2026-08-21T06:53:23.068923+00:00,1.0844072591727425e-07,1.6425923913408162e-07,0.025736877,trailing_stop,1,1,1,0.01,live_higher,trailing_stop,1,1,
2026-08-21,c35cea0d-f532-4ae3-80d2-fb417e669326,FV9yW7HVYArSj4wxtFbsoY4LXgUdcFqV3dv4PaiXpump,2026-08-21T06:59:04.537838+00:00,1.3969675152075427e-07,1.6313184711556791e-07,0.008387846,trailing_stop,1,1,1,-10.49,live_lower,trailing_stop,1,1,
2026-08-21,cbbd02fe-1f77-4702-860c-ddc4f403b9bd,3v41Rpqmt18QKukQoH4yCFaMsUZextgNt9Z1TXgpz4mo,2026-08-21T06:59:29.198334+00:00,4.0151784317237276e-07,4.6328322688946645e-07,0.007691487,trailing_stop,1,1,1,-15.09,live_lower,trailing_stop,1,1,
2026-08-21,c0710871-4ed9-4e67-a7c2-5931f9784a87,4V9Nrsy7iEVgh5cXbDoZ1BviFBRD3pVGJcSontowouZS,2026-08-21T07:00:43.462965+00:00,3.20933322767062e-07,2.9525865694569705e-07,-0.004,hard_stop,0,1,1,9.87,live_higher,hard_stop,0,1,
2026-08-21,d0fc4f8b-2c8f-4d8f-8f0c-286f26560d3f,24xSWX2GM3zxkUnSfVrdaddbJh9CpYPo7A8bXjW8pump,2026-08-21T06:51:51.618042+00:00,6.931885006497678e-08,6.920605353042855e-08,-8.1361e-05,time_stop,0,0,0,0.25,live_higher,no_exit_within_window,0,,pool
2026-08-21,71b1023b-a849-41b0-9b4d-725313ca425a,7n4ttMLH9FDFmhM5vsvPQXnsLy5EFBKwdDX9768puCQk,2026-08-21T07:01:31.080549+00:00,2.096063450423573e-07,1.9283783743896872e-07,-0.004,hard_stop,0,1,1,-5.74,live_lower,hard_stop,0,1,
2026-08-21,0379b516-9cf0-4fbe-bc4c-85174dd20d5b,21eot7hPYYbZAFksjfwr7oqj6CMVGQKL9dEbXCiqAFqF,2026-08-21T07:03:06.194860+00:00,1.5425942575856545e-07,1.4191867169788023e-07,-0.004,hard_stop,0,1,1,0.57,live_higher,trailing_stop,1,0,
2026-08-21,e9bd16f0-2626-4cec-9aca-26d3a6c58076,2z7B3q4N8FUnWoYPLn2Dpnvyt5e2W4oUYUS3Z2nLpump,2026-08-21T07:03:23.649990+00:00,1.0589829710693222e-07,1.264037420075603e-07,0.009681669,trailing_stop,1,1,1,6.46,live_higher,hard_stop,0,0,
2026-08-21,6c088d54-9979-46b8-b417-8facf6ab32e3,BNDNB1PYdjQsSLxhb2QrHGVExcm95YhDtTSf5RT3pump,2026-08-21T07:04:12.416992+00:00,5.5395889438871794e-08,5.0964218283762055e-08,-0.004,hard_stop,0,1,1,-3.11,live_lower,hard_stop,0,1,
2026-08-21,7fcd741c-4d0f-466d-a31a-82c2782a8aab,9m17VJyphvcc2JomLViu42n8X2nZ7nfSMAz9Enfxpump,2026-08-21T06:55:06.099387+00:00,5.255352362460014e-07,5.255352362460014e-07,0.0,time_stop,0,1,1,0.25,live_higher,hard_stop,0,1,
2026-08-21,5961a93b-ec85-45ec-aecb-3dba6aeab510,GiNo1MkFZ6N7zTh4t9cQGBwp6HEDJWhq6H26nKMGvkRe,2026-08-21T07:05:41.464696+00:00,3.1727032868846145e-07,3.6003346861470304e-07,0.006739228,trailing_stop,1,1,1,-25.67,live_lower,trailing_stop,1,1,
2026-08-21,dbb5b393-3938-4851-8183-68002e0e149e,HC4aTPmdXMaTWXXzyZPyXk7hdwtr694YCzLp4xTZvtY4,2026-08-21T07:01:50.814988+00:00,1.0779701336100073e-07,1.3054168576090616e-07,0.010549769,trailing_stop,1,1,1,-0.57,live_lower,trailing_stop,1,1,
2026-08-21,f7bab18a-a9f2-4436-8744-a943b479478c,GTSTb9GLocQnP1wC9xDs2hsnPmMHrnRFXqEqxiPhFYzz,2026-08-21T07:08:06.289506+00:00,1.6465724804577582e-07,1.5148466820211376e-07,-0.004,hard_stop,0,1,1,-0.8,live_lower,hard_stop,0,1,
2026-08-21,23c3f0bd-dd7e-4b54-bf0f-d1ac5cb98cbb,14EG5S3JsCyodgxymWsChKhgjzHY45Ptq5kT8qBqpump,2026-08-21T07:08:11.890632+00:00,4.5280509946882156e-08,4.165806915113158e-08,-0.004,hard_stop,0,1,1,-35.1,live_lower,hard_stop,0,1,
2026-08-21,9a67efd1-12f3-4b4b-be18-78669792e53a,5iN4mwL5ktN3jiM1rdbWuM3Kh28quEgXBAhoQyD44w9T,2026-08-21T07:08:54.181248+00:00,1.1742718255455396e-07,1.319395699231543e-07,0.006179313,trailing_stop,1,1,1,-7.88,live_lower,trailing_stop,1,1,
2026-08-21,e3b76fa1-d2c9-4ab5-b0e2-5b87bc0db4e6,DnizB7aim1xNxBFnYc2tA4o2qpUcJATSYzW9ESUWBBWq,2026-08-21T07:06:23.756804+00:00,1.0032135873286787e-07,1.0956114123841659e-07,0.004605092,trailing_stop,1,1,1,-0.84,live_lower,trailing_stop,1,1,
2026-08-21,8036fe8d-66cf-42cd-a507-ff99385a22e6,8cE3mLwmhBQFa63spDbVwrGeYoUqCEmj5QNHQMrKY5Y5,2026-08-21T07:07:36.475701+00:00,1.0683270870101302e-07,1.2547274796158757e-07,0.008723938,trailing_stop,1,1,1,2.39,live_higher,trailing_stop,1,1,
2026-08-21,3ee667a2-0fbf-4953-aaf3-1b85c2dcb643,DGptgFvZh3eWJeHpZGDCRaFJaeev5ZLAUXiyqaXUpump,2026-08-21T07:11:08.932717+00:00,1.3658587508829318e-07,1.2565900508122974e-07,-0.004,hard_stop,0,1,1,5.75,live_higher,hard_stop,0,1,
2026-08-21,abced10e-b79b-4a8f-8ab0-99c373b3845c,6MF2cT2xJcDDVmFfXxipAQcY6rwG5BaYrxo3cKYtUZgP,2026-08-21T07:01:52.351511+00:00,1.672851936408849e-07,1.672851936408849e-07,0.0,time_stop,0,0,0,-0.23,live_lower,hard_stop,0,1,volume;vol_mcap;buy_sell
2026-08-21,1c273fd7-53f7-459c-aa6f-35bfd4d8b5aa,JB5B8uGLoFjSvv1j3L3eYjrxvtQWsFpUbJqADJxvXLhb,2026-08-21T07:09:14.983119+00:00,1.4216522443870485e-07,1.7737800221337967e-07,0.012384455,trailing_stop,1,1,1,-0.24,live_lower,trailing_stop,1,1,
2026-08-21,fecf74a8-739c-4723-a926-57166b4d35f7,8A7LZkomdHFXr8M7wKWYnBfasWPVtrqhcMbNfAHwpump,2026-08-21T07:11:34.627264+00:00,6.551621871246194e-08,8.306492222745753e-08,0.013392641,trailing_stop,1,1,1,-9.98,live_lower,trailing_stop,1,1,
2026-08-21,8c458c90-c1eb-46b0-ac8c-b6e87ceb571b,6hJnzHuoVpteNhW62x93vHjHWZ7R2J8SFuDwoSmQpump,2026-08-21T07:12:24.678526+00:00,1.024538195776573e-07,9.425751401144472e-08,-0.004,hard_stop,0,1,1,-0.25,live_lower,no_exit_within_window,0,,
2026-08-21,5a0082ed-fa9a-4070-8f20-dc00b0fd25eb,BrKjQ84uwBgroD9oYyDmtdv5y11F4hKsoJ3oiYZARWbG,2026-08-21T07:10:56.988236+00:00,1.9035819764339785e-07,2.0455186225074266e-07,0.003728146,trailing_stop,1,1,1,-1.44,live_lower,trailing_stop,1,1,
2026-08-21,3cd7fb5e-afc3-46f9-9815-3bdc81c12b73,5BW1XoTUVG9ZbzMy3v7K2z9mBB3ttccw8HBwztshpump,2026-08-21T07:14:25.799871+00:00,7.137546001198119e-07,8.830935649887251e-07,0.011862548,trailing_stop,1,0,0,-18.48,live_lower,trailing_stop,1,1,mcap
2026-08-21,190c9771-22de-444b-baa5-32ded8837eb8,GkxuGTzt9bBZwb6ZjBZZujcAFi9ftiDELNNiW9cg5hP8,2026-08-21T07:16:05.659757+00:00,3.6977933222995974e-07,4.6405173108462887e-07,0.012747116,trailing_stop,1,1,1,-13.43,live_lower,trailing_stop,1,1,
2026-08-21,8c0e9bce-f004-45a5-9a70-81edbbcece04,HXZQ8V7mUh1R3o1LY6KUHvyfnwvzMDZthdLLAD4Vpump,2026-08-21T07:16:31.168081+00:00,1.0155985041751754e-07,1.2335342639856028e-07,0.010729425,trailing_stop,1,1,1,7.44,live_higher,hard_stop,0,0,
2026-08-21,616d77f1-081f-4200-9779-5277b48ed098,GCRarxbgfS137FwhLMt8Y6qeKaaivE7bsrrhe6hqp2qL,2026-08-21T07:17:21.653086+00:00,3.154970338437143e-07,3.2676916226873416e-07,0.001786408,trailing_stop,1,1,1,17.44,live_higher,hard_stop,0,0,
2026-08-21,b2d0579a-9442-4d9e-8fa5-2a128b252247,81z9ZFCHuTB7zZPDy4fjK3j1QojTLbU3WapXQFC157sM,2026-08-21T07:18:23.570820+00:00,6.384891356138213e-08,5.874100047647156e-08,-0.004,hard_stop,0,1,1,-1.44,live_lower,hard_stop,0,1,
2026-08-21,31296398-9170-41bd-8c46-620c222d73c5,BNaAaNStNXeQF32M8nVTTDYAM2KZmiDaL7nQdaKypump,2026-08-21T07:19:51.451860+00:00,9.819616557290027e-08,9.034047232706825e-08,-0.004,hard_stop,0,1,1,38.16,live_higher,hard_stop,0,1,
2026-08-21,7c61dfaf-f539-4103-a716-eb1123fde57f,DYC73EsP12U583M626SGRGEJ6hT539MSuqGt83nWpump,2026-08-21T07:19:55.955455+00:00,3.2517974649223465e-07,3.3749128021054203e-07,0.001893035,trailing_stop,1,1,1,5.09,live_higher,trailing_stop,1,1,
2026-08-21,d794ca16-18db-4db9-a346-302637b35b36,8GD4VjERbx3Mvob42cuUB8g6s2kNziYBgQF5jLafnWXr,2026-08-21T07:21:04.299522+00:00,8.541053209939356e-07,7.857768953144207e-07,-0.004,hard_stop,0,0,0,8.71,live_higher,hard_stop,0,1,mcap
2026-08-21,1063dd34-694e-46b4-8856-5601b8f33a24,3w7RRvm5yYSSP3c2m5Ah6rgWTWTzZJtFcdFhzS3izied,2026-08-21T07:12:26.147325+00:00,3.8132647935410236e-07,3.8132647935410236e-07,0.0,time_stop,0,1,1,-1.16,live_lower,no_exit_within_window,0,,
2026-08-21,86a70382-d4ee-4a51-9bb9-1364b8f36e55,CQQhdoDbwxFLkD2kRScZQnVgUhVcWZogYe97c77Lpump,2026-08-21T07:22:23.579764+00:00,9.527547399582915e-08,1.4982410579647428e-07,0.028626796,trailing_stop,1,1,1,-6.61,live_lower,trailing_stop,1,1,
2026-08-21,b6cf3b61-3ae0-4332-adea-21a95d0b2503,G7oYeDLemTJSy4LCXF4S3vsbR7Lk74pB6NmCxDWgYeW9,2026-08-21T07:22:07.128335+00:00,1.1052117285356768e-07,1.1969681670300993e-07,0.00415108,trailing_stop,1,1,1,-3.83,live_lower,trailing_stop,1,1,
2026-08-21,a108585d-d503-4381-b4d9-df3aa10230b2,24xZ361ZpoC5rB6pUoYsQCbzwC8jhAvXYAYCfnD3pump,2026-08-21T07:16:49.747302+00:00,1.4795853280778274e-07,1.4935948222768538e-07,0.000473426,time_stop,1,0,0,-0.33,live_lower,no_exit_within_window,0,,pool
2026-08-21,27588214-4455-4810-ad0e-f5c10a26d489,D7vsdDBoYXwXVgXt9p22bejFyKbQ8SykT5q4BmLEpump,2026-08-21T07:26:58.225064+00:00,9.826823246241504e-08,9.040677386542184e-08,-0.004,hard_stop,0,1,1,3.04,live_higher,hard_stop,0,1,
2026-08-21,cf93fe2a-44de-4ba2-90a3-4062f518a8f6,EJLrvSJXMY27qsctEBgEdaMFWTSbz8zKexQBwhGaZKYF,2026-08-21T07:27:11.681367+00:00,3.485205429497844e-07,5.203170852328461e-07,0.024646545,trailing_stop,1,1,1,-12.04,live_lower,take_profit,1,1,
2026-08-21,67efa32f-2b56-4b12-a46c-793dd72baa30,DFFu9xVdwuTn29qYCYNeqioeBskMQvJcRHsP7SZzqZFJ,2026-08-21T07:28:01.470513+00:00,4.5968463248731025e-07,7.105248295383192e-07,0.027283944,trailing_stop,1,1,1,-2.13,live_lower,trailing_stop,1,1,
2026-08-21,a47e2f48-b1bc-4095-8179-2dcecbb9799d,G9VQ4hkqKezhvhkV68DuSbVW6fGnnUUyYuVgKk6zexVv,2026-08-21T07:28:53.686401+00:00,1.219226101275214e-07,1.121688013173197e-07,-0.004,hard_stop,0,1,1,-21.42,live_lower,trailing_stop,1,0,
2026-08-21,63b1ea62-8424-475d-949f-ad64b3430ea0,24xZChHX3PUGuvZgi53eJ5cbvcoGhfKCRayFjcbPpump,2026-08-21T07:20:04.509575+00:00,8.718422973441525e-08,8.795759251038492e-08,0.000443522,time_stop,1,0,0,-0.11,live_lower,no_exit_within_window,0,,pool
2026-08-21,d8e6bdb7-4a33-482d-9916-9e040a1a9d45,GAiq6d3kUv3s4nbxpHEGkBuE1Zmnp7QoJJJRMor33sKo,2026-08-21T07:28:52.129691+00:00,1.482656482465912e-07,2.572784682655366e-07,0.036762669,trailing_stop,1,1,1,2.41,live_higher,trailing_stop,1,1,
2026-08-21,2c609e14-59f8-45e0-9807-5ddfd7f7d7b1,E4bjpDWjRjRXkiAJY6bna29FMm4GJbgscWre8EHTpump,2026-08-21T07:32:28.567557+00:00,1.0336301970600516e-07,9.509397812952476e-08,-0.004,hard_stop,0,1,1,-0.65,live_lower,hard_stop,0,1,
2026-08-21,c4ba9c60-464f-4fbd-9349-80d07bda1c24,GDSM2mSsFGtSCCcKmTAXTUmSKjreAeixN7B1gYn9pump,2026-08-21T07:23:47.972015+00:00,0.0005670555973637663,0.0005670555973637663,0.0,time_stop,0,0,0,0.97,live_higher,no_exit_within_window,0,,mcap;vol_mcap
2026-08-21,782c9fa1-5f11-43da-944a-473956bd0ffc,EiN99SQY1MpQajDxfpXpXY4eJQ3pomzoLzoD2frcupBS,2026-08-21T07:33:01.378191+00:00,2.6022946852590325e-07,2.39411111043831e-07,-0.004,hard_stop,0,1,1,-1.28,live_lower,hard_stop,0,1,
2026-08-21,9feb8096-90d4-47d5-ad66-4ae8910e8e0e,6r2zkd3A3rhJxjDHiatKpAUeWi1BFrKb7NZ9N9c9Xrw8,2026-08-21T07:35:12.303021+00:00,4.199698339284715e-07,3.863722472141938e-07,-0.004,hard_stop,0,1,1,6.41,live_higher,hard_stop,0,1,
2026-08-21,c975d48d-b0ac-4789-963c-8183f87b278b,8nXbzccLiibrBtiwHHvtLcuBoPKGBsaWjBi9KXC2nV2Q,2026-08-21T07:34:32.645358+00:00,2.730245527474329e-07,5.308020327864485e-07,0.047207747,trailing_stop,1,1,1,21.71,live_higher,hard_stop,0,0,
2026-08-21,ec08487d-2432-4646-90ea-1e52e2fc802d,882JuCbtg6YiKGbYASJsq1pAoAdabW9jtpsgL3ixP8es,2026-08-21T07:35:57.743275+00:00,2.937428335856941e-07,2.702434068988386e-07,-0.004,hard_stop,0,1,1,16.74,live_higher,hard_stop,0,1,
2026-08-21,8f87726c-32ca-483c-b5b0-424507911f00,5NHm3Abk6frziG5zpKy7zEYiDZ7QRXQ6Vg54Z6ExpdAB,2026-08-21T07:35:44.217649+00:00,1.8125552155223518e-07,1.877786925947172e-07,0.001799441,trailing_stop,1,1,1,-9.95,live_lower,trailing_stop,1,1,
2026-08-21,6c771ab0-55c1-49d2-af45-90f83bcaf5c0,Gb19ddvX523YcZqymxpi5nR4jr5NpXvhbjbKnf2apump,2026-08-21T07:36:03.761519+00:00,1.3168218229935873e-07,1.2114760771541003e-07,-0.004,hard_stop,0,1,1,-5.47,live_lower,trailing_stop,1,0,
2026-08-21,c47c3540-1901-4093-a603-ff9ac5c46c0b,246xES3k2eLLQJomQzjy7Zo7ox4a3JZMoe5REE5Epump,2026-08-21T07:36:22.317577+00:00,6.320572728292415e-08,1.1010387865202528e-07,0.037099606,trailing_stop,1,1,1,-1.69,live_lower,trailing_stop,1,1,
2026-08-21,3d4602c9-11de-4eec-8c74-7196b50d41ab,DAGoEaxqrERaB3rBxj7mGwVKo3uHuhy9afUAZhqjpump,2026-08-21T07:39:12.337141+00:00,8.010943288857611e-08,1.3580096964770085e-07,0.034759662,trailing_stop,1,1,1,1.61,live_higher,trailing_stop,1,1,
2026-08-21,01774b37-4d27-408e-a018-5ebdd765424b,2bLJA4hXffEEYhD71ZAqtSKkPULmVnCvkHH2C5Gs95AG,2026-08-21T07:40:40.769833+00:00,1.7770902215518064e-07,1.634923003827662e-07,-0.004,hard_stop,0,1,1,-8.91,live_lower,trailing_stop,1,0,
2026-08-21,90aa0a2b-ffcf-4aae-8152-99ef6159d115,HPZtHAugA7vrL1Hb6wXsDD8HzocwWo5Lk69mCbmmpump,2026-08-21T07:32:24.080881+00:00,2.840877856705781e-08,2.7872401133211083e-08,-0.000944035,time_stop,0,0,0,0.92,live_higher,no_exit_within_window,0,,mcap;pool
2026-08-21,50188d5f-d0e9-4fd9-8a5a-6ed7f418788f,5CoHHxZ8MJZuiHaSsudLmJ2JPCZ8szezVxcSTNiZTtWk,2026-08-21T07:41:07.816398+00:00,4.5432058713362577e-07,4.1797494016293574e-07,-0.004,hard_stop,0,1,1,-5.4,live_lower,trailing_stop,1,0,
2026-08-21,dae146ba-237e-43a4-82a5-168df5b389ae,DqqbbgrKmGkS9svJUsqbLjJDiLEjKrPS9kpojGAHpump,2026-08-21T07:42:44.584481+00:00,5.90324870450716e-08,5.4309888081465874e-08,-0.004,hard_stop,0,1,1,-0.28,live_lower,hard_stop,0,1,
2026-08-21,0adaaaa2-82b3-4d39-9807-c361a8add028,7prdJQw8iNMFv9ujsBPkukCZrtH1PGLWV6eniqTKhBaF,2026-08-21T07:43:01.568483+00:00,9.780085595267234e-08,9.935060533559861e-08,0.000792298,trailing_stop,1,1,1,1.22,live_higher,trailing_stop,1,1,
2026-08-21,4ec402ba-de59-431c-9e29-0098719c8554,4UceoDnBpuBteivpd1i1TowD3eRfrYuuAKEM8N6VNjk4,2026-08-21T07:37:49.375556+00:00,1.1308734750739664e-07,1.776084510613438e-07,0.02852711,trailing_stop,1,1,1,-0.96,live_lower,trailing_stop,1,1,
2026-08-21,93a73a81-b0e7-40b2-bbf8-d05093d852ee,8Ja4jAmR89DNLBWXc7mpg5D3GUzykDmZAEnWXt8vJKam,2026-08-21T07:43:35.970380+00:00,8.8728093223519e-08,2.2182023305879752e-07,0.075,take_profit,1,1,1,-3.55,live_lower,take_profit,1,1,
2026-08-21,0bc928cc-c482-4fe1-ac65-568922b9aa4d,58Uevs7jTAjMbu3frgDfv3EiZHgG93nd7LALLhzkpump,2026-08-21T07:37:05.985501+00:00,0.0005719225539131538,0.0005719225539131538,0.0,time_stop,0,0,0,3.91,live_higher,hard_stop,0,1,mcap
2026-08-21,28e69bac-c1a9-4f24-9cd4-85b0ed53b6ef,2HYPA49YTXWodZn1Uc1EAJeQ1SApfwLJN2jimc3Spump,2026-08-21T07:37:28.587268+00:00,8.546698360034454e-08,8.54268680430038e-08,-2.3468e-05,time_stop,0,0,0,0.1,live_higher,no_exit_within_window,0,,pool
2026-08-21,23a869ce-769f-43aa-88a2-8ec45a05654c,4QeLFJBkGHbCKxcDiqpuHFtmNbCQj2QnGtcVKDrhpDmr,2026-08-21T07:47:23.282342+00:00,4.5835228392355623e-07,5.05143700112971e-07,0.005104307,trailing_stop,1,1,1,-8.29,live_lower,trailing_stop,1,1,
2026-08-21,6a2de786-73a3-4167-ac90-be2f8da0caaf,3cb2qx9eQYKHFjT1ZTptEWkLGAc5qtw8KTGB3bDZpump,2026-08-21T07:44:42.802092+00:00,5.5740431771436e-08,5.128119722972112e-08,-0.004,hard_stop,0,1,1,1.05,live_higher,no_exit_within_window,0,,
2026-08-21,ddc4cd5c-990b-4f03-b7e9-cb7b306079f2,93rTqnVFvGWqURDHFaxZT2xx9eRe1Db4U4TZvwWmpump,2026-08-21T07:47:42.174530+00:00,1.5010448667844064e-07,1.7662314018444784e-07,0.008833398,trailing_stop,1,1,1,-1.29,live_lower,trailing_stop,1,1,
2026-08-21,abdd6314-b009-4d91-b37d-08e4d643e1d6,ET5x4rEMniTWTYVdQBCBuwZH3b7ZyRa2TdihTiMLZFKa,2026-08-21T07:44:15.989501+00:00,1.0971353703968217e-07,1.1689365321183624e-07,0.003272211,trailing_stop,1,1,1,3.28,live_higher,trailing_stop,1,1,
2026-08-21,5fe30199-dfe6-4a2d-a11d-f237c4b1b19f,HrgU4JYf66AzHsTv5xvq519rVBAMKfHFE78eoG2Hgvm3,2026-08-21T07:51:02.678673+00:00,4.02983925476983e-07,3.7074521143882437e-07,-0.004,hard_stop,0,1,1,1.98,live_higher,trailing_stop,1,0,
2026-08-21,8fbfa389-6a90-4d7b-aac7-8586c51c069d,EuNpHc9TKK4V1LsS9H3THX2zrkYquJP4aJFpCuBzU6oQ,2026-08-21T07:54:30.319387+00:00,1.2137892515066168e-07,1.1166861113860875e-07,-0.004,hard_stop,0,1,1,46.06,live_higher,hard_stop,0,1,
2026-08-21,6e215910-0e57-452a-bdac-e5a30b9e98a2,EVA2K6vSg4Fg11NfcqVKJbsVgiSxby68qLfcpn5bpump,2026-08-21T07:56:26.973372+00:00,1.3855341287475276e-07,1.587098143586413e-07,0.007273874,trailing_stop,1,1,1,-0.34,live_lower,hard_stop,0,0,
2026-08-21,c8dcad3a-b39e-46d5-8dfc-98b60077998f,FfgKSWyFBHJnfA6yXVeiSsF6uHPw9pp2j1Uuc86UwLjr,2026-08-21T07:57:22.922451+00:00,1.7920826025115016e-07,1.6487159943105816e-07,-0.004,hard_stop,0,0,0,38.25,live_higher,hard_stop,0,1,pool
2026-08-21,c37abc0e-d46c-4006-9340-a905f745ecd2,8roEBWQ16hDkYFTJ6TzXgdtpuSxzggoBbRbSDj666EjU,2026-08-21T07:47:45.739205+00:00,4.823165836177212e-07,4.823165836177212e-07,0.0,time_stop,0,1,1,0.21,live_higher,no_exit_within_window,0,,
2026-08-21,af31078b-6ee8-4305-9f02-9c93f71df153,4cqia4Q2JX6H1uzP2AKGSKRh6G4cKmxBnhunXxkxDPV8,2026-08-21T07:55:02.061685+00:00,1.3532048069059572e-07,1.8948190918812802e-07,0.020012281,trailing_stop,1,1,1,3.35,live_higher,trailing_stop,1,1,
2026-08-21,653bbb9a-d11e-4371-aeea-4f506c8fd881,EKgC823WfMyuXCmxhn6dRWPe4m5exyUZDmXyPWt7DKnV,2026-08-21T07:59:12.672348+00:00,1.0617736434263965e-07,1.1154707391041102e-07,0.002528651,trailing_stop,1,1,1,-4.86,live_lower,trailing_stop,1,1,
2026-08-21,8c6ffd5b-aed9-485a-858d-cc2eed41b678,5rsrECy9CvRFCfGzSuaDtrbB3r9dMFYCuicFLuispump,2026-08-21T08:00:30.564031+00:00,1.0335378889902338e-07,9.508548578710151e-08,-0.004,hard_stop,0,1,1,13.54,live_higher,hard_stop,0,1,
2026-08-21,0532967a-f69d-41ee-a5b3-9c1c2d6377e6,7kdpXSKoB2rmzbLfTumuJ92n3dBHGQmmY6jmDsxZPH4W,2026-08-21T08:00:06.942278+00:00,2.656255975619283e-07,2.7920337064447297e-07,0.00255581,trailing_stop,1,1,1,-1.79,live_lower,trailing_stop,1,1,
2026-08-21,26135642-1f22-4a15-82db-61c35daddfd4,FRg6yYRQjh1KvUVE6sGDxveXnNjMjUw3qnbsKSdwpump,2026-08-21T08:01:14.223774+00:00,4.826746202590371e-08,4.4406065063831415e-08,-0.004,hard_stop,0,0,0,28.12,live_higher,hard_stop,0,1,mcap
2026-08-21,f5cea5e3-dc91-4063-a556-e4bed2614a28,5m2trhyP6s8PEwsZZ7V9pCaE9ecuoLMAjj2pYQMTpump,2026-08-21T08:02:09.012142+00:00,1.1592427804383868e-07,1.0665033580033159e-07,-0.004,hard_stop,0,1,1,27.32,live_higher,hard_stop,0,1,
2026-08-21,c15be8e4-b011-44c2-8e0b-018003022531,GtvG9kKk4H8UnYdQnLVYZ1yfQQqeBVkWxLYxWsbc84qL,2026-08-21T07:52:51.729254+00:00,1.3262526905468252e-07,1.3262526905468252e-07,0.0,time_stop,0,0,0,1666516.53,live_higher,hard_stop,0,1,mcap;vol_mcap
2026-08-21,70bac535-e012-4404-a4d5-23dd7d8b2fea,6uTjh7PWxjPBR9Kuse9LbCNe4S7Tu2PWm14VvycGBicf,2026-08-21T07:54:21.525815+00:00,9.561882697695536e-08,9.561882697695536e-08,0.0,time_stop,0,1,1,0.36,live_higher,no_exit_within_window,0,,
2026-08-21,ce201016-c9ef-4a4d-bb2d-9d1ff5c8c7ee,Co4nm8HP2h7xhiWRQLQkhBby1Vr6cJWZU2UQBDvEnof3,2026-08-21T08:04:10.240543+00:00,3.393390004560903e-07,3.1219188041960306e-07,-0.004,hard_stop,0,1,1,-17.44,live_lower,hard_stop,0,1,
2026-08-21,1cf537eb-9334-4dc5-b277-e24421f971ac,6rksd4346Hv25P1fkCx6PapUZJ5TXAoMMi75qgqopump,2026-08-21T08:03:44.551664+00:00,1.5732003154372566e-07,1.4473442902022762e-07,-0.004,hard_stop,0,0,0,0.02,live_higher,hard_stop,0,1,pool
2026-08-21,d8c19b14-28fc-4b86-8133-e0680d07ee13,FMEvPzJGEtVZU3xoYFBLHoDbx14t7pFU2Ko2L2j1Wcej,2026-08-21T08:03:43.533742+00:00,1.0402080311048612e-07,1.3971562435620022e-07,0.01715754,trailing_stop,1,1,1,1.66,live_higher,trailing_stop,1,1,
2026-08-21,04b0bf30-ff11-41c2-a883-b91d6c9d9056,ApS7oB8gqhGXu7aYzPEtu76QUp6X1vqev44bRQsMzjHN,2026-08-21T08:06:07.673980+00:00,6.041523692546149e-08,5.558201797142457e-08,-0.004,hard_stop,0,1,1,0.18,live_higher,hard_stop,0,1,
2026-08-21,e7ee5c46-f813-4d67-8156-2a5d232047f2,YYgj9mSV9z4bPcShUxxae5EUMRK4gdMfTRWFEFRpump,2026-08-21T08:05:00.407313+00:00,0.0006243490178038731,0.0007032939144407101,0.006322177,trailing_stop,1,0,0,-0.67,live_lower,trailing_stop,1,1,mcap
2026-08-21,f7b8867d-da6b-4e03-b491-14296b17dce0,CxAvyNHLoGcomWUuuaLXwQois7tX2xQgAM4jNyCqpump,2026-08-21T08:08:10.506329+00:00,1.590862355888583e-07,1.4635933674174963e-07,-0.004,hard_stop,0,1,1,-7.34,live_lower,trailing_stop,1,0,
2026-08-21,43b4a710-a0b9-4dad-9ceb-6405f54ec70f,Ax1dtpggzLa1ZRY7ownaAB7pWBA9bEHo9gJLCHQzqCo7,2026-08-21T08:02:15.780219+00:00,1.0716144512323051e-07,1.2756906328175766e-07,0.009521903,trailing_stop,1,1,1,1.28,live_higher,trailing_stop,1,1,
2026-08-21,2bf6b2d9-1f21-4b65-9c89-28123a5d6e4a,3udXrBjy86AJPR6kKCth7T7o4VvhdXUDXcEvMseHmD15,2026-08-21T08:10:39.390081+00:00,1.0219909982943703e-07,1.0695108642335908e-07,0.002324867,trailing_stop,1,1,1,-0.46,live_lower,trailing_stop,1,1,
2026-08-21,b9f68008-1574-4cfb-b1a5-41316bdefd7e,BVcVhepFqi2wizh4wzsKh4FoYEicHCCZgTxeUnFEpump,2026-08-21T08:10:50.993052+00:00,5.8970701200482845e-08,5.425304510444422e-08,-0.004,hard_stop,0,1,1,-1.46,live_lower,hard_stop,0,1,
2026-08-21,535924cb-5bd9-4e9d-93ca-6296809b9c49,29MxMuwtqkSEyaCg7kGQdn4Cj4CG6nE3VDKhdbhkpump,2026-08-21T08:11:13.630979+00:00,8.467440154857276e-08,1.3028169379240644e-07,0.02693098,trailing_stop,1,1,1,-1.54,live_lower,trailing_stop,1,1,
2026-08-21,097ae0b0-efab-442b-9559-021770c66fa9,FUXbpVuGnWguqJBLVtbHaHmoUae2F6ZcwfkiH59Upump,2026-08-21T08:12:23.998823+00:00,1.0079521904310909e-07,1.1468473756530309e-07,0.006889969,trailing_stop,1,1,1,-9.13,live_lower,hard_stop,0,0,
2026-08-21,e35d4403-a58c-4bd7-8c37-145d7778665d,4LGWqwfeDGrLVx5PAJaL6PCVren43huvqqTBfabpS9cd,2026-08-21T08:10:21.816963+00:00,1.3722896427195098e-07,1.6869291065793258e-07,0.011464033,trailing_stop,1,1,1,-0.09,live_lower,trailing_stop,1,1,
2026-08-21,60fc1dc8-9947-41cb-8ce0-cfd8f0fd4627,6ypSUjkn1RRAmC5Nw7HkFZqxVc2csCntfgSyX16ZgCuC,2026-08-21T08:14:05.758901+00:00,4.822815887474069e-07,4.4369906164761436e-07,-0.004,hard_stop,0,1,1,0.99,live_higher,hard_stop,0,1,
2026-08-21,fabcd69f-b5cb-480c-a479-f8c5a1dba416,8zfK9GedTy9V5m2qGoosYC6HSfMhTWaHKANXewPTrHrv,2026-08-21T08:14:03.231137+00:00,2.7089497874638015e-07,2.852500852587991e-07,0.00264957,trailing_stop,1,1,1,2.59,live_higher,hard_stop,0,0,
2026-08-21,abeb4db3-151d-43e6-b9b5-acd96bae0381,H2kJogbhEBpF68NKH11GYMx13trsoDDxwwwc4LVWra6e,2026-08-21T08:14:12.393173+00:00,3.684703896280043e-07,9.211759740700107e-07,0.075,take_profit,1,1,1,6.87,live_higher,take_profit,1,1,
2026-08-21,5aff4312-cdec-4fa0-b4ab-270e080b0c8d,J6Zifp5im7yyAEFZgC9KJadmwq7HSFZKzw3nFy3apump,2026-08-21T08:14:30.957940+00:00,6.238412660436986e-08,6.640999234504051e-08,0.003226675,trailing_stop,1,1,1,-0.24,live_lower,hard_stop,0,0,
2026-08-21,d1ac6dd1-6008-4ce0-9a6e-945e73559005,284xRYUEmDKR6ompfDQbPCA8pn1L9HXfGCMp7bnBpump,2026-08-21T08:13:41.689216+00:00,7.088824107143736e-08,1.1263955080751822e-07,0.029448685,trailing_stop,1,1,1,1.16,live_higher,take_profit,1,1,
2026-08-21,37cafdf6-2cfa-4f41-bcd2-d16a02ed2395,2BP6onM2qdHhHB9NqeM57wU2veWYagKncQQn3fWVQ6N3,2026-08-21T08:15:25.620063+00:00,5.127386277150905e-07,4.717195374978833e-07,-0.004,hard_stop,0,1,1,12.12,live_higher,hard_stop,0,1,
2026-08-21,aae604a8-9e49-47ac-bba4-09a33321a754,EA9rSr36YjA33nSY61MpEDesyM3gr9JaVUzgqevNpump,2026-08-21T08:16:49.504226+00:00,9.52816773984974e-08,8.765914320661761e-08,-0.004,hard_stop,0,1,1,-10.74,live_lower,hard_stop,0,1,
2026-08-21,196848d8-0e1b-482c-98c2-3eda72155644,p1WUpHHV1BeJs35TDdnEM6h1ox4ipbUbrrKxvqcRrao,2026-08-21T08:17:47.205489+00:00,4.6319878902517966e-07,4.261428859031653e-07,-0.004,hard_stop,0,1,1,64.88,live_higher,hard_stop,0,1,
2026-08-21,0f647968-f6b7-4873-ae9f-63899dad616f,AWgrE7juMpJXYP2kiCA4pXrcK8JezKxSHZzssknv2AUe,2026-08-21T08:18:43.455159+00:00,9.228029196922584e-07,2.307007299230646e-06,0.075,take_profit,1,0,0,20.76,live_higher,hard_stop,0,0,mcap
2026-08-21,dfe8f388-0f75-472c-9e9c-daefcab1f246,8j3ewTPAR6pVdt4LPVR125KjPaUWfp8g1ufDx2X5htBa,2026-08-21T08:19:31.023742+00:00,2.87961436773548e-07,5.368985475461308e-07,0.043224036,trailing_stop,1,1,1,-10.9,live_lower,hard_stop,0,0,
2026-08-21,a5401936-b6ea-4365-9ce4-539cdeab090e,ADjGUvcxctYEh1NjEmBdoVxbLzAZhMHMdtUDqEpUpump,2026-08-21T08:20:05.174933+00:00,5.907436242960891e-08,5.43484134352402e-08,-0.004,hard_stop,0,1,1,-1.32,live_lower,no_exit_within_window,0,,
2026-08-21,fa454647-368e-494c-a950-4cf39bcb9848,EC3X6LDKtD7VmoCBMFVJWMLQyc697AZjhzve4az7oWjE,2026-08-21T08:20:33.097619+00:00,5.050686547377348e-07,7.151337726003861e-07,0.020795699,trailing_stop,1,1,1,5.36,live_higher,trailing_stop,1,1,
2026-08-21,c7559945-3b2f-40b7-8cc1-2b11ded0af7f,8VNgJB53HYnkRXm3L6o9zdczLqcDzD4Xjmk9e46Tpump,2026-08-21T08:18:47.436241+00:00,2.8293688841338747e-08,2.958789098453466e-08,0.002287086,trailing_stop,1,0,0,1.2,live_higher,no_exit_within_window,0,,mcap;pool
2026-08-21,e5d11aab-d8b0-4776-b64d-478d508d5116,FdExGT9GMi8UnE86aw6MhjND96ptgELdbZdrXbGMpump,2026-08-21T08:23:30.178328+00:00,1.213148213902375e-07,1.1160963567901851e-07,-0.004,hard_stop,0,1,1,21.07,live_higher,hard_stop,0,1,
2026-08-21,4d65e061-8133-4bd4-903a-34e317467650,CHPy4GnqAkSzewZeqwNhWLxGzABrRPJWh8GoepUC1oZk,2026-08-21T08:24:34.495139+00:00,8.173375701824009e-07,7.519505645678088e-07,-0.004,hard_stop,0,0,0,-6.02,live_lower,hard_stop,0,1,mcap
2026-08-21,a3fd4395-4a80-4058-b7ab-75780991d572,2Cg2g8C7bWVCo3PLuGHngcquoC7gUM45jNPGwTrCpump,2026-08-21T08:19:22.044342+00:00,5.266349286833705e-08,6.35531343697098e-08,0.01033889,trailing_stop,1,0,0,-98.93,live_lower,take_profit,1,1,mcap
2026-08-21,884d5f52-535e-4a45-bdc5-a5f803028296,5jriGup2GqKaLUYkmzoVx1n19cyC6hzT98nUbUQQpump,2026-08-21T08:25:45.193651+00:00,1.6820946881658465e-08,1.5475271131125787e-08,-0.004,hard_stop,0,0,0,100.59,live_higher,hard_stop,0,1,mcap;pool
2026-08-21,d1b227fb-caf0-4f82-b3fb-be518899d4e4,DeCUygdRRircfUt9MY59AQzbQ1YG3EKLcA1UjM9jpump,2026-08-21T08:25:50.722751+00:00,4.040574779944964e-08,3.717328797549367e-08,-0.004,hard_stop,0,0,0,-1.68,live_lower,hard_stop,0,1,mcap
2026-08-21,8c0ea5c3-72c4-4cd5-94b7-d60e4370ce0e,5KwGn74KiFVBMUrUMkhFCu7UMy2F6WztiKjEFbCZpump,2026-08-21T08:26:30.353735+00:00,1.1988893796767035e-07,1.1029782293025673e-07,-0.004,hard_stop,0,1,1,8.29,live_higher,hard_stop,0,1,
2026-08-21,dd69baa1-36e5-4fa7-a0ad-b43f7efefd1e,FeejcZ9VkPk4Dj2NYkjHRcLsSPVdWz1XEwaisBX3pump,2026-08-21T08:27:04.105727+00:00,2.4188073543084163e-07,2.2253027659637432e-07,-0.004,hard_stop,0,1,1,-2.74,live_lower,no_exit_within_window,0,,
2026-08-21,71818a11-41ef-4acd-b30d-16aa5dfdaba5,HNxSKEb9ySMdtnKy3oVKZqZ5h6Qre2EStLAexJD9YMbw,2026-08-21T08:26:16.349515+00:00,4.0008762665538994e-07,5.354317283316031e-07,0.016914307,trailing_stop,1,1,1,-4.98,live_lower,hard_stop,0,0,
2026-08-21,a432a22b-f1ec-4bd2-8a15-a2fb3204b288,ACzJGUKS3bGzULRc3S377gWqm1WRrERywZhaB5HyBKsN,2026-08-21T08:28:03.802848+00:00,3.967672792744383e-07,3.6502589693248324e-07,-0.004,hard_stop,0,1,1,15.08,live_higher,hard_stop,0,1,
2026-08-21,9c221ec4-1f40-4ebc-be0e-adccdbc0602b,HD7aDfY2uxgw4icYFXLzFemAHZew2jvnzPLYTp6jgXSS,2026-08-21T08:28:34.980220+00:00,2.4217931751102236e-07,2.228049721101406e-07,-0.004,hard_stop,0,1,1,-12.2,live_lower,trailing_stop,1,0,
2026-08-21,6c3f5603-4f86-471d-a049-28e4a4775993,51UHZksSmnoYiC35Y5SxUn21axtpdJLBVCasLaajpump,2026-08-21T08:29:55.349124+00:00,7.462299109381161e-08,6.865315180630668e-08,-0.004,hard_stop,0,1,1,4.42,live_higher,hard_stop,0,1,
2026-08-21,bdd64bff-f12f-40f2-92b9-9e1ac66f7c32,2uPNqshnMDkHFD74xkfowuBR3CqcjRB81rfAkH7YsGTS,2026-08-21T08:29:04.654534+00:00,2.4212156972437075e-07,2.734539705019387e-07,0.006470386,trailing_stop,1,1,1,-3.26,live_lower,trailing_stop,1,1,
2026-08-21,77bae61a-2e39-4b4e-aeee-53770c93d495,9FqkLgbfX8PfUnYu1y7cYUq6CbvuwYFzwP3D9QnxvzZx,2026-08-21T08:23:31.738188+00:00,2.867229075830736e-07,4.6181233879411095e-07,0.030532864,time_stop,1,1,1,0.67,live_higher,time_stop,1,1,
2026-08-21,27a86938-b16f-4e8e-a806-0c607ae5e724,EVRBs6X6r1kWJ9U3Z25FnECoRVtUo4BVLsU8GSr77ibV,2026-08-21T08:31:44.088855+00:00,6.831327250319842e-08,1.7078318125799604e-07,0.075,take_profit,1,1,1,0.46,live_higher,take_profit,1,1,
2026-08-21,75e75dee-f160-49e7-9240-6e442d58f31c,7Gtt5o8MJcZ1QSKWZSF915ySxz5PXx6iGruGq8JcXkGK,2026-08-21T08:26:24.787712+00:00,4.853549451723185e-07,5.26441969926148e-07,0.004232678,time_stop,1,1,1,-1.43,live_lower,no_exit_within_window,0,,
2026-08-21,daf03bf2-a878-4ae8-bc18-6d5f2f26248b,FRe6ecxTt1PnugAQyT8Wg8XJ2BufyhStYQdrA95xQsbd,2026-08-21T08:36:33.971277+00:00,2.7203803667142916e-07,2.5027499373771486e-07,-0.004,hard_stop,0,1,1,50.11,live_higher,hard_stop,0,1,
2026-08-21,fda77d36-0088-4e18-bd57-68e21299e7b8,CrRFYWj9GxExFkdRvUh72mHCK6FRa5oH1jGPXqApmoon,2026-08-21T08:28:28.361141+00:00,3.5635659743984996e-07,3.2784806964466195e-07,-0.004,hard_stop,0,0,0,-98.91,live_lower,take_profit,1,0,mcap;buy_sell
2026-08-21,262c474b-68f0-46a4-92eb-07a174d1976c,H2NaHuHC2UVkjpt2Bo92tQ1nN1XPVgkxMwPAnvfXzYve,2026-08-21T08:37:51.252325+00:00,8.409204380862324e-08,7.736468030393338e-08,-0.004,hard_stop,0,1,1,7.0,live_higher,hard_stop,0,1,
2026-08-21,dd957634-ee85-45f2-916c-6888a66be0e1,2Ny1UoUvqAagapaiKootErddwaTCGPjadtG5efBDDckm,2026-08-21T08:37:36.684497+00:00,9.91858307382117e-08,1.1622491772690606e-07,0.008589476,trailing_stop,1,1,1,-2.09,live_lower,trailing_stop,1,1,
2026-08-21,95d69d87-2302-4f8f-a927-ad4c38a529f5,GJXBtiYSqU4CvJDkP7SfP8QSFJvnWQFNLUVWqEbfc9aS,2026-08-21T08:38:53.754147+00:00,1.9047674436815492e-07,2.1172959451708904e-07,0.005578857,trailing_stop,1,1,1,-6.66,live_lower,trailing_stop,1,1,
2026-08-21,c8e9af2c-a118-420f-ac69-2c281af9ca4a,2nHcdQzCq1DvpQdEEEuKYGNwX6JGjyrp1tw5gokePa6S,2026-08-21T08:38:58.378351+00:00,3.3660926757198683e-07,3.096805261662279e-07,-0.004,hard_stop,0,1,1,-0.27,live_lower,hard_stop,0,1,
2026-08-21,2fbfcbad-62d3-4a93-a97a-567bfe407267,FxXbN3u6sdBoVv7ayzcy8XZAe27vgrxqiWTjKGU6pump,2026-08-21T08:31:32.355732+00:00,2.82598117127059e-08,2.7780337629327086e-08,-0.000848332,time_stop,0,0,0,0.91,live_higher,no_exit_within_window,0,,mcap;pool
2026-08-21,7536ceaa-a791-4eb2-887b-8b2dcc3601b4,GqkEggJiBfYFYkKbFzaDDDb7GK2Va7UQL9zgxkpAueLB,2026-08-21T08:41:46.666155+00:00,2.905572621262898e-07,2.6731268115618664e-07,-0.004,hard_stop,0,1,1,65.8,live_higher,hard_stop,0,1,
2026-08-21,ceae9f5f-5232-4bc4-a965-2b9674bfc093,H3bkY5JsbxKXRtgviXeDM5sP9FYpWjKQAuvdareTpump,2026-08-21T08:40:50.688653+00:00,7.869359106624409e-08,1.8008318602934575e-07,0.064420491,trailing_stop,1,1,1,-10.98,live_lower,trailing_stop,1,1,
2026-08-21,eb96c051-ed71-4dbf-8e88-f816bf7026f9,4VwC7XPHCoMFBMwjftH8cDrQtdtvTd9hxTDKTsuPpump,2026-08-21T08:33:58.536725+00:00,5.202031752184024e-07,5.202031752184024e-07,0.0,time_stop,0,1,1,-0.56,live_lower,trailing_stop,1,0,
2026-08-21,7e64cac3-6a84-4301-b3ce-49173d13dfeb,LkGunuxTBzHKbX5b4nj6mhbAKP3qPjFgHaDotN7pump,2026-08-21T08:44:46.758008+00:00,5.771550145188885e-07,6.747589046903834e-07,0.008455604,trailing_stop,1,0,0,-4.34,live_lower,trailing_stop,1,1,mcap
2026-08-21,1bdb5bca-6584-444e-bd82-7d323b6b249e,3y6jBm2W12xKjGNKh4GEau71zDrMurKxnNQivfoJgcEV,2026-08-21T08:45:57.980517+00:00,6.450782847760147e-07,5.934720219939336e-07,-0.004,hard_stop,0,1,1,49.92,live_higher,hard_stop,0,1,
2026-08-21,ff501984-9bf1-40ad-a458-6075f562a901,BULLFqfQbpU6Sa5wDtgnSgJWQw2Z4ySabfGTTLTmw2jN,2026-08-21T08:45:12.287784+00:00,1.0375068120220977e-07,1.3818818341371402e-07,0.016596278,trailing_stop,1,1,1,-7.07,live_lower,hard_stop,0,0,
2026-08-21,f008721a-4616-406f-bcbd-d5d102f14306,5yxq5nFJWP6cwdvUYintyYNtejYU8MHv8JXMmABmpump,2026-08-21T08:43:19.289212+00:00,0.0005772749761008664,0.0006012163144031282,0.002073651,trailing_stop,1,0,0,0.19,live_higher,trailing_stop,1,1,mcap;vol_mcap
2026-08-21,bb675c83-43a6-47d7-a06c-510dc43f422f,2yJGopspQF9qticZyfia6jumUzKZvorwwN63tkAfoTWj,2026-08-21T08:43:18.597862+00:00,1.2469316613091147e-07,1.1471771284043855e-07,-0.004,hard_stop,0,1,1,1.6,live_higher,hard_stop,0,1,
2026-08-21,21019c53-488d-4a2b-908c-4262c348443a,6t4XbZ7bTtvNbyAegYDYn6iPLyPoggYaPY9mtLoMEsRq,2026-08-21T08:49:20.332452+00:00,3.4406909027803424e-07,3.9203776696234754e-07,0.006970791,trailing_stop,1,1,1,1.81,live_higher,hard_stop,0,0,
2026-08-21,4325422a-1871-43f8-92a5-74b7d636d529,Do7P6kVW4TKFG8n2t8BDcQDUwMPKPHn5nuzgn7j6pump,2026-08-21T08:47:29.818109+00:00,3.396601172461543e-07,3.1248730786646196e-07,-0.004,hard_stop,0,1,1,-0.31,live_lower,hard_stop,0,1,
2026-08-21,2d8b3f2b-283e-41d1-b737-74f22fb879ec,6rFKNqoQ6qFHYYna5BFVhdy8vgtcn4qoNjeKUgjNXAke,2026-08-21T08:49:38.204308+00:00,1.3177821167147417e-07,1.2123595473775625e-07,-0.004,hard_stop,0,1,1,5.26,live_higher,hard_stop,0,1,
2026-08-21,8d222e20-e09e-47b9-88ae-dd9a5629a097,2SUr2ewzBihMXXtizPHPQ3SMweVsDFii6QvzPu8mmoon,2026-08-21T08:42:25.570652+00:00,3.4848245698655523e-07,3.5184785372087243e-07,0.000482865,time_stop,1,0,0,-98.91,live_lower,take_profit,1,1,mcap;buy_sell
2026-08-21,f2553b97-d539-40c7-bdfe-153a9ca29ae1,B1UFUrJuBkaSYoYiZDrNhGXxxqXeuq6pDee2P2tyqujy,2026-08-21T08:52:26.841681+00:00,2.1344060081801107e-07,2.2723592681515553e-07,0.003231655,trailing_stop,1,1,1,-7.31,live_lower,trailing_stop,1,1,
2026-08-21,45007f9c-c613-49bf-8692-017fc762b4c2,RTL8QJ753Yxw5cCmj1Va7V3BAFJUSgYJSg8CTNtpump,2026-08-21T08:54:13.950513+00:00,5.971997642312229e-08,5.4942378309272506e-08,-0.004,hard_stop,0,1,1,2.77,live_higher,no_exit_within_window,0,,
2026-08-21,95d4f3ce-2611-43ff-aa22-a67f48e4b009,GmA7xR5hQY9V3MSQTs4v6c74CmPG6b3Uyy1WMDufpump,2026-08-21T08:56:03.625807+00:00,2.0148920325819683e-07,1.853700669975411e-07,-0.004,hard_stop,0,1,1,-2.9,live_lower,trailing_stop,1,0,
2026-08-21,6af3dd3e-54db-4acd-a14f-b6599db7a0f3,7qHTtLQDYcXyyctcYiMkjWo3HMdvkrf9Cgx7yfSypump,2026-08-21T08:58:19.049287+00:00,5.8406546327734116e-08,5.373402262151539e-08,-0.004,hard_stop,0,1,1,-2.17,live_lower,hard_stop,0,1,
2026-08-21,84ebbc7a-038a-40dd-90aa-21eaebfeb1d3,Bt2CXi19rj1yxwTKUavxC6NhN2kn73FvGHmvx4pDksMZ,2026-08-21T08:59:15.726438+00:00,3.761688409846816e-07,3.460753337059071e-07,-0.004,hard_stop,0,1,1,13.44,live_higher,hard_stop,0,1,
2026-08-21,f423e03c-3c8a-4a9d-a035-3d942ad1f77e,GhpazzXfwsvz1rn48MdRP7GebVw5kQu13TJZcrxQuV6w,2026-08-21T09:00:17.141313+00:00,9.222180557382907e-08,8.484406112792275e-08,-0.004,hard_stop,0,1,1,0.87,live_higher,hard_stop,0,1,
2026-08-21,0f2d260c-c49d-4a70-8ea7-0f78579aa3e9,3DbRUq27uXm9D1AfE1gAQ7jdnp73M4r3mqhMvKjTTHWq,2026-08-21T09:01:21.733985+00:00,4.7181855319017085e-07,4.340730689349572e-07,-0.004,hard_stop,0,1,1,1.67,live_higher,hard_stop,0,1,
2026-08-21,8c87b2c3-fc47-4237-b16d-68813b4f9a90,8swswvqBs2Uq8L8BzxnDTkiN3kvfgXEcryWPLnyepump,2026-08-21T08:55:06.989398+00:00,3.113186784177671e-08,3.110904519405211e-08,-3.6655e-05,time_stop,0,0,0,-0.03,live_lower,no_exit_within_window,0,,mcap;pool
2026-08-21,bded99a7-3402-4dbb-b179-16161665748b,Cag8gEgxFhtMe15frpmQDJzkGqAtrRXUapP18Cnpump,2026-08-21T09:05:16.845895+00:00,1.1840861004830057e-07,1.0893592124443652e-07,-0.004,hard_stop,0,1,1,-0.3,live_lower,hard_stop,0,1,
2026-08-21,ea7547c2-cfcc-4d5b-b389-8ec547e95362,85YP1evgs5hCpyq3oVsUQJZfmmZGP2uydC7pHdxkYa1K,2026-08-21T08:55:59.974271+00:00,9.950796594921192e-08,9.950796594921192e-08,0.0,time_stop,0,1,1,2.56,live_higher,no_exit_within_window,0,,
2026-08-21,62a00b2c-75b0-4cd0-bcc6-4bfbb0b54c2c,6yrJ8AMcXgG2FsiCVbK3ekc2jXJdH3GoDSpfxaAKTnoR,2026-08-21T09:03:36.514834+00:00,1.0484590435480762e-07,1.3205812609311712e-07,0.012977246,trailing_stop,1,1,1,-1.17,live_lower,trailing_stop,1,1,
2026-08-21,a4b61002-b70c-49c6-97d1-6ee7bc1e8d36,883kNKJ1q8siR2z6h523xCo6dc51aXZzEcFFoixguA13,2026-08-21T09:06:15.668360+00:00,4.200780627352287e-08,3.864718177164104e-08,-0.004,hard_stop,0,0,0,11.3,live_higher,hard_stop,0,1,mcap
2026-08-21,00d72afb-4cc6-4ade-9170-88d49d62322c,4tER9SyrEXisAeCPrjd9Sow2Ya1h4LTzjedwyi9xLrbc,2026-08-21T09:00:06.615196+00:00,1.0929143748464879e-07,1.715645886385512e-07,0.028489492,trailing_stop,1,1,1,-2.35,live_lower,time_stop,1,1,
2026-08-21,835d60ea-582f-4e6f-9795-edf6b56201fa,EhwHknxsYGi1Epp1mJiaUsZU4uREiyxGicd9wf9Lpump,2026-08-21T09:06:56.975250+00:00,8.378246814584614e-09,7.707987069417845e-09,-0.004,hard_stop,0,0,0,16.65,live_higher,hard_stop,0,1,mcap;pool
2026-08-21,df8491d7-849e-4101-a2b4-a41b68301efb,4hVSgruUJLtinNFJpbALUcwvJ7PPy84mhFFQRAsTCWXm,2026-08-21T09:06:20.279360+00:00,1.0176142065931738e-07,1.3640926751519143e-07,0.017024058,trailing_stop,1,1,1,-0.04,live_lower,trailing_stop,1,1,
2026-08-21,96239301-ebde-4ae4-af73-f9557a4971a1,EwQSTCzALdG87n7TDyWD2sJib7LioUFi1SNHENz32H7e,2026-08-21T09:11:05.971156+00:00,3.1184958823395735e-07,2.8690162117524075e-07,-0.004,hard_stop,0,1,1,7.1,live_higher,hard_stop,0,1,
2026-08-21,540f4572-baf6-4033-abda-c07789e76619,5dPyvsghbFPgAZANacJpijzS94G8e3ppMrCazG1JDCQQ,2026-08-21T09:03:00.819300+00:00,1.2178352794294053e-07,1.2178352794294053e-07,0.0,time_stop,0,1,1,0.84,live_higher,no_exit_within_window,0,,
2026-08-21,9cd3aaad-e2ed-4c09-8336-963208e6fa61,APf3rLMT6UCusGo5uCy8uJ7FKZLfJsKq9vA81mnWpump,2026-08-21T09:12:38.280660+00:00,5.7661537495748735e-08,5.304861449608884e-08,-0.004,hard_stop,0,0,0,16.87,live_higher,hard_stop,0,1,mcap
2026-08-21,c42654e6-cc08-428b-b486-587ef7345600,BWzHB8hmiHGWuR5x3JHRi8SVHRUCxi7e2TcDC4XLpump,2026-08-21T09:12:35.753853+00:00,9.108286654279376e-08,8.379623721937026e-08,-0.004,hard_stop,0,1,1,7.3,live_higher,hard_stop,0,1,
2026-08-21,796d4e46-1d7d-4718-b506-b2c68734681d,4BjgUH1A7L7X9St4wQrCDLfMXpjonE2ENoFABRFJpump,2026-08-21T09:13:28.757934+00:00,5.5536065476343066e-08,5.1093180238235624e-08,-0.004,hard_stop,0,0,0,11.82,live_higher,hard_stop,0,1,mcap
2026-08-21,24f3fb7f-cc53-4ee5-a311-4b3cd175a15f,9zqupAVK2JU7FxykQW9vj4yUGtAwBDJDnrEzsucrpump,2026-08-21T09:13:33.374550+00:00,1.4711979453303358e-07,1.353502109703909e-07,-0.004,hard_stop,0,1,1,-0.9,live_lower,hard_stop,0,1,
2026-08-21,2feebc00-2402-4a73-b2ed-2a92498df2b7,GQWD9WobuBUxDpBncoDZnaJmUvRtZDikQEb4fzSrRN3W,2026-08-21T09:07:41.646497+00:00,2.390214935694855e-07,3.5886766265072536e-07,0.025070166,trailing_stop,1,0,0,-2.31,live_lower,trailing_stop,1,1,volume
2026-08-21,c3b2c280-a8ff-45d5-a687-de22b9bcff9e,2oEdSr4fAFBQ3YRyNSUEJNgduf2433Prwbr9F4Y2pump,2026-08-21T09:14:21.271519+00:00,6.24241723394245e-08,8.100665073790967e-08,0.014884041,trailing_stop,1,1,1,-10.29,live_lower,trailing_stop,1,1,
2026-08-21,62eaeb27-8e2b-4652-98e6-9343c7eeda79,6KXSG1ZqDwgSsDD4DQZCGuoK7xwTKspiDVHWDzKbpump,2026-08-21T09:13:52.145733+00:00,6.82967011485367e-08,6.283296505665377e-08,-0.004,hard_stop,0,1,1,-3.81,live_lower,trailing_stop,1,0,
2026-08-21,841993ec-bf94-4823-8bec-6dc37891abcf,fzEFiHav5UtNDAHC9MjgjQugS4gV6hBhrt2yWFDTory,2026-08-21T09:15:11.102487+00:00,0.00016311351571458786,0.00015006443445742085,-0.004,hard_stop,0,0,0,-98.74,live_lower,take_profit,1,0,mcap
2026-08-21,15b5f919-069f-4474-acc4-f44ced8b8685,CWBDuganebPHvmm2Yj2arwhZxhtTn5TFVBEaPjgYzepY,2026-08-21T09:14:14.822058+00:00,2.045412947720055e-07,1.8817799119024508e-07,-0.004,hard_stop,0,1,1,1.79,live_higher,hard_stop,0,1,
2026-08-21,d549cb31-dee8-4abe-828e-50038fd737f3,5Z24JEYA7bHw8asxh1y8zCP41JURci5oBfb6NFFJT4v5,2026-08-21T09:15:33.990526+00:00,2.0437760893766546e-07,2.2598314743627996e-07,0.005285691,trailing_stop,1,1,1,-2.09,live_lower,trailing_stop,1,1,
2026-08-21,123013a2-616a-489c-ac10-c807dd955c3a,EqvmYDHZX8mR9BPYVwbewuq96VQUH7BCDnf6h3ZFnsvr,2026-08-21T09:16:30.716361+00:00,1.672648266181392e-07,2.8940605061246593e-07,0.03651133,trailing_stop,1,1,1,-10.11,live_lower,trailing_stop,1,1,
2026-08-21,f185b516-30d8-40d9-a90a-7555e577141a,B81binBQvHe7nPAWrGcUfmpjomWSRk5w9rYtS2ogpump,2026-08-21T09:17:26.358217+00:00,8.671338016515354e-08,9.654903086633964e-08,0.005671357,trailing_stop,1,1,1,-20.78,live_lower,hard_stop,0,0,
2026-08-21,de5b4cef-9203-4c8f-ae53-a105530344a0,64i4LFFobrG7e4zzftjYFUvjqgCGvXWUYcTFSRDipump,2026-08-21T09:08:22.259851+00:00,9.485269918164037e-08,9.420949421490995e-08,-0.000339055,time_stop,0,0,0,0.34,live_higher,no_exit_within_window,0,,pool
2026-08-21,bff401dc-a994-4100-afcb-199f112dfe88,FJDec4NkEkX7UUzuNWuCSsZVmBb7xsgLvX8KVMJCPJE2,2026-08-21T09:18:30.790282+00:00,6.413050826981664e-08,5.900006760823131e-08,-0.004,hard_stop,0,1,1,2.48,live_higher,hard_stop,0,1,
2026-08-21,218af1ea-c64b-49f9-b21d-ac1861fa16a7,AEDZp5UQhoF4x2Rh99Tm2dorbxjnKjf9uQtvePWrpump,2026-08-21T09:17:47.171755+00:00,7.347617608415896e-08,8.975902093430487e-08,0.011080357,trailing_stop,1,1,1,4.04,live_higher,trailing_stop,1,1,
2026-08-21,477b9a32-a213-4136-984f-6af6b47e4248,Ku1GCAMeG4mvmZtR89sKrUVD7icwsmVmheXrqpa65AX,2026-08-21T09:19:32.334087+00:00,3.5877296225492386e-07,3.3007112527452994e-07,-0.004,hard_stop,0,1,1,89.23,live_higher,hard_stop,0,1,
2026-08-21,d5412832-dd13-4ef8-8726-e09c09a008b8,2cmZ8FierNbYXGTdZSimbd7rWSRmU93nrL32tNCgpump,2026-08-21T09:19:51.443383+00:00,4.659357132679557e-07,5.132247940634806e-07,0.005074636,trailing_stop,1,1,1,-10.93,live_lower,trailing_stop,1,1,
2026-08-21,45755a84-09f3-48db-90a9-6fc589a71502,7p64iNf1rZ34TBwySGTLkXqZ5u6TVYESr9pZ6VGYpump,2026-08-21T09:20:16.012803+00:00,9.404659886757304e-08,9.949191839484778e-08,0.002895011,trailing_stop,1,1,1,-3.11,live_lower,trailing_stop,1,1,
2026-08-21,fc1d9d81-d2ea-4d0c-9d45-1071851107b8,2CrafGwaXQ7tHgw1pdZG3CN6iiUsfeTaZeQA1tpHpump,2026-08-21T09:19:44.927503+00:00,2.2177872517490407e-07,2.0403642716091175e-07,-0.004,hard_stop,0,1,1,4.8,live_higher,trailing_stop,1,0,
2026-08-21,747d2c40-fc40-44fe-91a1-38af2b593099,Az5Z8ya8eaVZXmWkxzmytKY9mvqDcdWLZF7WKo3vpump,2026-08-21T09:22:15.591552+00:00,7.399378078520812e-08,6.807427832239148e-08,-0.004,hard_stop,0,1,1,-2.11,live_lower,trailing_stop,1,0,
2026-08-21,32ff3cc4-4b47-4314-ac8d-b7b28020b99d,H7rjrWeSU4Lk5je7sFh6scr47sq4xYrLkALdBoSDhF6p,2026-08-21T09:21:45.043042+00:00,3.672690967970462e-07,4.568559993052921e-07,0.012196357,trailing_stop,1,1,1,-0.25,live_lower,trailing_stop,1,1,
2026-08-21,7710e3c7-5bdd-4854-a44c-6833c310a6c3,7sefYp7QHRhzgyYFM4WcUDydsuJiaXAdcTKxdKwn1kUF,2026-08-21T09:17:22.792745+00:00,4.899241242514464e-07,4.507301943113307e-07,-0.004,hard_stop,0,1,1,-0.63,live_lower,hard_stop,0,1,
2026-08-21,011526af-9dea-499d-baa5-da4214afb174,HK5cNQgyLgA8qJv3Lbzqgh57bA54Eg5sJCVC3YGqS9Ks,2026-08-21T09:22:40.153147+00:00,3.6560766724146925e-07,3.363590538621517e-07,-0.004,hard_stop,0,1,1,12.1,live_higher,hard_stop,0,1,
2026-08-21,84ee3730-b487-4ad3-8da1-b0532326e5ce,EtSTh5mjBnv5HTbqE4MQYDz7muTDB1MPCR5UgHDHpump,2026-08-21T09:23:06.948544+00:00,1.642697111756233e-07,1.5112813428157343e-07,-0.004,hard_stop,0,1,1,-7.09,live_lower,hard_stop,0,1,
2026-08-21,ebe671ea-2869-489e-b340-ed44435bed05,CqunzFJyi1bkJFtu2AVWmLfzHGSu93WtEpeFvkpSABv5,2026-08-21T09:24:39.757476+00:00,1.6643318783678095e-07,4.1608296959195234e-07,0.075,take_profit,1,1,1,-25.16,live_lower,take_profit,1,1,
2026-08-21,d1d97a50-ea05-4f78-b23b-a82251bab45f,H2kSUcw1BiG6dkrZaCHHsBZ4pn9DySxiy6dG5UwVfmkH,2026-08-21T09:25:21.635457+00:00,4.777696825031725e-07,4.3954810790291876e-07,-0.004,hard_stop,0,1,1,-3.61,live_lower,hard_stop,0,1,
2026-08-21,aa49b24f-44d6-4619-8b19-16b7b1b538a6,H3N5KfPM8zZh815m324x29ffoCv9yokysWDS78fnpump,2026-08-21T09:27:10.788222+00:00,5.675324833469562e-08,5.221298846791997e-08,-0.004,hard_stop,0,1,1,0.12,live_higher,no_exit_within_window,0,,
2026-08-21,81d6e1a5-b39c-4dab-9063-3902e4de3533,BT36mSK4RE1a2YvTiAWaEHa9RLAcbRVdb1KSbpdnpump,2026-08-21T09:19:28.716775+00:00,1.651422644636107e-07,1.6514389408061996e-07,4.93e-07,time_stop,1,1,1,4.79,live_higher,no_exit_within_window,0,,
2026-08-21,b27cd4cb-6134-4b6c-b358-fcabd8d90b56,2hERbdPWSdCipDpAsuF4kFGyS611FCxFtswxt75Zpump,2026-08-21T09:27:55.424523+00:00,1.447970384269329e-07,3.015072975251332e-07,0.054113765,trailing_stop,1,1,1,-5.77,live_lower,trailing_stop,1,1,
2026-08-21,7f9183b1-9f65-477d-aeb0-db88b9c07442,4zjVC8FEXR86SoE1cMmtthCnEpUEoz5VjimsBUjSpump,2026-08-21T09:30:13.966123+00:00,6.945375911567503e-08,6.389745838642104e-08,-0.004,hard_stop,0,1,1,-3.56,live_lower,hard_stop,0,1,
2026-08-21,f99fadcf-6aa4-4ea4-8dd7-a08a12001398,FsvhsTYdQ9jpBMTEpQucHAGcwPqRnd8wzStLHFohumVd,2026-08-21T09:30:29.811436+00:00,2.2282923974802836e-07,2.2799048681410505e-07,0.001158117,trailing_stop,1,1,1,3.33,live_higher,hard_stop,0,0,
2026-08-21,59965cbf-e70c-423b-9223-93c122e066f8,6Ni4kjWhqBj5tSD4nj4BZYd1aJMFN5enrZKPrLdipump,2026-08-21T09:30:36.325005+00:00,9.311645749208713e-08,8.566714089272016e-08,-0.004,hard_stop,0,1,1,-4.81,live_lower,hard_stop,0,1,
2026-08-21,cc4c8241-d601-4368-9755-09680844cc03,9UaPEaNGAWXRXPmZXhM3Ti3u5VxjFcg96PezoYULqeCq,2026-08-21T09:30:48.453435+00:00,4.0659304103423406e-07,6.041704384151897e-07,0.024296702,trailing_stop,1,1,1,2.09,live_higher,trailing_stop,1,1,
2026-08-21,522de53e-eae8-4e5a-b9e0-fd6b6e1d7b11,sDRMjNZJPGz6UZdfiQpoJdGdGKEVoPxtC8dTfxDpump,2026-08-21T09:31:20.176919+00:00,1.008182432575149e-07,1.211990011264749e-07,0.010107674,trailing_stop,1,1,1,-11.28,live_lower,trailing_stop,1,1,
2026-08-21,36bc36a5-3a16-4f28-864b-20a80a106fdc,7WpU1e6b3JePW89tUQTGU75ahxAULz5jAvZYDYBHYx3T,2026-08-21T09:32:24.408707+00:00,2.661432108370721e-07,2.4485175397010634e-07,-0.004,hard_stop,0,1,1,-2.01,live_lower,trailing_stop,1,0,
2026-08-21,1aef1736-9496-4f5e-99fb-2a5ccfac693b,GGM1zdXFhuSkyBaaWbwU1jdnnirJfqNZNqfPJ2kwpump,2026-08-21T09:32:43.159210+00:00,8.298435066733615e-08,7.634560261394925e-08,-0.004,hard_stop,0,1,1,0.61,live_higher,hard_stop,0,1,
2026-08-21,4834bda8-8274-4ca4-af01-d40db2d606e6,GNam5iHLU5hXGrayKr1XY2a98Pqk4S1tE5JzoszUrujw,2026-08-21T09:34:07.685913+00:00,1.888365223812709e-06,1.7372960059076925e-06,-0.004,hard_stop,0,1,1,436.33,live_higher,hard_stop,0,1,
2026-08-21,9db0ff01-4157-409a-ae26-18d0ef47cb67,A93aqxBcgF3FVD9TVizakkw4euXRFWQE43sqbqxYpump,2026-08-21T09:33:35.048115+00:00,7.02077399637291e-08,6.459112076663076e-08,-0.004,hard_stop,0,1,1,-1.62,live_lower,hard_stop,0,1,
2026-08-21,335bcb45-2ac8-43b8-b449-09a25a4f4f06,9gH9i86PUR6L6ZXbT1rx2FzWDzjpw9kAKhk2cuksmoon,2026-08-21T09:25:51.511372+00:00,3.521912542233995e-07,3.569789847518404e-07,0.000679706,time_stop,1,0,0,-98.9,live_lower,take_profit,1,1,mcap
2026-08-21,79840cbd-610e-4381-a59f-1f71ba85d1c4,3G2V3tu9npYiwiAkzMpfu2bWUBeu2r1mDeN1xiv1PTe4,2026-08-21T09:35:26.121783+00:00,1.4617311792436589e-07,1.7711528710551065e-07,0.010584083,trailing_stop,1,0,0,-6.08,live_lower,trailing_stop,1,1,buy_sell
2026-08-21,f98dc748-0e11-45da-bd9f-b8f18e6b968d,A23dSUamTbquEMFcKqddxoxd3Xic8wXB63ALjBGDpump,2026-08-21T09:36:58.475161+00:00,6.931922637777802e-08,6.961923014705851e-08,0.000216393,trailing_stop,1,1,1,2.98,live_higher,hard_stop,0,0,
2026-08-21,e5f6be95-2366-4291-845b-532aae36fafe,4PLWkrHsrpiNaRpbti31uoPXA8Vbh3rRFBvnYziLZGG7,2026-08-21T09:38:29.304621+00:00,5.733053975321748e-08,5.274409657296008e-08,-0.004,hard_stop,0,1,1,3.31,live_higher,hard_stop,0,1,
2026-08-21,cb8062fe-e4bd-48d8-bd43-38fa8f1f848d,F35mRh6uYYsZKZoZ1WvwkTZ43R3kVVVtwZBDQhHmpump,2026-08-21T09:38:36.466767+00:00,1.109252807564039e-07,1.0205125829589159e-07,-0.004,hard_stop,0,1,1,-0.77,live_lower,hard_stop,0,1,
2026-08-21,141e00a8-6afd-4b5a-8f4f-320044d081ea,4b24rRW9KxcGSmurhZNkqUBY5afJPqaSjDvSzUmPpump,2026-08-21T09:32:13.798877+00:00,5.574777146885122e-07,7.069060238233135e-07,0.013402178,trailing_stop,1,0,0,-5.01,live_lower,trailing_stop,1,1,mcap
2026-08-21,c48d6178-eb1a-4bdb-bb6b-3bd0d2601786,7rquS8VXE1GYneFisCPpmMiK7bwbwxCBrLTzUFUnAifP,2026-08-21T09:38:34.849932+00:00,2.890033363401781e-07,3.146738922054699e-07,0.004441221,trailing_stop,1,1,1,5.44,live_higher,trailing_stop,1,1,
2026-08-21,ed4749d7-be0f-4298-9501-a6936279847f,8gyDffuqB2EhTMyKuqnorB1EGnwyba1zqJ9CttQLpump,2026-08-21T09:40:53.255557+00:00,1.8956731929482312e-07,2.676844218915898e-07,0.020604053,trailing_stop,1,1,1,-5.5,live_lower,trailing_stop,1,1,
2026-08-21,5536d727-67a4-4d65-b492-f4f9e4673db3,EvNCoMyxQN473frEi5Hz3J9HfVYfGhu8SoSpXbg5pump,2026-08-21T09:41:49.870162+00:00,8.801166171595224e-08,9.556481601032774e-08,0.004290996,trailing_stop,1,1,1,-3.57,live_lower,trailing_stop,1,1,
2026-08-21,210ae017-7053-4f3d-9a5d-ac8df327b523,5VismStvVp5s6S98nSYrxkAveBgsMnMSL2kwHLqApump,2026-08-21T09:40:50.729577+00:00,4.5874286779327046e-08,1.1468571694831761e-07,0.075,take_profit,1,0,0,10.99,live_higher,hard_stop,0,0,mcap
2026-08-21,9a96abd5-82d5-4220-b9c4-02e5b99b9568,AbWsRZd1uXxB2Xfqp35r3JQF6QvCefARb4nAenWRtwya,2026-08-21T09:36:41.977690+00:00,4.815472918774429e-07,4.815472918774429e-07,0.0,time_stop,0,0,0,-47.03,live_lower,trailing_stop,1,0,mcap
2026-08-21,601baf81-b9dd-44e1-8b77-357360db41ac,FVKhdC6ck1K77f3VBVTqd6PnYHVzz3QT3cydoi6Jpump,2026-08-21T09:46:11.613384+00:00,7.471128102495514e-08,6.873437854295873e-08,-0.004,hard_stop,0,1,1,-0.31,live_lower,trailing_stop,1,0,
2026-08-21,308bd0f5-0fda-4048-b83a-219b827a7e91,FpJbdGXQtWozDqPT5qz8Yf8TARP7Dxq63DbQHUKVpump,2026-08-21T09:47:47.204791+00:00,4.9393458027613246e-08,4.544198138540419e-08,-0.004,hard_stop,0,0,0,3.85,live_higher,no_exit_within_window,0,,mcap
2026-08-21,a4a32b78-6c6b-4c10-b2b4-a0ac82da6635,DJqqBzbgA8NuogRsUxJRo6tXuKKK98QvwnMgwco9pump,2026-08-21T09:48:36.448564+00:00,9.107520257412304e-08,1.5630436683229137e-07,0.035810606,trailing_stop,1,1,1,-4.62,live_lower,trailing_stop,1,1,
2026-08-21,6c4198fd-b0fa-4f02-ac3a-3de31b827c75,Ay4PMWC9Re7onPhjPjMM288yWw3LypgPjogTcBdPpump,2026-08-21T09:48:21.818463+00:00,1.7328916653522257e-07,3.665238346509182e-07,0.055754976,trailing_stop,1,1,1,-29.72,live_lower,trailing_stop,1,1,
2026-08-21,797b4b5a-1e7c-4513-841b-220637be2094,7dy2GcX8XmcQfiLgywY7Wt273ygEyLy4ExUdq1KVpump,2026-08-21T09:46:38.058520+00:00,5.804599969536016e-08,6.310038140470511e-08,0.004353773,trailing_stop,1,1,1,-0.63,live_lower,no_exit_within_window,0,,
2026-08-21,ffb1e328-8c92-4158-97da-969a5d1f5551,EAYZt275uQXLRiLYRWjv5wGMtMN6igXKuz8t37ujjfEm,2026-08-21T09:50:20.312646+00:00,4.172082849862813e-07,4.3695225492900904e-07,0.002366201,trailing_stop,1,1,1,-6.2,live_lower,trailing_stop,1,1,
2026-08-21,d7b6d5da-ff32-452a-9f33-f407b77ca829,DtS1qufr51tcES5cu4qgBL9xXPSckxBtQ56hip6EpnYj,2026-08-21T09:45:30.912010+00:00,1.3118916985797688e-07,2.6763408731139644e-07,0.052003118,trailing_stop,1,1,1,-1.86,live_lower,trailing_stop,1,1,
2026-08-21,5d9290cd-12d3-4b1b-abb5-729c89a990c3,CHvX77SgsPx3bPTyMkzRU7hi7mi5uVjSkx35xJzcdnyJ,2026-08-21T09:46:37.331943+00:00,1.1742141413139236e-07,1.1742141413139236e-07,0.0,time_stop,0,1,1,1.3,live_higher,trailing_stop,1,0,
2026-08-21,314ca4bd-1b08-463f-a525-76289094bfdd,6HtjBsdzVEZoBtuBuVP9LLjYJKcB7A9c9DoJXGCBA2gR,2026-08-21T09:56:31.335138+00:00,4.4582200214604956e-07,4.101562419743656e-07,-0.004,hard_stop,0,1,1,-6.51,live_lower,hard_stop,0,1,
2026-08-21,bc791208-2084-4d0b-bb15-8f145c90a5ba,39kym2n3EJQnYY8LsS8iigtvprSdvrw7qZHKokrrpump,2026-08-21T09:51:11.989762+00:00,1.56487223794329e-07,3.126453727583818e-07,0.049894856,trailing_stop,1,0,0,-1.09,live_lower,trailing_stop,1,1,volume
2026-08-21,6d2bb4a3-0773-4dd6-bbd3-750bd7c4b8eb,F1fJpd19vV4HLm87cG9TqARvqtoYygZuTobPHQrJpump,2026-08-21T09:56:15.821379+00:00,7.11552832737788e-08,9.804736025050397e-08,0.018896754,trailing_stop,1,1,1,-24.3,live_lower,trailing_stop,1,1,
2026-08-21,ea8e28dc-f9c8-4c23-94f7-f196225d0e76,DnyHAziS8eYSioVv5CLStBsBcGYmP1Jte3gkN5NLpump,2026-08-21T09:57:06.366587+00:00,6.302796111945361e-08,5.798572422989732e-08,-0.004,hard_stop,0,0,0,-15.12,live_lower,hard_stop,0,1,pool
2026-08-21,7fda2e43-873b-4501-bfb6-3eb49a44ec92,5c8nSLt3kEdLxKYTU2tWVfSkwvHB2FYYj6YNeQfy2Yz3,2026-08-21T09:57:21.723726+00:00,4.1894200066968936e-07,4.2265552109323965e-07,0.000443202,trailing_stop,1,1,1,-1.52,live_lower,trailing_stop,1,1,
2026-08-21,a5d8e168-cae5-4712-afaa-0ef553a0d3a4,54ZojSZw51bgdVTKY3gTejB2KPbbjKQH5fCr29shMuKi,2026-08-21T09:58:59.540827+00:00,9.1870819270068e-07,8.452115372846256e-07,-0.004,hard_stop,0,0,0,-13.56,live_lower,hard_stop,0,1,mcap
2026-08-21,39635168-86af-4a11-be2f-ef956e925989,iMt2ajjjSVRu7WULsKAxv5fkYVE4pjiCskzR9ihpump,2026-08-21T09:59:11.794508+00:00,8.270644446089914e-08,7.608992890402722e-08,-0.004,hard_stop,0,1,1,-5.11,live_lower,hard_stop,0,1,
2026-08-21,0095d8d9-cba7-426a-9e79-96ea9b387ed7,DdyYuTXDAPiZ7mBBtkLHNr6GbwbiAAHESPt17BNoRi8x,2026-08-21T10:00:00.058314+00:00,1.242329766376165e-07,1.1429433850660719e-07,-0.004,hard_stop,0,1,1,6.64,live_higher,hard_stop,0,1,
2026-08-21,ed0ebe77-e9f5-44a2-b709-ed5441d5f0da,QUwncWhxE5rz9GGTiCqVgMBhR5oJp4og4Ka3CUfpump,2026-08-21T10:01:50.088823+00:00,5.210346778761374e-08,4.7935190364604644e-08,-0.004,hard_stop,0,0,0,8.94,live_higher,hard_stop,0,1,mcap
2026-08-21,1b38b373-d328-4a73-b823-75528be41d29,6Le9c8ziBRvPUisAn6iB8by31RrDU4WfvhpZFVu4pump,2026-08-21T10:02:09.654457+00:00,7.917320373364149e-08,7.283934743495017e-08,-0.004,hard_stop,0,1,1,-5.38,live_lower,trailing_stop,1,0,
2026-08-21,4277bcae-c024-4404-a234-cdf792f6940a,2rbAr8ADaC4HSBcKYaRBsrmsJU7ZsNnkGPq7Q2Zxpump,2026-08-21T10:03:20.994620+00:00,1.0965799346668965e-07,1.0088535398935448e-07,-0.004,hard_stop,0,1,1,3.97,live_higher,hard_stop,0,1,
2026-08-21,96878dbc-7cc0-4779-a7d8-c127cbc226d9,4H8RhxCUhxBX6xWcsbK3EqMw3Pkbw3EfkXgtLjvE3oMM,2026-08-21T10:05:01.768979+00:00,1.936032553248038e-07,2.0333339666934986e-07,0.002512907,trailing_stop,1,1,1,-1.87,live_lower,hard_stop,0,0,
2026-08-21,d134566e-b580-4bb4-a6e5-0f70eb51a2bd,3xVUoHA3sNVMzaAjiXKoMsGMMWuhRbDavQpkNbz56kvN,2026-08-21T10:02:58.392274+00:00,6.134314006926093e-08,5.643568886372006e-08,-0.004,hard_stop,0,1,1,0.11,live_higher,hard_stop,0,1,
2026-08-21,594d6950-6ff0-4cc2-ab01-96438335b1d4,CrTeDhRfsd4fkdXED2WpjZpXvs2yAaYYPHqb13MgeLcL,2026-08-21T10:06:14.647859+00:00,1.975824741839128e-07,1.817758762491998e-07,-0.004,hard_stop,0,0,0,2393662.01,live_higher,hard_stop,0,1,mcap;vol_mcap
2026-08-21,93e9ffb9-73f3-4f31-93b5-6512d8172bef,Au96kk9Tyw2BXUXWVR1jQB6KANQ5ebgvmkpmSjM2qDb6,2026-08-21T09:59:48.444394+00:00,1.3524549404104953e-07,3.060124904947604e-07,0.063132231,trailing_stop,1,1,1,-0.87,live_lower,take_profit,1,1,
2026-08-21,2961b6f1-f5e4-4906-bf77-ef5be7ca6751,D5toGgamBkdW7GRJfPnZq1Jk64DSCiZkDDKuLDwk1SUV,2026-08-21T09:57:20.953422+00:00,1.1692739176733616e-07,1.1692739176733616e-07,0.0,time_stop,0,1,1,9.77,live_higher,hard_stop,0,1,
2026-08-21,33968019-4494-424e-b205-459f3a45b3b1,8fCxq5MXNDRqckm3SwUpFUBqJHiqVsdYRL8bDbgQaUrn,2026-08-21T10:06:03.009391+00:00,4.0566053259153374e-07,4.378703913605313e-07,0.003970051,trailing_stop,1,1,1,-2.16,live_lower,trailing_stop,1,1,
2026-08-21,d26cd7f5-7970-40ba-905d-b84fdde9cff3,DF4J7khnsvkJp9VMqzUydoZ1wgQY4pKF7rjv66QGpump,2026-08-21T10:07:55.056032+00:00,7.639129899588747e-08,7.027999507621647e-08,-0.004,hard_stop,0,1,1,3.19,live_higher,hard_stop,0,1,
2026-08-21,85c7260a-d836-4ecf-b60a-ac34b39a3c82,FgguW3kRucV6zZTAd3mGxXwSjdiUzd9Ceyu8uZmLpump,2026-08-21T09:59:01.067943+00:00,0.0010563153550279566,0.0010563153550279566,0.0,time_stop,0,0,0,-1.03,live_lower,no_exit_within_window,0,,mcap
2026-08-21,9947eb9c-e828-453d-b57a-2bfade7aadec,AFNcTVSMes5AzPywxXWjmxQ8NpcF21DpBnjejTCtpump,2026-08-21T10:07:50.492269+00:00,7.372299732033819e-08,1.0766445827648685e-07,0.023019588,trailing_stop,1,1,1,0.37,live_higher,trailing_stop,1,1,
2026-08-21,e4ee7d9b-d424-401f-b900-f664699aeae7,D14guNmZ6cVJQQ3fAwhPWUZziP2xMV9K3CDjmUTkWK7P,2026-08-21T10:07:55.743733+00:00,1.6794301701670669e-07,4.198575425417667e-07,0.075,take_profit,1,1,1,-5.62,live_lower,take_profit,1,1,
2026-08-21,537404e7-da8b-4dc9-a09a-7dfcc46ac451,7iiHbBrtaP4eGzjY7YwFYvCZWpa4EXXnLjDPVvZJr1XY,2026-08-21T10:10:25.888572+00:00,1.2238122763382136e-06,1.1259072942311566e-06,-0.004,hard_stop,0,0,0,-0.26,live_lower,hard_stop,0,1,mcap
2026-08-21,57a1aee1-6909-4f17-9228-f7cd9d2e94c5,4RNkoBxfLDBotzNqoexSCyPANN7VYcnCkA2uM6ZTpump,2026-08-21T10:10:27.443525+00:00,4.883759021531895e-08,5.1715796071016294e-08,0.002946712,trailing_stop,1,0,0,-4.12,live_lower,trailing_stop,1,1,mcap
2026-08-21,26f628c8-1731-4697-960e-14d55f0e780a,5rgXYZoaFXbc4L2ZUkV6V8iV66Jbd2w5oXL2XGvL5tsC,2026-08-21T10:10:28.198411+00:00,1.9861555482821283e-06,2.9384540964026103e-06,0.023973413,trailing_stop,1,0,0,24.36,live_higher,hard_stop,0,0,mcap
2026-08-21,1408d465-d56c-4ada-997d-af386ae94c04,EHWUX9GQ3ceDLMm9NXwrjGk4fNzyaSDb6Ps9mmUKmxGP,2026-08-21T10:11:49.935247+00:00,6.596933477105397e-07,6.069178798936965e-07,-0.004,hard_stop,0,0,0,8.87,live_higher,hard_stop,0,1,mcap
2026-08-21,8529705b-6fae-4615-913c-c1e9d637ba9a,CtCUhVYQuBeivuEXAPKtXL8zkh63ffRvYMKEChLSaBt1,2026-08-21T10:11:10.858670+00:00,2.543779338545448e-07,3.094980851617922e-07,0.010834303,trailing_stop,1,1,1,-5.22,live_lower,trailing_stop,1,1,
2026-08-21,0db09b50-72eb-4eac-affc-6f40317a01cf,3cSgPAc3dQmoirTJd4esi1qPitbwyJ4S1e7XqGjz82hz,2026-08-21T10:13:44.614594+00:00,3.5954646291270324e-08,3.30782745879687e-08,-0.004,hard_stop,0,0,0,2.47,live_higher,hard_stop,0,1,mcap;pool
2026-08-21,5378c499-4a83-43e6-9308-dcaea69ab705,BPn7paAnUStyntL5zjbwWC2AdHgJGYKpxK4kwD4zpump,2026-08-21T10:12:36.713881+00:00,3.9538738960794694e-07,6.386749162245066e-07,0.030765716,trailing_stop,1,1,1,-0.52,live_lower,no_exit_within_window,0,,
2026-08-21,db5f34bf-e204-418c-a290-5e4797c1d02f,AnjUCJ4CrMjqeVpxcpCVA9Dx1YsvmRAxk5EV9uyF8QEr,2026-08-21T10:13:42.902043+00:00,1.6470826520685736e-07,2.0603719400289396e-07,0.0125461,trailing_stop,1,1,1,-4.45,live_lower,trailing_stop,1,1,
2026-08-21,3e88381c-e2c8-4d50-a5d0-8e07c81939ef,xWksFRMiNR9aVLoDP9aB5B5RKqz5USfGFZqMknupump,2026-08-21T10:15:29.432917+00:00,1.2386092527834825e-07,1.139520512560804e-07,-0.004,hard_stop,0,1,1,16.69,live_higher,hard_stop,0,1,
2026-08-21,44a6ccc8-e36c-4681-baab-b900257f3256,A27HRnWjnWwDvRjUHHFuCLTzUJHnBrHThhXsnwY3PRA,2026-08-21T10:15:14.859419+00:00,1.364085168377524e-07,1.2549583549073223e-07,-0.004,hard_stop,0,1,1,-1.34,live_lower,hard_stop,0,1,
2026-08-21,87669b18-1b82-45df-b3c1-ad74e34d9258,3fB3QfaAeTGxCfVYigRcVe49yor8772G1D7Nz7NiTgAW,2026-08-21T10:16:46.417950+00:00,1.7250700024875737e-07,4.3126750062189345e-07,0.075,take_profit,1,0,0,0.4,live_higher,trailing_stop,1,1,pool
2026-08-21,77876ae9-a914-419a-bf0a-a0b68d26ad94,AjHbdWjp2YfCahGDXz7B5bGtqpFLaseeqr5ewxKhpump,2026-08-21T10:15:42.013553+00:00,6.72727958482227e-08,1.202981308784506e-07,0.039410682,trailing_stop,1,1,1,-4.83,live_lower,trailing_stop,1,1,
2026-08-21,e3c13f9e-9b8d-4e10-96f1-f649fbc8662d,5TpjT5MnrfUpV9K1DVSaAfQwfptWhR3Lq9Bry1jMpump,2026-08-21T10:19:02.739573+00:00,1.632993318378098e-07,1.5023538529078502e-07,-0.004,hard_stop,0,1,1,77.7,live_higher,hard_stop,0,1,
2026-08-21,741556aa-db66-46f3-ad1e-10b1f6fa7a5a,12ZVpnxteNRLZd1dq5fZ3PfDE2RQ635TUCTJUhVEpump,2026-08-21T10:21:13.569408+00:00,3.6104258560719664e-08,3.321591787586209e-08,-0.004,hard_stop,0,0,0,0.28,live_higher,hard_stop,0,1,mcap;pool
2026-08-21,e77f91cd-a7ff-4789-ac69-75375d81fb51,mA9xN7naSonWAZXGRccroLkAKhQZRyiedThHQdUpump,2026-08-21T10:21:03.972021+00:00,8.499944489723838e-07,1.0730249381576536e-06,0.013119526,trailing_stop,1,0,0,-8.84,live_lower,hard_stop,0,0,mcap
2026-08-21,166971c4-e11c-4823-a4ea-08380c9f0058,EedAQgPACejJTWUn6PMeQ4FEEMFFxfyhj2gir7UrvB3B,2026-08-21T10:19:05.076894+00:00,1.3157561091815428e-07,3.289390272953857e-07,0.075,take_profit,1,1,1,-3.49,live_lower,take_profit,1,1,
2026-08-21,ced025ce-479a-4a48-a6fd-a1596e98ab4f,DdacLuJoub9cMxWCy3WWAm6nqUKveiCMYPYH1eLcvoiq,2026-08-21T10:24:16.681878+00:00,5.562098695710314e-07,6.460971654534777e-07,0.00808034,trailing_stop,1,0,0,-3.09,live_lower,trailing_stop,1,1,mcap
2026-08-21,e7ef10f3-1709-4ff9-b024-3c60f04d9372,6cJBXQnrRiBRMRsVxtuy7AarDA6DPL5D4EozQ4Waory,2026-08-21T10:15:49.586406+00:00,0.00011376063882879646,0.00011321826708512879,-0.000238383,time_stop,0,0,0,-98.9,live_lower,take_profit,1,0,mcap
2026-08-21,6cff3e7a-cade-4edb-ab5d-c8aef8fa7e97,2wpXUeTLMkYLB8V2AqGPNoqwmzPvJRwiMJdzyJi4pump,2026-08-21T10:15:54.156156+00:00,2.8241826955327224e-08,2.8113027484296203e-08,-0.00022803,time_stop,0,0,0,0.19,live_higher,no_exit_within_window,0,,mcap;pool
2026-08-21,14f6443d-39e5-4a66-9f67-364c27d66f6c,FGPJKqG2QDV6goKGmHN3mVn3tiCHjVYntLztSUJepump,2026-08-21T10:23:44.651147+00:00,6.838456676008549e-08,8.177947434078762e-08,0.009793809,trailing_stop,1,1,1,-6.65,live_lower,trailing_stop,1,1,
2026-08-21,e4c4e3da-7ff8-4cb8-8458-6ef95c39c457,7dxbmygLxB7ygURzTW5cRBFHZkHiVgLMvjbHbagXT7YF,2026-08-21T10:25:36.633014+00:00,4.886149933584657e-07,4.4952579388978843e-07,-0.004,hard_stop,0,1,1,45.95,live_higher,hard_stop,0,1,
2026-08-21,0775dc67-9ac2-4145-af97-16600407c2a5,J5rYkJRQ7VvuLgKvs35jiBYrGkJzXQ4js9pw6hwGNe6T,2026-08-21T10:26:26.838518+00:00,6.437732551291387e-07,9.057082410261551e-07,0.02034373,trailing_stop,1,0,0,5.33,live_higher,hard_stop,0,0,mcap
2026-08-21,c600e705-adc8-4b80-89a1-78caeebf9c8d,CjkrydGtywV2BAQuDouFGjsSr4ySHDoRDQfFHp4ioPcv,2026-08-21T10:26:03.166104+00:00,5.796412575267302e-07,7.950445575154975e-07,0.018580743,trailing_stop,1,0,0,-2.78,live_lower,trailing_stop,1,1,mcap
2026-08-21,aa7e4319-e2cf-4ec9-9c11-9e1462af27cc,6bWR7bWsFCsvF8fVKXR39fSqfnaKakicdvMAeioJpump,2026-08-21T10:28:06.577577+00:00,5.8260736161151535e-08,5.359987726825942e-08,-0.004,hard_stop,0,0,0,46.06,live_higher,hard_stop,0,1,mcap
2026-08-21,d218f966-6d97-4110-a18b-f1e6eb23340a,7pBjpn2BX7gKfMmHH4TqZzNbztyC2ffAkkWtkMF5pump,2026-08-21T10:28:04.230069+00:00,4.896215225816447e-07,5.84391064304697e-07,0.009677837,trailing_stop,1,1,1,-6.9,live_lower,trailing_stop,1,1,
2026-08-21,775355d4-83cc-4331-b97a-0715dd29f151,4B1AbJqW2MnFvovLZ4DfURjca9X4NFnDgNvyQ1V9pump,2026-08-21T10:29:02.461294+00:00,1.205014966456216e-07,1.3692583589357667e-07,0.006814994,trailing_stop,1,1,1,-4.93,live_lower,hard_stop,0,0,
2026-08-21,490b978b-74e7-43e8-a54c-dcae94759faa,2VLWNaxjFC315SjEGY1TpVKmphsEQhuPBgVBbj1Wpump,2026-08-21T10:30:28.164851+00:00,1.0949833574379079e-07,1.0073846888428754e-07,-0.004,hard_stop,0,1,1,-4.76,live_lower,hard_stop,0,1,
2026-08-21,046f0251-d881-4be4-a8d9-86a843975f5a,FPiXfmoWwendCXjRirGHfqaWntk71Z7r6yeta4Yvpump,2026-08-21T10:31:27.931644+00:00,1.120684273280171e-07,1.0310295314177573e-07,-0.004,hard_stop,0,1,1,-3.16,live_lower,hard_stop,0,1,
2026-08-21,bf0b6a82-52d0-4d5a-a1b6-cf5308e963cc,BrLt9xchbfy8zpVUjSbDQd7yoBcCF8maxXanHXVap22W,2026-08-21T10:32:19.028109+00:00,1.025183234828319e-07,1.3458455871554937e-07,0.01563927,trailing_stop,1,1,1,-6.41,live_lower,trailing_stop,1,1,
2026-08-21,0daacc5b-aa1c-4212-a3a0-b3e24f72f360,23gEaDvvMfYebhqBAsTsYsmBMy3zgeRJafPPG6MFpump,2026-08-21T10:34:15.410434+00:00,5.8611431858309003e-08,6.143187795682359e-08,0.002406055,trailing_stop,1,0,0,20.89,live_higher,hard_stop,0,0,mcap
2026-08-21,2c61202f-bcf2-4734-b1fb-8196fc683419,36pGNTae27dkCkyYVk83WumXGk8VRm5R4rxvPkV4pump,2026-08-21T10:26:56.455549+00:00,2.897575670598957e-08,2.804623543133761e-08,-0.001603964,time_stop,0,0,0,3.04,live_higher,no_exit_within_window,0,,mcap;pool
2026-08-21,f8f808e7-117d-4a4f-9c94-cdc51fa5f995,4cXpppYkyPvYeHbHx2Kroq9mcYa2ZdUeKcLyUmL3pump,2026-08-21T10:37:11.315824+00:00,4.4184364712999225e-08,4.0649615535959286e-08,-0.004,hard_stop,0,0,0,0.53,live_higher,hard_stop,0,1,mcap
2026-08-21,8d6f675e-a408-4bf8-b07e-4f68a49aac4b,HXACDH4duBrsG5cvJxCvgvDfa5JcMnLvMWwDRNm4pump,2026-08-21T10:28:33.145036+00:00,2.3541903872518888e-07,2.3529790576433553e-07,-2.5727e-05,time_stop,0,0,0,-0.04,live_lower,no_exit_within_window,0,,pool
2026-08-21,e7ece198-4234-4880-b141-c73964dcafd5,FE93quCp6DcYpYUwi3CAjS8nhBBjF2BW4PdbPcw5MtRJ,2026-08-21T10:37:47.171446+00:00,4.0408794328656624e-07,3.7176090782364096e-07,-0.004,hard_stop,0,1,1,-10.86,live_lower,hard_stop,0,1,
2026-08-21,07e09819-2e02-43a0-b89e-c9cb401d47be,S1ujcw9zyJz2LmifiSv1hhpQ6tCjz334Hd1iWCBWory,2026-08-21T10:28:58.878261+00:00,0.00015455455946020825,0.00016514428757771982,0.003425887,time_stop,1,0,0,-98.9,live_lower,take_profit,1,1,mcap
2026-08-21,fe78031a-f655-4bb1-8f57-eb49ee386f2e,HTYSJZ9sgovcR2aeCMvYiVthhJe9PZ9xPrpQhD7d9veW,2026-08-21T10:38:46.331921+00:00,1.1108019469108951e-07,2.7770048672772377e-07,0.075,take_profit,1,0,0,-37.27,live_lower,take_profit,1,1,pool
2026-08-21,dcacceed-bdc8-4f2a-bf24-c26f08a591c3,Cj65RY7AHAPCkG4iqLxxmYxMRyKJZnS5hnaG2znJRLkQ,2026-08-21T10:29:58.518542+00:00,2.602791684143069e-07,2.602791684143069e-07,0.0,time_stop,0,1,1,-34.03,live_lower,no_exit_within_window,0,,
2026-08-21,89278d68-8ef0-42aa-9d55-d9ec9cac3c47,w7Fubc9MpKspDxP6RZh29nVYXc4tLQ4Dg8A755hpump,2026-08-21T10:39:37.997759+00:00,1.9976991273841401e-07,3.7457657277369103e-07,0.043751999,trailing_stop,1,1,1,-0.16,live_lower,trailing_stop,1,1,
2026-08-21,bb155816-062f-44e4-bcf5-2e12d9a94908,26huzrJazg3EHRz5Cxj3ee9kjUSxjVuhBoKRDvf7pump,2026-08-21T10:35:13.503167+00:00,6.996040840471716e-08,6.952084795793999e-08,-0.000314149,time_stop,0,,,,,,,,
2026-08-21,84f5baaf-2a78-496d-b96c-63b467498519,48jRNC5993riMtFtPRoS7cpmJS7GDtfkTBZ5RHhnpump,2026-08-21T10:40:10.970531+00:00,0.00013866360550143545,0.000161116845883675,0.008096299,trailing_stop,1,0,0,-2.34,live_lower,trailing_stop,1,1,mcap;vol_mcap
2026-08-21,3d9ca750-c388-4ce3-8f11-b7389e615878,8p1vmyrUDVytcVLCwjfoDsWWZvJ6WVsP3P6NdJsopump,2026-08-21T10:46:07.957178+00:00,4.0825943472647445e-08,4.320200522000414e-08,0.00290999,trailing_stop,1,0,0,-5.87,live_lower,take_profit,1,1,mcap
2026-08-21,cd55ef0c-fd65-4553-9d9c-4630f49802eb,Aas58khRgkJe1tE2KjtRhHp9MFY3bvNbUNpJHePkpump,2026-08-21T10:47:53.333383+00:00,8.918927219342009e-08,9.019183833581694e-08,0.000562044,trailing_stop,1,1,1,5.26,live_higher,hard_stop,0,0,
2026-08-21,b4e319ce-e949-4640-a840-a3a41dad006c,CYp8jwtrzGdXn78N7zWniX1cXpv4QkzRWF7fur63pump,2026-08-21T10:48:12.013103+00:00,1.8522060867431228e-07,1.7040295998036732e-07,-0.004,hard_stop,0,1,1,20.53,live_higher,hard_stop,0,1,
2026-08-21,c230fd0c-a135-4d27-9e04-0ea6ed63d94d,GuCQSbR3syLnXsKssf7bCUDJeseAaYzLdr7foCzyDjLC,2026-08-21T10:48:39.295334+00:00,3.3216504531986623e-07,3.0559184169427694e-07,-0.004,hard_stop,0,1,1,85.6,live_higher,hard_stop,0,1,
2026-08-21,bd2e3446-4a84-40e1-aa94-98bf60d86fc0,4EiSmM9kFYmdoSryiS5XuTa9SihntFHtqc5YPe7xixJQ,2026-08-21T10:48:51.864691+00:00,1.4843507144617062e-07,1.7307964538126755e-07,0.008301466,trailing_stop,1,1,1,-11.47,live_lower,trailing_stop,1,1,
2026-08-21,19467023-8dd3-4954-84d0-8607c76e9796,C6Zi2J4ZFBY7wUaDcT7CUKCfXUnZymKhFLxFuPsXpump,2026-08-21T10:40:23.552527+00:00,2.8401530479232684e-08,2.7947503394968367e-08,-0.0007993,time_stop,0,0,0,-0.23,live_lower,no_exit_within_window,0,,mcap;pool
2026-08-21,dcd770e0-7314-4bdc-a52e-54309edabc40,8A3VVoYf8PQ9pMYBjBWV3DWVY5DhU3MCxNmzgPRwpump,2026-08-21T10:50:12.616026+00:00,1.4181907121516005e-07,2.044386174437324e-07,0.022077266,trailing_stop,1,1,1,-11.97,live_lower,trailing_stop,1,1,
2026-08-21,b382122f-8f7d-4a05-abbf-1baeee8c4b0d,8gDG97kq1bitZmb4fDvB9LuqP7gyH2UhTUJNsy9kf3RN,2026-08-21T10:41:09.836373+00:00,9.962172853008257e-07,9.962172853008257e-07,0.0,time_stop,0,0,0,-6.63,live_lower,trailing_stop,1,0,mcap
2026-08-21,8be5e0bb-3b98-431c-844d-96442dbddd49,CC35rpyivyYiTozWYyGUaVB7kBXdR555ZDp38roPWjjh,2026-08-21T10:53:13.145228+00:00,2.7151166612945976e-07,2.7552583200774696e-07,0.000739225,trailing_stop,1,1,1,-3.89,live_lower,trailing_stop,1,1,
2026-08-21,f26db586-bf0d-4ce1-a960-2427ec813cf1,D4RGppbu9pEn8u1K9QpMAXXpP1pJwGu47EFrMJvcpump,2026-08-21T10:45:26.872371+00:00,2.972497159722835e-08,2.7952947520619115e-08,-0.002980699,time_stop,0,0,0,5.06,live_higher,no_exit_within_window,0,,mcap;pool
2026-08-21,92ebbffb-1811-41cb-a6e6-3cdc0bff9f4a,9AwR5a8rbnLMNyoankJsELHhyQPHmREkhcpk6i7ypump,2026-08-21T10:55:27.137080+00:00,1.302001863599617e-07,1.197841714511648e-07,-0.004,hard_stop,0,1,1,-6.68,live_lower,trailing_stop,1,0,
2026-08-21,821f82f9-9042-415d-8885-2f972621579b,JAc91B6zkUShFtvx53FKhddPcyCPhdmkfYcvtuwBpump,2026-08-21T10:55:47.660551+00:00,7.098616635497707e-08,6.530727304657891e-08,-0.004,hard_stop,0,1,1,16.15,live_higher,hard_stop,0,1,
2026-08-21,56ce4152-dc43-4949-b65e-fcef81714d1d,HVzBaXY2JDqzthjoXVUc1fepJv6gV6GLTFnkDQZ3pump,2026-08-21T10:56:59.932988+00:00,1.2832763635250498e-07,1.1806142544430459e-07,-0.004,hard_stop,0,1,1,-0.39,live_lower,hard_stop,0,1,
2026-08-21,a45af036-149c-44fa-a898-4d359eef76e1,9QPZDnDmzokbRUFKiQojKDRvB5sKuzNtqmziqcnqpump,2026-08-21T10:56:55.871963+00:00,9.148439251470409e-08,8.416564111352777e-08,-0.004,hard_stop,0,1,1,-14.29,live_lower,trailing_stop,1,0,
2026-08-21,9f846c57-34f0-447b-ba00-9b76d44c6803,HEFpEaJsjMKnwyV9RS1SvNTe2nj7x7VwWWxjVY3Xpump,2026-08-21T10:48:37.770704+00:00,2.9004940911372542e-08,2.8014932885269475e-08,-0.00170662,time_stop,0,0,0,0.86,live_higher,no_exit_within_window,0,,mcap;pool
2026-08-21,aeb079ea-c671-45bc-ab09-63b542b8fe85,7qLCgmwQaUxR8KnMrktMgKcQQqin2i3ewHJTGYzfpump,2026-08-21T10:58:52.426160+00:00,4.3686946557410436e-07,4.01919908328176e-07,-0.004,hard_stop,0,1,1,0.63,live_higher,hard_stop,0,1,
2026-08-21,c0a198ae-921e-4cf9-9e7b-826293ba5523,Cs5Lzyi9XxTYHD69ammoEMmuumDfzj7yHrwAVMNRXDR8,2026-08-21T10:59:15.824762+00:00,1.9986030617271763e-07,1.8387148167890023e-07,-0.004,hard_stop,0,1,1,41.67,live_higher,hard_stop,0,1,
2026-08-21,645b9b41-98c3-44a1-8d2d-74cfc5051e4b,GETgDwpELRjP29ze2sjMUD5Y97XT1V6SsczXcCfGgAtq,2026-08-21T10:59:44.731047+00:00,2.6430377192606205e-07,2.4315947017197707e-07,-0.004,hard_stop,0,1,1,-13.91,live_lower,hard_stop,0,1,
2026-08-21,eabe53ae-c618-4d6f-95e4-d20b074b2a92,5CXepFXsmpG1aog3FtDG8nyEzMwWDznfrShskTCvpump,2026-08-21T11:00:46.056104+00:00,3.242239546861097e-08,3.659647226604312e-08,0.006437027,trailing_stop,1,0,0,-12.92,live_lower,trailing_stop,1,1,mcap;pool
2026-08-21,bbe866b2-c3b9-463e-94ce-706249e67e1d,G2zbHzw7ckctTz9SFRaKnW2hzJ8e8ydpsMP8Z81LM9kv,2026-08-21T10:52:27.480527+00:00,2.630053999229181e-07,2.6377969645449994e-07,0.000147202,time_stop,1,1,1,0.29,live_higher,time_stop,0,0,
2026-08-21,b1ed213d-1069-441f-b8e4-cf438dcf4822,6MzqXE5GnBJPVF7BC95wDsCX6pL9v27BHDmpixunpump,2026-08-21T11:01:36.321346+00:00,8.52644888946835e-08,7.844332978310883e-08,-0.004,hard_stop,0,1,1,-6.87,live_lower,hard_stop,0,1,
2026-08-21,118c83f4-246a-48e7-9558-ee7d42d1e3c7,24LLXpPwCL2PZGouoGvPSEEcEa4QEDr2GeKfohs9D4eW,2026-08-21T10:55:37.096872+00:00,4.773457791165822e-07,4.773457791165822e-07,0.0,time_stop,0,1,1,0.17,live_higher,hard_stop,0,1,
2026-08-21,408feb7a-bf05-4f65-a603-b60bd967f850,2tThd4U1Q9jGVVvBU9KCV6uN8hWD7zanvVW2SQ1zpump,2026-08-21T11:04:09.742468+00:00,1.019110834942394e-07,1.305179699742573e-07,0.014035218,trailing_stop,1,1,1,-5.42,live_lower,trailing_stop,1,1,
2026-08-21,30e6af10-9d57-4c75-ace7-8b8e2745a030,AmgyvHVgf4SB7Dk7CnnTe6zkGuasQ5t1dkT6s1fQpump,2026-08-21T11:06:22.896761+00:00,1.170538016688611e-07,1.246480452276642e-07,0.003243912,trailing_stop,1,1,1,-10.39,live_lower,trailing_stop,1,1,
2026-08-21,9d5363f4-1260-457f-ba72-be4c90e009e1,8ajYryp2XU4QTKhdAy15DrSe7ozHxZbU5qFPho6bHyMD,2026-08-21T11:07:30.743077+00:00,4.990804601856999e-07,4.591540233708439e-07,-0.004,hard_stop,0,1,1,-3.17,live_lower,hard_stop,0,1,
2026-08-21,29b0dfa7-b646-4bea-9d0b-ffaf9d9b01d7,5uK9yo1dRxXDUSGkwTFb5578c97DiroHe9yBBfWYuYxT,2026-08-21T10:59:04.032194+00:00,8.940987472100384e-12,8.933991953866264e-12,-3.9121e-05,time_stop,0,0,0,73.34,live_higher,hard_stop,0,1,mcap;pool;vol_mcap
2026-08-21,d91af0e5-77b4-4a15-8ddf-31e4fd5d8fc3,5v1atq1djCrKuzjyP77WWcYW177PVQYK3vXAtbBppump,2026-08-21T11:08:07.056125+00:00,5.796514534863641e-08,5.3327933720745504e-08,-0.004,hard_stop,0,1,1,1.75,live_higher,hard_stop,0,1,
2026-08-21,fa516d24-1d21-4a89-903a-0853d2764c5b,DH41yrggcqqpy65A9R19ARndpWDdGiUMe6JfPho2MNcW,2026-08-21T11:00:34.524325+00:00,4.890409816315177e-07,4.890409816315177e-07,0.0,time_stop,0,1,1,-0.32,live_lower,hard_stop,0,1,
2026-08-21,84332c8b-e05c-4779-8a6c-6c0fbe222182,5VyUKkXbp5oR3gyg7vqg3MXVG4Tfxx6sr1otWWmfpump,2026-08-21T11:04:17.426670+00:00,1.7446156706177942e-07,1.6050464169683708e-07,-0.004,hard_stop,0,0,0,0.02,live_higher,hard_stop,0,1,pool
2026-08-21,53d9eee9-0f96-459e-abe3-c241a0c456f9,GAtz44cbjhJMfwgaokhffPuz9bXDB7Cyv1g57KSF4xYU,2026-08-21T11:10:41.438096+00:00,1.520364655073138e-07,3.587562465449465e-07,0.067983618,trailing_stop,1,1,1,-20.49,live_lower,no_exit_within_window,0,,
2026-08-21,90145504-5bac-4c22-834b-ff00447791a7,13EVkomZXvHXgPeKTPyhAhuA3vd6qWQByGuNWxQwpump,2026-08-21T11:10:58.628208+00:00,5.048061949138731e-07,7.051150660522691e-07,0.019840176,trailing_stop,1,0,0,-14.03,live_lower,trailing_stop,1,1,mcap
2026-08-21,e6c4ee3f-30d3-486e-b1af-00fcb4936477,6UrrAdTZYBPi3ZqY6U5L4anTKVa7sT5sotmPxmR2pump,2026-08-21T11:11:40.916822+00:00,6.090506020227612e-08,1.522626505056903e-07,0.075,take_profit,1,1,1,-18.26,live_lower,take_profit,1,1,
2026-08-21,e1cc7919-e588-4138-aae2-00543538ab01,6p2dv9nFfJzXMbDgF2oGBnanbtXrfU31MFLv5TGbMCRL,2026-08-21T11:12:38.036993+00:00,9.023490606690533e-07,8.301611358155291e-07,-0.004,hard_stop,0,0,0,-4.18,live_lower,hard_stop,0,1,mcap
2026-08-21,2e8a5c5e-4bf2-4b4c-b7f0-47eefc87655a,HGW7sxaHGwASHGJkMmB58sTtibuTU3jxpKJQTd7Fpump,2026-08-21T11:11:39.423985+00:00,4.995582102849051e-07,4.595935534621127e-07,-0.004,hard_stop,0,1,1,-1.32,live_lower,hard_stop,0,1,
2026-08-21,d43cc611-c26f-4d68-aa2a-385f45491b9d,4gwvFkVBZw8HwCfCegC9PA43uya7BhQMocQzdJSbpump,2026-08-21T11:14:20.365358+00:00,2.633082396656912e-07,2.4224358049243594e-07,-0.004,hard_stop,0,1,1,57.4,live_higher,hard_stop,0,1,
2026-08-21,5262bfd8-0e14-4ef2-b891-dfd5bca0fb26,Hkk1a8uYSSBGSkgQDtXXkS5gceg7TVmVRbXZWNg7pump,2026-08-21T11:14:38.063315+00:00,1.3139626567841278e-07,1.2088456442413975e-07,-0.004,hard_stop,0,1,1,4.05,live_higher,hard_stop,0,1,
2026-08-21,e789a59a-1e27-4171-bff9-ca6f7a99d279,Lw6nxS9e68nFUog1w97LhPtNWYxrosi1UvmUhtAvzZV,2026-08-21T11:15:28.176980+00:00,2.3830230433776252e-07,2.192381199907415e-07,-0.004,hard_stop,0,0,0,37.57,live_higher,hard_stop,0,1,pool
2026-08-21,f6f68745-01e4-4220-a652-8373ebfa7b8e,9ftH86FFm8w6jsqc1ZJyqZpao3FDHTXYUGj3Bmiopump,2026-08-21T11:15:30.005964+00:00,1.5767472242770173e-07,1.450607446334856e-07,-0.004,hard_stop,0,0,0,436.36,live_higher,hard_stop,0,1,mcap
2026-08-21,2a92fc71-deac-4129-aecb-8813c7ba58e4,AN6fym8k6uyx1dPttmPGza5f8FsqG6jCXfM3BH7xpump,2026-08-21T11:13:40.767547+00:00,4.7551755460556416e-08,1.1887938865139104e-07,0.075,take_profit,1,0,0,-0.85,live_lower,trailing_stop,1,1,mcap
2026-08-21,c4301ecb-4702-423e-a8b3-8bb70aed3b02,DjrSicX5TroQZECLnSh7vko3B4NmaWE1ZhFLhhRipump,2026-08-21T11:16:10.787855+00:00,6.522452397259813e-07,8.48818331891002e-07,0.015068956,trailing_stop,1,0,0,-24.07,live_lower,trailing_stop,1,1,mcap
2026-08-21,890a5b0a-a3cd-4906-b373-7200f5242e56,3L2zaNPuxYY94VUkVb2XSAcvo7VRJDrE13yoHZzXpump,2026-08-21T11:08:01.461505+00:00,2.362757893763778e-07,2.376324980460004e-07,0.000287103,time_stop,1,,,,,,,,
2026-08-21,2aa4cf72-a705-46a2-91b7-e11da7e07760,Eo2DvtiVGW9P4Q6SLvmvec4MFMb9cQXJntggrYWhpump,2026-08-21T11:17:00.716405+00:00,1.165872087713184e-07,1.7225601005108415e-07,0.023874318,trailing_stop,1,1,1,-28.72,live_lower,trailing_stop,1,1,
2026-08-21,19d6d44b-3cf3-4438-b5b9-ed322f61aa38,22TEmBxE6CgmcmkvMJUBGvJTVjV6sdWTCJggg4sVpump,2026-08-21T11:19:33.220730+00:00,5.918506884925887e-08,7.203479401745709e-08,0.010855546,trailing_stop,1,1,1,-5.47,live_lower,trailing_stop,1,1,
2026-08-21,7353320f-f870-4fd8-a044-6a39e9ed01a5,9F74Tm6JhgMgcY4BPsBat6LfyVGhQQWgDzfA21uDpump,2026-08-21T11:11:29.262675+00:00,2.82162357399156e-08,2.7938585104199266e-08,-0.000492005,time_stop,0,0,0,0.21,live_higher,no_exit_within_window,0,,mcap;pool
2026-08-21,c43ef848-78d2-4d1e-ac9e-211f12bf4ec2,J8dZTYRxe2VEy3EWiBhNkQG2oLRqVyNDVTcGnQDZRKa8,2026-08-21T11:15:36.508272+00:00,3.8384936378196955e-07,6.074523617646732e-07,0.029126399,trailing_stop,1,1,1,-0.36,live_lower,trailing_stop,1,1,
2026-08-21,aef9cf7c-d48c-455c-8b6c-4d9c731d75ee,6jQzY4kGQnVxUQte4jcGD4Tu2n7PR7HhBb61PFYpxQah,2026-08-21T11:21:21.930317+00:00,5.055074463568885e-07,4.6506685064833747e-07,-0.004,hard_stop,0,1,1,-4.37,live_lower,hard_stop,0,1,
2026-08-21,78413bd1-ed39-49b5-91c4-c837acb859dd,Ek5Md225mCM6i3K6fkfV2b9ZkUXA8GeH6y1ysL4gpump,2026-08-21T11:20:21.971348+00:00,1.6664011411112909e-07,3.279290970197666e-07,0.048394405,trailing_stop,1,1,1,7.21,live_higher,trailing_stop,1,1,
2026-08-21,0630ad3d-d000-43b4-bb8e-bc956dbcbcf1,9RmQLy2YpNEPm4iqiQq7kkZjTm91jVqvbZeyx4jRpump,2026-08-21T11:22:21.079512+00:00,2.6163303739934025e-07,2.40702394407393e-07,-0.004,hard_stop,0,1,1,-1.81,live_lower,hard_stop,0,1,
2026-08-21,d56822df-ebfe-4c0b-a2e0-82a94db2d63f,A7WwjVxKW2Civomadu3LQ3svCXF4sizXiA9EVek3sjD6,2026-08-21T11:22:55.293237+00:00,1.185536897111272e-07,1.0906939453423703e-07,-0.004,hard_stop,0,1,1,46.34,live_higher,hard_stop,0,1,
2026-08-21,4d6f5df6-58b3-4e37-838c-58e30a2c9c28,7MkRWMi6MgMUXqRMjHH3pQyBuor2ED8X9fZsbpFfbWg2,2026-08-21T11:25:53.297787+00:00,2.87887549273792e-07,3.290946648579727e-07,0.007156808,trailing_stop,1,1,1,-2.53,live_lower,trailing_stop,1,1,
2026-08-21,78a77b2f-6ade-479e-98fd-cf5479d9bb8a,8YdPgFjJE3r7aHWZXw1MFwkr65nudt8AxHxT4G5Q6Tzz,2026-08-21T11:20:44.878616+00:00,8.567062998752414e-07,8.567062998752414e-07,0.0,time_stop,0,0,0,-14.67,live_lower,hard_stop,0,1,mcap
2026-08-21,8ec6745d-cfd0-45c9-aabc-74f20d0b8327,2GEbP9ubNNhLPVurszK38kgFeZzggvPa4bqahvukUMmb,2026-08-21T11:30:30.453598+00:00,5.25432507831028e-07,8.293863164616649e-07,0.028924153,trailing_stop,1,0,0,-38.31,live_lower,trailing_stop,1,1,mcap
2026-08-21,db999cd0-b089-4a9f-b546-bafe6b6f7b5b,J79rQDj2gqpH6z25fNX3983pRDWr68KXyFoArEA9BbYt,2026-08-21T11:31:05.617117+00:00,1.0411639891545453e-07,1.2174036619050624e-07,0.008463589,trailing_stop,1,1,1,0.25,live_higher,trailing_stop,1,1,
2026-08-21,54760c9e-6730-487a-8806-2b7e1d338a34,5YZ2Yb5tn4RExRdshA7bCMB8wa9SR7ro7rBPgCCRpump,2026-08-21T11:31:08.436951+00:00,2.0707527877913023e-07,3.4915496764673246e-07,0.034306289,trailing_stop,1,1,1,-21.39,live_lower,trailing_stop,1,1,
2026-08-21,df747d73-27bc-4979-97fe-63924b7f72b5,5EHZz9Qsw8mC6XpjSTbuZF8ekRqb2q1dx6LmruLBpump,2026-08-21T11:32:40.869455+00:00,7.3635929525233e-08,7.445452630953635e-08,0.000555841,trailing_stop,1,1,1,-5.29,live_lower,hard_stop,0,0,
2026-08-21,396332ad-d7b6-4a84-b5d1-3201f88bdaf4,AXCi8F6fJnKAjbNFfaTixaGVjsFPSyBzTHSrm8Uspump,2026-08-21T11:33:12.573624+00:00,1.2015533390836983e-07,1.1054290719570025e-07,-0.004,hard_stop,0,0,0,-98.92,live_lower,take_profit,1,0,mcap
2026-08-21,e806db90-8447-49f1-88e7-30a8d7b20ead,PvENqjC6EgXEZdHs3MaCHBM5J3i2Ehx81Np7V2xpump,2026-08-21T11:34:26.557924+00:00,1.4198989551861766e-07,3.5497473879654416e-07,0.075,take_profit,1,1,1,-49.66,live_lower,take_profit,1,1,
2026-08-21,04b74401-10f4-44dc-8a07-3acd825fa95b,7MmBHLouVWhEfCxkjbN6Z3BiMgKxdRnQmYtWbBMu1TBy,2026-08-21T11:25:12.302186+00:00,4.884755954593099e-07,4.884755954593099e-07,0.0,time_stop,0,1,1,2.14,live_higher,hard_stop,0,1,
2026-08-21,2cf4948f-e79e-4ddb-9617-97af996dc2ee,HLmwvk9XoNdkHWdLnfgAAYHiU76ALCWkLPD6V2Nhpump,2026-08-21T11:25:28.674793+00:00,0.0005170861103912832,0.0005170861103912832,0.0,time_stop,0,1,1,1.92,live_higher,hard_stop,0,1,
2026-08-21,32aabf88-1568-4625-851c-460cd2b19a65,33b1p3CdzCp2GT7Ety9Gh4ERuzHXxurssNk5Dnuxpump,2026-08-21T11:34:56.227377+00:00,2.1111585146207525e-07,1.9422658334510923e-07,-0.004,hard_stop,0,0,0,-98.86,live_lower,take_profit,1,0,mcap
2026-08-21,14abbd8f-476e-44c7-8fd0-edc023939e35,7WrVNTJR9eU8iEQLw6JxfbfFD4xvG2mq4GLZqVjNwv1Q,2026-08-21T11:26:00.065772+00:00,1.035618981551938e-07,1.035618981551938e-07,0.0,time_stop,0,,,,,,,,
2026-08-21,b6c48cae-4d35-40ab-b8a3-4ce447d6463d,7cApJZADgcgwjM84TaVcnJTXpyvjEYpx8fjvZmmApump,2026-08-21T11:35:51.986310+00:00,2.429372087192639e-07,2.7390347538182037e-07,0.006373307,trailing_stop,1,1,1,15.45,live_higher,hard_stop,0,0,
2026-08-21,d1b9b7e7-8912-4ba3-951d-cbd254981664,991kQE29VRtDoF7WdBV45Hi4n23fYVqPQPqjhmpDpump,2026-08-21T11:37:01.282106+00:00,8.464282136356493e-09,7.787139565447975e-09,-0.004,hard_stop,0,0,0,-43.11,live_lower,hard_stop,0,1,mcap;pool
2026-08-21,355e7a00-d190-4b44-96a9-630c83b0919d,EgGr9faLhgME8C4r2jE97dZsskfXpbmvXcwMEo1epump,2026-08-21T11:36:20.558292+00:00,1.6261643566803773e-07,1.4960712081459472e-07,-0.004,hard_stop,0,1,1,-0.31,live_lower,hard_stop,0,1,
2026-08-21,8071bf24-d3a3-4904-9554-32effa29070b,Bw82E9DKwAWJxAuJjvgYMzDUNnNLSCm9nf7mP9iKpump,2026-08-21T11:37:14.583691+00:00,5.4341333632926894e-08,4.9994026942292747e-08,-0.004,hard_stop,0,0,0,-34.92,live_lower,hard_stop,0,1,pool
2026-08-21,b28c414e-9375-4633-b78f-c2c701a47c9d,3SxrrzGd1muBSpqzqAjEDEdfeYWaxyXJiA39yoqPpump,2026-08-21T11:38:38.611161+00:00,4.194627962381155e-08,3.859057725390663e-08,-0.004,hard_stop,0,0,0,0.3,live_higher,hard_stop,0,1,mcap
2026-08-21,d44bc7b3-438e-4ff3-94f0-7940f30fcac6,MUSKaWQKABxzq9m1veLEWhVPspEZSbLJDo7Rnqobj3v,2026-08-21T11:36:54.853919+00:00,7.987861363567264e-08,7.348832454481883e-08,-0.004,hard_stop,0,1,1,-0.44,live_lower,hard_stop,0,1,
2026-08-21,d74c0794-ecd0-41a5-841b-7baafe8e3f34,85cWHMqBd5ss7KdHHczZrhQwui3zjkemmqpLCmLrpump,2026-08-21T11:39:21.697324+00:00,2.5921303739027393e-07,2.38475994399052e-07,-0.004,hard_stop,0,1,1,1.36,live_higher,trailing_stop,1,0,
2026-08-21,7537eb0f-b4ee-473f-8008-4076a6b7fa57,Bj9qVzgGE5iqy4Ligzm3rXtEpVzgeBNAADTAX81ZY83P,2026-08-21T11:39:56.691484+00:00,7.899877805108635e-07,7.267887580699944e-07,-0.004,hard_stop,0,0,0,14.37,live_higher,hard_stop,0,1,mcap
2026-08-21,5ed5e34d-1419-4957-a745-ed4128d8639b,9zfGFU6Zsx1W6GpTkiK9EMopkMsjSBbTwno3vydcpump,2026-08-21T11:40:12.428036+00:00,1.3434777420138344e-07,1.2359995226527278e-07,-0.004,hard_stop,0,1,1,8.13,live_higher,hard_stop,0,1,
2026-08-21,30eaccec-a68c-4b89-be60-567681ddc5d1,9mELHXqFLxs9ygnT7uKJ7ZwPwU68JvkwPTSLWL5hPSiY,2026-08-21T11:39:46.850170+00:00,4.155573190788066e-07,9.107706795194359e-07,0.059584242,trailing_stop,1,1,1,5.7,live_higher,take_profit,1,1,
2026-08-21,0b2f389b-423b-4806-a365-6d325fd03519,6c2vRRVXWsjXsnJsVCLDWr54s1N7S1kBCtxvfwdTgdYr,2026-08-21T11:40:30.166234+00:00,5.872874978454826e-07,1.4682187446137065e-06,0.075,take_profit,1,0,0,0.45,live_higher,take_profit,1,1,mcap
2026-08-21,e85ba6e3-dd61-4ad3-9218-18464937e0f4,DVF6Edxke2aSnB7CwPoPUKmCSAXNRrQaBpg3D89Dpump,2026-08-21T11:41:44.480755+00:00,1.2156844914767472e-07,2.8855772688778714e-07,0.068681175,trailing_stop,1,1,1,-28.01,live_lower,trailing_stop,1,1,
2026-08-21,20aa5b36-9ae6-43de-a009-0dc9e8ae38f4,8NCFjGUpKGMt5161b4qF7vqoB4VGQfRmRiMosh6hpump,2026-08-21T11:37:02.037266+00:00,6.0623636928489004e-09,6.0493530953916736e-09,-0.000107306,time_stop,0,0,0,0.2,live_higher,no_exit_within_window,0,,mcap;pool
2026-08-21,8911372c-98dd-4e4d-8621-1ca42770683e,6agB1ctmyizrkQTXKW4pjNSxUN41sepRaYKhp8Qjpump,2026-08-21T11:37:38.352743+00:00,2.8594847068419768e-08,2.8377761944872007e-08,-0.000379588,time_stop,0,0,0,-0.45,live_lower,no_exit_within_window,0,,mcap;pool
2026-08-21,37735a61-2d6f-4ed1-bd5e-0f0a14674b1e,651SJqAH3ahRLPrmbfj2BjkXd7zeUNAZwQyrkbUzpump,2026-08-21T11:47:31.343705+00:00,5.696137082909198e-08,5.240446116276462e-08,-0.004,hard_stop,0,0,0,69.44,live_higher,hard_stop,0,1,mcap
2026-08-21,f3089ed8-5cb8-422e-9f3a-847d26be1dd6,Cfjrefjc62TzrH3tnDrxxvhMnSFa5fYcbfB9VUVbpump,2026-08-21T11:48:13.405852+00:00,7.51685655533152e-08,6.915508030904997e-08,-0.004,hard_stop,0,1,1,19.87,live_higher,hard_stop,0,1,
2026-08-21,889b4243-619e-4cc7-b746-737c3c3800dc,2gWZGDraVdu4nbTD6GvEBHcJTEMR2rEU72acYeCWpump,2026-08-21T11:49:25.157222+00:00,7.605796749247576e-08,6.99733300930777e-08,-0.004,hard_stop,0,1,1,-8.18,live_lower,hard_stop,0,1,
2026-08-21,0ad5bbec-823c-4c8d-a0f9-328f93593cd6,FdSsZfjDxKCo18sGfDw7PhcvT7P1wmm3MhH9CQptpump,2026-08-21T11:49:36.399841+00:00,3.3148093502361624e-07,3.594065269889252e-07,0.004212247,trailing_stop,1,1,1,-2.18,live_lower,trailing_stop,1,1,
2026-08-21,c7174f3a-aeb5-4fef-90bd-06b8a7e7f6dc,GYRyEHxgov3VRUaFVTEwaeCAjPgSXcU5W7ZGa8Cqpump,2026-08-21T11:40:38.763295+00:00,2.833243506949273e-08,2.8423637121794464e-08,0.00016095,time_stop,1,,,,,,,,
2026-08-21,55b01c01-b56b-4dd3-8ae0-ed4a632662ee,HABtzKusmhX1T6LGRD5Rs6mAU6HjKq4CBNBSzX2Qpump,2026-08-21T11:50:05.984136+00:00,8.49241013551459e-08,7.813017324673423e-08,-0.004,hard_stop,0,1,1,-2.37,live_lower,no_exit_within_window,0,,
2026-08-21,f6e0aaf8-16ed-4323-968c-6aec6b160901,EPmKwdXdkK7WhNxkiSgW9Jze6YTHh6kU9ZjAVDfrpump,2026-08-21T11:52:17.547480+00:00,8.58677093236078e-08,9.168549893042653e-08,0.003387647,trailing_stop,1,1,1,-5.05,live_lower,no_exit_within_window,0,,
2026-08-21,2e18e58d-d22f-450b-838e-76a15ab8eeff,WKLUwh52UaAktCKwyCZZWL1PvRim4qnksD46nc9hTj4,2026-08-21T11:43:22.013076+00:00,2.8038369746844968e-08,2.800247025631419e-08,-6.4019e-05,time_stop,0,,,,,,,,
2026-08-21,0a2cc5f7-aa65-488f-ba5c-da983c56bc86,DdTReengF2y1RvRYy7u6jgec1BXZfqK1zf3JEtCrG1vg,2026-08-21T11:52:42.268516+00:00,8.974706434671958e-08,9.860345740967315e-08,0.004934085,trailing_stop,1,1,1,-5.67,live_lower,trailing_stop,1,1,
2026-08-21,374120cd-d3e0-461e-9317-6300b40af4da,8MeVVKh3J1wX1c5PvzMbNMzX62v162PHHTo4Cm1Bnm3e,2026-08-21T11:44:00.898869+00:00,1.2960803176628829e-11,1.2960803176628829e-11,0.0,time_stop,0,0,0,42.13,live_higher,hard_stop,0,1,mcap;pool;vol_mcap
2026-08-21,c8e710c0-1686-4734-b1c6-766189093387,CxKE22frEm36nZETsrnds8jZJuf9UMsgXa7S3BRcpump,2026-08-21T11:53:48.219712+00:00,6.49787415453415e-08,5.97804422217142e-08,-0.004,hard_stop,0,0,0,25.53,live_higher,hard_stop,0,1,mcap
2026-08-21,73dd0ca5-b753-44c6-b2bf-e3c8673e20ad,2Sg2FJqG6Cnf736cgbXuhZdoDsMjyfsCLK4ZL1aipump,2026-08-21T11:55:26.528563+00:00,5.667281128108104e-08,1.416820282027026e-07,0.075,take_profit,1,0,0,-53.42,live_lower,hard_stop,0,0,pool
2026-08-21,abc89750-05c7-46d7-acd2-46e8dcfc8a5f,G4Z4Mj8xZE4RfzBwu9tmmCwphTJtkd4e9XRSJ1qQNcsb,2026-08-21T11:56:14.810938+00:00,1.426279883304687e-07,1.312177492640312e-07,-0.004,hard_stop,0,1,1,4.97,live_higher,hard_stop,0,1,
2026-08-21,9c1cba04-175b-40ff-95c5-81b11a1aaba5,F91Nn9VSkKeHZbZstfiibpcvUaLujiFsynDgAkrRpump,2026-08-21T11:53:13.467006+00:00,7.675959689890282e-08,1.287890235959247e-07,0.033891154,trailing_stop,1,0,0,-98.89,live_lower,take_profit,1,1,mcap
2026-08-21,82ba8b03-e6ec-4eff-aa9d-4e32ba9f9526,u1N9Dyro9L8TQRwLyXvMH7Z4cxJiqLmFpeXuACNmoon,2026-08-21T11:50:45.619306+00:00,3.568440727182518e-07,3.6406971239706037e-07,0.001012437,time_stop,1,0,0,-98.89,live_lower,take_profit,1,1,mcap;buy_sell
2026-08-21,24c0d548-b0cb-4c03-957e-08462193b4f5,8XWqsiHe7CsKwg8P973uPoJQvjYmqitBHgmFQzGTEq4b,2026-08-21T11:57:44.823829+00:00,3.8050744117881807e-07,9.512686029470452e-07,0.075,take_profit,1,1,1,-2.7,live_lower,take_profit,1,1,
2026-08-21,4293a1b2-2ea2-48f9-963e-b19e64dabb0b,JB3vCYnURZJipkHox1YZ2wU427NibpoKW874Kanrpump,2026-08-21T12:01:38.478685+00:00,1.3367862442857085e-07,1.229843344742852e-07,-0.004,hard_stop,0,1,1,12.66,live_higher,hard_stop,0,1,
2026-08-21,9b8e1cd3-cf0f-4964-b8ff-64700bc165e6,E2Vf6FnxHduF9SSN6MqYmXci2RDyVdrXLtMFXFP5TvTu,2026-08-21T12:03:36.361426+00:00,4.770898195995658e-07,4.3892263403160056e-07,-0.004,hard_stop,0,1,1,-4.51,live_lower,hard_stop,0,1,
2026-08-21,ca1a867d-bc24-4760-97fe-b8ef9e519781,4RV5SDdDGrMLGUu5m5GNdTHfejTKTgUb1BWdRxoNpump,2026-08-21T12:04:10.038000+00:00,5.602560582341311e-08,6.055398889662303e-08,0.004041351,trailing_stop,1,0,0,32.96,live_higher,hard_stop,0,0,mcap
2026-08-21,d8618859-4165-4a1d-a68d-95f7fa14bc7e,7RxY5aTchjq5SUdSWuCeBUEDeN3teFHyLTg5sRA6pump,2026-08-21T11:55:44.096905+00:00,2.8315153130306852e-08,2.8022045445607456e-08,-0.000517581,time_stop,0,0,0,0.1,live_higher,no_exit_within_window,0,,mcap;pool
2026-08-21,7aa094cc-893e-4d6f-8e4f-ede47b35a521,DVGEKqfssGUT2zowFZGMK58GYdT8jYpKLeqjdX6L6tm5,2026-08-21T11:57:00.534583+00:00,1.0956858172082509e-07,1.0956858172082509e-07,0.0,time_stop,0,1,1,-0.6,live_lower,no_exit_within_window,0,,
2026-08-21,3de514e7-2b83-4982-af43-49444f5ef201,7WEiXU16aq6di93btqZUw5FYkyB3zmszJDdiBaBWpump,2026-08-21T11:57:28.195262+00:00,0.0010015276896100389,0.0010994628159822404,0.004889287,time_stop,1,0,0,1.32,live_higher,no_exit_within_window,0,,mcap
2026-08-21,1438f72c-dc4e-49a6-a01e-a5cf755fa483,HufqvWkLi4LdmfjbegWkzQcNjBsQnP9knwt7JihKpump,2026-08-21T12:07:37.335660+00:00,7.061928585154006e-08,6.496974298341685e-08,-0.004,hard_stop,0,1,1,2.02,live_higher,hard_stop,0,1,
2026-08-21,3f9b8c97-a79b-413b-a870-cb7e472b6fa0,BduRuK6DAHvWh26f3PNQ7KQxZ43pwvEAk7Xc4U89pump,2026-08-21T12:07:52.928071+00:00,6.86205370984187e-08,6.31308941305452e-08,-0.004,hard_stop,0,1,1,-4.33,live_lower,trailing_stop,1,0,
2026-08-21,346568f1-d6ac-4063-a460-c7ddffc74931,DaS2wsxDSGm7xbMPvTrRVgYiN5wqfht4XDytjgcjCGsd,2026-08-21T12:09:21.323629+00:00,6.464143734990259e-07,7.627580735585711e-07,0.008999158,trailing_stop,1,0,0,-5.44,live_lower,hard_stop,0,0,mcap
2026-08-21,f1ac8e8b-b7b0-4e07-8a06-d80ef16f8ca2,8gD1QsEcK2vHNgpEKydr75acDq1nrdp4YgH5bNgwpump,2026-08-21T12:09:09.709598+00:00,3.500666647758899e-08,5.5568769929789617e-08,0.02936884,trailing_stop,1,0,0,-0.54,live_lower,trailing_stop,1,1,mcap;pool
2026-08-21,6977eb64-621b-4427-ba5a-440386ada4cb,9JCPvHsMgCZCAJsx5bVdHkA3RiknFphBBVwWsdJZFBDb,2026-08-21T12:11:06.579059+00:00,7.020898803199786e-08,6.459226898943804e-08,-0.004,hard_stop,0,0,0,0.2,live_higher,no_exit_within_window,0,,pool;volume;vol_mcap;buy_sell;score
2026-08-21,4d9665c6-cb55-4444-9880-d3b59c19219b,6c56oRu9YzmnEUhvUawv5c4ijwDQVVWqqqm7dZZ1BWaS,2026-08-21T12:12:15.433093+00:00,4.09501027956006e-07,3.7674094571952554e-07,-0.004,hard_stop,0,1,1,18.24,live_higher,hard_stop,0,1,
2026-08-21,0518798a-72c1-4628-bf22-7a88559d8585,GowpyeQ44PYXfScJgESPKYKTnXh8XF25d9VwhL7hpump,2026-08-21T12:12:43.986607+00:00,8.787167391804835e-08,8.084194000460448e-08,-0.004,hard_stop,0,1,1,8.09,live_higher,hard_stop,0,1,
2026-08-21,e5b5cd24-dfb2-4f80-8f46-8d867b99b9bd,DXtSuCQPNzqYUpAmp7YrvRwGEvSZJbiPEajRHJeBpump,2026-08-21T12:13:29.528892+00:00,9.715024364401694e-08,1.0473240389283985e-07,0.003902286,trailing_stop,1,1,1,-9.17,live_lower,trailing_stop,1,1,
2026-08-21,72d40d8d-6fc1-4db5-be2a-43d6d3b2b23f,FgWp8AVf3742uNk2HjrcrCR6gSm5sK3dcjdNGEFYpump,2026-08-21T12:12:53.553579+00:00,4.8758699058881615e-08,4.4858003134171086e-08,-0.004,hard_stop,0,0,0,-5.58,live_lower,trailing_stop,1,0,mcap
2026-08-21,1e979415-a6f5-4b56-a13c-dfec949b51fe,9WF79fAfL7nTkWUevn1U4HwfSyXJLmjsXzymnKH3jZzW,2026-08-21T12:05:49.073067+00:00,5.366702979456705e-07,5.366702979456705e-07,0.0,time_stop,0,1,1,4.02,live_higher,no_exit_within_window,0,,
2026-08-21,d79e47c6-77cb-41bb-8e29-cef981b438cc,14SCsgAcSJd56mxZ6pzb4NEukW1o6kMwZ3eDjxG9pump,2026-08-21T12:15:41.860516+00:00,1.47280105397475e-07,1.35497696965677e-07,-0.004,hard_stop,0,1,1,-0.39,live_lower,hard_stop,0,1,
2026-08-21,69042d35-574b-412a-a0fd-ed3af85ba541,HaMDjzAMPhVsJ1shScdyFe2xbenFWnD7VsSknWYNcQA1,2026-08-21T12:16:07.616725+00:00,4.5093760192373085e-07,7.221616138839515e-07,0.030073342,trailing_stop,1,1,1,-14.41,live_lower,trailing_stop,1,1,
2026-08-21,b77e3fe4-08e7-42ba-b932-1a44dae985a0,GqC4PNf1XxtdfbmpvU6aFKGBjMe5hW5bFzgAP8pWpump,2026-08-21T12:17:03.885146+00:00,1.8909591606552078e-07,1.7396824278027912e-07,-0.004,hard_stop,0,0,0,0.24,live_higher,hard_stop,0,1,pool
2026-08-21,5b3d915a-0749-48f8-9c73-aa629b05566b,6VTduCit8TuG6jiepAmAAiM6xYRLCJEihtsqGktRpump,2026-08-21T12:20:05.468685+00:00,4.808440479767407e-08,4.423765241386015e-08,-0.004,hard_stop,0,0,0,-5.56,live_lower,hard_stop,0,1,mcap
2026-08-21,b9266f27-33e5-4935-bfff-212fb112f4ec,vipamuEWMge6VhQqJkaDqTHiZBRApUbYmZaaECEjo7y,2026-08-21T12:17:52.600525+00:00,9.643941008413806e-08,1.4927344358224892e-07,0.027392346,trailing_stop,1,1,1,2.35,live_higher,trailing_stop,1,1,
2026-08-21,c0cd1a6f-6f2a-4e50-b00e-1b9d083cbaad,7qM6BAu4m8GTGsGeQgHxE2XQrqAeYzLw95EjJCGbpump,2026-08-21T12:20:17.014899+00:00,1.1187533802445233e-07,1.0292531098249615e-07,-0.004,hard_stop,0,1,1,1.29,live_higher,hard_stop,0,1,
2026-08-21,0b25d878-2804-4085-b376-7307a2b0edaf,23NEhb9sY6wqyvBcVEB9jBVPoLcdJARUvfKjzDgBNeBf,2026-08-21T12:21:19.823770+00:00,1.5298548827254417e-07,1.593333990328902e-07,0.002074677,trailing_stop,1,1,1,-18.36,live_lower,trailing_stop,1,1,
2026-08-21,fb4e6c0e-49d0-4e26-86a1-3e1cc8e76557,9HC9pchPikhAg5CuQxiUFexJe89G8MBfPw4Xx3DLpump,2026-08-21T12:24:18.143886+00:00,2.7717193399787587e-07,2.549981792780458e-07,-0.004,hard_stop,0,1,1,-2.93,live_lower,trailing_stop,1,0,
2026-08-21,038a252f-fe1b-4ea0-aeed-651c5871d8d7,FJ9XaLoy4UTzfooJVGeCBy8TaJHxXvhrEcv9WbEdv35z,2026-08-21T12:23:49.912885+00:00,6.273780218352844e-07,1.568445054588211e-06,0.075,take_profit,1,0,0,0.38,live_higher,trailing_stop,1,1,mcap
2026-08-21,5d7b7388-11ee-47de-8370-eeb58bc73534,GMgMWiH7ihKNFpUNZp6VaQKM9foppxfsJ6fBYKgDpump,2026-08-21T12:24:29.650341+00:00,1.0087589832514523e-07,1.624513207457519e-07,0.030520384,trailing_stop,1,1,1,-4.98,live_lower,trailing_stop,1,1,
2026-08-21,5aff114e-75b2-4f74-9cae-e5c40493a434,6hYoq9E2YN1GNoqtU6AQ78gyKCwZEACc1XKHBaRpump,2026-08-21T12:24:14.526821+00:00,4.857487525600687e-08,6.475619817900366e-08,0.016656062,trailing_stop,1,0,0,-2.3,live_lower,hard_stop,0,0,mcap
2026-08-21,d58d21cc-3c7b-4045-94b4-48cbd6dd387f,C2owGoeyEwqxC8uk8JK3B3PzgBxm2CRN8W6kNswa9SDz,2026-08-21T12:27:54.655556+00:00,1.1570183755872763e-07,1.0644569055402943e-07,-0.004,hard_stop,0,1,1,7.12,live_higher,no_exit_within_window,0,,
2026-08-21,34beb7c1-f3a9-43dd-a262-af792ce94534,2QmxTG6RTGPnU3TzRsMWwM3MUvQ88zFi18p9cvUbpump,2026-08-21T12:26:56.433269+00:00,6.013655395432335e-08,1.5034138488580837e-07,0.075,take_profit,1,1,1,1.95,live_higher,trailing_stop,1,1,
2026-08-21,d036ea13-c1c0-404b-820d-229c17e8b268,jCcwvTUGCAv9YxdivmNfRnJrawbMVUD49QanFMfpump,2026-08-21T12:30:36.811716+00:00,1.6117570095849238e-07,2.0459431130357383e-07,0.013469341,trailing_stop,1,1,1,-12.42,live_lower,trailing_stop,1,1,
2026-08-21,dcfe167c-698c-4ffd-ac6e-f9bf9d8507fb,WTDgokoTvaGNQ9JMnD8wN6FTq1QkoLaZWja8ieNoSGK,2026-08-21T12:31:14.701757+00:00,1.0029701742706605e-07,1.1340816967207781e-07,0.006536163,trailing_stop,1,1,1,-3.3,live_lower,trailing_stop,1,1,
2026-08-21,60b89530-e20b-4927-8132-556c623916fe,7EJEtUeAVM3mskqDJmufv3yqx3JjxAggUWPT3seuKWAk,2026-08-21T12:31:46.178911+00:00,4.44935482582974e-07,4.905208529253492e-07,0.005122694,trailing_stop,1,1,1,1.12,live_higher,trailing_stop,1,1,
2026-08-21,90db6630-5b3e-4704-9a7f-367c6d506698,FAnGfkR5KiQ1Wk5VE81k3dvRKTkvQB8MpxXkJvTpAne8,2026-08-21T12:31:15.421573+00:00,1.2852893145656859e-07,1.411394182713503e-07,0.0049057,trailing_stop,1,1,1,3.44,live_higher,trailing_stop,1,1,
2026-08-21,7f52f8f8-8868-4fa5-9092-0958db03ba34,89mLd5fkoPJxoKe2zVaKjHiGhevRJtmabUtkaRvXSMts,2026-08-21T12:32:56.634222+00:00,1.4979814528048155e-06,2.760071565986096e-06,0.04212636,trailing_stop,1,0,0,-8.5,live_lower,trailing_stop,1,1,mcap
2026-08-21,f885df30-eea2-4e09-9b4d-0ce88772ecae,D2hem8doAGgvW37PmgCtdnmtGVAm5GsjGT53D3CWpump,2026-08-21T12:35:17.672913+00:00,6.181239241801026e-08,5.686740102456944e-08,-0.004,hard_stop,0,1,1,3.8,live_higher,hard_stop,0,1,
2026-08-21,cf9cc8f0-9f0d-485c-9b57-73b9cc309d96,BMd1BQxpSncrnJTWKt7dr2W9dDrWVtRb4kGvw72n132i,2026-08-21T12:35:16.004986+00:00,1.3118504950607644e-07,1.4636809116956757e-07,0.00578688,trailing_stop,1,1,1,-3.87,live_lower,take_profit,1,1,
2026-08-21,0dd7a368-2d09-4f16-94e6-2b3f378f3b44,AiDrXoQcZLLUiLA5BsBxjP41KR3DWpfF6enSJgUBahvA,2026-08-21T12:28:52.447207+00:00,1.3257921052812635e-07,3.3144802632031584e-07,0.075,take_profit,1,1,1,2.79,live_higher,take_profit,1,1,
2026-08-21,d1d8fd19-5042-478b-bc7f-821aa6269a70,38kTPdKjn2ANLjVTGK2Ur4H9oVZ3vmJe3xLp7GbUpump,2026-08-21T12:27:27.034062+00:00,6.571833518442903e-08,6.503858730830898e-08,-0.000517168,time_stop,0,0,0,0.05,live_higher,time_stop,0,1,volume
2026-08-21,760890e4-f4a8-42f7-97f1-f632f1bdb07f,9y57U6YRuz1bYumwaSWLz2wKxgwRRxahL6sjUzEwpump,2026-08-21T12:36:18.177774+00:00,2.2612270305653701e-07,2.0803288681201407e-07,-0.004,hard_stop,0,1,1,-0.32,live_lower,hard_stop,0,1,
2026-08-21,2bffe04a-88da-443d-85e3-2a8a57873ff3,91zMb39r6WjW2i8hHEWrtGH4fEDCDpDzXAwk2qiF1YV6,2026-08-21T12:38:31.540419+00:00,9.91759948650258e-08,1.334165792323313e-07,0.017262536,trailing_stop,1,1,1,18.72,live_higher,hard_stop,0,0,
2026-08-21,08db0a97-26a2-4fc3-9df2-4eded03962f9,qKY3DdNVjksH93bi9TZfDtSQnyjt3iAP9Lh8Djfjyof,2026-08-21T12:38:45.147667+00:00,2.227107277652977e-07,2.587341632268738e-07,0.008087494,trailing_stop,1,1,1,0.22,live_higher,trailing_stop,1,1,
2026-08-21,067c9b83-ed8c-48d5-85ee-94af3c8bd192,6HUzHhD9rAMeJSvoiV5ofzCKdbxMjufTU6DsLjCyG8MQ,2026-08-21T12:32:58.160281+00:00,2.5552681389964417e-07,2.718177607400593e-07,0.003187718,time_stop,1,1,1,-1.6,live_lower,time_stop,1,1,
2026-08-21,42635eb7-e6dd-48fa-8012-a0abf6cf500b,Mk646Y3BYemNVftZ6jUjsLnqVC1GF99JHMR7v4Fpump,2026-08-21T12:38:29.994544+00:00,2.8345086385149783e-08,2.7890780478842556e-08,-0.000801384,time_stop,0,0,0,0.62,live_higher,no_exit_within_window,0,,mcap;pool
2026-08-21,a515c840-00f2-4192-b15f-cfff7a386a7e,8mspc7q27gSZowWzTNibofNDnpEnitnLf7LA3tHmpump,2026-08-21T12:38:52.010811+00:00,5.650182322536499e-08,5.632106656432507e-08,-0.000159956,time_stop,0,,,,,,,,
2026-08-21,e4e9d136-e532-465f-818a-a9f086daeaba,8etQswFeKi3VB3HfCbww5mbUFFDd9P2V2Mqgbixkpump,2026-08-21T12:40:19.328584+00:00,0.000989877189220202,0.000989877189220202,0.0,time_stop,0,0,0,-0.65,live_lower,trailing_stop,1,0,mcap
2026-08-21,556f22e3-6be0-4475-9e9f-e5661f8fb340,CtqNmDhzLFmrt5yCpGTD8NdetKDb7iTU3dLnYwnSMqzj,2026-08-21T12:49:57.706293+00:00,1.1667722583999404e-07,1.2901870212490507e-07,0.005288725,trailing_stop,1,1,1,-2.39,live_lower,no_exit_within_window,0,,
2026-08-21,e269d641-dacc-4369-885d-ede78fddbb19,7zhLnSVfEw4zU6rPWfnzhtbgvpMYCqjtv4fuZEGpxLdo,2026-08-21T12:41:23.591381+00:00,1.2443872788803274e-07,1.7769904662301668e-07,0.021400218,trailing_stop,1,1,1,-0.53,live_lower,trailing_stop,1,1,
2026-08-21,f0e6758e-7a7b-41c4-83c8-71d63b190a6e,E1ibe1E7peHjtWfKUm4oyGJctLT6BQB4381uQS2GdSiC,2026-08-21T12:51:59.533659+00:00,5.190113380896029e-08,4.774904310424347e-08,-0.004,hard_stop,0,0,0,4.28,live_higher,hard_stop,0,1,mcap
2026-08-21,52fae837-c5e3-4852-91fe-d0cdeecd56c2,47GG2ynF34kCayM4CxXEHcbgtWJDgi5N2RAPvVKoqUEM,2026-08-21T12:52:18.179039+00:00,1.5739127724009536e-07,1.6657702520529718e-07,0.002918125,trailing_stop,1,1,1,-5.06,live_lower,trailing_stop,1,1,
2026-08-21,0b9ab601-ab9e-45ee-b2e8-ab773b1253d0,8oJLMFuhnQ1jNXY5Ku9Jr5PBFtDdnkeRq71rxfx8pump,2026-08-21T12:43:16.821240+00:00,2.96738791218736e-08,2.9035289986283067e-08,-0.001076012,time_stop,0,0,0,0.0,live_higher,no_exit_within_window,0,,mcap;pool
2026-08-21,bf3e01d7-1471-4a10-bba6-45b1b1fc990f,9QFxq4ZA88Ypc3Y6VyTESUuDDB69X3KX7uixUmy42Yca,2026-08-21T12:53:19.712176+00:00,4.769351640428247e-07,4.3878035091939875e-07,-0.004,hard_stop,0,1,1,-5.38,live_lower,hard_stop,0,1,
2026-08-21,d2ae822e-9671-4da5-a983-2a468438addf,GjocMpcKaJXh7YmA1CmjwCheLA62zVSHWK4ohAZxpump,2026-08-21T12:51:43.471971+00:00,1.4925489397719963e-07,1.3731450245902367e-07,-0.004,hard_stop,0,1,1,4.1,live_higher,hard_stop,0,1,
2026-08-21,fb0b1acf-582f-4dd6-986b-394eedcc1395,8w7vgE5wHR8sJSg1RaHPPYG2RbYjpya2DrrCLkd8N7MS,2026-08-21T12:53:12.023082+00:00,8.412364842487669e-08,1.129579077236847e-07,0.017138022,trailing_stop,1,1,1,2.31,live_higher,trailing_stop,1,1,
2026-08-21,97efc56b-42f6-4703-9521-6d7dfbb7bb6a,GZPxrfSi3dQCPVmZhrjtwxyAtbQ9tUDCNKL5zyipump,2026-08-21T12:53:58.752313+00:00,1.315258651947098e-07,1.2100379597913302e-07,-0.004,hard_stop,0,1,1,11.51,live_higher,hard_stop,0,1,
2026-08-21,6349dfaa-5e93-4d99-af90-414bce7844ea,Goiywqt5qC91D6oJPs9LvDZLm7gXABMuwP4XRTw3pump,2026-08-21T12:54:15.915950+00:00,8.037210495321125e-08,7.394233655695435e-08,-0.004,hard_stop,0,1,1,1.85,live_higher,no_exit_within_window,0,,
2026-08-21,d435e503-3efd-4c58-851e-dde192d35cb5,GnsjHXTaGPBWPKEcFKXeTgiEbh8bzqkuUd9Ss3a8UPCP,2026-08-21T12:48:58.781490+00:00,1.253636259866675e-07,3.134090649666687e-07,0.075,take_profit,1,1,1,-0.34,live_lower,take_profit,1,1,
2026-08-21,29748cc3-5e7e-4a87-995e-562eef371377,3QoaoBnnr8pfcDdbJNTo3Bjx9gdK1fRNFcMihU6FiNv8,2026-08-21T12:56:33.031058+00:00,5.057539539713886e-07,4.652936376536776e-07,-0.004,hard_stop,0,0,0,-39.66,live_lower,hard_stop,0,1,mcap
2026-08-21,52ea461d-1291-479d-8c90-69f4b8ab04d7,DJ5xsvTrGuRyEgXA9g5BMJawD87N9RybFjaBAwQypump,2026-08-21T12:58:01.351670+00:00,9.798547358705292e-10,9.014663570008869e-10,-0.004,hard_stop,0,0,0,-6.77,live_lower,hard_stop,0,1,mcap;pool
2026-08-21,40f8da52-5ad1-4dbc-98f7-a317e1a65c73,7n28puZfW6qg9A7d9tJ1c2FkADxqwinQQM3sFDK6pump,2026-08-21T12:59:08.309869+00:00,3.199537691855928e-08,2.9435746765074537e-08,-0.004,hard_stop,0,0,0,-0.16,live_lower,hard_stop,0,1,mcap;pool
2026-08-21,99fc6155-5644-41db-a8d9-36d5bff58541,A8NCZejAZtRqYwSj7XQTnHRLbezNEY3uhcg1ND5Xpump,2026-08-21T13:00:18.750424+00:00,6.772492919456598e-08,6.23069348590007e-08,-0.004,hard_stop,0,1,1,0.73,live_higher,hard_stop,0,1,
2026-08-21,c36aa2eb-0bad-4e44-9907-7bb13007d133,9Pf7HGJvYKMJoSDFAxeXCosrNpSA9BDxeYARisDZpump,2026-08-21T12:54:01.292931+00:00,0.0007299676487955248,0.000817003700654426,0.005961638,trailing_stop,1,0,0,-0.75,live_lower,no_exit_within_window,0,,mcap
2026-08-21,ab96d6a5-ac47-4b67-aefb-34de91129e6f,65zGHv8sKGKQswG4Ne2djMnN1cCTmJFXyqd9pQo3jbzC,2026-08-21T13:01:42.017367+00:00,1.0673791256259106e-07,1.2910979956094027e-07,0.010479822,trailing_stop,1,1,1,1.29,live_higher,trailing_stop,1,1,
2026-08-21,a7eed4bc-2f86-4f64-a9e7-b9a0bde9974d,87LhKpiWjeoVHw52pUNG3fP8GpdP2uhYwv45MCaWBUHh,2026-08-21T12:54:16.712436+00:00,4.930639307942275e-07,8.179193480924424e-07,0.032942525,time_stop,1,1,1,0.17,live_higher,time_stop,1,1,
2026-08-21,db5d163f-67f0-49aa-a777-07a0b4750e0b,99nAevdnFjNHerStZ3NGEtHGNQsy2srQmsDeojT1pCdf,2026-08-21T12:54:43.270345+00:00,1.2057153798838537e-07,1.2057153798838537e-07,0.0,time_stop,0,1,1,-45.55,live_lower,no_exit_within_window,0,,
2026-08-21,c1f3a1b2-4eb1-46de-9c8b-7f8063322a4c,AWDV4pkkQXmRdEj81kVdDT5ANVzWQ5HnxjUgEek6XKnr,2026-08-21T12:55:41.994819+00:00,5.659488730513648e-07,8.23589551592327e-07,0.022761833,trailing_stop,1,0,0,-0.21,live_lower,trailing_stop,1,1,mcap
2026-08-21,a1580c80-63b0-4401-8663-55dd4a2aa512,6Xmhcoz3ZFy5rotfwqFeMSqRC3syrL9xQUERqQsdpump,2026-08-21T13:06:10.116092+00:00,6.235858333769417e-08,5.736989667067864e-08,-0.004,hard_stop,0,1,1,-8.64,live_lower,hard_stop,0,1,
2026-08-21,3eff397c-67c9-43fb-87e4-465a29b4ca35,8xbg5TvRCbsDjzLzoRTMXzk5UswxCf2azbi4atxPpump,2026-08-21T13:07:30.184828+00:00,6.162939717956998e-08,5.6699045405204384e-08,-0.004,hard_stop,0,0,0,36.03,live_higher,hard_stop,0,1,mcap
2026-08-21,0b60e8ad-3d75-4eb8-9c2c-a9cc7ba83624,2Chm7zmbLR8KsJ5wXxNvfRL2bC4aP17S8KjbAm5QpnPS,2026-08-21T13:06:52.830537+00:00,2.0711466033120597e-07,2.1432681258473177e-07,0.001741101,trailing_stop,1,1,1,0.01,live_higher,trailing_stop,1,1,
2026-08-21,f646fbd7-5048-48ef-b54f-d79f9757606a,HYSbyKq9yVnDEYZeghQHJeJCjsd12wrSy5sxPEwTVsDp,2026-08-21T13:07:07.467282+00:00,4.585124901489032e-07,7.731662524040234e-07,0.034312453,trailing_stop,1,1,1,4.97,live_higher,trailing_stop,1,1,
2026-08-21,17b5d95e-609c-4dec-97f2-cae517f42f94,9sJVUmycvMF7e4W4GRMVHu8NRDiphx8Jaf5N7w7npump,2026-08-21T13:08:19.057293+00:00,1.0420399352560788e-07,9.586767404355926e-08,-0.004,hard_stop,0,1,1,2.51,live_higher,hard_stop,0,1,
2026-08-21,9c4c4d1d-697a-4cfe-8a0d-8e731b67f942,4ehux52MKr2YKVsQRDmytqCPXcLWar6J8GM3HvXCpump,2026-08-21T13:08:30.649526+00:00,2.365350739382396e-07,3.1915129112127105e-07,0.017463841,trailing_stop,1,1,1,-2.6,live_lower,trailing_stop,1,1,
2026-08-21,fc7f00cd-c33f-4547-a338-2a0cc93a5a3c,7KVCdSm21bNzGQpHJLQKei2YeLaH6qV4eSuULdLNpump,2026-08-21T13:10:10.693754+00:00,2.1703973526220157e-07,2.6792429871849666e-07,0.011722407,trailing_stop,1,1,1,7.1,live_higher,trailing_stop,1,1,
2026-08-21,0a6e1489-3371-467b-b256-d25dc2e8d985,49C3LBTiUiknAYZswLnDWdJBxzng4QRHSxmtpzFkpump,2026-08-21T13:02:22.077396+00:00,2.8252689812144347e-08,3.022541551761292e-08,0.003491218,trailing_stop,1,0,0,0.42,live_higher,no_exit_within_window,0,,mcap;pool
2026-08-21,d60c75e6-13b9-449d-a136-088d8f29a585,HpkoaAsXJDu6j4mF8iLRJmh2Y1PyjGFcvaxiqhuspump,2026-08-21T13:11:35.341192+00:00,3.874739569514881e-08,4.701109371140175e-08,0.010663553,trailing_stop,1,0,0,5.3,live_higher,trailing_stop,1,1,mcap
2026-08-21,1fa69396-9435-455f-b1fc-c2ec6e7602db,ELXhcizN24dj7kZG9ivioHfpiKPVHJRPWaVyVikJo7r9,2026-08-21T13:09:26.962917+00:00,1.105267697958968e-07,1.2816958474159015e-07,0.007981241,trailing_stop,1,1,1,-0.58,live_lower,trailing_stop,1,1,
2026-08-21,7bd4ce7f-b147-4d4d-a70b-9ad579547c91,6hLSeHMxRjumxmVjyttD9GSoEqugPvpBLkxFhvkDpump,2026-08-21T13:06:21.234114+00:00,2.8857583818342468e-08,2.8712418858468968e-08,-0.00025152,time_stop,0,0,0,-0.13,live_lower,no_exit_within_window,0,,mcap;pool
2026-08-21,48773a70-be01-4dab-b701-6c5d7d5ae673,8iGkf9TcUxu3shpRZLEvc8M8QeGQbWRyr9vTgfXQpump,2026-08-21T13:16:05.606079+00:00,1.1292326137541913e-07,1.0388940046538561e-07,-0.004,hard_stop,0,1,1,8.8,live_higher,hard_stop,0,1,
2026-08-21,776af7c6-db19-43c6-a011-2e9cd17adaee,2FKto9WrEv9WKy5cQo69gvTHEZoTEjGhFLLetHB5xhjY,2026-08-21T13:16:26.303601+00:00,6.639288634077618e-07,6.108145543351409e-07,-0.004,hard_stop,0,0,0,10.91,live_higher,hard_stop,0,1,mcap
2026-08-21,98711266-2d8f-4ed1-b369-3e73e7054071,7Jgdc9dCo9Ah5Nxq1P24seWKe3cyZDQCVaeWLXqfpump,2026-08-21T13:16:30.141624+00:00,3.539564806427847e-08,3.256399621913619e-08,-0.004,hard_stop,0,0,0,15.78,live_higher,hard_stop,0,1,mcap;pool
2026-08-21,0d702220-abd3-4ab6-9551-b4ca31513fbd,5U4qTmbeiXwTd5QYyDqERi1kqQan8vvbqmeBmyX8pump,2026-08-21T13:17:10.099603+00:00,2.8285563997684516e-08,2.854521690280794e-08,0.000458985,trailing_stop,1,0,0,0.4,live_higher,no_exit_within_window,0,,mcap;pool
2026-08-21,8103792f-32df-4805-a8fc-371277d35408,CRxPnsrrW7uTkhoWMk7jSdJdYaVvbUewqYD6xVzdgHXC,2026-08-21T13:18:50.263024+00:00,7.184777321902126e-08,6.609995136149956e-08,-0.004,hard_stop,0,1,1,-10.42,live_lower,hard_stop,0,1,
2026-08-21,c8f4fc7f-794f-480f-b316-0b527148154d,Djg3HSF7iBkdq9EfEzh6mFJ8jJseDTesHV5ZxPmwpump,2026-08-21T13:09:46.628259+00:00,2.836134601296371e-08,2.8121054423744876e-08,-0.000423625,time_stop,0,0,0,1.03,live_higher,no_exit_within_window,0,,mcap;pool
2026-08-21,9eed2295-ab5a-4dca-8b87-6e1ab1068e9b,Eorh38Pehy92Ggv6Ms66oPXuNzjY2w2XYPYcLqk9XxPw,2026-08-21T13:17:08.473886+00:00,1.0909888788093938e-07,1.2390103318259045e-07,0.00678382,trailing_stop,1,1,1,-3.08,live_lower,trailing_stop,1,1,
2026-08-21,b714b1ea-b803-496c-96af-06664ac79d47,J5XjtAn6EC3r121xZUuNmpiJSVQtubJiQaMkfsycpump,2026-08-21T13:20:07.644213+00:00,7.362954196792752e-08,6.773917861049332e-08,-0.004,hard_stop,0,1,1,1.09,live_higher,hard_stop,0,1,
2026-08-21,85ca433f-599e-478f-a4e8-70b83d112343,9Wv6KxYSNcsQJLqwNTbgcPUPVKFoZ9bvPtKvSSMFpump,2026-08-21T13:20:20.198760+00:00,9.328813437899003e-08,8.582508362867083e-08,-0.004,hard_stop,0,1,1,-1.73,live_lower,no_exit_within_window,0,,
2026-08-21,1bb7e892-9475-496f-bd14-9f13a71f5439,9ayXhg8bXqzvQ3gm3BMktvnZ1rbmGG3eVKbKePQUpump,2026-08-21T13:21:11.139428+00:00,3.6441923434369495e-07,3.9616651394763265e-07,0.004355873,trailing_stop,1,1,1,-2.0,live_lower,hard_stop,0,0,
2026-08-21,6d2aa770-05bd-4523-8c24-f1c070e79258,FDzABLzPGhBc5vK5FZ7RShotomGSijrcieuWPy13rL6X,2026-08-21T13:13:08.050782+00:00,2.8015670784795146e-07,2.8015670784795146e-07,0.0,time_stop,0,1,1,-40.28,live_lower,trailing_stop,1,0,
2026-08-21,4f77d283-9864-42a1-a832-3e539a17a9e3,81cdPzsuV35a3LjWAfDHaRLkckdcLFARPRRMNZA5niGs,2026-08-21T13:13:56.801796+00:00,3.7989182139511703e-07,3.7989182139511703e-07,0.0,time_stop,0,0,0,4146189.21,live_higher,hard_stop,0,1,mcap;vol_mcap
2026-08-21,e899cba9-a974-4343-acef-862e95dda5f7,Eb82vwdyoCfxFRXRZBPFpbMKQiBYWYJWYVR3RaZEpump,2026-08-21T13:24:11.672437+00:00,9.475127036118165e-08,8.717116873228712e-08,-0.004,hard_stop,0,1,1,-8.32,live_lower,hard_stop,0,1,
2026-08-21,f8a511ec-5710-4072-bcb1-9a12797542db,7KVCdSm21bNzGQpHJLQKei2YeLaH6qV4eSuULdLNpump,2026-08-21T13:21:12.698154+00:00,1.1395839733440918e-07,1.5831082908234204e-07,0.019459923,trailing_stop,1,1,1,0.84,live_higher,trailing_stop,1,1,
2026-08-21,ee18da65-880a-43a1-9cbe-989cddecc247,BqcsG9NcK9tiKBGM2LrVmvWVgPuWigfjnSxY2NZmc7Mf,2026-08-21T13:24:10.946112+00:00,2.1407603576062443e-07,2.530707563938059e-07,0.00910768,trailing_stop,1,1,1,-0.31,live_lower,trailing_stop,1,1,
2026-08-21,b2086087-1470-4575-8642-c198b371e357,9ayXhg8bXqzvQ3gm3BMktvnZ1rbmGG3eVKbKePQUpump,2026-08-21T13:24:37.125233+00:00,3.175884360911451e-07,3.976439891006792e-07,0.012603663,trailing_stop,1,1,1,-12.81,live_lower,trailing_stop,1,1,
2026-08-21,538e6621-302b-4e16-a0d4-915b45f38638,Bf4vvvdue2JMj7E5fnfrcM71DW44UuSGWKoiYymSpump,2026-08-21T13:26:07.518211+00:00,2.867491621016437e-07,2.890505063964099e-07,0.000401282,trailing_stop,1,1,1,-2.95,live_lower,trailing_stop,1,1,
2026-08-21,e105ff02-f99e-41ae-97bf-ed064dc43c5e,2EeY23pJb9cSvznQeWfyunGQHS1GbSWYZcYeLdArBGum,2026-08-21T13:26:20.294681+00:00,1.002378093216259e-07,1.0110786757162192e-07,0.000433997,trailing_stop,1,1,1,1.52,live_higher,no_exit_within_window,0,,
2026-08-21,e856b8f3-4360-4aff-a1f5-5b05f2c88319,YAjohMhEytAPUbtdtVDgHbVeoV4oouFegNpxGzppump,2026-08-21T13:26:48.593832+00:00,5.6946157837047355e-08,5.239046521008357e-08,-0.004,hard_stop,0,1,1,2.14,live_higher,hard_stop,0,1,
2026-08-21,c3076b39-75f6-41ea-8c8f-7e6ac271fd82,D17BzN6uf8J1S7C1tM9K128PYGv9u6PR8qBU9urZpump,2026-08-21T13:27:36.767518+00:00,1.329656469648883e-07,1.2232839520769726e-07,-0.004,hard_stop,0,1,1,-3.5,live_lower,hard_stop,0,1,
2026-08-21,b8ab4ccb-6d85-46f8-8b09-48ab3fd9d2aa,3rzFGmvwkA6xBvk8PjNqEMxzsD52Hb1s3635ocD7pump,2026-08-21T13:27:57.196883+00:00,7.732352309063552e-08,7.113764124338468e-08,-0.004,hard_stop,0,1,1,-0.68,live_lower,no_exit_within_window,0,,
2026-08-21,69664e54-f25f-45be-bd91-461eb5dbb46c,EkBzFycnNXkpaDB93su6NXsjHMMK5qW3EYYs7JWfpump,2026-08-21T13:22:12.525073+00:00,3.0295556866354635e-08,2.7871912317046267e-08,-0.004,hard_stop,0,0,0,0.12,live_higher,no_exit_within_window,0,,mcap;pool
2026-08-21,2faabfa9-6103-4ae9-9232-677cd73c68c4,HaFMHcSwdQvNeP1kLdYgBfPWEk55aXQTqzCAtzv5pump,2026-08-21T13:19:28.631602+00:00,3.089549272260169e-08,2.9768804564868773e-08,-0.001823386,time_stop,0,0,0,-0.41,live_lower,no_exit_within_window,0,,mcap;pool
2026-08-21,8dafdf03-2950-4a89-a7e4-43eb4e2b5793,D8a4ZhDdCXZYfWexZ79EZy1hmNv1bddic1aTD6KPpump,2026-08-21T13:29:42.341020+00:00,3.6514164561609485e-07,3.3593031396680726e-07,-0.004,hard_stop,0,1,1,9.77,live_higher,hard_stop,0,1,
2026-08-21,8cdb6933-ba35-44ff-b2f7-54a33cd66cda,sEvf3HHoiqj3W8fWpCpBFXnBMt4VYQ81FFqFTZ3pump,2026-08-21T13:29:57.874468+00:00,8.291065313153985e-08,7.627780088101667e-08,-0.004,hard_stop,0,1,1,5.99,live_higher,no_exit_within_window,0,,
2026-08-21,b4de4747-545f-423b-8f21-8d5194fbef35,GW2yzNeodxExALxXMqWSEGBgE7YVSBPpj56t6QPUzg66,2026-08-21T13:30:35.737881+00:00,4.8034665810266e-07,4.419189254544472e-07,-0.004,hard_stop,0,1,1,-1.74,live_lower,hard_stop,0,1,
2026-08-21,2ebd3ce0-9a0a-4427-9581-eafe9d7c20ee,GdCjSHjmz2UFQPSp7a8PCQnHibHE6RHE6bZdo9tFpump,2026-08-21T13:31:19.563052+00:00,2.624209983009958e-07,2.4142731843691614e-07,-0.004,hard_stop,0,1,1,5.21,live_higher,hard_stop,0,1,
2026-08-21,ad80bfb8-228d-40f6-937c-8fc467f3e330,GenQcREjBhFqBtP45g3yRJVbQc4ufBFGM5WwcMgDH8Yn,2026-08-21T13:31:00.848434+00:00,1.0507556739728189e-07,1.2148888332315904e-07,0.007810244,trailing_stop,1,1,1,0.47,live_higher,trailing_stop,1,1,
2026-08-21,d50b0f3a-3993-4371-9614-f6d859d7f9f7,6xzqXnhPebsTWRx2c5GA72Qay6KcGBBT5vdcbPKri1WC,2026-08-21T13:31:43.874747+00:00,1.870130179995944e-07,1.939150900634432e-07,0.001845345,trailing_stop,1,1,1,-5.42,live_lower,trailing_stop,1,1,
2026-08-21,65a28cef-afd1-4c15-83aa-845066bf9bed,QCRk8cqBq4EA42GGopUgpRgFcxa5uQ4LqbfetZbpump,2026-08-21T13:26:10.291329+00:00,2.9080900579101595e-08,2.876138671128558e-08,-0.000549353,time_stop,0,0,0,0.0,live_higher,no_exit_within_window,0,,mcap;pool
2026-08-21,613db828-1ff8-4f8c-9139-dc6440330608,FhEN2eATMekXP9XyVj4egF4kShWW64K8REmyeqyApump,2026-08-21T13:35:35.840777+00:00,5.035884206678021e-07,1.2589710516695053e-06,0.075,take_profit,1,0,0,-19.41,live_lower,take_profit,1,1,mcap
2026-08-21,42fc7128-b986-4cbc-a624-b6d1ac05e74f,DmGkqLoXyWrrmcesHXC8Bug2hLte9wHXcFHcKRYDmoon,2026-08-21T13:27:09.593734+00:00,3.568606637309919e-07,3.660931439280501e-07,0.001293569,time_stop,1,0,0,-98.9,live_lower,take_profit,1,1,mcap;buy_sell
2026-08-21,5bcf7b85-0c78-47da-b9ca-96f13632ed5d,oNYXYM1hJQHkbuAsDcvqYWkDhUtKH9VPxKwmzoBBoqK,2026-08-21T13:36:24.337043+00:00,2.524549561654696e-07,2.3225855967223206e-07,-0.004,hard_stop,0,1,1,0.73,live_higher,hard_stop,0,1,
2026-08-21,644c81c4-d4a3-45a5-a223-41bf3648c511,GvWf6s7QM5eb5KZ1C7hRYqhHUUGHtzGrYDRAbap361VK,2026-08-21T13:36:25.849666+00:00,3.8584582670425615e-07,4.0804040058799853e-07,0.002876094,trailing_stop,1,1,1,-0.36,live_lower,hard_stop,0,0,
2026-08-21,a120ca55-383e-4bc5-9462-b77e58197dc7,Gpbjk6pVN8fWJ3Yg5DfehF5vTQLjTaipQK7iHrxkpump,2026-08-21T13:34:14.458487+00:00,0.0004950661373176564,0.0007066703950294895,0.021371312,trailing_stop,1,1,1,-6.28,live_lower,trailing_stop,1,1,
2026-08-21,7df51c8f-8b46-4835-8649-1ab2780148c2,AXdoDGDNuBUygtP7qgbaxE5nqrYiDqfj1QjoqLpYpump,2026-08-21T13:29:44.376648+00:00,7.444803230706104e-08,7.45335358858601e-08,5.7425e-05,time_stop,1,,,,,,,,
2026-08-21,707d2759-6358-47f5-b784-bf13e0cb17ce,2AqKAAN3CJ1WixyM3ZyvLeS9aBmWguWKn7inqgFHpump,2026-08-21T13:37:23.042401+00:00,1.1970418375017793e-07,2.6357136221716727e-07,0.060092795,trailing_stop,1,1,1,4.0,live_higher,trailing_stop,1,1,
2026-08-21,af77a740-2d3b-40e1-b389-1a08f0b03804,7zUYL1gRxrs49aK94mxoHCxv9d47tkDxNHqhmSadpump,2026-08-21T13:37:52.377778+00:00,2.844531809574946e-08,2.894207695960994e-08,0.000873182,trailing_stop,1,0,0,-4.26,live_lower,no_exit_within_window,0,,mcap;pool
2026-08-21,e4479ad7-6017-49ea-a191-6befa5f68c07,EtMe5QNPxAhqtkhW8WqfjipibnAQJh6Di23eji7Gpump,2026-08-21T13:39:34.804493+00:00,3.0425771788216416e-08,3.146703307813046e-08,0.00171115,trailing_stop,1,0,0,-2.58,live_lower,trailing_stop,1,1,mcap;pool;buy_sell
2026-08-21,8892fc69-fa6f-44a2-b8a3-988b73a501e7,4EJVZzG9ANbaMgDaGYZSVRM4e3Mnno7VKfmDBj9eKhqM,2026-08-21T13:40:35.382921+00:00,4.709511499007215e-07,1.018630255858482e-06,0.058146063,trailing_stop,1,0,0,-27.44,live_lower,trailing_stop,1,1,mcap
2026-08-21,105b1987-d375-4266-aaa5-2a20379665a2,5bgaAG4dtt5JB69Aox13doQ29toJqk1FUctX7XRur4NM,2026-08-21T13:42:13.780378+00:00,4.3456589638356404e-07,3.9980062467287896e-07,-0.004,hard_stop,0,1,1,-5.33,live_lower,trailing_stop,1,0,
2026-08-21,a64e86c5-ea03-470d-9e12-fe763c61b032,2BfE35nRCUVJcxLMDJkPh8Q4Nrqxuhnt3UAUGR8hhLnU,2026-08-21T13:41:58.136424+00:00,1.8460095008108295e-07,2.026305430971433e-07,0.004883397,trailing_stop,1,1,1,-0.72,live_lower,trailing_stop,1,1,
2026-08-21,18dfb7f1-67a5-4648-b7c3-ba60936c821d,A8uWJjjbWMGMCdCSTEVNGXyjGjx93aYZrdf92ZLuqDQj,2026-08-21T13:41:10.340500+00:00,3.651083318378991e-07,4.4577584773437606e-07,0.011047066,trailing_stop,1,1,1,-2.86,live_lower,trailing_stop,1,1,
2026-08-21,c0bb77aa-4877-4131-b3f7-7f874f74994a,DFfausQCibjcEBatLCe1eg3JF9vyg9hyjq97fXCupump,2026-08-21T13:43:45.403000+00:00,2.7442430278960616e-07,2.524703585664377e-07,-0.004,hard_stop,0,1,1,11.77,live_higher,hard_stop,0,1,
2026-08-21,88ddc1c7-f85c-48fe-ae06-9282c0fed605,JE6fFzFwKkjex6omE8Pk6da9LZp6kMVxNc7k7XhXpump,2026-08-21T13:43:55.027404+00:00,5.196071185940862e-08,4.780385491065594e-08,-0.004,hard_stop,0,0,0,9.28,live_higher,hard_stop,0,1,mcap
2026-08-21,a1a5efa4-a8cd-4e81-99a5-5d275aee8ca2,F5NkBtDbn7vRnd91b2ijwJ3Jw69wBKYK4DTBhBo5pump,2026-08-21T13:38:48.622955+00:00,2.815577331056039e-08,2.789023854915193e-08,-0.000471546,time_stop,0,0,0,0.05,live_higher,no_exit_within_window,0,,mcap;pool
2026-08-21,56a1838e-6d95-404a-9695-56050be2161b,Ad8Ti7tcnKQHxUFkfix8VtKGbdN5XnGL2hH1Ehw5yRsE,2026-08-21T13:39:55.640500+00:00,7.815503611136965e-12,7.815503611136965e-12,0.0,time_stop,0,0,0,22.2,live_higher,hard_stop,0,1,mcap;pool;vol_mcap
2026-08-21,6cba56c4-8632-4629-846c-dd31859d40b6,66qdz1151HgjJoSKAgYRyUBt6rpvo9dX37VKhkb9t8Un,2026-08-21T13:50:49.092403+00:00,1.9152060325690237e-07,1.9562885253954578e-07,0.001072535,trailing_stop,1,1,1,1.39,live_higher,trailing_stop,1,1,
2026-08-21,59f15120-5323-445b-b743-997bfdbbeb8c,8hDXY8Un6cA7omxrrRGquruVuL3WVnYY3LvphqpSpump,2026-08-21T13:43:38.531853+00:00,7.753345457328691e-08,7.739313257618597e-08,-9.0491e-05,time_stop,0,,,,,,,,
2026-08-21,434d040f-4af4-4d00-b11c-ca43a27c5876,Ra6rzQAcJ6CXGZswuoKodSerHDFYfAVPGpJ889cpump,2026-08-21T13:44:27.681081+00:00,7.306380604925932e-08,7.30326630022526e-08,-2.1312e-05,time_stop,0,,,,,,,,
2026-08-21,36e9e1c7-d6e2-42ca-b311-82fc6bdb9e63,v794kXWLcjzV2xN1ZFeuBrY7GZFH4e1z1nYbTsWpump,2026-08-21T13:44:43.178220+00:00,2.8402495796855954e-08,2.8043371940571395e-08,-0.000632205,time_stop,0,0,0,0.06,live_higher,no_exit_within_window,0,,mcap;pool
2026-08-21,82bca191-ad66-4ad1-9288-7bb9a02e78b8,BtXeeTThEmN9EAN879L1TQfSSsj34XW1znDU4MYYJ2X4,2026-08-21T13:52:47.816579+00:00,1.0246059448815298e-07,1.2186264979350145e-07,0.009468057,trailing_stop,1,1,1,-3.12,live_lower,trailing_stop,1,1,
2026-08-21,db49415c-a455-4402-beb8-4847f7e90ea2,4r5eW3ZsfFcoG2LXLUKSygeW4RPyEphV5db34Kyapump,2026-08-21T13:55:02.292009+00:00,1.0242195720754957e-07,9.422820063094562e-08,-0.004,hard_stop,0,1,1,7.45,live_higher,hard_stop,0,1,
2026-08-21,6cad50ea-5d62-4855-ac8f-5fe72e42e793,ArywTqwTVj5AJmPSkxGj5p91eC6988KbvQaxB4dHah2Z,2026-08-21T13:54:58.227307+00:00,1.8256619964866257e-07,2.1011058482144971e-07,0.007543671,trailing_stop,1,1,1,-4.0,live_lower,trailing_stop,1,1,
2026-08-21,96437113-6520-44db-96c6-3c97cfd99f2a,hrN4Dk6LAavJdsTX5jMxqB45PaL4wzWv4mxpE5iPEgS,2026-08-21T13:56:59.313927+00:00,3.489736419202439e-07,3.9092662691984973e-07,0.00601091,trailing_stop,1,1,1,-12.88,live_lower,trailing_stop,1,1,
2026-08-21,8bff822c-6217-4767-a524-00cfe52a6580,41PbEHL8afxdFZLqeK3h1cTibuw7x1Vcw3mgXS3tLjAs,2026-08-21T13:56:35.103018+00:00,9.587617978896732e-08,9.641916072904943e-08,0.000283168,trailing_stop,1,1,1,0.17,live_higher,trailing_stop,1,1,
2026-08-21,1d5e54f6-4835-4a61-8ca4-a471dfb77514,E4YYG6wxAA3DBBrD95nvyfE2mwwpWNj6k8HHWy9xpump,2026-08-21T13:58:42.902919+00:00,4.57715047739838e-08,4.2109784392065097e-08,-0.004,hard_stop,0,0,0,8.51,live_higher,hard_stop,0,1,mcap
2026-08-21,1e4be147-6212-4e12-99f3-ea86b6bb2305,HiB1MuKvXUn4n3NKdWEjP6mEWqAGT9TvoGH14fpzpump,2026-08-21T13:49:33.190885+00:00,9.311622792329629e-08,9.324558102605069e-08,6.9458e-05,time_stop,1,0,0,-0.2,live_lower,no_exit_within_window,0,,pool
2026-08-21,7ec753ff-4bd9-46aa-a1ec-fc049d357a22,3N7FnsHjyG2XgmMJZaTNDrQWoq5CfLFEJoUqieedpump,2026-08-21T13:54:02.812405+00:00,5.92718594181394e-08,5.943421422918865e-08,0.000136958,time_stop,1,,,,,,,,
2026-08-21,d4bbe6e8-d636-457d-b08e-8a6e31fb8322,FGBH46pkm5KV8hAjFh2GPS77jD3xyMFDXxCQoXD1pump,2026-08-21T13:56:50.792174+00:00,6.37612591756629e-08,6.376982474729695e-08,6.717e-06,time_stop,1,,,,,,,,
2026-08-21,14719725-d5bc-4280-ab8f-9f5bb8dbd2cd,F652BRirhoxmsdeJEgxRdedDUcEoNR5j8yeSS9Agpump,2026-08-21T14:04:19.115554+00:00,1.663123876865158e-07,2.45369689081705e-07,0.023767713,trailing_stop,1,1,1,-4.94,live_lower,trailing_stop,1,1,
2026-08-21,e9fcbbe4-5701-4472-a01c-620bf9d824fa,4MoSLJDYvxNZ3uqdVRWgNEutCkZf1RjjbNvwz6mxpump,2026-08-21T13:57:51.026084+00:00,2.8728452885830136e-08,2.8104556065543165e-08,-0.001085852,time_stop,0,0,0,0.2,live_higher,no_exit_within_window,0,,mcap;pool
2026-08-21,0e5c49ef-5058-417e-ad55-4f1238674dd3,9jMaL5QV6J2xXDVZbnhQhStHEsWXBnhWK1xTvmRymRaE,2026-08-21T14:07:09.101393+00:00,5.2246075926116646e-08,5.487800373305715e-08,0.00251878,trailing_stop,1,0,0,1.74,live_higher,trailing_stop,1,1,mcap
2026-08-21,7de878eb-619f-4406-8df2-bb6e68341909,7gqbSmj7wWU6eWKYYNZpwgULzL1SAX4muzpEUaRc5ZhY,2026-08-21T14:08:04.406162+00:00,1.1613550268390375e-07,1.0684466246919146e-07,-0.004,hard_stop,0,1,1,-0.38,live_lower,time_stop,1,0,
2026-08-21,1d2141dc-a706-4789-bcb7-02bff3a0333f,GxAZQkN4W9KRvLfW9z7J4kA4aSABLUa8pubDy6Edpump,2026-08-21T13:59:27.370684+00:00,6.101102849795297e-08,6.118984663752604e-08,0.000146546,time_stop,1,,,,,,,,
2026-08-21,04275d6a-fc28-45b9-a63e-6a00eb61f9a3,Bg1wmKftLapEFtJjory3JudG5RfhEeww29As2uCtpump,2026-08-21T14:08:09.998763+00:00,1.0434955154593697e-07,9.600158742226202e-08,-0.004,hard_stop,0,1,1,-3.26,live_lower,trailing_stop,1,0,
2026-08-21,2e2b22fa-657c-4136-9740-3ee7318f449c,7ZThzfkAVCVqA36FkxpdFMfSFEPLVwEmTZLFqhuDpump,2026-08-21T14:01:07.679632+00:00,3.063449845000573e-08,3.0496946822492915e-08,-0.000224504,time_stop,0,0,0,0.05,live_higher,no_exit_within_window,0,,mcap;pool
2026-08-21,8b285951-80fa-4f33-bef2-65d15ffe1e80,4DNDCRPBXnaL25TEzbnoKeVtCpAAzjTdBoAKtCDuqK7H,2026-08-21T14:10:52.904005+00:00,1.4830117417429984e-07,1.807072049708564e-07,0.01092575,trailing_stop,1,1,1,10.02,live_higher,hard_stop,0,0,
2026-08-21,8beb2f10-80d9-4f52-96b6-3ff3d49a3785,8BDvYKU1KS66FnyAmu2j23V6AwsoENJTB3cJKWR1fpH2,2026-08-21T14:12:30.146925+00:00,4.1500108826217795e-07,3.8180100120120375e-07,-0.004,hard_stop,0,1,1,35.75,live_higher,hard_stop,0,1,
2026-08-21,3d999dd0-41c9-4e41-9b73-63d10390e514,H5kq2vAejhoxxy5bYxvzBwDAzvCJidriLukFZVCYpump,2026-08-21T14:08:41.812744+00:00,7.230713890429524e-07,6.652256779195163e-07,-0.004,hard_stop,0,0,0,0.21,live_higher,hard_stop,0,1,mcap;pool
2026-08-21,290229da-d530-4125-995a-0679f4d9b32e,LMZn8Z2k4CVsuEBMtarAvAL8yiuF8v7Lo56G95kwYUZ,2026-08-21T14:12:20.316636+00:00,3.008707084976219e-08,3.033467108941245e-08,0.000411473,trailing_stop,1,0,0,-3.58,live_lower,trailing_stop,1,1,mcap
2026-08-21,9d9500f3-35c7-4b61-882a-3b896df22845,BCywhFzVTxafxXDdETZJWrGVkRz5E6WT5FXZUhfypump,2026-08-21T14:14:17.938895+00:00,7.665106123839913e-08,7.05189763393272e-08,-0.004,hard_stop,0,0,0,47.4,live_higher,hard_stop,0,1,mcap
2026-08-21,52f0d9a5-f221-4cc1-bf4e-672ba65a7413,HuUhEUXomJJTv4p8KpjVQ3MDyXr2QhFXVbyywHcnpump,2026-08-21T14:13:18.031647+00:00,4.2458690701814175e-08,3.906199544566904e-08,-0.004,hard_stop,0,0,0,2.74,live_higher,take_profit,1,0,mcap
2026-08-21,0290eee7-6a16-40ba-86d3-324eb5a701bf,CYGT5919LAC5BRQAecfV7GjXj3NAVYrL67t864rSG57q,2026-08-21T14:13:38.977514+00:00,6.468001367352768e-07,9.740568447522458e-07,0.025298132,trailing_stop,1,0,0,-1.62,live_lower,trailing_stop,1,1,mcap
2026-08-21,a3d14330-6e7d-4067-b459-48db248a1446,pnSA3ogH7C66BJzPwBzcDoPD2UUZF5GaW8Q8kBPNVo2,2026-08-21T14:15:03.735232+00:00,1.144693111446372e-07,1.226307003957499e-07,0.003564881,trailing_stop,1,1,1,-7.27,live_lower,trailing_stop,1,1,
2026-08-21,a1201f60-0fa6-4079-9533-80a84b7914dc,HeoLsosUzozVjjdnVVeTb1wUf8NvqKFp2XaoK8hdpump,2026-08-21T14:15:32.003968+00:00,1.8090397337789046e-07,1.6643165550765923e-07,-0.004,hard_stop,0,1,1,-3.8,live_lower,hard_stop,0,1,
2026-08-21,cb3c55b5-0278-4e6a-9948-c119584da781,Hy8CfSDBJdFGkiD9u3Lmae66JtKebnV2zyqpqxPfpump,2026-08-21T14:15:29.468132+00:00,1.0224079263106424e-07,9.40615292205791e-08,-0.004,hard_stop,0,1,1,-10.37,live_lower,trailing_stop,1,0,
2026-08-21,3fac5710-6e37-4bf6-8a87-d235095b7515,2NgkHT6teXuNqn1QRu2hgfaM862z8Dhhx48UPHyCpump,2026-08-21T14:16:15.731561+00:00,1.0174447929117102e-07,9.360492094787734e-08,-0.004,hard_stop,0,1,1,-3.72,live_lower,hard_stop,0,1,
2026-08-21,5d06f34a-641b-461d-9e49-23d4a9daf673,6szEPX5q8Noe2m7tbb7uPvmijkBFKsWkQSGnCcLXBxAe,2026-08-21T14:16:41.097619+00:00,9.664826103721753e-08,2.416206525930438e-07,0.075,take_profit,1,1,1,-5.51,live_lower,take_profit,1,1,
2026-08-21,b080d8fe-5c11-4866-93b7-63dbf17ba2a4,MoNAZwh4TEAXXnhqtdhmUz6uy3saXWSursXdk2tqg5u,2026-08-21T14:10:18.824505+00:00,2.877113668296902e-08,2.8495412173964424e-08,-0.000479169,time_stop,0,0,0,-0.32,live_lower,no_exit_within_window,0,,mcap;pool
2026-08-21,573cb372-dd7a-4ce0-b6ee-d9e6adb0ad9f,HKERHtvSKknZdkEkFJ99Y1HfuT7hDBgLoQLK1dwopump,2026-08-21T14:20:24.969258+00:00,6.347082828552959e-08,5.8393162022687226e-08,-0.004,hard_stop,0,0,0,9.85,live_higher,hard_stop,0,1,pool
2026-08-21,320f7638-91ea-4be4-9ef4-4a0ce2ddbf1a,6gyFzpvd6PLXq5XdiHV4rQ2AEyUMhGGd7osgc5sEpump,2026-08-21T14:11:04.545391+00:00,2.8172444253238987e-08,2.80428293821688e-08,-0.000230038,time_stop,0,0,0,0.35,live_higher,no_exit_within_window,0,,mcap;pool
2026-08-21,5a404ea6-2467-454d-80bf-cc2af5ec2bec,B4oEXy9n1cP6kWMa1NQuPouGDiVHu6SbpKCz8C6Fudd9,2026-08-21T14:22:07.940809+00:00,3.176568509889473e-07,2.922443029098315e-07,-0.004,hard_stop,0,1,1,57.51,live_higher,hard_stop,0,1,
2026-08-21,78f1e28e-1d2a-440f-9a28-4e6a8e6f5c38,73yJ83odbJ1feZ2qQtFBAFJpmGmDsVhc9nj7XHHRpump,2026-08-21T14:21:45.290001+00:00,4.055065812203983e-08,6.147981085624281e-08,0.025806181,trailing_stop,1,0,0,-8.05,live_lower,trailing_stop,1,1,mcap
2026-08-21,74a98271-bb6d-4dec-9cc7-f7d30349fbfa,FtFCURj4fs1yXcgmPfoVZszQugeuEnbyeCjzx4cfpump,2026-08-21T14:22:20.822919+00:00,9.895390953761545e-08,9.103759677460622e-08,-0.004,hard_stop,0,1,1,-0.48,live_lower,hard_stop,0,1,
2026-08-21,c616921a-a8b6-4fec-9adb-07af7fff2521,Gq6ARwYmTSkBfKXE5Uzn8PnFugaqTbndpiySDNfuut2r,2026-08-21T14:22:15.088286+00:00,1.1083819851125962e-07,1.3090824879578597e-07,0.009053761,trailing_stop,1,1,1,1.23,live_higher,trailing_stop,1,1,
2026-08-21,c91c9e79-be55-40d7-8763-63cbcc071216,9J7auiwHxf7ShsRxZ712HUJZSHAW5CdyuBnUjVNZpump,2026-08-21T14:25:12.129295+00:00,1.5755535548291e-07,1.9549461622835913e-07,0.012039978,trailing_stop,1,1,1,-19.97,live_lower,trailing_stop,1,1,
2026-08-21,a4f04531-6950-4f67-9654-79993f552d2f,53nXcwEtcQcG6hwbAH3Wh1HUMJTpM8dX9AKyJFQma1Xe,2026-08-21T14:25:12.793217+00:00,1.9424874739654328e-07,1.7870884760481982e-07,-0.004,hard_stop,0,1,1,-0.38,live_lower,hard_stop,0,1,
2026-08-21,12ed5d28-78d0-46b5-98f5-3085f4b25f71,CahJ69t8XA3VDPekvAdQhcY4HESCSW588hqL2AU7pump,2026-08-21T14:17:07.921368+00:00,5.791225229776351e-08,5.595580567114285e-08,-0.001689147,time_stop,0,0,0,-98.91,live_lower,take_profit,1,0,mcap
2026-08-21,c33d9c6c-c26f-4833-97c4-64ce9d0c273e,GkFAkq1Nbkfgus6PtMkARPQLVRMV3z5KUiLQeSK6ziEi,2026-08-21T14:17:28.767459+00:00,3.821674830794752e-07,3.821674830794752e-07,0.0,time_stop,0,1,1,-20.6,live_lower,no_exit_within_window,0,,
2026-08-21,8f2f4068-809f-4034-bcfa-7706ef8b25c9,2RwrWhuDNN6FTmWWvRrmmAhh1kyyXwNpWo1J8vAopump,2026-08-21T14:27:00.718825+00:00,9.692120084433914e-08,8.916750477679201e-08,-0.004,hard_stop,0,1,1,5.75,live_higher,hard_stop,0,1,
2026-08-21,7d10300b-f019-4801-b685-8936b5326ba1,Fm2yXm2Vx4YRbuyTrBvzs7tnyTQF1cP6FrQ8KvLAEQoH,2026-08-21T14:27:35.963332+00:00,9.797855069810044e-08,1.0127945272372766e-07,0.001684502,trailing_stop,1,1,1,-3.88,live_lower,trailing_stop,1,1,
2026-08-21,57e4e76e-b862-4dc8-a655-218b85d4c349,326KCkBriTRu42VqMDPjRNgKsCGR8oNfRhQdDYFppump,2026-08-21T14:27:46.608344+00:00,3.6286667788066175e-08,3.3383734365020885e-08,-0.004,hard_stop,0,0,0,0.29,live_higher,hard_stop,0,1,mcap;pool
2026-08-21,409e21ab-6198-4f9c-8713-e687052a4fc2,4y9q33TEtS7yH85aA3138PcwJUfwy2cEJAPF5tnL4Y8z,2026-08-21T14:27:30.391146+00:00,1.3737630890006134e-07,1.2638620418805643e-07,-0.004,hard_stop,0,1,1,4.4,live_higher,hard_stop,0,1,
2026-08-21,55b482fa-cd2a-4f7a-b84c-904ff0659190,8ceqVEnq9WkipTn9ZkmEd1ZmQkDDSDe7frBZLmPEpump,2026-08-21T14:24:12.183063+00:00,6.543387843820115e-08,6.549153835802887e-08,4.406e-05,trailing_stop,1,1,1,-0.29,live_lower,trailing_stop,1,1,
2026-08-21,5daa05d3-91ce-455a-885d-f889daba7f80,9g8pZPHwqzADk9yvkndB29v8PZDHMDfPhcPrCwjrpump,2026-08-21T14:28:41.688544+00:00,3.3919459797753855e-07,3.1205903013933547e-07,-0.004,hard_stop,0,1,1,54.81,live_higher,hard_stop,0,1,
2026-08-21,e8344955-7e42-4397-9780-ba680066fd02,DLB4nU5T2bL37LUXnjDA8FPiMvJ2mcqodrzdZKfCtXBP,2026-08-21T14:28:31.219798+00:00,4.052254494108816e-07,4.5336264551631305e-07,0.005939557,trailing_stop,1,1,1,-3.24,live_lower,trailing_stop,1,1,
2026-08-21,31cc4c52-1f3d-4432-b80a-139afb152cc6,4VcN1JcSF7kVnsJbjspZnjunT5rwCwTndDX756bMpump,2026-08-21T14:28:47.414672+00:00,4.3572846070846415e-07,5.008627429396916e-07,0.007474183,trailing_stop,1,1,1,2.16,live_higher,trailing_stop,1,1,
2026-08-21,e49496c6-27be-49e7-985d-b4b6b05443f2,33upidNtnq9KZ9zDSVALo4bmxFraLVbwHZSGcMZrNsEs,2026-08-21T14:28:52.260561+00:00,9.763799605737555e-08,1.284324491573488e-07,0.015769708,trailing_stop,1,1,1,1.25,live_higher,no_exit_within_window,0,,
2026-08-21,16be85df-dd3d-4f8a-bd65-ca04967427d5,2GJaDivEFBcbSwavaWRHf4mktnoatvTinbWMsbHSpump,2026-08-21T14:29:34.012278+00:00,3.98288071471426e-07,3.66425025753712e-07,-0.004,hard_stop,0,1,1,-1.47,live_lower,hard_stop,0,1,
2026-08-21,485dd902-21af-446f-a876-e226ce5d8816,4upzAqYW765MWtzNYoNzLiHiDmwLWgV4fdSoKTY6pump,2026-08-21T14:30:38.295802+00:00,1.318232260323185e-07,1.21277367949733e-07,-0.004,hard_stop,0,1,1,12.48,live_higher,hard_stop,0,1,
2026-08-21,b7f17129-7693-4b82-809a-3544f6166d7a,5wx1nmzNjHkPKEwRS26KpA2wPv6wszPxX4TFomhYJ4pj,2026-08-21T14:31:17.871781+00:00,4.0410307123942593e-07,4.7462431291981353e-07,0.00872565,trailing_stop,1,1,1,-10.87,live_lower,trailing_stop,1,1,
2026-08-21,19061c8d-c323-4e42-b150-ded33943b029,F5tZZAZVTgWgcFLjVb24VCZ6KhJWw8VUsiYVzbP77A91,2026-08-21T14:31:25.296386+00:00,3.0086269506258053e-07,2.767936794575741e-07,-0.004,hard_stop,0,1,1,9.05,live_higher,hard_stop,0,1,
2026-08-21,7bd8bad9-8d57-4858-b028-1863b32b717f,DABgiM815wF1ceCVpt1jryP3jV4hCvgbrqvePoaGpump,2026-08-21T14:29:37.531930+00:00,4.1987346186019865e-08,3.862835849113828e-08,-0.004,hard_stop,0,0,0,-0.04,live_lower,hard_stop,0,1,mcap
2026-08-21,692bea02-2b70-4481-97b6-fd88cb9ba779,HwkSKepew1MVjQsBUEWHFvxnKGD8Cs73q4j4ZXCzpump,2026-08-21T14:31:23.653808+00:00,1.449622029079136e-07,1.7158699331616155e-07,0.009183356,trailing_stop,1,1,1,-0.47,live_lower,trailing_stop,1,1,
2026-08-21,2661cac1-5a85-4b82-af5f-59ed022d68f8,RcoqF3auZsEtCu5ZmmE3Y8V8LMU2AAnueY6UNbhrfgs,2026-08-21T14:32:21.973920+00:00,9.993768522201568e-07,9.194267040425443e-07,-0.004,hard_stop,0,0,0,-1.55,live_lower,trailing_stop,1,0,mcap
2026-08-21,cd8ed85c-0b2e-4d41-8295-7aef9b2dd218,5HqSE7vZ4n3Hr5BB712T8FSDUSBY84gQdheB2zrTpump,2026-08-21T14:33:32.717929+00:00,9.525530115648924e-07,8.763487706397011e-07,-0.004,hard_stop,0,0,0,280.16,live_higher,hard_stop,0,1,pool
2026-08-21,f2ed2ffe-4897-4309-bb79-c77413ce2f8b,3JpCqvLQstogfxugPUDohv4NFETse2oG22ST2nmF9rtw,2026-08-21T14:34:05.172126+00:00,3.8822763465600364e-07,5.620468230135107e-07,0.022386246,trailing_stop,1,1,1,-3.89,live_lower,trailing_stop,1,1,
2026-08-21,2f3c6c67-f5e9-430d-9eac-a8b84ec4b583,28Nd2vevCk4yTKSD5oPvpkbAoH258pcjveADVzTppump,2026-08-21T14:34:51.974154+00:00,2.1679290604675966e-07,1.994494735630189e-07,-0.004,hard_stop,0,1,1,6.93,live_higher,hard_stop,0,1,
2026-08-21,05a75cf2-2a11-4a0b-a625-133228b5c520,3bn8JeMfCq2wiGRFvDx2Fm2q8QACXzEsyDapDMxs5eyw,2026-08-21T14:33:33.445625+00:00,1.0402209732443561e-07,1.3045994896142402e-07,0.012707806,trailing_stop,1,1,1,-4.1,live_lower,trailing_stop,1,1,
2026-08-21,ffd84e13-b44a-42c8-981e-932f6c775d0f,C5miGgWbPShdTPaoeqzMiyTT2yF11QKatjr8sW5Rpump,2026-08-21T14:35:32.179957+00:00,2.4317220192192465e-07,2.2371842576817068e-07,-0.004,hard_stop,0,1,1,6.8,live_higher,hard_stop,0,1,
2026-08-21,3ba9a514-8f69-4ba7-ba3b-b9c04b50ee4b,QRHdwQiPyqxSTVXdcBw9MxzXo9TAb6dq2ojvuJX5g3W,2026-08-21T14:35:31.445723+00:00,1.2227032510946525e-07,1.651779579949623e-07,0.017546217,trailing_stop,1,1,1,0.1,live_higher,trailing_stop,1,1,
2026-08-21,7df102cc-dda2-4736-bd59-7072549b861a,8oNobgtmY4Qjgm537KpY5GK2U7iFekmfQXhbdJrZGXSc,2026-08-21T14:36:14.853168+00:00,3.1477741957657096e-07,4.744530337247723e-07,0.025363257,trailing_stop,1,1,1,-3.07,live_lower,take_profit,1,1,
2026-08-21,2af7ab40-5758-4eab-b78c-0916dda4c6cf,5DLJu2UgaLXWqRehryDZxisS6voRp2wmBaXvhfsPpump,2026-08-21T14:36:11.328972+00:00,1.1524054253275221e-07,2.3125223501762524e-07,0.050334583,trailing_stop,1,0,0,0.16,live_higher,trailing_stop,1,1,volume
2026-08-21,78b1a536-4263-4976-961f-addb60ecf4c9,EGVgqbb1xra9q41P48NWRQorNxXxJ9qyQPtoYcw7pump,2026-08-21T14:29:57.113250+00:00,2.648556819185728e-09,2.649728836482503e-09,2.2126e-05,time_stop,1,0,0,0.61,live_higher,no_exit_within_window,0,,mcap;pool
2026-08-21,1fd890ec-23f6-4658-b73e-5693674e9dab,FoFhGiU23mgNmEdL5zBJpWFWEnZh5679bD8bCv1Mpp1q,2026-08-21T14:39:33.928106+00:00,1.1835459393680903e-07,1.9900124048921232e-07,0.034069927,trailing_stop,1,1,1,10.98,live_higher,hard_stop,0,0,
2026-08-21,b89c41bc-cb8d-4abf-bbc3-a2a046f74dd4,3Ktd3sVWQHJfqoFcKwiterqsiA5HE4bwmSvv5uANtFxT,2026-08-21T14:40:33.930808+00:00,1.2483949057574796e-07,1.674530503669784e-07,0.01706734,trailing_stop,1,1,1,-9.21,live_lower,trailing_stop,1,1,
2026-08-21,53b23a11-5652-412c-bfb5-65941497f2b1,CoWJpHvw7grU7XXtDtzMa19aZM7mUSU7X9zq1KuGpump,2026-08-21T14:41:37.049507+00:00,1.7023517309318697e-07,1.5661635924573202e-07,-0.004,hard_stop,0,1,1,3.76,live_higher,hard_stop,0,1,
2026-08-21,cf97af1c-4371-487c-933a-a6a990cca339,9PFxrHDj3qTCP9ZiWtnHdoVkArgxfC6gMSoJyYcpF2AV,2026-08-21T14:42:01.968852+00:00,9.933443459230623e-07,1.0840996396497048e-06,0.004568169,trailing_stop,1,0,0,-5.05,live_lower,trailing_stop,1,1,mcap
2026-08-21,639a69e7-6419-46ab-9040-eceb3260764c,6yhFjtz64VzrmtE4trPdTJ6XXUqfLYQpdeQiVRAUpump,2026-08-21T14:42:31.554388+00:00,1.5936657285598734e-07,1.4661724702750837e-07,-0.004,hard_stop,0,0,0,273.87,live_higher,hard_stop,0,1,pool
2026-08-21,727a0354-6d4f-40b4-bb55-477995cf6bad,AUcBQXrC6YrXWnNMGiby4LzodXXuZcuHnqR9rkTqfboD,2026-08-21T14:43:13.496648+00:00,3.1120532340234607e-07,2.863088975301584e-07,-0.004,hard_stop,0,1,1,21.76,live_higher,hard_stop,0,1,
2026-08-21,258dce48-801f-46d3-b6c5-23ea97917396,BSQiVKTZunpcvvcjE58GpByiVHJULQYrzZXkRZWepump,2026-08-21T14:44:04.693256+00:00,5.2881653223131807e-08,4.865112096528126e-08,-0.004,hard_stop,0,0,0,-0.6,live_lower,trailing_stop,1,0,mcap
2026-08-21,2ad5a83f-5fb5-4ee7-9d23-75d9d2fd1734,HtoUNhxrSnuqF6ww7VZibSVR4R9Vvf5q1UByGYRapump,2026-08-21T14:43:53.115917+00:00,5.505115698829696e-08,5.06470644292332e-08,-0.004,hard_stop,0,1,1,-5.06,live_lower,hard_stop,0,1,
2026-08-21,1d4bb382-3233-49bf-8993-1b16f2d42a89,1FN2dtKhuyi8ws7B3ChThKH3EeHgxqaCXynYG1kpump,2026-08-21T14:35:12.498459+00:00,0.00048806033969282374,0.00048806033969282374,0.0,time_stop,0,1,1,-0.0,live_lower,no_exit_within_window,0,,
2026-08-21,f5fb6d16-3522-42ef-8d2f-83fee2be64cb,7nyJMg6jbHyw3JQXgLiWkQkqdcxMGZhAw5jnUydypump,2026-08-21T14:45:09.271331+00:00,6.10629149348215e-08,5.617788174003578e-08,-0.004,hard_stop,0,1,1,9.23,live_higher,hard_stop,0,1,
2026-08-21,caf08043-df24-465f-a763-2302738acb6d,6KFmKFsKc7bxnhD6t6sx7SYYrRQA4rzq7oegmM7Zpump,2026-08-21T14:46:35.533716+00:00,6.267526506715613e-08,5.766124386178364e-08,-0.004,hard_stop,0,0,0,20.01,live_higher,hard_stop,0,1,mcap
2026-08-21,ef846a50-2a03-427e-8a30-77124d33958f,GSu5qcuM8sVHyEiiZ1tAJKP6MTUPaWvCDNvFCfqjep3,2026-08-21T14:37:53.750849+00:00,3.0030200773092664e-08,2.823088412701579e-08,-0.002995845,time_stop,0,0,0,4.33,live_higher,no_exit_within_window,0,,mcap;pool
2026-08-21,d611535d-978e-4fce-9e03-44ea7a75c8d6,4UNyVET74a9qLcSSN4koc9HGNjBuPki4RuAyKtJXpump,2026-08-21T14:45:06.725241+00:00,1.993709164962097e-07,4.984272912405243e-07,0.075,take_profit,1,1,1,-8.3,live_lower,take_profit,1,1,
2026-08-21,77c408df-c698-468d-a9b2-e52583fbc6e0,GVCof52tE9BEnbuMDqHXAU7xz5vusSC9WrYX9qfUpump,2026-08-21T14:38:01.066080+00:00,2.8507396775396352e-08,2.8211579955123357e-08,-0.000518842,time_stop,0,0,0,1.85,live_higher,no_exit_within_window,0,,mcap;pool
2026-08-21,a7a49466-9d8f-400d-9d4f-43a152acd2cb,B4o7QdFbeNYFdaaEX9LN32rvqH4c3maGfhihZ1cKJa33,2026-08-21T14:48:31.661801+00:00,9.994656826415094e-08,1.0326771120302603e-07,0.001661459,trailing_stop,1,1,1,-2.29,live_lower,trailing_stop,1,1,
2026-08-21,a8cb3c96-7333-4264-ad32-ff1935393137,GLn37qgsn4rfmzz4MdeSQbf8ub9an8PWmjsyF8vWpump,2026-08-21T14:48:37.282605+00:00,6.29973980281467e-08,5.795760618589497e-08,-0.004,hard_stop,0,1,1,-4.02,live_lower,trailing_stop,1,0,
2026-08-21,68c99e03-26e5-42fe-852b-6c0547b51dbd,6Lw46FQu5w3wv3kjgUAykFwCtUT4GZDz2xeaJCEtpump,2026-08-21T14:49:09.099797+00:00,6.389722894014856e-08,5.878545062493668e-08,-0.004,hard_stop,0,1,1,7.28,live_higher,trailing_stop,1,0,
2026-08-21,12bba032-8318-4e17-9f7c-e34cc4a24dbf,7cbJNLNKoNuSiBSGiFvGFLYx7fq6CiF8MCJrRb3Hpump,2026-08-21T14:51:03.437692+00:00,5.63517471306773e-08,5.184360736022312e-08,-0.004,hard_stop,0,1,1,-9.53,live_lower,hard_stop,0,1,
2026-08-21,6c08fb72-ff8a-463b-871b-468ef44967d2,3w82k1voyaWjcPKyJMb4y9nRGhD9dCu8XXStqxocpump,2026-08-21T14:51:04.137403+00:00,8.67585935144768e-08,7.981790603331866e-08,-0.004,hard_stop,0,1,1,-2.83,live_lower,hard_stop,0,1,
2026-08-21,51bf665e-37b2-498d-b1f3-1b3b00d04985,GFLjfdDDfWuHjvwBcWwFh8eGpNM43BDeEVpZBX6upump,2026-08-21T14:51:41.903750+00:00,5.786821603308259e-08,5.323875875043598e-08,-0.004,hard_stop,0,1,1,-15.78,live_lower,trailing_stop,1,0,
2026-08-21,54da3c3d-e509-4751-b493-465485d1dd9e,9R5r3aSATey9F22cHeiGq7uRxQwpqSQ9dVZiZU8D252P,2026-08-21T14:47:25.082358+00:00,9.763182943192975e-08,2.4407957357982437e-07,0.075,take_profit,1,1,1,-0.41,live_lower,take_profit,1,1,
2026-08-21,179a4e9e-3cb7-4f5f-8eae-1d050138e35f,hXyC6XzE1zTofjTCQKWJL8ouU9JV6fsE7xQMXfKpump,2026-08-21T14:53:23.108321+00:00,6.717732555536236e-08,6.180313951093337e-08,-0.004,hard_stop,0,0,0,-33.09,live_lower,hard_stop,0,1,pool
2026-08-21,3ec63e74-af20-4bd7-8fdd-7191906d07c1,DMHgSBPm7RbWeYP5eUdZ1jD1JmS8tzkQc8NpNi5Qpump,2026-08-21T14:53:31.931814+00:00,6.69706646800996e-08,6.161301150569164e-08,-0.004,hard_stop,0,1,1,-0.64,live_lower,hard_stop,0,1,
2026-08-21,c037b49f-aec3-42de-9145-6f038faed483,HJV7gSSiqhLs6ZMRd5tSmd91WpzY5592b8SzEv4WL4nV,2026-08-21T14:53:11.505125+00:00,3.760111806913123e-07,5.774152831128269e-07,0.026781664,trailing_stop,1,1,1,6.36,live_higher,trailing_stop,1,1,
2026-08-21,45268931-96e4-4960-8c8c-115da641dc4b,6HqY7K2G5CrxkkDKc8pNXJ4PMR6Je5YmJc8kmin9pump,2026-08-21T14:54:46.302932+00:00,7.817560288606433e-08,7.192155465517919e-08,-0.004,hard_stop,0,1,1,-6.02,live_lower,hard_stop,0,1,
2026-08-21,8a767c45-a2ae-4d32-b7a0-ba00fdd712a8,HnLJEeQPyjcuYc177NJBsqHd81dkwetb7KqUxzvUSdN,2026-08-21T14:49:47.788465+00:00,3.292958014522433e-08,3.029521373360639e-08,-0.004,hard_stop,0,0,0,2.88,live_higher,no_exit_within_window,0,,mcap;pool
2026-08-21,3de9cdf9-11ab-46f4-a84f-becd40683b84,DBp1bbFhLRzYSoa4xgsTkyEfzvUR7HpKcxJaHoKRpump,2026-08-21T14:46:55.398784+00:00,2.8526348967108644e-08,2.8530589682177112e-08,7.433e-06,time_stop,1,0,0,0.66,live_higher,no_exit_within_window,0,,mcap;pool
2026-08-21,dea7770e-82cb-42c6-ac0e-f29ce2f595ad,2zdTYRKTp5CL6znZfCCCaQSgqao4XUc4qKrug3CUpump,2026-08-21T14:56:16.147135+00:00,4.100396600873274e-07,3.7723648728034125e-07,-0.004,hard_stop,0,1,1,0.04,live_higher,hard_stop,0,1,
2026-08-21,5d583a1c-abdc-48aa-9979-dc3cd967c380,F11sk31xacsYfda4WYjbHs7Ba1VbVcrS3dAPMNaJpump,2026-08-21T14:55:41.365229+00:00,1.0374883623362927e-07,1.7426948707553448e-07,0.033986237,trailing_stop,1,1,1,-3.7,live_lower,trailing_stop,1,1,
2026-08-21,283903df-4eb4-4cdc-91a7-27c11dba5ba8,433koKR18a4eGVmvwqpurV468bWc4sf7nrct1HjNcSo5,2026-08-21T14:57:31.360816+00:00,4.167953751623811e-07,7.494214136160482e-07,0.039902799,trailing_stop,1,1,1,-3.15,live_lower,trailing_stop,1,1,
2026-08-21,b7d165a0-5cee-407c-ac08-6a9c03caf3ad,ENiaGFKCpMRZf8Q9LfanyZnRAWunVCNWsYCgm8eaL7W7,2026-08-21T14:54:44.739252+00:00,9.63912006056356e-08,1.783629529881364e-07,0.04252035,trailing_stop,1,1,1,-4.89,live_lower,trailing_stop,1,1,
2026-08-21,df777724-6bed-461d-a70f-ebdc7e8c34cd,CXcGDZrA251zVjcFU26CTHtk5wcZby8ss8mLrVcapump,2026-08-21T15:02:34.243930+00:00,3.064010858850876e-08,7.66002714712719e-08,0.075,take_profit,1,0,0,0.59,live_higher,trailing_stop,1,1,mcap;pool
2026-08-21,3c68a35f-b2bf-4ed8-9152-403dc093c992,FsuBQcMxD681PrnLJYGyvL5jBPqiyCKkof52LBwLgmYZ,2026-08-21T14:58:40.686596+00:00,1.1919799060127913e-07,1.4820294905164193e-07,0.012166715,trailing_stop,1,1,1,0.56,live_higher,trailing_stop,1,1,
2026-08-21,0d969100-9032-4ba1-9c39-f882aac4ed2c,BhsmsKXimvjXd286BY6341VhgAqSpKGv5eRoijavNEUg,2026-08-21T15:04:19.432543+00:00,4.781949403131705e-08,4.399393450881169e-08,-0.004,hard_stop,0,0,0,-0.09,live_lower,trailing_stop,1,0,mcap
2026-08-21,1e8474be-b4dc-462f-8741-7b4a02953345,C1Gf7oTagk33tXZSAMXoQSciwHvde9idaMp8wmatc1vG,2026-08-21T15:05:43.455983+00:00,1.3476432369397958e-07,1.2398317779846123e-07,-0.004,hard_stop,0,1,1,12.45,live_higher,hard_stop,0,1,
2026-08-21,39c77223-f2d6-4d12-aa85-223a0a63b6f3,73o1LeTK7E2WkVdEyTmd5TxzqVLcAFm2cn1GahN2pump,2026-08-21T15:02:29.697679+00:00,4.3643434301534795e-07,9.836503753432348e-07,0.062691679,trailing_stop,1,1,1,-9.78,live_lower,trailing_stop,1,1,
2026-08-21,5f8b24f3-f415-402a-a2ef-2ed9c6e73e10,monaDMYgcDcFCKeSKH1vwEa5wKcUnQXH2YciAfog77Y,2026-08-21T14:57:57.077816+00:00,2.8094865422557792e-08,2.791762481271338e-08,-0.000315432,time_stop,0,0,0,0.24,live_higher,no_exit_within_window,0,,mcap;pool
2026-08-21,6aec9fa2-eea6-4955-bc4f-1dc5f6447e12,9LzuczgbdkqMDo3xT4e21PKocWErcaLJnwVnxKBwXuMS,2026-08-21T15:07:05.851473+00:00,7.163313059623196e-08,8.52591629500953e-08,0.009510985,trailing_stop,1,1,1,1.58,live_higher,trailing_stop,1,1,
2026-08-21,3d8a92f3-ae99-4b3c-a945-54b004e4f673,cfjd6w9oUuDgXb7u63u5JtYK8dy9auXHqFjswPASioH,2026-08-21T15:08:24.901489+00:00,8.014586371843619e-07,7.373419462096129e-07,-0.004,hard_stop,0,1,1,133.8,live_higher,hard_stop,0,1,
2026-08-21,976e8371-378d-4397-9ab0-ca930e9e5416,9wnqzB1xkcqn9WqPoPpcRsRLSyf16LtRvPpd2gMnjRVW,2026-08-21T14:58:49.412939+00:00,1.3962812849865068e-07,1.3962812849865068e-07,0.0,time_stop,0,,,,,,,,
2026-08-21,b2206272-7590-4050-a4b9-d36470614530,bdB1x6HCgHVBvePb1zGHCAz3jKdpQJnxRwUQdLmpump,2026-08-21T15:08:34.442693+00:00,4.5497151873354356e-08,4.185737972348601e-08,-0.004,hard_stop,0,0,0,-0.11,live_lower,hard_stop,0,1,mcap
2026-08-21,69fd6a19-aaa0-4b3f-9a27-56aef9c2a85a,FnMbZn6mWkutnq9rzMhp4nUndu7N1wAvt1nhzeGxpump,2026-08-21T15:09:15.255313+00:00,2.9952013384276114e-08,3.240697294991532e-08,0.004098154,trailing_stop,1,0,0,0.49,live_higher,trailing_stop,1,1,mcap;pool
2026-08-21,1f897493-3fb2-4d38-b5fb-0be8a0906ae9,3uLVicPvkpDjWwVvZVGzpV6kUeofnFfNbwo35DxTpump,2026-08-21T15:09:47.555814+00:00,5.0060657993281405e-08,4.6055805353818897e-08,-0.004,hard_stop,0,0,0,5.91,live_higher,hard_stop,0,1,mcap
2026-08-21,926344de-f1fb-4463-ba6a-f43f2622287f,AmNq1bXwc6rwgJezBFnmzDS4vuUvtivNmHSCM5Macs6k,2026-08-21T15:08:42.315635+00:00,5.152592548697985e-07,6.183300718623253e-07,0.01000184,trailing_stop,1,1,1,-0.43,live_lower,trailing_stop,1,1,
2026-08-21,98f48eb6-a24f-4b1f-844d-7a8e0fe74a75,4cUs3DgFg1p6CDppiQdviQwa22BNrhNaUP9dAWW2pump,2026-08-21T15:10:32.127392+00:00,9.21058787146275e-08,1.296745382097777e-07,0.020394279,trailing_stop,1,1,1,-3.28,live_lower,trailing_stop,1,1,
2026-08-21,1d07490f-8550-4645-a177-67f5b0d9dd0c,FhMvFSfqE1bhvPWev2sqytctqCBdezJf6trnAxTMpump,2026-08-21T15:03:54.882690+00:00,2.7968049174874278e-08,2.8008903700672892e-08,7.3038e-05,time_stop,1,,,,,,,,
2026-08-21,975d72c2-b28a-48b6-a6af-270d38a5ecd2,LQBMBpz3yTnK9HYwYUJFbQu3pABsx6SWLvTv4Qtpump,2026-08-21T15:12:49.997430+00:00,6.518206676040692e-08,5.996750141957437e-08,-0.004,hard_stop,0,1,1,-0.92,live_lower,no_exit_within_window,0,,
2026-08-21,1e20d4c8-8ab0-4eb6-9175-417f44f05523,B25PXVp1RDBDTKEVNZGmKtrDBwz2wd1gULp3VB9vpump,2026-08-21T15:14:35.373063+00:00,3.7000449446498795e-08,3.404041349077889e-08,-0.004,hard_stop,0,0,0,4.07,live_higher,no_exit_within_window,0,,mcap;pool
2026-08-21,0357c4af-22f9-492e-905b-fbf90e3424e0,7eiyNRQJHxhcRkRx396rSkwpx6fRRgvaXQrwVg6f3GPg,2026-08-21T15:09:20.839090+00:00,2.812598941130681e-08,2.8254613538408982e-08,0.000228657,time_stop,1,0,0,-0.59,live_lower,no_exit_within_window,0,,mcap;pool
2026-08-21,03c0b9a0-9beb-4622-81d3-8ce6ac9b534c,8bhpYTpVipDY5BtaqHHPtkAG1EqVCWpn6D4Jsvg9pump,2026-08-21T15:11:17.248872+00:00,2.841713638121643e-08,2.831692926887662e-08,-0.000176315,time_stop,0,0,0,0.15,live_higher,no_exit_within_window,0,,mcap;pool
2026-08-21,a52ccbd5-0612-4922-a04e-7ede887464de,DEH6a9NdGA6UwyiuGRR6tYH5nMijgPaDQ2s6uVDpmxLj,2026-08-21T15:12:52.595075+00:00,2.930899269604672e-08,2.854024611800525e-08,-0.001311452,time_stop,0,0,0,0.55,live_higher,no_exit_within_window,0,,mcap;pool
2026-08-21,e5352634-f9c3-451d-b37f-901e3483268c,4pAKbH1r8MrtoA8WwiwLdgh66vaDdvVJC13KSvz91g3Q,2026-08-21T15:14:37.881208+00:00,4.3079017217212567e-07,4.3079017217212567e-07,0.0,time_stop,0,1,1,-13.84,live_lower,no_exit_within_window,0,,
2026-08-21,dfd8b0aa-eccf-49d5-a1ca-3c57613a2015,6LihXimTGeRwuqHTqtS8mmzyupnqaEHsipmZRdw8pump,2026-08-21T15:24:48.263570+00:00,8.804766553266409e-08,8.100385229005097e-08,-0.004,hard_stop,0,1,1,1.97,live_higher,hard_stop,0,1,
2026-08-21,71d001b1-5b28-4cc5-b8b1-51917587801b,4ncfHUk2vaYFkvNgVJLYUkThfygoQR9PpYrq9HH9pump,2026-08-21T15:21:47.626590+00:00,0.0006122984344935496,0.0006791555525061457,0.005459521,trailing_stop,1,0,0,-4.12,live_lower,trailing_stop,1,1,mcap
2026-08-21,aa361963-7591-4cf8-b96f-1403a11ab5e4,BLJwQfSLJrDCE6QGYNAbzg4tDDK8srZHLhncVYf7pump,2026-08-21T15:16:46.101098+00:00,8.72143310218211e-08,8.739683866630474e-08,0.000104632,time_stop,1,0,0,-0.0,live_lower,no_exit_within_window,0,,pool
2026-08-21,51f9f706-03a0-4061-8e3d-65d1dc844de3,4nsJqB55nPCtGX8rKuBzTd8d3gHReEzc1L7GG7DVpump,2026-08-21T15:26:48.772725+00:00,5.118480544028804e-08,7.468459465605556e-08,0.022955825,trailing_stop,1,0,0,-0.91,live_lower,trailing_stop,1,1,mcap
2026-08-21,75e830ed-1a4b-4367-8966-6e40a53c4b70,BLN8AEp7XvYoY1ZcqAgc99JnQY4WgmcWtbUcPv9vpump,2026-08-21T15:27:02.770418+00:00,2.6542623377166725e-07,2.883020990484397e-07,0.00430927,trailing_stop,1,1,1,-2.81,live_lower,trailing_stop,1,1,
2026-08-21,f968134c-f27e-4887-9d18-a1a29c8e7180,5S7RPhhhaBVRSf2W1CQHCykBJbqHw7YtdNhKCA6spump,2026-08-21T15:19:55.630280+00:00,7.62607455459038e-08,7.629538847744931e-08,2.2713e-05,time_stop,1,,,,,,,,
2026-08-21,c8c09130-2a3c-4c2e-9eed-04a382db550c,B3hgK1BrqCvK8A6oZx4E6tDSBvY5vdYdKPkmkr9cpump,2026-08-21T15:30:39.834271+00:00,3.6870490054300486e-08,3.392085084995645e-08,-0.004,hard_stop,0,0,0,7.04,live_higher,trailing_stop,1,0,mcap;pool
2026-08-21,0eb27d27-a959-42cb-a894-4ce252ae7eb4,fjKScZSvJWJ6M761a3K3bXjCh9LKH6EGxfaXC9Epump,2026-08-21T15:31:15.497222+00:00,9.826442539684522e-08,1.0534851705767817e-07,0.003604606,trailing_stop,1,1,1,0.17,live_higher,hard_stop,0,0,
2026-08-21,64e61cf6-00f2-43f3-9320-f324a9d05cb5,CfxVLEtoRiWQj8edFaG7onjf1cN9CP16o7ymVsjfpump,2026-08-21T15:32:19.346692+00:00,8.289219190241046e-08,7.626081655021763e-08,-0.004,hard_stop,0,1,1,22.24,live_higher,hard_stop,0,1,
2026-08-21,9f2e2f07-6dbc-44b4-8bfb-b9acd5e8788d,F7ZGTnHx48NxefyZSVjDm2V3C1CM3Ng4vLaYuUZR8K7e,2026-08-21T15:23:24.512784+00:00,4.5757008528777736e-07,4.5757008528777736e-07,0.0,time_stop,0,0,0,5765485.4,live_higher,hard_stop,0,1,mcap;vol_mcap
2026-08-21,231b254c-4839-44ed-9daf-5ab188203345,833VREzTMSSyXxWPE6qnqAbSvPHHnbfXRKHE5aWDpump,2026-08-21T15:27:32.374397+00:00,7.145080946533524e-08,7.166545356460286e-08,0.000150204,time_stop,1,,,,,,,,
2026-08-21,5bc302b2-b557-49f5-b630-175952b18623,FRXXSkKHLL8tYhxK7h75K5nekCSCRSiXqMkktWjRpump,2026-08-21T15:27:56.016254+00:00,3.014301162307671e-08,2.8001146579046024e-08,-0.003552839,time_stop,0,0,0,0.38,live_higher,no_exit_within_window,0,,mcap;pool
2026-08-21,45feeba1-359f-4ad0-8dbe-9a53a1fc50b9,EZARaYNrL7WvTHXFgDQ37un4DdysMn5L8SjHsE8fpump,2026-08-21T15:28:21.786720+00:00,2.8085358602873323e-08,2.8049733817918374e-08,-6.3422e-05,time_stop,0,0,0,0.45,live_higher,no_exit_within_window,0,,mcap;pool
2026-08-21,074a8795-cccd-42d2-a663-0a70eafeb258,9h6CgFF3M844q6WHnSFihDHXyu2Uy7kvUXX9k4qxA6PZ,2026-08-21T15:37:59.925286+00:00,9.787850551253206e-08,1.1708081027188715e-07,0.009809255,trailing_stop,1,1,1,-2.77,live_lower,trailing_stop,1,1,
2026-08-21,4590249d-619f-42c3-98dd-83d0e81b21fa,HgsGciepz5JdQmZ7t6sfwiQggE84CEhj1T5irLmnjMvM,2026-08-21T15:39:13.315943+00:00,1.6764914480477507e-07,4.191228620119377e-07,0.075,take_profit,1,1,1,-58.33,live_lower,take_profit,1,1,
2026-08-21,ecf62df0-2b2d-4fa2-9e37-8aaa59a0f669,DtUYoGSxoXQDfDSdU4QvDWey5pc3gbWPwKay4GN2pump,2026-08-21T15:38:02.005846+00:00,4.71764784213595e-08,4.340236014765074e-08,-0.004,hard_stop,0,0,0,0.28,live_higher,no_exit_within_window,0,,mcap
2026-08-21,fba49d06-4dd9-4704-836c-58d56c9f4c9a,9nmfPTBjBdMkEmhpM8Guvj2c7mZpm88iRTMKhEjfpump,2026-08-21T15:32:41.340528+00:00,3.050045153043711e-08,2.9769100392425288e-08,-0.001198919,time_stop,0,0,0,1.8,live_higher,no_exit_within_window,0,,mcap;pool
2026-08-21,166124a4-5d21-4f02-8ce6-0e1d804f677d,GMHu6bbBgpn347i2owqgwhyU6dXrjeEeDUkGtJPxoegN,2026-08-21T15:33:31.669132+00:00,4.805546184752438e-07,4.805546184752438e-07,0.0,time_stop,0,1,1,-0.32,live_lower,hard_stop,0,1,
2026-08-21,c0792412-a418-454f-afc5-78f9f77a992d,K3a4rrKksDGGdrCKQ2BfanfqRnpupvdg8FfbsUzAE1m,2026-08-21T15:38:48.174539+00:00,3.862395173458163e-07,3.862395173458163e-07,0.0,time_stop,0,1,1,-6.26,live_lower,hard_stop,0,1,
2026-08-21,0fa54206-9aee-4ac3-bcbb-12e25ff111e5,DBaQrb4f73eGoYpvMpancRBcrBsHjNVK6rFFakFHpump,2026-08-21T15:39:43.422963+00:00,2.8006346130529806e-08,2.8047279567047298e-08,7.3079e-05,time_stop,1,,,,,,,,
2026-08-21,89cc486b-df5a-428d-869d-102afe362781,3gKou75cWxkbQgiGPa3AWoVvbKaVjU8RZuviG9bDpump,2026-08-21T15:49:58.952520+00:00,8.678198361410128e-08,7.983942492497318e-08,-0.004,hard_stop,0,1,1,2.6,live_higher,hard_stop,0,1,
2026-08-21,d2e381c0-080d-4f80-af78-39227fdea18c,AASJiXaCv3iUbvkHYT54Ztg9DFnjtY6wyrChNPAtvWQo,2026-08-21T15:50:09.641870+00:00,4.275279883539963e-07,4.3976381155403204e-07,0.001430997,trailing_stop,1,1,1,-2.03,live_lower,hard_stop,0,0,
2026-08-21,609e81a5-9280-43ad-afd5-49014bbe0f9a,HAR1wTkcKD4NS98ij4gNCwi1nFGr7F4yjG4m5DYwfNj6,2026-08-21T15:50:31.782456+00:00,1.2141354791250666e-07,1.1170046407950614e-07,-0.004,hard_stop,0,1,1,4.85,live_higher,trailing_stop,1,0,
2026-08-21,c8d86fe6-b759-4d11-9ab9-05f6f6526d54,7GWgvd87EUU44hEk7rF8RzUXwgtiSHXLbiXqGyS9pump,2026-08-21T15:52:05.951283+00:00,5.101592096568931e-08,4.693464728843417e-08,-0.004,hard_stop,0,0,0,6.93,live_higher,hard_stop,0,1,mcap
2026-08-21,b37657e7-94e3-4c84-b690-d2fd07a3cc77,FbhrCAiB6oDKxdHh4GYHJAdE79rLQKtezfrTMuohpump,2026-08-21T15:42:39.456985+00:00,3.129029969101731e-08,2.9267450520635456e-08,-0.00323239,time_stop,0,0,0,0.01,live_higher,no_exit_within_window,0,,mcap;pool
2026-08-21,d7c3fc54-31d2-4854-af9e-8d43d5f27924,5AaSd3XvVsLy27fyRsfgz7MWWJBVEmHPrcA8Fv8rpump,2026-08-21T15:43:08.761600+00:00,0.000720132815472265,0.000720132815472265,0.0,time_stop,0,0,0,-0.35,live_lower,no_exit_within_window,0,,mcap
2026-08-21,36eed773-e87b-4d87-a404-664c0f884bda,3apnX8gsiRnUvXwC5dc9QfULvXQHmzgFUwF9JHaUYTmr,2026-08-21T15:52:23.799702+00:00,1.1238884678902033e-07,1.0339773904589871e-07,-0.004,hard_stop,0,1,1,-0.82,live_lower,hard_stop,0,1,
2026-08-21,77ad527b-e1a5-46e1-bc94-4bb3a3c6dbca,3NhJZdUr6FXi7xX4U6zsSAWHKD7zoXaNxrubrcRCpump,2026-08-21T15:44:43.344965+00:00,6.662534656769187e-08,6.685126109310997e-08,0.000169541,time_stop,1,,,,,,,,
2026-08-21,94a323a0-30c5-432b-9c6f-2dc81e14ffb2,29fjNJPv8Zn41fQYsByw1sSCMa4eHu3qZAFYKySepump,2026-08-21T15:54:09.943772+00:00,3.581209116307015e-08,3.294712387002454e-08,-0.004,hard_stop,0,0,0,-10.64,live_lower,hard_stop,0,1,mcap
2026-08-21,2ec85f7a-7f32-4360-8977-cfa363752951,BULLrokikvwyi5e2bKmGYjQkAzQ5wRMa9YmRT6743KmF,2026-08-21T15:55:40.537993+00:00,1.1039484531218638e-07,1.2678171697280128e-07,0.007421937,trailing_stop,1,1,1,-13.69,live_lower,trailing_stop,1,1,
2026-08-21,1c983cf9-6ba7-4ca9-b76c-94d345f6d306,C926ewfxoQsUwsVeUTCwAaVSny6hCvXpNG4GujzKpump,2026-08-21T15:55:48.467898+00:00,0.0006139164643791435,0.0006488167847871505,0.002842432,trailing_stop,1,0,0,-0.69,live_lower,trailing_stop,1,1,mcap
2026-08-21,fb7e7084-3736-4776-a6b7-14c087aaa8b9,DYhrdDsVpjftMQ4Xrhm3kAmFpJaUHskkXGBgkidipump,2026-08-21T15:56:33.542196+00:00,1.0860195608896777e-07,9.991379960185036e-08,-0.004,hard_stop,0,1,1,-0.57,live_lower,hard_stop,0,1,
2026-08-21,61af471d-19b8-4934-adb8-9a40c4a5e7c9,3RHmRLxHup3CyrtD1xLPJjdCVmD9HFGwhXTXT3N4pump,2026-08-21T15:51:11.480002+00:00,2.8549225638484087e-08,2.8574975779113552e-08,4.5098e-05,time_stop,1,0,0,-0.58,live_lower,no_exit_within_window,0,,mcap;pool
2026-08-21,29ae211d-0946-4048-8d70-0f9d272a4c48,64iuo2cm8WPFsRZnuuHL8mFrPYzND14HHqagQBNUpump,2026-08-21T16:01:52.296961+00:00,2.8155023577451463e-07,2.590262169125535e-07,-0.004,hard_stop,0,1,1,2.4,live_higher,hard_stop,0,1,
2026-08-21,0e1f35c3-cf0e-4973-9b5a-804e890c69cc,E8rZNwF3T5Z8Ks48itWv93z22vLu3jwHcN2TpRGqpump,2026-08-21T15:52:50.228010+00:00,2.827733515234751e-08,2.7999175311659726e-08,-0.000491842,time_stop,0,0,0,1.04,live_higher,no_exit_within_window,0,,mcap;pool
2026-08-21,a9a12ee7-e806-41cd-8383-2495edc828a5,DwzqejrezWs77GsAz9eucSVubVRp5fNzYdCxGa4cpump,2026-08-21T15:53:45.182539+00:00,5.7770320035286436e-08,5.779810743168951e-08,2.405e-05,time_stop,1,,,,,,,,
2026-08-21,57e0ea02-6024-417f-85aa-5f7b9e368017,DsyDtdemWZpGktYB8qMKMiogKpqAzc9cWjh2rHLepump,2026-08-21T16:00:02.085994+00:00,4.697934457560049e-08,5.475705251119692e-08,0.008277795,trailing_stop,1,0,0,-1.33,live_lower,trailing_stop,1,1,mcap
2026-08-21,4fcb5abc-020b-4f1d-ba36-d09641157488,HbMjuTL6g4SqA5NabKKTv5uk2nBae8unaf8C3KUGbonk,2026-08-21T16:03:24.751261+00:00,4.065585997784092e-07,3.740339117961365e-07,-0.004,hard_stop,0,1,1,36.18,live_higher,hard_stop,0,1,
2026-08-21,30651a58-56a2-457c-8d99-e239ebc7c01f,DShht9B8wCRe5t3oqdPB77PnjJbKxbYaZyuWpZQjbonk,2026-08-21T16:04:06.170238+00:00,7.295213897021495e-07,1.2901479271321846e-06,0.03842427,trailing_stop,1,0,0,-19.14,live_lower,hard_stop,0,0,mcap
2026-08-21,22484e38-d82c-41e4-80a3-f265340dfa7a,Yh1QZS5k4H1Sn2UiWgfykCc78ZZ7xasjvvwGw51pump,2026-08-21T16:04:49.291053+00:00,3.7116546650779604e-08,3.414722291871724e-08,-0.004,hard_stop,0,0,0,5.87,live_higher,trailing_stop,1,0,mcap;pool
2026-08-21,5a5aabe7-2b03-46d0-a4d2-063dd5e6dfc5,DSeqCNY1auKaEEqxA2Dq6gWz7eGc6NSu7w15AHXqpump,2026-08-21T16:06:28.826961+00:00,2.849561968335026e-07,2.621597010868224e-07,-0.004,hard_stop,0,1,1,59.29,live_higher,hard_stop,0,1,
2026-08-21,cae8b132-2dc1-4fdd-9a54-c825123769fe,AqrRj9cQ9pLrVBJEGaJ8y5BLjE7mrtbFttcZMT6Nbonk,2026-08-21T16:06:46.959469+00:00,1.5599853542342658e-07,3.899963385585665e-07,0.075,take_profit,1,1,1,-6.1,live_lower,take_profit,1,1,
2026-08-21,f008e88f-eb79-4c3b-be5c-beb66064a20e,GWy3zMM9hUUCZwCSt6T7mCcTfcjEPZT7USyM6sjZ1zbE,2026-08-21T15:58:46.731521+00:00,2.951949362085724e-08,2.8443680912636814e-08,-0.001822207,time_stop,0,0,0,2.98,live_higher,no_exit_within_window,0,,mcap;pool
2026-08-21,23ca40fc-dcb1-41ff-aea7-99a31970190b,2y8TUJjJYo8e8C5MuHbHsBCFv833DKck5XBjizPupump,2026-08-21T16:09:50.798208+00:00,1.3466394233109776e-07,1.2389082694460994e-07,-0.004,hard_stop,0,1,1,8.46,live_higher,hard_stop,0,1,
2026-08-21,c576142b-2a01-4de2-9571-359e23ac1537,H1tU9fbxCbXkvP5BN9KqgbVWBqYrYvRiQnxzR1xoksEU,2026-08-21T16:08:33.974014+00:00,6.451107905445243e-07,9.926486982300724e-07,0.026936296,trailing_stop,1,0,0,-1.03,live_lower,trailing_stop,1,1,mcap
2026-08-21,3798352d-e23e-4cb7-b145-a88d7205dd86,AVYrU1X9Leeyb8ZnsDLvMYaWnZfdR6BsDj4Wt4ENpump,2026-08-21T16:12:08.531450+00:00,4.0533041062154335e-07,3.729039777718199e-07,-0.004,hard_stop,0,1,1,28.45,live_higher,hard_stop,0,1,
2026-08-21,6369fb5d-6171-4dcd-8d0e-a2f2569a78fe,7jVaWwq7eKmcZf2TYu3X8gFpHaD5gom7GBmbRF1opump,2026-08-21T16:02:52.528740+00:00,2.8041439253184332e-08,2.8099477643482766e-08,0.000103487,time_stop,1,,,,,,,,
2026-08-21,f99b060c-c3b5-473a-997d-c4f6135ed2f0,HH3U5eejbj9sjJvrt6a2GW4WdKXSk3uVqeaiGKHVbonk,2026-08-21T16:03:54.990665+00:00,4.24152853526329e-08,4.255233583948289e-08,0.000161558,time_stop,1,,,,,,,,
2026-08-21,427a7b2c-4788-48e9-b272-df096d4697d1,855vVmwyS7hYP2qsg2pZFcxCAZvf8gx2UBiE1ThRBEC6,2026-08-21T16:03:57.496846+00:00,2.94730159050224e-08,2.8534501171220636e-08,-0.001592159,time_stop,0,0,0,5.36,live_higher,no_exit_within_window,0,,mcap;pool
2026-08-21,dc09d263-1a3f-4d3c-9ff5-48585f248c41,5gBLfYJ7Q4akx26su6WMrG5tRB2YF3prY9qAmrbQeLCk,2026-08-21T16:15:14.254032+00:00,3.6286214022796985e-08,3.3383316900973226e-08,-0.004,hard_stop,0,0,0,7.22,live_higher,hard_stop,0,1,mcap;pool
2026-08-21,4bb21ac2-fdc3-4760-bd06-7b15986c8315,4wBtLgTCiG8y7h5nC6pEc4NNQvrdgsb9XDgSEVHvsHH8,2026-08-21T16:15:56.035840+00:00,1.6342401010933356e-07,1.673195230091918e-07,0.001191842,trailing_stop,1,1,1,0.74,live_higher,trailing_stop,1,1,
2026-08-21,f1890e2f-67d2-450b-8487-da001a1973d4,H92KLtw2BfqMSd9rDdcRvNt425i8GKZBw8AqiAbHaDk3,2026-08-21T16:16:19.730946+00:00,5.158261972793414e-07,1.2895654931983535e-06,0.075,take_profit,1,1,1,-0.1,live_lower,trailing_stop,1,1,
2026-08-21,e1f8f94c-83e0-4544-b9cc-4de0e424221e,7vBB9VdvByyyPsLTBJDLsKXQwCMfUrNCrnEiyCSGpump,2026-08-21T16:19:33.850808+00:00,4.899232982423937e-08,5.1434430742350555e-08,0.00249233,trailing_stop,1,0,0,2.35,live_higher,trailing_stop,1,1,mcap
2026-08-21,b3c3cecb-44df-4be4-b6d1-87361da6ce58,334wNe7CDpWrbkAy5rCfqGQRmBRfmvb2RrqkKXP7pump,2026-08-21T16:12:17.064272+00:00,2.8219875604568132e-08,2.8166954103491242e-08,-9.3766e-05,time_stop,0,0,0,0.92,live_higher,no_exit_within_window,0,,mcap;pool
2026-08-21,b9d5069e-332a-41eb-97c9-a6532efa42cf,EnqPobxzxi7gdg6yQHdNuXzY4SJf4Et7U1xgoBfdpump,2026-08-21T16:13:05.078808+00:00,6.824072574717887e-08,6.827348079744968e-08,2.4e-05,time_stop,1,0,0,-0.21,live_lower,no_exit_within_window,0,,pool
2026-08-21,000f7ea6-0ab1-4ea0-b635-4f286615f75c,6cJWdmF3Z86ADGjy7vrJfu7j67MMpyo1KwSSo5apump,2026-08-21T16:23:19.916908+00:00,1.9215177835212451e-07,1.7677963608395457e-07,-0.004,hard_stop,0,1,1,-6.43,live_lower,hard_stop,0,1,
2026-08-21,096a81a8-a356-4f3c-a541-780802b8d131,2NUD5cZctdwdTxhuy9oz5EHNA6BFbjoPW3LWzjbDpump,2026-08-21T16:20:19.113566+00:00,4.284156796997308e-08,5.8983175849417185e-08,0.018838722,trailing_stop,1,0,0,-15.47,live_lower,trailing_stop,1,1,mcap
2026-08-21,4787e4de-fbe5-47c0-8d61-7f417db49095,2tCGnZx8AA9Kf28yE2oJphfAWmytLYKbECZzr7rVKEXE,2026-08-21T16:23:49.597404+00:00,6.349590301598092e-08,7.656477454466272e-08,0.010291114,trailing_stop,1,1,1,-7.52,live_lower,trailing_stop,1,1,
2026-08-21,81fd183b-6a0f-41cd-b9f9-255043143cd1,5Xg7B99qER91HAB5Ewp5Rqiqv1uqGQ3ajmLstte43iJx,2026-08-21T16:15:04.383224+00:00,1.1699579197799077e-07,1.1699579197799077e-07,0.0,time_stop,0,1,1,1.72,live_higher,no_exit_within_window,0,,
2026-08-21,b046afc5-fa87-402a-b40e-a11a47bb330c,HLZbKieZdXyKMg4sNhw9M6QQTg83ztgSHNVoUp79pump,2026-08-21T16:24:57.212652+00:00,1.2786000959432248e-07,1.1763120882677669e-07,-0.004,hard_stop,0,1,1,3.2,live_higher,hard_stop,0,1,
2026-08-21,73401ebe-6db6-4205-9113-74d83b038281,7Wxyy2M1i38a5Xz34zR1qhTPnJ7mV7nQutCDKbfgx4iP,2026-08-21T16:25:06.101308+00:00,4.675742388971618e-07,5.488925833648905e-07,0.008695768,trailing_stop,1,1,1,-1.9,live_lower,trailing_stop,1,1,
2026-08-21,29454b78-7b1f-4b9f-a318-c9d21631f05b,ELiH663D4YAcTGD7oTY8WiLyrZxwor5heR2W9QXyJ1xw,2026-08-21T16:26:49.312083+00:00,1.5645999295180177e-07,1.4394319351565764e-07,-0.004,hard_stop,0,1,1,8.56,live_higher,hard_stop,0,1,
2026-08-21,11076a20-faf2-418a-b3dc-a710f959711c,EnB3s8HFJT6FrMvNSFmecCiJMd55RD2ZsYNDXqHSpump,2026-08-21T16:26:55.953920+00:00,6.924096793852901e-08,6.37016905034467e-08,-0.004,hard_stop,0,1,1,0.24,live_higher,no_exit_within_window,0,,
2026-08-21,b23efad6-2182-409e-80b7-8d2ac4e2edb1,Eh8ghH9SsydXEbYCeGde5Zfb7BXxoWKF9DLz46T2pump,2026-08-21T16:27:26.964507+00:00,2.385968262164064e-07,2.195090801190939e-07,-0.004,hard_stop,0,1,1,0.96,live_higher,hard_stop,0,1,
2026-08-21,6b463d51-fa39-4e0e-bd3b-d64f29261c86,AAMSbKau5SLFxXkJNsjwEWQpbX79GkiP1BwqnLCV8USb,2026-08-21T16:23:01.289589+00:00,1.0063921131597201e-07,1.018542702948878e-07,0.000603671,trailing_stop,1,1,1,-0.14,live_lower,trailing_stop,1,1,
2026-08-21,3c69e5fb-6476-4c2e-9b1c-591aec449c6f,95iZTYmm3HbLfnqqqS9KDEHyjsQB92x8dSQUSv9Spump,2026-08-21T16:28:35.966336+00:00,3.260290157238862e-08,2.999466944659753e-08,-0.004,hard_stop,0,0,0,-0.12,live_lower,no_exit_within_window,0,,mcap;pool
2026-08-21,5b53bd40-7b5a-4911-b4ea-cd2b29814600,BQbCaqAkLeZDBncr5WTEfE5GfGWYmrGut8rsZAHtSZZr,2026-08-21T16:21:02.396163+00:00,1.1865886645431343e-07,1.1865886645431343e-07,0.0,time_stop,0,1,1,-4.31,live_lower,take_profit,1,0,
2026-08-21,4f644f14-82a3-48a0-b1a1-1726f2e15a55,CwzCZA8JzLwM8z59Y6XavXQ8h18FNXbWj4eKWduo8hAi,2026-08-21T16:29:50.828446+00:00,2.986458538012304e-07,3.96665125666341e-07,0.01641062,trailing_stop,1,1,1,-25.62,live_lower,trailing_stop,1,1,
2026-08-21,94f866e8-1ceb-430f-837b-b98dda943621,vkRMDMfnG7yk27R3TwCAEdfYDQSnkRiLKB5mXr6pump,2026-08-21T16:31:41.645486+00:00,2.990582502787562e-08,3.6332916097464255e-08,0.010745551,trailing_stop,1,0,0,1.37,live_higher,no_exit_within_window,0,,mcap;pool
2026-08-21,c2891868-774d-4b18-8875-b92d97a4593b,2BSmMitc2yb83QB1EMjPWQVAbSx45K3totAAsy9ayxGp,2026-08-21T16:32:26.833689+00:00,3.4450203608051765e-07,4.5679327360963853e-07,0.016297616,trailing_stop,1,1,1,2.94,live_higher,trailing_stop,1,1,
2026-08-21,a4513f4c-66c3-485f-b303-3b8289f6eba4,12KNzsRHUavAYEHLRJQv1TiLgfnwxRR53i8GpRqBpump,2026-08-21T16:34:18.036889+00:00,3.4884037861142156e-07,3.2093314832250783e-07,-0.004,hard_stop,0,1,1,4.99,live_higher,hard_stop,0,1,
2026-08-21,c8dd6b28-ed2b-40bd-a973-301fb16f9bc9,8uehXFRsXJxHBK3FPzZvyD8pkvV7yr9RHS9ZgtYcpump,2026-08-21T16:26:33.516677+00:00,2.980725035912431e-08,2.861653835236654e-08,-0.001997353,time_stop,0,0,0,0.07,live_higher,no_exit_within_window,0,,mcap;pool
2026-08-21,d2b2867f-9e02-4a0a-a077-24dfef764115,8i6pTFfKmMkWLqQHohmZRJ6f55j4otP7rP9QAUSefNza,2026-08-21T16:35:09.022793+00:00,1.0517382636208029e-07,1.3469264524765828e-07,0.014033348,trailing_stop,1,1,1,-5.27,live_lower,trailing_stop,1,1,
2026-08-21,dff8fa05-b97d-47d9-9bd3-975e70af0650,DWV8cyJTz1vyL53q65AawcyJQoPkTjdrXvEmRybvpump,2026-08-21T16:29:14.183666+00:00,2.8301816734446584e-08,2.801238711740164e-08,-0.000511327,time_stop,0,0,0,-0.19,live_lower,no_exit_within_window,0,,mcap;pool
2026-08-21,2235a1a4-e712-4684-9c80-a6630e851670,E42Qh9B59msbJFSGKXKA7hFHe6enSra5RSVN8nEYpump,2026-08-21T16:38:57.874664+00:00,3.0249326798545115e-07,2.7829380654661506e-07,-0.004,hard_stop,0,1,1,15.5,live_higher,hard_stop,0,1,
2026-08-21,463d3ef3-8f1b-4f36-af30-aed9bbaea066,6W8cozfpJ6KbJwNvFFMQrsvmbxm5JcYrHbwkCTr4pump,2026-08-21T16:30:10.472069+00:00,2.7982808091798253e-08,2.794202046009197e-08,-7.288e-05,time_stop,0,,,,,,,,
2026-08-21,2aafcffd-8bc6-41dd-955e-2e4b9ab96d2f,6rpr4mmLCUKhixoQ9HpYQmDWTHDNdtcVYqPhA6efS9rR,2026-08-21T16:39:28.036032+00:00,3.0645471583971485e-07,2.819383385725377e-07,-0.004,hard_stop,0,1,1,-28.7,live_lower,trailing_stop,1,0,
2026-08-21,9ba7a208-1ff9-4548-be9d-d1c50573d260,8waVXJgmBtzEXZhM6JArfThCQ9HPVWZi9vK3nFw2Sdvy,2026-08-21T16:40:31.957473+00:00,1.8798356089805976e-07,1.8971249508599785e-07,0.000459863,trailing_stop,1,1,1,-3.59,live_lower,hard_stop,0,0,
2026-08-21,1c62f751-e1d1-4468-a5bf-465f0d9f0edd,9xxbUoJvZa5W8eo5XeqQKf9Xhx7cRXtJJmQ4BNGhpump,2026-08-21T16:40:57.640956+00:00,3.795017521867187e-08,3.491416120117812e-08,-0.004,hard_stop,0,0,0,0.3,live_higher,hard_stop,0,1,mcap;pool
2026-08-21,d32bb2d1-ce83-4d6f-974a-aa370f1efb09,3t4NqcEJPxyc3Vm8Zja7accyPFSeFxse122X9LmDpump,2026-08-21T16:41:36.385760+00:00,1.212226085773773e-07,1.1152479989118711e-07,-0.004,hard_stop,0,1,1,-1.85,live_lower,hard_stop,0,1,
2026-08-21,f9ef0195-54be-485e-b8a9-da1cfdbcdfec,D2WVjLGE92FEmtzokUa6FQDrV2ZYKayRoNkVTaWbpump,2026-08-21T16:41:44.983427+00:00,2.6112670211995083e-07,2.402365659503548e-07,-0.004,hard_stop,0,0,0,456.9,live_higher,hard_stop,0,1,pool
2026-08-21,e0e6b372-22e6-430a-90ae-2829c073a533,66xiuQNLKBRhTGBnCVhmphpoQmHubVozU9QNuRbrpump,2026-08-21T16:35:35.573354+00:00,2.817347872706076e-08,2.8445172808378446e-08,0.000482181,trailing_stop,1,0,0,0.24,live_higher,no_exit_within_window,0,,mcap;pool
2026-08-21,68b581b4-e0c7-46c0-b585-5eaefb4b6e5c,Ed9veAHMJsXg72W5EQywhhqwjjm7R14bA2BSVabD5jgi,2026-08-21T16:37:15.712931+00:00,1.336665519834131e-09,1.336665519834131e-09,0.0,time_stop,0,0,0,13292.16,live_higher,hard_stop,0,1,mcap;pool;vol_mcap
2026-08-21,3ae1d411-6a3c-4d1d-af32-6e4ab5e6b8bb,2WjX5mQDKqZeop4zXyj6J76jng276fRGftfKjPkzpump,2026-08-21T16:46:00.130947+00:00,4.5545089040498664e-08,4.190148191725877e-08,-0.004,hard_stop,0,0,0,-1.08,live_lower,hard_stop,0,1,mcap
2026-08-21,e5898ae1-bf2b-40d8-bd67-4337ad151be5,F98b1AcEMqkMssfHc2DDqzFdk4inrjp8ur9fy5Pupump,2026-08-21T16:47:33.183480+00:00,4.3927433955766516e-08,4.404644991054461e-08,0.000135469,trailing_stop,1,0,0,-9.28,live_lower,hard_stop,0,0,mcap
2026-08-21,43395b70-359b-499a-be30-2e732d971573,FZZUyWKvy2MMUtYCiArjRNRx3hXyQQfDGWw1ooW4qhnX,2026-08-21T16:46:32.781961+00:00,1.205666956523721e-07,1.5440602509537257e-07,0.014033448,trailing_stop,1,1,1,3.1,live_higher,no_exit_within_window,0,,
2026-08-21,d89a47f8-54ed-443b-87ab-f42b13c94d39,3hW9URm2Lg77ai42dX2SqafAWdpWkj659KJ3oiMCjgLh,2026-08-21T16:49:26.037089+00:00,4.024042347633877e-07,4.0872955431646575e-07,0.000785941,trailing_stop,1,1,1,-6.32,live_lower,trailing_stop,1,1,
2026-08-21,f3aec27d-f363-46db-af2c-475accefb132,9kL4hMCeHcNjWTtF55fRrNtnmCqanPMbw38PYvHqpump,2026-08-21T16:50:25.775233+00:00,8.32782142087819e-08,1.42774909342328e-07,0.035721644,trailing_stop,1,1,1,-17.83,live_lower,trailing_stop,1,1,
2026-08-21,94b354ee-550f-43c2-a817-897be603750c,G4QhiVBZPWmn1XzPrnra7uFHDdCxK3NgsKa89TkfB9R5,2026-08-21T16:50:47.444192+00:00,1.3045525582495282e-07,1.4442698774740994e-07,0.00535499,trailing_stop,1,1,1,0.65,live_higher,no_exit_within_window,0,,
2026-08-21,fbf75cc3-d45a-48ea-80ff-8b25a7916928,BgM7V5BC9524wrfx9gfsoK7sL4bmZmsrtvBkDNhmpump,2026-08-21T16:51:09.093688+00:00,2.0811722224842986e-07,1.9146784446855549e-07,-0.004,hard_stop,0,1,1,7.13,live_higher,hard_stop,0,1,
2026-08-21,025e5ae5-f7ea-4f02-9a64-49b383861dba,DgXEGtPRAzkY66GZ8ziddvsLSwGe7oGZccznUeLypump,2026-08-21T16:42:54.761155+00:00,1.310364284664666e-07,1.305488084193701e-07,-0.000186063,time_stop,0,,,,,,,,
2026-08-21,1d15a838-a1d5-4971-b74e-a0f003218212,327QBibHY53LtawXybai2s8QhfrfB7EEzD8pmk12pump,2026-08-21T16:43:13.828329+00:00,2.8017819434748946e-08,2.7904089588437833e-08,-0.00020296,time_stop,0,0,0,0.14,live_higher,no_exit_within_window,0,,mcap;pool
2026-08-21,19cc9041-500b-418d-895f-ce3c357834a4,EYQrCTj4GhgrpEKA1wyNZ71UHZaMGXi7AB6Rs144pump,2026-08-21T16:52:53.633435+00:00,2.45487556865799e-07,3.187119781748102e-07,0.01491408,trailing_stop,1,1,1,-9.46,live_lower,trailing_stop,1,1,
2026-08-21,d054c26c-9c37-4245-85bf-e67439f38619,c9o77WufMGWvx6ywZvHPXFaQa1ofmAsBbiXacCApump,2026-08-21T16:56:51.819761+00:00,4.623453074601542e-08,4.253576828633419e-08,-0.004,hard_stop,0,0,0,2.13,live_higher,hard_stop,0,1,mcap
2026-08-21,24b20366-5e96-4ddd-a101-bbb280ee1ac2,6KWPj6z3aLH9zdeYfq3UqGjqbgFNbzF7Qkhg6BJfiBnj,2026-08-21T16:58:06.764812+00:00,1.830474857610011e-07,2.262610743975636e-07,0.011803928,hard_stop,1,1,1,4.03,live_higher,trailing_stop,1,1,
2026-08-21,30ad8168-bc2c-466b-911b-5410d5d25e72,Bs2R1QNPbk3nCdisnHTceL4pPEAC7pXxKhiPWwBupump,2026-08-21T16:51:52.755342+00:00,7.262860828135176e-08,7.274417553106941e-08,7.956e-05,time_stop,1,,,,,,,,
2026-08-21,7fda145d-b41c-4301-91c0-8d0a808499ee,7c5ZcNPTwj9rbnUKVYim1enZbYYfBQGyeyc27Qoopump,2026-08-21T16:52:06.340243+00:00,5.6022103951821617e-08,5.6183120472068005e-08,0.000143708,time_stop,1,,,,,,,,
2026-08-21,03a9874d-faba-4d39-b8a7-60c41a07d548,fQYbiQHaiXqGjgXgG15c1RfHkG8LPdTDz8mVvLdpump,2026-08-21T17:00:13.799061+00:00,3.717298027584168e-08,3.7333488360334034e-08,0.000215893,trailing_stop,1,0,0,4.62,live_higher,trailing_stop,1,1,mcap;pool
2026-08-21,93ad2e79-b215-4917-b763-970b6f09d6e5,Cov693xi4CB6EdTtEFcrQizXAyCau8qPShist2M8pump,2026-08-21T16:57:22.679160+00:00,0.0006300849564853041,0.0006719468982966056,0.003321928,trailing_stop,1,0,0,-0.08,live_lower,trailing_stop,1,1,mcap
2026-08-21,719a9dfc-b53a-4215-805c-5bafd33521ac,51Rpr5QoMh4PgG5RJcfPcSF5VeXzFvbLe5RwPvmHpump,2026-08-21T17:02:46.489369+00:00,3.261745887125221e-08,3.000806216155203e-08,-0.004,hard_stop,0,0,0,1.26,live_higher,hard_stop,0,1,mcap;pool
2026-08-21,65eb596b-57ac-4f61-ba36-21810a869926,FGejgDdaJnGczVu14YGaLmLnnqdBjS1HnVL9uH7bpump,2026-08-21T16:54:30.003016+00:00,2.8931816857236374e-08,2.8063828198224573e-08,-0.001500059,time_stop,0,0,0,0.58,live_higher,no_exit_within_window,0,,mcap;pool
2026-08-21,adec4f1d-ec44-40cc-96cd-88d4542b0a55,DqngJiEMKgs29HadzbHa2mHWLN6SxpHTBBn13rFd1zb4,2026-08-21T17:04:22.209807+00:00,9.211221680310775e-08,1.0247309669189338e-07,0.005624053,trailing_stop,1,1,1,-0.22,live_lower,trailing_stop,1,1,
2026-08-21,f070a9d4-2bb8-440e-81e5-2561368678aa,2jbdBWTK2MYpuRsmEDJqETU3UMM2nN3WGtete4HUpump,2026-08-21T17:03:06.123783+00:00,6.90758843062113e-08,6.354981356171439e-08,-0.004,hard_stop,0,1,1,-0.04,live_lower,hard_stop,0,1,
2026-08-21,a5e21092-1079-415b-89ce-8488fc19804a,6KWPj6z3aLH9zdeYfq3UqGjqbgFNbzF7Qkhg6BJfiBnj,2026-08-21T17:08:00.287385+00:00,9.022404226660839e-08,8.300611888527973e-08,-0.004,hard_stop,0,1,1,0.19,live_higher,hard_stop,0,1,
2026-08-21,a22eef1b-d946-4173-8054-e2e6255dfafd,EYQrCTj4GhgrpEKA1wyNZ71UHZaMGXi7AB6Rs144pump,2026-08-21T17:09:29.880596+00:00,5.095198957761085e-07,5.431601163023435e-07,0.003301168,trailing_stop,1,0,0,-6.03,live_lower,trailing_stop,1,1,mcap
2026-08-21,a6a6278a-ebe3-49e2-bfa7-6830441df27f,CtNELdBKz6fomUqLN46Nn8SENgxscLHH7skTn8ENpump,2026-08-21T17:02:34.416190+00:00,2.8014493020190576e-08,2.8105432834941494e-08,0.000162309,time_stop,1,0,0,0.03,live_higher,no_exit_within_window,0,,mcap;pool
2026-08-21,e8947b4b-c233-4642-b16a-77801d39f286,DqfVsPh1jCwtZwmALFoz5TCj2ez5jbzemqXPazWvNU34,2026-08-21T17:12:59.891056+00:00,9.586367434903683e-07,8.819458040111389e-07,-0.004,hard_stop,0,0,0,-1.26,live_lower,hard_stop,0,1,mcap
2026-08-21,42531423-4b77-40c9-bff7-8eb9feddd1ca,G53AH8jpL9ZAzRnvwUgDHRmLXPJXdtHPcXFwiBbspump,2026-08-21T17:03:29.988078+00:00,7.0827087892818e-08,7.079244822915977e-08,-2.4454e-05,time_stop,0,,,,,,,,
2026-08-21,48c107b3-100a-47d6-b2ab-d9b04f839642,2EPZFRPr64mVj8NbpWYMkpjCC6gxdT1HwMg7Nxv8pump,2026-08-21T17:04:59.931891+00:00,2.815457244441719e-08,2.8145355679656278e-08,-1.6368e-05,time_stop,0,,,,,,,,
2026-08-21,3083906a-a629-4241-a4d5-2e8053995f04,JDJhy6irwSvoMgkY4meFRkUmsxV4Mrd6iuNZXRDmNPYY,2026-08-21T17:06:01.225927+00:00,2.8416020396221774e-08,2.8042030201009862e-08,-0.000658062,time_stop,0,0,0,-0.03,live_lower,no_exit_within_window,0,,mcap;pool
2026-08-21,0ab61cde-106d-4f71-9d2b-adf1eb9b0448,C96JghsM6A8LD1RrrGfVvrjhaHijWCkH9gwrGrpjpump,2026-08-21T17:15:29.936642+00:00,7.193594277697372e-08,7.794959820262367e-08,0.004179868,hard_stop,1,1,1,-3.94,live_lower,trailing_stop,1,1,
2026-08-21,7ac166f5-400a-4f94-b990-06e387610921,7u98K61NN6RdrDKU2nazWTcT8fzKbEhrMzikVy1Cpump,2026-08-21T17:16:30.242535+00:00,9.438884080952542e-08,8.683773354476339e-08,-0.004,hard_stop,0,1,1,11.4,live_higher,hard_stop,0,1,
2026-08-21,38975c26-05cf-409a-ab20-069fa9a8a485,C96JghsM6A8LD1RrrGfVvrjhaHijWCkH9gwrGrpjpump,2026-08-21T17:17:00.263091+00:00,7.135641504180357e-08,6.564790183845928e-08,-0.004,hard_stop,0,1,1,-0.45,live_lower,hard_stop,0,1,
2026-08-21,9574c48f-5dd6-4b0d-a9b2-af0c9e82a521,5DxQuzw9e1h2XQkC1hG7XRZTwdEHkV8J2kUKi5fgpump,2026-08-21T17:10:30.628453+00:00,5.947603674263734e-08,5.976449360146443e-08,0.000242498,time_stop,1,,,,,,,,
2026-08-21,263aaeab-47de-4f72-aa4b-1ba0f95f3b8c,MEMEsmesPz3gTrRjBch5J7KjBWj5inT4jxyV3Qdfwok,2026-08-21T17:13:30.712673+00:00,2.8864224525921054e-08,2.8974980801634244e-08,0.000191857,time_stop,1,0,0,0.22,live_higher,no_exit_within_window,0,,mcap;pool
2026-08-21,c50e7ab8-7296-4b80-9951-9e618380b79e,EyhqjLLuW6tnpmri3kJbzk7K7U3a8R4Qeb2SjggGpump,2026-08-21T17:17:01.184010+00:00,3.288568699707934e-08,3.0254832037312994e-08,-0.004,hard_stop,0,0,0,3.24,live_higher,no_exit_within_window,0,,mcap;pool
2026-08-21,36a1bb5c-d8f2-4c62-806a-ad1dd845468e,7RY9w8brhM4DgQwiwn4D9cVnk4L7RJuZESS3mEKmpump,2026-08-21T17:23:34.463564+00:00,1.0518731524661056e-07,9.677233002688172e-08,-0.004,hard_stop,0,0,0,2.38,live_higher,hard_stop,0,1,vol_mcap
2026-08-21,c3c46f0a-b826-4f4a-babd-c9a4739d2fe3,vEdSdeDgSMtKWX8ZDxt62TPr5jTf2jS9N1t95FSZory,2026-08-21T17:13:59.811444+00:00,0.00011718773167294387,0.00010974870608665351,-0.003173978,time_stop,0,0,0,-98.83,live_lower,take_profit,1,0,mcap
2026-08-21,f22d89bc-fa75-4ae2-812f-7cf869b19117,6w6oWxxBMJsBD5z5Y4xa72mnKPk2XCewxj3U1F55pump,2026-08-21T17:17:31.213311+00:00,9.514197932979965e-08,9.525667183636522e-08,6.0274e-05,time_stop,1,,,,,,,,
2026-08-21,92d5e6e6-a9f4-4671-b606-090d197007df,5DxQuzw9e1h2XQkC1hG7XRZTwdEHkV8J2kUKi5fgpump,2026-08-21T17:20:35.239868+00:00,5.976096758333666e-08,5.959124692412189e-08,-0.000142,time_stop,0,,,,,,,,
2026-08-21,d71b8849-a50f-4731-8d63-3c3818429ba1,5sPagwndnLfqMMT9jAjDB5eN5ZLgpYCeHoqoH3uHpump,2026-08-21T17:24:05.291748+00:00,8.413868106755542e-08,7.7407586582151e-08,-0.004,hard_stop,0,0,0,18.48,live_higher,hard_stop,0,1,pool
2026-08-21,f15c1695-16ff-4465-958e-df033c88bf48,MEMEsmesPz3gTrRjBch5J7KjBWj5inT4jxyV3Qdfwok,2026-08-21T17:23:45.680397+00:00,2.8979334367771854e-08,2.8376006798012835e-08,-0.001040962,time_stop,0,0,0,0.91,live_higher,no_exit_within_window,0,,mcap;pool
2026-08-21,bba08ab5-35e6-437b-b378-144209b611e8,Aq1oYBw1GmcKrbapwufRQ6sdKbi5oCHnmYy82xjggoat,2026-08-21T17:23:56.038125+00:00,6.105739224934597e-08,6.065631634681079e-08,-0.000328442,time_stop,0,1,1,1.03,live_higher,no_exit_within_window,0,,
2026-08-21,8ea7f1d9-7408-463a-bb92-0fa77ffe84c4,GHYgUM3uwPo9T2S65mGZg8FwZmWdC4qDxzSBxvXp6Ro,2026-08-21T17:31:04.752616+00:00,3.061429686597097e-07,3.3490955828940597e-07,0.004698228,trailing_stop,1,1,1,-0.56,live_lower,trailing_stop,1,1,
2026-08-21,eab82991-888f-421b-9134-825fce6ac5a0,2UFzAVVLYgK5Ykj2iQPFnAdnD5pssm2ktf3CW9CMpump,2026-08-21T17:33:35.277450+00:00,7.683596276770149e-08,1.1192431413679665e-07,0.022833287,trailing_stop,1,1,1,-1.25,live_lower,trailing_stop,1,1,
2026-08-21,23742952-8266-4847-a73d-5eebd0bf5d04,3XbQ6DAcJwjgcCFZbgjyCY4i6syjYsrt2zYhCpMYLyFB,2026-08-21T17:34:05.882110+00:00,2.874143583208906e-07,3.1080582502971324e-07,0.004069293,trailing_stop,1,1,1,-1.11,live_lower,hard_stop,0,0,
2026-08-21,76ff82f3-234b-4d0f-9b2a-a43ed372d7cb,6w6oWxxBMJsBD5z5Y4xa72mnKPk2XCewxj3U1F55pump,2026-08-21T17:27:35.352879+00:00,9.528797473815317e-08,9.489071660171388e-08,-0.000208451,time_stop,0,,,,,,,,
2026-08-21,055f2a03-05e7-4d38-b8e6-0001b97e6bae,DCunNZU5bbw3dgp44apcKYzgtj6vmfzfQWCcxsFKpump,2026-08-21T17:36:34.949167+00:00,2.3246704403899294e-07,2.359215562842706e-07,0.000743011,trailing_stop,1,1,1,-0.46,live_lower,trailing_stop,1,1,
2026-08-21,64fef696-3506-490a-abc8-2ac74b1dfa97,BTtSNwE1xTAU14aWvMACakS5896gnqiUxKWBgG67pump,2026-08-21T17:34:05.513709+00:00,2.7901671991979685e-08,2.800013797819263e-08,0.000176452,time_stop,1,,,,,,,,
2026-08-21,18d8b67c-84c2-428d-b569-3a5ded629dfb,6gagaXi4DyYiLdSQSi7ZhANqVLzvnJfgafifSgTbpump,2026-08-21T17:35:05.009531+00:00,7.163620988252029e-08,7.186578313342305e-08,0.000160235,time_stop,1,,,,,,,,
2026-08-21,10951764-0c06-45ec-adf5-ef5542e706fd,8Ausr8ma5NdcQFt2fMfYyfPZ1U6hVHdUiNUFt2gcpump,2026-08-21T17:35:35.066011+00:00,3.7887014596029225e-09,3.800264984945595e-09,0.000152605,time_stop,1,,,,,,,,
2026-08-21,a45480df-39c9-4a37-a1f8-17718ef56e29,veq2Sf2mDknbrk9maSesYGGUdazp9DYoZhkyaF9pump,2026-08-21T17:38:05.057101+00:00,2.7881747210195262e-08,2.789261576003519e-08,1.949e-05,time_stop,1,,,,,,,,
2026-08-21,bb8411c4-d45c-4dd5-9e2c-a75882192a37,2b6TrUvGP1ZsRjNJ5cBuXKCQdA1X549vTSFKpmTvpump,2026-08-21T17:38:05.427796+00:00,2.7902445376506033e-08,2.7904344590665697e-08,3.403e-06,time_stop,1,0,0,-0.37,live_lower,no_exit_within_window,0,,mcap;pool
2026-08-21,cd17f420-50e5-4036-8578-9702e083717b,84jUGKCMm1xNfD5jBcxZ79ihAsqFjJeTqYsQihB8pump,2026-08-21T17:48:10.120738+00:00,2.5998412120575605e-07,2.391853915092956e-07,-0.004,hard_stop,0,1,1,-1.29,live_lower,hard_stop,0,1,
2026-08-21,1b7882fc-7473-4d95-b5e7-fe6c2e61baa3,8z6CMW2iZR995zxZu8F8UczxT3kFnouv4HiSyYtL9bsn,2026-08-21T17:44:35.149684+00:00,1.6098338253869052e-07,1.5839078736178082e-07,-0.000805237,time_stop,0,1,1,-1.57,live_lower,trailing_stop,1,0,
2026-08-21,c2cb16bc-c35a-43ef-9610-35a0b133fa97,QRScwz5Z3DYBCzkBnckyXoN9ZoVSoDGMhrmGwWCQTAS,2026-08-21T17:45:34.331183+00:00,3.6480999830929584e-08,3.637963535147128e-08,-0.000138928,time_stop,0,0,0,0.24,live_higher,no_exit_within_window,0,,age;mcap;pool
2026-08-21,eaeb4079-a657-4381-a11e-ac0861bd62f9,651V6dzaBCR1ynyBvyqqtPFr3n8m7rmKrByvEuopump,2026-08-21T17:46:06.732860+00:00,2.912146447594928e-08,2.9032028725598473e-08,-0.000153556,time_stop,0,,,,,,,,
2026-08-21,4351cd1e-adf6-4266-8680-acfd100775c7,CGqExC6mPW6N97JdZwKEctJvhYNQ7tHW9CS6K1cqpump,2026-08-21T17:56:20.140553+00:00,6.795892020881142e-08,6.252220659210651e-08,-0.004,hard_stop,0,1,1,11.23,live_higher,hard_stop,0,1,
2026-08-21,cdeaf7f9-e52f-4a5a-8888-ea3ac687cbb0,FqMky6ZAyG4ToEF7eFPQJCE245QXV58w2bYdaYb4pump,2026-08-21T17:48:09.801625+00:00,7.48659881001741e-08,7.488215681135377e-08,1.0798e-05,time_stop,1,,,,,,,,
2026-08-21,10ca367c-b41b-4e41-8df2-79af85379dbd,HogodQefc4B5y21bT7P6TkzJMrt3ML5d1kZiDCgqpump,2026-08-21T17:49:36.126240+00:00,2.8907380892252417e-08,2.8368748241388028e-08,-0.000931652,time_stop,0,0,0,3.39,live_higher,no_exit_within_window,0,,mcap;pool
2026-08-21,846c59ed-14b6-4c48-9415-c5e217c65916,49FrXSe5ybY1S8ptAFXgu98mctWy28u2eKv4J8X6pump,2026-08-21T17:57:49.985853+00:00,6.522591524356119e-08,6.000784202407629e-08,-0.004,hard_stop,0,0,0,133.06,live_higher,hard_stop,0,1,age;mcap;pool;buy_sell
2026-08-21,e3c199b8-d8df-4f6c-9367-e52fe690124c,EdLYXpxqcyjCFizPcwBcThMairofhD6yRqRMZAfJ77vx,2026-08-21T17:58:19.719251+00:00,3.750436740909058e-08,5.014516823798662e-08,0.016852438,trailing_stop,1,0,0,-8.56,live_lower,trailing_stop,1,1,age;mcap
2026-08-21,d862d3d3-1365-4ead-85f8-878a68e4e790,8rLHhURNHp7GzEXmP5TdWTp6XgHvuqW7iczPMXvrpump,2026-08-21T17:54:49.516432+00:00,2.9713444877443857e-08,2.965543126944904e-08,-9.7622e-05,time_stop,0,0,0,1.09,live_higher,no_exit_within_window,0,,mcap;pool
2026-08-21,eacbf9fe-ce81-40ef-ab5b-a6db30624bec,5Go3rqKz1UCVSGXWzWmsJeDt5RXkDZaK2Jdnumttpump,2026-08-21T17:55:49.833659+00:00,2.7992340905817344e-08,2.794435848519927e-08,-8.5706e-05,time_stop,0,,,,,,,,
2026-08-21,f81f617f-0548-49c4-b1fd-bc3fa2dd8081,EjiTRLre3qL9AdUyJDe65PdJbevBeoPrVB1GTtcMpump,2026-08-21T18:05:55.104769+00:00,2.078755405405642e-07,1.9124549729731907e-07,-0.004,hard_stop,0,1,1,-12.83,live_lower,hard_stop,0,1,
2026-08-21,63eadff2-879b-4490-b2b3-3ff0e45ac557,4QovehpwK8BZCpEb7CukpMvWseUAczzXbAc8hiQ9pump,2026-08-21T18:04:55.329124+00:00,2.84940065749431e-08,4.269727068242753e-08,0.024923248,trailing_stop,1,0,0,-14.84,live_lower,no_exit_within_window,0,,age;mcap;pool
2026-08-21,fac68195-21fd-4ec2-9406-b1d827330c22,AVVJtBREXn29iszu2xEL4Q2KEU8ivhhUTjWf7sQiCt2r,2026-08-21T17:59:49.844678+00:00,2.8536670664190754e-08,2.8515178132924108e-08,-3.7658e-05,time_stop,0,,,,,,,,
2026-08-21,8354ae98-c215-4315-9a6b-0fe36131ab1f,8xn4fxZJQy1iXcMXdFvMyv46jwVXruTkUAvMDBfapump,2026-08-21T17:59:50.207763+00:00,4.092770901916397e-08,4.087517854677498e-08,-6.4175e-05,time_stop,0,0,0,-0.75,live_lower,no_exit_within_window,0,,age;mcap
2026-08-21,79eefdaa-ef89-4ca3-8ac6-07316483c951,CNYnAwK1bd6EUtKrAZRroyz3yywctBRMVHd5XobUpzHw,2026-08-21T18:09:54.622532+00:00,9.306845126870563e-08,8.562297516720919e-08,-0.004,hard_stop,0,1,1,1.68,live_higher,hard_stop,0,1,
2026-08-21,d050bf70-fd7f-4d98-a57b-9a65dcedd7eb,9DfdiKBcchMSEW859PSTEem94gk29nqBGz5WBX5opump,2026-08-21T18:01:25.543747+00:00,1.701555317044336e-07,1.7000876223780914e-07,-4.3128e-05,time_stop,0,0,0,-0.16,live_lower,no_exit_within_window,0,,pool;score
2026-08-21,b8798207-bf00-4cca-bb08-106db7a7a68f,CdJPLXKamDT9PStEtTjefSdUB8TkrQRFsoop15DimpJ9,2026-08-21T18:07:55.883107+00:00,4.599317515871162e-08,4.896626889978015e-08,0.003232103,trailing_stop,1,0,0,-1.12,live_lower,trailing_stop,1,1,mcap;vol_mcap
2026-08-21,19409b83-6d63-4c1a-850f-890a19e894bc,REVFKcuXjG2EoHKxtpXjy2CBgkENsxkgR2wJvespump,2026-08-21T18:11:54.448748+00:00,7.679485655556528e-08,7.065126803112006e-08,-0.004,hard_stop,0,1,1,-1.12,live_lower,hard_stop,0,1,
2026-08-21,be44fa07-8248-48fa-937f-7b2636ac9cce,CsienZnXcwWVi3ps1rZsRLoUeQmQwdZyuvbNmRbVpump,2026-08-21T18:11:25.435041+00:00,7.737683352204909e-08,8.838538755187359e-08,0.007113598,trailing_stop,1,1,1,-2.07,live_lower,trailing_stop,1,1,
2026-08-21,fc0f08a3-52fb-40eb-a6fa-47c098ebddd8,SYNDCqJu8sz5Ytdt6kie1N9LydaFwkhPnRs3p3Nmwkx,2026-08-21T18:06:55.350944+00:00,2.816930378413842e-08,2.8025878283557994e-08,-0.000254578,time_stop,0,0,0,0.6,live_higher,no_exit_within_window,0,,mcap;pool
2026-08-21,6bc991d2-a970-4cf7-830e-ec7dc35b1900,FEa2a3VJHVdU2dfZnc44L7goT7KBruYYLUcvRsQ5Vo2R,2026-08-21T18:16:59.668576+00:00,1.320743533177942e-06,1.2150840505237067e-06,-0.004,hard_stop,0,0,0,-3.83,live_lower,hard_stop,0,1,mcap
2026-08-21,505e2a55-d0c1-41fa-bff1-1b64b65c91c7,7BEnr9kXaZKZoMNCw693HPAr9hE74RU8qPAYyS2Wpump,2026-08-21T18:09:55.147077+00:00,2.821706156693904e-08,2.8196057955040747e-08,-3.7218e-05,time_stop,0,0,0,0.02,live_higher,no_exit_within_window,0,,mcap;pool
2026-08-21,e7ffa475-feaa-4a98-858c-fa67fc0d2f00,rya2vjvx2Qcpbv5P1xu78zgFvAD4Vfh2YpU5esipump,2026-08-21T18:17:31.087334+00:00,8.084296326227352e-08,1.0651919938115168e-07,0.015880316,trailing_stop,1,1,1,-0.92,live_lower,trailing_stop,1,1,
2026-08-21,f02dab90-931e-44ae-87f5-f226359cc79f,BEb2nBHuAXw4bnpPrP6Zbs62Hyb3Z6RMM63niTpxpump,2026-08-21T18:12:25.232418+00:00,2.8403699430627194e-08,2.8305872013706066e-08,-0.000172209,time_stop,0,0,0,0.28,live_higher,no_exit_within_window,0,,age;mcap;pool
2026-08-21,d103a2ab-c6b3-41d3-91bd-71d326d8f09b,Fm6qaYxV1CRjexQom9m77pdcdTRLHv6KL7MU5T4Lpump,2026-08-21T18:13:00.533875+00:00,2.9105847205830757e-08,2.9074419682648605e-08,-5.3988e-05,time_stop,0,0,0,-3.82,live_lower,no_exit_within_window,0,,mcap;pool
2026-08-21,1742effa-8408-4bc3-a84b-06901fb9f4c7,bidxMMbPbmxNSyzGqBdxbPtzJMnqdBUbcS3eNid84nV,2026-08-21T18:19:59.404403+00:00,3.921869432066197e-08,3.6081198775009015e-08,-0.004,hard_stop,0,0,0,0.1,live_higher,no_exit_within_window,0,,mcap
2026-08-21,241a5319-1520-42a6-aad2-d1d4fbb08325,FcfR1Q19YfswdvLhgdjT7ix2XpURhPVNeKGGfF7kpump,2026-08-21T18:20:29.767008+00:00,1.2076918564814082e-07,1.1110765079628956e-07,-0.004,hard_stop,0,1,1,-2.16,live_lower,hard_stop,0,1,
2026-08-21,a7c36b2d-d7ad-4b02-b5ab-b398746b4bb0,FN88Cjy5GFA8D2ZFwwWCkVTTUGrGSxkwAB637KxZpump,2026-08-21T18:14:30.139960+00:00,2.8069398515757606e-08,2.8048733723014472e-08,-3.681e-05,time_stop,0,0,0,0.24,live_higher,no_exit_within_window,0,,mcap;pool
2026-08-21,71854e52-f86d-45ef-b20f-a8261d5e0b21,C2CbmGjbHfjqrcBskTVBajmnp6Rdq2vrL9Mm5sgSpump,2026-08-21T18:24:59.806165+00:00,8.697278562641602e-08,1.346446150396216e-07,0.027406176,trailing_stop,1,1,1,33.05,live_higher,hard_stop,0,0,
2026-08-21,2ab0ff5c-71d3-40e2-8b83-cb99611b3d26,4QfouTagbJcpii5H7oMBszpEt44jeEjvJq6yD3wTpump,2026-08-21T18:22:30.655425+00:00,3.1175977924025486e-08,2.8681899690103447e-08,-0.004,hard_stop,0,0,0,0.6,live_higher,hard_stop,0,1,mcap;vol_mcap
2026-08-21,3ad842c4-4c6b-4538-b2d6-7d2d1dae659d,BfH8CKaVFBTUJaesJsr18jARDVgsvULFgWWAaBatpump,2026-08-21T18:23:04.497353+00:00,3.5516978589138393e-08,3.2675620302007326e-08,-0.004,hard_stop,0,0,0,2.32,live_higher,no_exit_within_window,0,,mcap;pool
2026-08-21,320b03ff-e97d-4331-8470-4fd2c9cee77d,BjdLzD9F4o3RLvGWii1qqey8QCuTUKQPpffamNDapump,2026-08-21T18:31:40.107155+00:00,3.4638833277626134e-07,3.649386180755397e-07,0.002677672,hard_stop,1,1,1,3.78,live_higher,trailing_stop,1,1,
2026-08-21,cd8b1506-3d33-4b4e-9fb9-c02f80337608,BjdLzD9F4o3RLvGWii1qqey8QCuTUKQPpffamNDapump,2026-08-21T18:32:40.508721+00:00,3.59988522691449e-07,3.311894408761331e-07,-0.004,hard_stop,0,1,1,11.2,live_higher,hard_stop,0,1,
2026-08-21,ec5b2b31-e856-4124-87b0-15df340979fd,HUWB9jT31WheSWAwPwQp3dQhzRdJhq7yvMaP4hXupump,2026-08-21T18:23:20.705729+00:00,2.846957542700401e-08,2.8489734587815064e-08,3.5405e-05,time_stop,1,,,,,,,,
2026-08-21,967207e5-2d74-4a35-94f9-51320bcaf5ce,HseZkrDQLbSbkVNScFb7H9yS1XYeCUe4Aj89CtMJpump,2026-08-21T18:24:00.470304+00:00,5.956610654994404e-08,5.9568532455513446e-08,2.036e-06,time_stop,1,,,,,,,,
2026-08-21,88001208-daf5-4680-b917-39dfc1797c09,48EPLn5FuZLCEjF77oc7PpGv7GGB4X2XFeuesUVNpump,2026-08-21T18:26:31.118843+00:00,7.612988020168901e-07,7.621368239455477e-07,5.5039e-05,time_stop,1,,,,,,,,
2026-08-21,27460e35-a7d5-4873-a981-9e17e1bbd4f6,8GYniL3ucaxVk9Y2tgeVZm9DTKVXdNhT6oPhmbWCbBHe,2026-08-21T18:34:05.067673+00:00,3.1142192735836066e-07,3.8704224259993404e-07,0.012141135,trailing_stop,1,1,1,-0.4,live_lower,trailing_stop,1,1,
2026-08-21,12acd5c0-917e-4ad0-b450-3eb700cf25f8,ELpx2Dwo42WkhtyswyPtZfkeRA6VaBwY8iraUJfCpump,2026-08-21T18:30:09.510607+00:00,3.424690837255664e-08,3.150715570275211e-08,-0.004,hard_stop,0,0,0,0.22,live_higher,hard_stop,0,1,mcap;pool
2026-08-21,4da13ec7-199f-4e82-97af-ec7b62d270b6,92wvJurhJQ1CShzrXatLTqKacJNtFVLwELgJJEpynTev,2026-08-21T18:33:10.266931+00:00,2.9603821481604876e-08,2.9691112139681682e-08,0.000147431,time_stop,1,,,,,,,,
2026-08-21,b9c7f8c1-adbe-4e9d-a266-05b721e51b57,EoeSnr2b5jaxYpxRhfmc22puuYVCNxWfKjAuq3fom2Lq,2026-08-21T18:33:39.552246+00:00,2.8591115239422407e-08,2.872423368463421e-08,0.000232797,time_stop,1,,,,,,,,
2026-08-21,fb806510-84c7-4097-97ac-737389b24374,Gq8e6pv5d7ehEqfbWyzSzr2a1nLdau52GUxvHh9xpump,2026-08-21T18:36:55.183323+00:00,3.4835152440668046e-08,3.204834024541461e-08,-0.004,hard_stop,0,0,0,0.61,live_higher,hard_stop,0,1,mcap;pool
2026-08-21,650a9f61-4b88-421c-b251-b0d90f9900d7,EmCKsGVs4qCt6kdE5B3saWYvj1ibdALLZGcdJQHxory,2026-08-21T18:43:45.276902+00:00,0.0006810629159951968,0.0006265778827155811,-0.004,hard_stop,0,0,0,-98.9,live_lower,take_profit,1,0,mcap
2026-08-21,5ed557af-d9f5-4741-a51a-b01b5244e684,5EcYYFMCJ8jtFC8bcmQo1ED2U5QzQSRM2kg1qGE5pump,2026-08-21T18:36:34.628902+00:00,3.011510763956737e-08,3.030298243795195e-08,0.000311928,time_stop,1,0,0,0.15,live_higher,no_exit_within_window,0,,mcap;pool
2026-08-21,691e3a82-b129-4200-af98-83b1cab1b1ff,contPr8i1zfzuiEBWJNmjZtvT7j3WKhAUkwUapBg1TW,2026-08-21T18:37:19.718623+00:00,3.115052653325228e-08,3.052865286942298e-08,-0.000998175,time_stop,0,0,0,0.1,live_higher,no_exit_within_window,0,,mcap;pool
2026-08-21,acac4edf-9ecd-45c6-8ccb-e0807925dda1,2HaMsuBif4JJwGcu8hRAu2Nro7x2BzqvKWXAjYCvpump,2026-08-21T18:47:44.416364+00:00,5.7861649318163994e-08,5.8569748221595016e-08,0.00061189,trailing_stop,1,1,1,-9.42,live_lower,trailing_stop,1,1,
2026-08-21,e096d713-60f0-4f1d-abde-dafcd1b754ee,ASPqWjrpvFCePNh1HjJjJtAndjPUD7LfQ4fgqNYzpump,2026-08-21T18:43:15.056247+00:00,3.21327621368482e-08,2.956214116590035e-08,-0.004,hard_stop,0,0,0,6.56,live_higher,no_exit_within_window,0,,age;mcap;pool
2026-08-21,59859d83-d7b9-4900-9d42-0fbd7d8eb81c,2HaMsuBif4JJwGcu8hRAu2Nro7x2BzqvKWXAjYCvpump,2026-08-21T18:49:15.448609+00:00,5.655111356401846e-08,5.690822696543819e-08,0.000315744,trailing_stop,1,1,1,0.21,live_higher,hard_stop,0,0,
2026-08-21,13b03682-1ed9-497b-8259-9bfe1095355b,7HHdY5r9pqhnXV68TLgfobefKzGnArxEUZvEQZULGAau,2026-08-21T18:43:44.932851+00:00,2.1031297613617071e-07,2.5325507078141377e-07,0.010209093,trailing_stop,1,1,1,-0.73,live_lower,trailing_stop,1,1,
2026-08-21,f1399156-6538-4638-ad51-031816b9916a,7zr3BxkgKCk1AYuMDeknHSZy7td8cnEZYQCtF6GBv1gP,2026-08-21T18:51:15.334463+00:00,1.3782712229732556e-07,1.617198664766532e-07,0.00866765,trailing_stop,1,1,1,-0.48,live_lower,trailing_stop,1,1,
2026-08-21,8d9e7ca5-de54-4b64-9784-0c6ea3485e03,En5ggWPFypLuJxuzrCUjpnHkotvAAinmnCJzxs5pump,2026-08-21T18:53:15.220467+00:00,3.5482296491504494e-08,5.155561585576198e-08,0.022649773,trailing_stop,1,0,0,6.46,live_higher,trailing_stop,1,1,mcap;pool
2026-08-21,7045588a-5c79-425e-a4ba-d3b1aee1e7e5,5sKgvRYmCHC1YNnzrG956pdHQoATwHEgXDXvkFiqpump,2026-08-21T18:46:15.068398+00:00,2.8332992492287807e-08,2.8283082158405983e-08,-8.8078e-05,time_stop,0,0,0,0.35,live_higher,no_exit_within_window,0,,mcap;pool
2026-08-21,08a9e285-19c6-44a3-9a78-5598ef59c885,3iKxULVAZ7gCTLhyVpfmM2dDjwbf1fT9AedJzTcmpump,2026-08-21T18:46:44.767263+00:00,3.1712161190140727e-08,3.0554841420170035e-08,-0.001824725,time_stop,0,0,0,2.09,live_higher,no_exit_within_window,0,,mcap;pool
2026-08-21,fcf88687-f21d-48a3-a285-c19fa8b4663e,5mH6W9832aYJfSxWSZoHD4uPZjYh3gMF123ZAnFwpump,2026-08-21T18:55:55.067771+00:00,4.784856331247164e-07,6.075445467996774e-07,0.013486185,trailing_stop,1,1,1,-0.19,live_lower,hard_stop,0,0,
2026-08-21,c0237735-56f3-4927-a55c-2ffbe970cbc7,AxJLiEPVFyfiSzFJvKRJTH5GwedpyWs84fKMvsLVpump,2026-08-21T18:50:45.116935+00:00,2.9957644401931826e-08,2.9777825537113466e-08,-0.000300122,time_stop,0,0,0,0.44,live_higher,no_exit_within_window,0,,age;mcap;pool
2026-08-21,8c32c07d-509b-4f30-ae92-49213825b057,KezNS6Xh6t5f1KR5XbXYMbtp258TafhLJAmrVe8pump,2026-08-21T18:50:45.668752+00:00,2.859239385818726e-08,2.831100728589091e-08,-0.000492065,time_stop,0,0,0,0.71,live_higher,no_exit_within_window,0,,mcap;pool
2026-08-21,79b5b1b9-0cc9-4271-900e-db87514af610,H1cSN4cgGoqHzKvdB32kigyxB3fCWjAe89vvXjRgRFyQ,2026-08-21T18:56:55.574280+00:00,2.0745500541909458e-07,2.3141906399949423e-07,0.005775724,trailing_stop,1,1,1,4.22,live_higher,trailing_stop,1,1,
2026-08-21,acb46a33-9e9d-476e-8d23-099a3265e54b,EpX4eRMSiYFefrUri3VMJdnD9DtL1bXj22gewjSdpump,2026-08-21T18:56:24.468329+00:00,1.7322449428351525e-09,1.7447771915506635e-09,0.000361734,time_stop,1,0,0,-0.21,live_lower,no_exit_within_window,0,,mcap;pool
2026-08-21,c91854e1-0daf-4436-85d7-3026f5693577,6vLdoeCym4Xoz4CciU1Qsw6ZwbiAwUarBjNkP13Umoon,2026-08-21T18:56:55.227780+00:00,3.611099436620053e-07,3.7020005148071623e-07,0.001258634,time_stop,1,0,0,-98.91,live_lower,take_profit,1,1,age;mcap
2026-08-21,bc1fcb72-0d6c-46ca-ad4f-da1a36893f7f,G4oRwB2tS6ERYLFR5Bxn1cT5WBPNxsrxhrb5jGktpump,2026-08-21T22:00:41.421887+00:00,2.0098872735898486e-07,2.462332049063927e-07,0.011255476,hard_stop,1,1,1,-0.26,live_lower,trailing_stop,1,1,
2026-08-21,6ec80564-c8ff-4049-ab0b-528e9b811dfd,2we6gs22d831KSjzQo9wcZV5W1e8hayHrSdZpa7Tpump,2026-08-21T22:01:41.154354+00:00,9.891790444230598e-08,9.10044720869215e-08,-0.004,hard_stop,0,1,1,1.86,live_higher,hard_stop,0,1,
2026-08-21,3f0d3a08-8675-406f-b00a-ccdd1db41c57,G4oRwB2tS6ERYLFR5Bxn1cT5WBPNxsrxhrb5jGktpump,2026-08-21T22:02:10.451238+00:00,1.856302697561895e-07,1.7077984817569436e-07,-0.004,hard_stop,0,1,1,-4.68,live_lower,hard_stop,0,1,
2026-08-21,c5808090-22ec-43b5-874c-4fb07cad03e7,D13273yatPoSgDVEYDVkSSTuzeqjzZi86c7PQ8B1pump,2026-08-21T22:04:33.289973+00:00,1.5032470204451793e-07,1.382987258809565e-07,-0.004,hard_stop,0,1,1,-0.31,live_lower,hard_stop,0,1,
2026-08-21,a2a2abce-fe6d-4d7e-af6f-e45e7eba1519,8g2Z9sPJb3x5PN1P1GZbh6a9pu6naTycV1ACErKypump,2026-08-21T22:05:19.959945+00:00,1.929530188569812e-07,1.7751677734842271e-07,-0.004,hard_stop,0,1,1,-4.5,live_lower,hard_stop,0,1,
2026-08-21,e08ba4f5-6eb8-440e-b8f5-658713660bae,6zin4MsxH4MAmQABkbovLZBQcLpnfvo5oqTMW8WBpump,2026-08-21T22:08:41.113602+00:00,2.712442579072626e-07,2.495447172746816e-07,-0.004,hard_stop,0,1,1,9.22,live_higher,hard_stop,0,1,
2026-08-21,12aaf658-4f75-4023-a34d-4f87d48c3ab0,BCfkWN3gV1sum67Dwt5esQetv3sQHPa1Ww4kVzZ5HRoV,2026-08-21T22:13:08.542202+00:00,9.364581161008322e-08,8.615414668127656e-08,-0.004,hard_stop,0,1,1,18.58,live_higher,hard_stop,0,1,
2026-08-21,89183a80-cb6f-4edb-a219-c3e93263f329,By8q5uwWKMzKGNTJwajsr4mzsCCGTAu4Kd3DFD3Upump,2026-08-21T22:13:51.297690+00:00,4.523012470184834e-07,5.033093102131868e-07,0.005638727,hard_stop,1,1,1,-8.15,live_lower,trailing_stop,1,1,
2026-08-21,67683f65-5bac-4b9b-9ef2-07ad9e10c80c,By8q5uwWKMzKGNTJwajsr4mzsCCGTAu4Kd3DFD3Upump,2026-08-21T22:15:20.811707+00:00,4.39303937820931e-07,4.510120333085075e-07,0.001332573,hard_stop,1,1,1,3.04,live_higher,trailing_stop,1,1,
2026-08-21,e96dd7fc-00a8-446d-bf78-6e7d454b0a5d,By8q5uwWKMzKGNTJwajsr4mzsCCGTAu4Kd3DFD3Upump,2026-08-21T22:16:50.079290+00:00,4.078534503734985e-07,3.7522517434361863e-07,-0.004,hard_stop,0,1,1,-2.9,live_lower,trailing_stop,1,0,
2026-08-21,e14ab42d-fea3-4456-a608-c7b6028c95e3,8j8yR1cbV5biKDC88f7yYcNC32U8YVgFieGZvStSpump,2026-08-21T22:17:58.840501+00:00,2.6644597139833525e-07,2.4513029368646846e-07,-0.004,hard_stop,0,1,1,-4.3,live_lower,trailing_stop,1,0,
2026-08-21,1b1e7ef6-4ae3-4b04-a264-f16a1586ee04,J1RNDQEj3HzznA5kGrVuv7DFUeBQ7dpgMKLPsHzkpump,2026-08-21T22:19:47.839402+00:00,8.659596264521918e-08,1.0202383791454562e-07,0.008907965,hard_stop,1,1,1,-5.24,live_lower,hard_stop,0,0,
2026-08-21,00808324-63a4-4b73-95db-d5a0c7ade3da,J1RNDQEj3HzznA5kGrVuv7DFUeBQ7dpgMKLPsHzkpump,2026-08-21T22:23:09.626470+00:00,1.2972782919817958e-07,1.1934960286232523e-07,-0.004,hard_stop,0,1,1,13.6,live_higher,hard_stop,0,1,
2026-08-21,3c05fa28-c98b-45c5-9f83-cba2d4ef808a,2UjFsGRByjTXuU216mabiKVj39Q2DaAoDXiCbARbpump,2026-08-21T22:22:55.133387+00:00,6.341117671137929e-08,7.516307174639277e-08,0.009266422,trailing_stop,1,1,1,1.79,live_higher,hard_stop,0,0,
2026-08-21,c28f9f84-2431-4fb1-ab04-f32c4feaeef0,Df7L153sotuTi3gmqFzZWnPLsqwRfxDmvfciRFdbpump,2026-08-21T22:23:19.130703+00:00,2.3032661825990326e-07,3.4658034814743584e-07,0.025236712,hard_stop,1,1,1,-29.02,live_lower,trailing_stop,1,1,
2026-08-21,27a24c15-4e0d-4a62-9bc0-830bb6259748,Df7L153sotuTi3gmqFzZWnPLsqwRfxDmvfciRFdbpump,2026-08-21T22:25:20.858974+00:00,2.3628279187792501e-07,2.1738016852769102e-07,-0.004,hard_stop,0,1,1,-15.07,live_lower,trailing_stop,1,0,
2026-08-21,422c3b8a-5d2d-48d3-8779-7c18974764d0,FuX82dbNCUSh7vhR8RrzhJjGs8HFmxS7CoaMjiSgpump,2026-08-21T22:28:39.234511+00:00,8.771470675211835e-08,1.7892909984452048e-07,0.051994926,hard_stop,1,1,1,-38.58,live_lower,trailing_stop,1,1,
2026-08-21,2208107c-4276-453c-8be7-885bcdce404c,FuX82dbNCUSh7vhR8RrzhJjGs8HFmxS7CoaMjiSgpump,2026-08-21T22:29:20.229391+00:00,1.47637456570346e-07,1.493293661196614e-07,0.000572995,hard_stop,1,1,1,-2.66,live_lower,hard_stop,0,0,
2026-08-21,c683d2fd-aa24-488f-b4af-c52c9bdb9653,FuX82dbNCUSh7vhR8RrzhJjGs8HFmxS7CoaMjiSgpump,2026-08-21T22:31:20.592821+00:00,1.3908045373184901e-07,1.279540174333011e-07,-0.004,hard_stop,0,1,1,-1.08,live_lower,hard_stop,0,1,
2026-08-21,a31c1cbb-93f6-474a-b2f7-e49d547deb47,HonB9U1Ng4mjbh5S2V7Sn9T8fBwtuD3nedRx9z4sYBnK,2026-08-21T22:31:24.263843+00:00,1.4476752597641264e-07,1.3318612389829962e-07,-0.004,hard_stop,0,1,1,27.67,live_higher,hard_stop,0,1,
2026-08-21,d0ce9df4-de33-4f1f-862f-a8240d423ceb,AaTnenSiRPtst2wGjPyfXDAwtiThHWs84AFbZz1bpump,2026-08-21T22:33:33.213683+00:00,3.747298547153599e-07,3.4475146633813114e-07,-0.004,hard_stop,0,1,1,25.6,live_higher,hard_stop,0,1,
2026-08-21,76218985-b58e-4be0-8ab3-6e29faccc84d,HgYYCGTV5jk3GiYFuzH1u3aqcpaYaAncWCbna1QApump,2026-08-21T22:36:00.239329+00:00,1.4126181220612866e-07,1.2996086722963836e-07,-0.004,hard_stop,0,1,1,0.53,live_higher,hard_stop,0,1,
2026-08-21,c673b755-d021-430b-9d4e-8b7e8df65ab0,DDVu6Hys3PoBQEPYfnPuogUbepTooqDa2vSUEPi7X4PG,2026-08-21T22:39:01.322798+00:00,1.0951236923618335e-07,1.0075137969728869e-07,-0.004,hard_stop,0,1,1,26.45,live_higher,hard_stop,0,1,
2026-08-21,bf8abcc6-fe32-4e4c-867e-1b6abbb0aa34,7X19ieF5G1bvWqKb1g7yoCo8LguQFjaGaVM1fXpWpump,2026-08-21T22:42:32.620878+00:00,9.334299206951316e-08,8.587555270395211e-08,-0.004,hard_stop,0,1,1,16.3,live_higher,hard_stop,0,1,
2026-08-21,9d586cbc-ae54-4d0f-a1c4-9a2f1e7f9382,AyDHJj5auU8oWBiw8MMKjCbCFuWL17oCSm1Cz5Zpump,2026-08-21T22:41:52.003067+00:00,4.6400992942532303e-07,5.441103372059528e-07,0.008631325,trailing_stop,1,1,1,-4.8,live_lower,trailing_stop,1,1,
2026-08-21,f954f80d-a3ff-43d2-ae68-b56176b58fc8,6J6ZEdcmMPmHoLvRKyuZLxuUF1BCTiVfZtSEQCLgpump,2026-08-21T22:40:18.210780+00:00,1.3536144389802357e-07,2.9326211115483694e-07,0.05832557,trailing_stop,1,1,1,-6.72,live_lower,trailing_stop,1,1,
2026-08-21,4b421203-a948-4100-8cd3-ad1c64a93e96,6J6ZEdcmMPmHoLvRKyuZLxuUF1BCTiVfZtSEQCLgpump,2026-08-21T22:44:00.224010+00:00,2.4299963175850766e-07,2.786553226602867e-07,0.007336573,trailing_stop,1,1,1,4.36,live_higher,trailing_stop,1,1,
2026-08-21,f7de5a90-cf2c-4823-8a8b-a5bba012f3c8,AyDHJj5auU8oWBiw8MMKjCbCFuWL17oCSm1Cz5Zpump,2026-08-21T22:43:31.037321+00:00,5.382944656713785e-07,6.164804033755152e-07,0.007262376,trailing_stop,1,0,0,-1.49,live_lower,trailing_stop,1,1,mcap
2026-08-21,4920bd42-9eab-4c59-b1a7-12fe6d06b0b0,9YJzAMEeVsXnArkQxW2FAT8kprAes7LWa6PmDs5Epump,2026-08-21T22:44:56.958451+00:00,4.2396898616036253e-07,4.619001043599309e-07,0.004473336,trailing_stop,1,1,1,-3.74,live_lower,trailing_stop,1,1,
2026-08-21,d7b025db-8eba-44d5-a423-cee5760f7b02,9YJzAMEeVsXnArkQxW2FAT8kprAes7LWa6PmDs5Epump,2026-08-21T22:46:30.461101+00:00,4.4744182914167325e-07,6.412424567748643e-07,0.021656517,trailing_stop,1,1,1,1.38,live_higher,trailing_stop,1,1,
2026-08-21,280a4c92-1808-4260-b282-7d48b1cbd1c5,6J6ZEdcmMPmHoLvRKyuZLxuUF1BCTiVfZtSEQCLgpump,2026-08-21T22:46:01.234486+00:00,2.585081760355763e-07,2.636558607912614e-07,0.000995652,trailing_stop,1,1,1,-8.98,live_lower,trailing_stop,1,1,
2026-08-21,a71015b1-3d87-4cd1-8671-15407c1e2902,5VideYzEv6a8kuibYGQcdh8hD7vSXYUsYe55e6U1pump,2026-08-21T22:48:15.504768+00:00,7.781288067931783e-08,9.496087622096121e-08,0.011018738,hard_stop,1,1,1,3.86,live_higher,take_profit,1,1,
2026-08-21,72565b5c-c562-4678-a3df-96a78b260af3,9YJzAMEeVsXnArkQxW2FAT8kprAes7LWa6PmDs5Epump,2026-08-21T22:47:47.822593+00:00,4.503640852223043e-07,6.419536605786825e-07,0.021270521,trailing_stop,1,1,1,-12.98,live_lower,trailing_stop,1,1,
2026-08-21,f03e8398-7b77-48fd-a93c-cb220e7cc751,5VideYzEv6a8kuibYGQcdh8hD7vSXYUsYe55e6U1pump,2026-08-21T22:49:00.753534+00:00,9.457958272675928e-08,2.3644895681689822e-07,0.075,hard_stop,1,1,1,7.69,live_higher,take_profit,1,1,
2026-08-21,b1a9736b-7a30-4654-94cd-ea688d8a1c20,4WhGbLDkkXHrpVSzeMisnNW3284sws6uToRg1Q6gpump,2026-08-21T22:49:58.372540+00:00,1.9310577893924257e-07,1.7765731662410316e-07,-0.004,hard_stop,0,1,1,-4.4,live_lower,trailing_stop,1,0,
2026-08-21,f50c4cef-d779-4dfa-bf49-f0ba749db7b4,5VideYzEv6a8kuibYGQcdh8hD7vSXYUsYe55e6U1pump,2026-08-21T22:50:30.659737+00:00,2.6405554182549896e-07,2.4293109847945906e-07,-0.004,hard_stop,0,1,1,4.76,live_higher,hard_stop,0,1,
2026-08-21,6b529b8c-31cb-4db5-999a-01730ad631a2,F5pw6roEGuodK51CmfPEQhKR4A3BcauurbYn6h8adaos,2026-08-21T22:50:36.521692+00:00,1.3336058658748806e-07,1.22691739660489e-07,-0.004,hard_stop,0,1,1,5.44,live_higher,trailing_stop,1,0,
2026-08-21,54d6c1a9-d30d-42e9-92d5-158f20584a3e,5hcePzFSh7ZvsJyk5REd7HprKGcbc13F9cYT5Ap6pump,2026-08-21T22:53:31.547314+00:00,3.342465351977812e-07,3.075068123819587e-07,-0.004,hard_stop,0,0,0,54.94,live_higher,hard_stop,0,1,mcap
2026-08-21,ca7b36ae-cba2-4aec-978a-4d8469013994,Eq1vCB9ZVzqFsRyUwPYCUMadsNBJsC14V47GZaDxpump,2026-08-21T22:58:58.530036+00:00,1.8746971050662687e-07,1.7247213366609672e-07,-0.004,hard_stop,0,1,1,12.91,live_higher,hard_stop,0,1,
2026-08-21,ebbb5d82-94f5-4c18-8a03-340c131136db,Fp7UyvtuFpkaBVdiuSHENXkvvkbnHtP4NfdwLZBzhmzX,2026-08-21T23:12:16.468048+00:00,3.862739597600608e-07,3.55372042979256e-07,-0.004,hard_stop,0,1,1,9.32,live_higher,hard_stop,0,1,
2026-08-21,ef03b3eb-d5e5-4d22-b9f8-cee15740f8b9,4GQN66bhzi1w5JdNmg2EBSnD87iCWTYHFBQEA7tPpump,2026-08-21T23:13:14.366951+00:00,5.148918578517099e-07,5.866244885521839e-07,0.006965796,trailing_stop,1,0,0,-12.54,live_lower,trailing_stop,1,1,mcap
2026-08-21,4c668eb5-349a-4936-a063-a10c430379c4,CGtx7VrjrvnNg3zox65v3ctd3o4UdNdWbdeX9EP9pump,2026-08-21T23:16:18.443381+00:00,2.823085176624228e-07,3.1026159884857423e-07,0.004950804,hard_stop,1,1,1,-12.0,live_lower,trailing_stop,1,1,
2026-08-21,0d26cd74-262f-4372-a037-205a9ca5c273,CGtx7VrjrvnNg3zox65v3ctd3o4UdNdWbdeX9EP9pump,2026-08-21T23:17:00.626603+00:00,2.7195511854658367e-07,5.755992612521945e-07,0.05582615,hard_stop,1,1,1,1.27,live_higher,take_profit,1,1,
2026-08-21,f4236ebd-db95-4a3a-b621-e7b7d8dd98ec,CGtx7VrjrvnNg3zox65v3ctd3o4UdNdWbdeX9EP9pump,2026-08-21T23:19:09.038910+00:00,4.985331548635992e-07,5.449553247959891e-07,0.004655876,hard_stop,1,1,1,-2.99,live_lower,trailing_stop,1,1,
2026-08-21,77ac14af-ee21-4ce4-b946-db98bbc87974,CGtx7VrjrvnNg3zox65v3ctd3o4UdNdWbdeX9EP9pump,2026-08-21T23:20:10.425864+00:00,4.871868154366062e-07,4.482118702016777e-07,-0.004,hard_stop,0,1,1,0.51,live_higher,trailing_stop,1,0,
2026-08-21,5dcaf785-7e24-41cd-a55c-8deec830b564,64qLJzh2hZjXmQY8a3LaYECdWdzVnR5PKfxCmfK4XFrh,2026-08-21T23:23:48.577207+00:00,1.440263095747037e-07,1.3250420480872742e-07,-0.004,hard_stop,0,1,1,-9.5,live_lower,hard_stop,0,1,
2026-08-21,0f240399-3da7-4a78-a4c1-7b43c0ba956e,64rDNd8tVoobA91UE8UZRapk3Emqn7DxtXbhvhioA5ek,2026-08-21T23:24:03.164558+00:00,1.145899747368583e-07,1.0542277675790963e-07,-0.004,hard_stop,0,1,1,-0.75,live_lower,hard_stop,0,1,
2026-08-21,09441088-2472-4912-bb31-1a587e899e53,3BJGrMooDU1SVnExKRd19KwydvGfaYWB8JGQynbzpump,2026-08-21T23:28:57.386544+00:00,2.2101267199377875e-07,2.0333165823427646e-07,-0.004,hard_stop,0,1,1,-5.93,live_lower,hard_stop,0,1,
2026-08-21,dbab3e9f-eeda-447f-8daa-58aae1e91fd9,CqqgHwTEAR6AXLfjQyxLUkZwpYvYCLuJBXbxYj7fqZy6,2026-08-21T23:31:32.131196+00:00,2.823100877795858e-07,3.4944470710276136e-07,0.011890227,hard_stop,1,1,1,-2.08,live_lower,hard_stop,0,0,
2026-08-21,edffb50e-1b3c-4296-8959-62203122db2d,CqqgHwTEAR6AXLfjQyxLUkZwpYvYCLuJBXbxYj7fqZy6,2026-08-21T23:32:40.505594+00:00,2.837965939441127e-07,2.610928664285837e-07,-0.004,hard_stop,0,1,1,-18.91,live_lower,trailing_stop,1,0,
2026-08-21,2f3ed41a-7e11-42dd-b342-71bf7712f180,EaurvJEjWT74bYaG1f3eHx2mWRUZzDrFJz8fgB7c8nV9,2026-08-21T23:38:44.274055+00:00,1.0254583397933709e-07,9.434216726099012e-08,-0.004,hard_stop,0,1,1,-0.96,live_lower,hard_stop,0,1,
2026-08-21,9bba4d84-ee89-41d7-9626-50d92b4cb699,99qDvLDoUNJ7EvHWUWDhHoiPDYjuokdPnWYqU8ngpump,2026-08-21T23:41:12.184370+00:00,2.2980727282210868e-07,2.1142269099634e-07,-0.004,hard_stop,0,1,1,-2.43,live_lower,hard_stop,0,1,
2026-08-21,888a122a-7b61-407b-98ff-76d743b7fcd0,4Cd3561ucBDvVhvEdxSTMv9EwLNvM8mPZW5maY8dYMiq,2026-08-21T23:41:49.857115+00:00,4.1270478798551054e-07,3.796884049466697e-07,-0.004,hard_stop,0,0,0,-1.19,live_lower,hard_stop,0,1,mcap
2026-08-21,5da9a6a5-8525-44a6-ac62-0bfb653bc561,EGBdLLQT7KCWwZZ3AbqYs3zuXhq6xGi7gi5UNvhypump,2026-08-21T23:45:00.832131+00:00,1.4493291589003538e-07,1.3333828261883255e-07,-0.004,hard_stop,0,1,1,-17.98,live_lower,hard_stop,0,1,
2026-08-21,02c718b8-0963-4d9d-88ca-558835949a0d,9ZyxX9mFakQunLsdKweT76PFixLTermyKypMaZjqpump,2026-08-21T23:46:28.769170+00:00,1.1686918746299553e-07,1.0751965246595589e-07,-0.004,hard_stop,0,1,1,23.36,live_higher,hard_stop,0,1,
2026-08-21,b006882d-adb4-4c92-95b5-81a40d074165,Esx8jKTMoSk4JenGQcTcV8eEQsdL16NXS42kSSPVpump,2026-08-21T23:50:10.817065+00:00,3.870656484795326e-07,5.798648185732171e-07,0.024905229,hard_stop,1,1,1,-5.8,live_lower,hard_stop,0,0,
2026-08-21,ae183b7e-5dd5-45a0-b42f-f5ebe00622ad,GYDqnArinZo7HQAM1VumajPySmUM4panxU61uxqXpump,2026-08-21T23:50:27.472565+00:00,1.3036546033472547e-07,1.1993622350794743e-07,-0.004,hard_stop,0,1,1,-3.44,live_lower,hard_stop,0,1,
2026-08-21,bed8b9c5-75ca-4744-8c76-6395b00d141b,Esx8jKTMoSk4JenGQcTcV8eEQsdL16NXS42kSSPVpump,2026-08-21T23:50:56.626970+00:00,4.7072134427589544e-07,4.330636367338238e-07,-0.004,hard_stop,0,1,1,8.92,live_higher,hard_stop,0,1,
2026-08-21,c24080e9-4a6d-40eb-a7ba-f8274fb4bab7,FYJptd1r1QSLq5o65iYMF97MRz3Ym8RQSexJhBgrpump,2026-08-21T23:52:14.419056+00:00,5.118425097613374e-07,7.239758338421882e-07,0.020722519,hard_stop,1,1,1,3.83,live_higher,trailing_stop,1,1,
2026-08-21,40cbb191-d4c3-4595-81ad-83c21ddfbca0,FYJptd1r1QSLq5o65iYMF97MRz3Ym8RQSexJhBgrpump,2026-08-21T23:54:54.743034+00:00,5.597612648600082e-07,5.149803636712076e-07,-0.004,hard_stop,0,0,0,-11.46,live_lower,hard_stop,0,1,mcap
