day,position_id,mint,opened_at,closed_at,live_entry_price_sol,live_close_price_sol,live_pnl_sol,live_close_reason,live_win,live_age_minutes,live_mcap_usd,live_volume_usd,live_txns_buys,live_txns_sells,live_txns_total,live_buy_sell_ratio,live_liquidity_usd,live_dev_holdings_pct,live_top10_holder_pct,bt_gate_bar_time,bt_age_seconds,bt_mcap_usd,bt_pool_sol,bt_cum_buy_sol,bt_cum_sell_sol,bt_cum_txns,bt_volume_usd,bt_bs_ratio,bt_score,bt_gate_pass,bt_gate_failed,entry_price_gap_pct_close,entry_price_gap_pct_next_open,sim_exit_reason,sim_exit_price_sol,sim_win,entry_decision_agree,entry_price_direction,exit_outcome_agree
2026-08-20,04aac75d-c930-46b4-a163-518bdf1f3a2e,3b4crVnMs9zTMK8JeAHLfPKkvoCmFHmTMK3fQ4U2pump,2026-08-20T01:00:19.082748+00:00,2026-08-20T01:00:47.960687+00:00,1.16e-07,1.0672e-07,-0.004,hard_stop,0,17.651125712076823,9550.731965158706,85899.87452156967,1249,1019,2268,1.225711481844946,5112.426717976605,,81.02195935051199,1787187620000,1059.694,9251.915472605886,28.956398663,515.99,489.5,2271,88121.0,1.054,81.1,1,,9.88,15.4,hard_stop,1.0672e-07,0,1,live_higher,1
2026-08-20,350d1436-321e-430d-87f2-468e858cfb4b,7jjuXUNLssrY7u6xsvLLXUjfg9GjJu4ZEeZt6WAJDgiq,2026-08-20T01:00:20.300555+00:00,2026-08-20T01:00:48.115607+00:00,2.866e-07,2.63672e-07,-0.004,hard_stop,0,1.051125712076823,9107.548312022564,43860.1107812317,532,395,927,1.3468354430379748,4969.934540356515,,83.00256583183909,1787187620000,64.46,6629.294866735501,24.917424821,288.82,275.07,1044,49419.0,1.05,81.0,1,,278.89,272.16,hard_stop,2.63672e-07,0,1,live_higher,1
2026-08-20,c17c1ca9-74d7-494e-8ebb-7d25ae99404c,HoRVTf5pg6Um6hEtyADbPAw5zfjX2jRJFS12Kgx7pump,2026-08-20T01:00:21.037317+00:00,2026-08-20T01:03:11.663492+00:00,1.834e-07,3.18e-07,0.036695747,trailing_stop,1,12.96779237874349,23543.413416445157,86286.25365744447,1079,835,1914,1.2922155688622754,8102.550449194623,,64.8960816449346,1787187620000,779.17,25300.594967651294,70.620533383,532.12,485.47,1964,89181.0,1.096,81.9,1,,-36.47,-36.47,trailing_stop,3.511510175768116e-07,1,1,live_lower,1
2026-08-20,cbabbfc5-9b60-4744-b5e7-4822db891a82,FoXAE2ZsSwKr2T5G4yDXJm5FxsCUqhJEesraSfuSpump,2026-08-20T08:00:13.476335+00:00,2026-08-20T08:00:36.272693+00:00,2.668e-07,2.4545599999999997e-07,-0.004,hard_stop,0,5.740165893554687,19718.337719185118,67804.80600680853,871,750,1621,1.1613333333333333,7402.487634035351,,58.526524533159304,1787212815000,350.269,24333.086363862654,64.538325256,431.33,370.74,1674,70294.0,1.163,83.3,1,,-3.91,-4.82,trailing_stop,2.7209521493137155e-07,1,1,live_lower,0
2026-08-20,f0395917-5adb-4265-90b6-8796bbd803cf,3mjLDG8ye6HFEBtUPCP3kapfzBCPnwo3geTTsou6pump,2026-08-20T08:00:12.349441+00:00,2026-08-20T08:01:35.549865+00:00,5.32e-08,4.8944000000000005e-08,-0.004,hard_stop,0,1.3401658935546874,5992.367158964651,2609.4431439264868,50,16,66,3.125,4064.7755599027682,,97.4752653036188,1787212810000,82.182,5674.758984008511,16.342110279,23.62,8.17,69,2786.0,2.893,93.4,1,,-17.84,-14.28,hard_stop,4.8944000000000005e-08,0,1,live_lower,1
2026-08-20,7b4a459c-5eae-4a9a-a1d5-32dd0284306f,F7JKz1sS6bNkA5a6hxA4Xhh1hkWUhzpTKTNYS6vqpump,2026-08-20T08:00:50.988306+00:00,2026-08-20T08:02:05.116593+00:00,7.433e-08,8.065e-08,0.004251312,trailing_stop,1,9.237288167317708,7211.757144552414,70268.24638666736,951,886,1837,1.0733634311512414,4746.004166153869,,84.9972232053962,1787212855000,558.045,7374.884051250954,22.045945809,417.77,397.7,1838,71468.0,1.05,81.0,1,,-11.67,-8.08,trailing_stop,8.246675456670395e-08,1,1,live_lower,1
2026-08-20,d05b0f26-da53-4d37-a81c-b882be89a2c0,83hUQVTauyx1zVgBBpmn3oCj2HY3MPVkNi9T59fMpump,2026-08-20T08:00:20.938652+00:00,2026-08-20T08:02:34.506858+00:00,6.594e-08,7.734e-08,0.008644222,trailing_stop,1,18.72870273844401,7229.817704400275,62146.6116687108,1055,824,1879,1.2803398058252426,4517.918368163274,,85.64538153096942,1787212820000,1123.102,6497.100598081009,22.291143138,371.01,355.16,1884,63642.0,1.045,80.9,1,,-11.05,-10.76,trailing_stop,8.89014740902846e-08,1,1,live_lower,1
2026-08-20,3ecf62ed-50f6-4839-8505-34714861e5df,29H8TSAj5fUj6CKVogaZdYjZx5jbQ1nKAVzwQ49dpump,2026-08-20T08:22:46.269769+00:00,2026-08-20T08:23:07.938754+00:00,3.792e-08,3.48864e-08,-0.004,hard_stop,0,0.6945347819010417,2532.055015359887,863.5100764139355,1,2,3,0.5,2621.0394303079397,,100.0,,,,,,,,,,,,,,,,,,,,
2026-08-20,807d9410-c7ce-400c-a3a8-6698c0f1ea24,3dddizKxPSgRiSKmk9Laca3m3oZsoiuypkbiwxZakbaV,2026-08-20T08:22:52.272494+00:00,2026-08-20T08:24:39.114764+00:00,2.795e-08,2.795e-08,0.0,early_exit_no_green,0,1.0445347819010418,2454.3218534615153,2117.4019708976293,3,4,7,0.75,2625.1019483923446,,100.0,1787214115000,17.908,2450.3261885022553,3e-09,12.1,12.1,7,2121.0,1.0,65.1,0,mcap;pool,-0.03,-6.24,no_exit_within_window,,0,0,live_lower,
2026-08-20,25ca41d1-3869-49a1-8bcf-a67222596772,FbyxvTHi4QKH13SdioS26cXvGjB1avzWSgs6KvGkpump,2026-08-20T08:22:51.655218+00:00,2026-08-20T08:25:08.313932+00:00,4.286e-08,8.534e-08,0.049556696,trailing_stop,1,1.027868115234375,6620.855963065557,8509.867300010745,119,56,175,2.125,4320.031088171309,,99.2737657312029,1787214170000,71.817,6548.104529835688,22.663105194,82.36,68.32,242,13206.0,1.206,84.1,1,,-42.64,-42.57,take_profit,1.0715e-07,1,1,live_lower,1
2026-08-20,f7ecb89f-d7ff-4757-9f44-c0f271c4263b,FSpXTNJ9N7ATWaui2wC4h1kFw9hPgBUFm3662heVpump,2026-08-20T08:22:49.997142+00:00,2026-08-20T08:25:37.909957+00:00,6.006e-08,5.52552e-08,-0.004,hard_stop,0,0.8612014485677083,5285.57568127634,5572.057142741158,55,31,86,1.7741935483870968,3868.0278380662285,,99.4902673581911,1787214165000,56.964,5790.423488629789,16.117363162,38.03,24.88,98,5514.0,1.529,90.6,1,,-9.1,-9.21,trailing_stop,7.152255915992584e-08,1,1,live_lower,0
2026-08-20,aa7cc8bc-4c11-479f-b292-808a8d0367ec,FDu95P6RCVvTnoRnow6VzfRSRvGVYhd1px5K1VGwffNH,2026-08-20T08:22:45.656453+00:00,2026-08-20T08:26:37.750988+00:00,2.111e-07,2.864e-07,0.017835149,trailing_stop,1,0.677868115234375,18818.38814011093,822.3358148865055,47,7,54,6.714285714285714,715.7376652925218,,99.9970921007154,1787214165000,45.271,19044.56991331497,8.3376511,1.65,1.48,94,274.0,1.117,46.8,0,volume,-2.86,-0.83,trailing_stop,2.945245973649214e-07,1,0,live_lower,1
2026-08-20,80c1b6b3-0485-4d15-81cd-8551e1da5574,HSEfViAxZQViQoeVbKvkmcQ97aPMWS57mPgDBiNUpump,2026-08-20T08:26:11.034135+00:00,2026-08-20T08:27:07.751425+00:00,3.301e-07,3.127e-07,-0.002635565,trailing_stop,0,20.655917602539063,29647.774330517794,61359.26272009927,842,531,1373,1.5856873822975517,9122.615918960508,,56.4656384687111,1787214370000,1237.791,29781.695334041928,74.746298424,381.84,317.13,1378,61258.0,1.204,84.1,1,,-2.86,-2.67,hard_stop,3.0369200000000004e-07,0,1,live_lower,1
2026-08-20,0a8af9eb-ed25-4b95-95a2-3db3bc0bb348,5Z7kKpwChMkWDKrfisL3o2HTkqgNJgFavLya1uGqpump,2026-08-20T08:31:50.125853+00:00,2026-08-20T08:32:37.770451+00:00,1.26e-07,1.1592e-07,-0.004,hard_stop,0,16.457938256835938,11964.718185355661,110508.21965229709,1439,1134,2573,1.2689594356261023,5818.837424452786,,71.66658720409858,1787214715000,991.843,10223.252551338997,31.277896882,646.44,620.16,2577,111005.0,1.042,80.8,1,,8.01,15.32,hard_stop,1.1592e-07,0,1,live_higher,1
2026-08-20,4cd44bde-6a89-4254-b972-b92baf17a42f,3xCLt7rys6JNag8MJRBwa61PeoyZ8G7WZc8RoeHRpump,2026-08-20T11:49:33.711249+00:00,2026-08-20T11:50:01.699635+00:00,6.914733797176676e-08,6.361555093402543e-08,-0.004,hard_stop,0,0.19020118001302083,5290.803500701494,552.001826728509,10,5,15,2.0,2940.3002220724293,,100.0,1787226575000,12.584,5339.877802579454,1.786239635,9.47,9.21,39,1637.0,1.029,70.5,0,pool,126.97,59.39,hard_stop,6.361555093402543e-08,0,0,live_higher,1
2026-08-20,4feeb76e-c153-4b45-9778-c4a53f29296a,DMys2prw4LYSVLHU5Bsh2HR9MTdDxM32vS5G1bqoDzKa,2026-08-20T11:49:35.665902+00:00,2026-08-20T11:50:01.863570+00:00,3.4932996517633786e-07,3.2138356796223086e-07,-0.004,hard_stop,0,0.3735345133463542,29662.574697325534,725.8567641511141,7,0,7,7.0,725.8567641511141,,97.427352010316,1787226575000,24.408,29910.55757364707,8.889800859,12.85,4.51,83,1521.0,2.848,89.6,1,,2.36,-4.15,hard_stop,3.2138356796223086e-07,0,1,live_higher,1
2026-08-20,88a4c1c2-9843-4162-b521-e887ba863877,FNeUsSmk6YDyKezeB9uhcZADRsdpH1oK2NHwZZFwpump,2026-08-20T11:49:40.897263+00:00,2026-08-20T11:50:32.204841+00:00,4.4473875817499934e-08,4.091596575209994e-08,-0.004,hard_stop,0,0.8235345133463542,3904.3279971696193,11409.770237295494,82,72,154,1.1388888888888888,3387.8777725256905,,100.0,1787226590000,66.165,3913.171624577866,7.91174304,65.09,61.08,154,11057.0,1.066,81.3,0,mcap,-0.4,0.4,hard_stop,4.091596575209994e-08,0,0,live_lower,1
2026-08-20,43bedebc-9d43-45ff-b887-57e34b573aee,GcnnvYiJgp3ejKeydWUsXusXRYRy7XoYz1Lth5hspump,2026-08-20T11:50:05.819601+00:00,2026-08-20T11:50:32.375351+00:00,5.210225321317079e-08,4.7934072956117127e-08,-0.004,hard_stop,0,0.08219779052734374,4729.077727088143,1076.3235146828258,7,1,8,7.0,3636.642548482503,,99.99999999999999,1787226605000,3.968,5062.160461341918,14.044626543,17.19,8.08,33,2215.0,2.126,91.6,0,mcap,-9.8,-12.19,no_exit_within_window,,0,0,live_lower,
2026-08-20,9101bdae-78aa-45f7-b62e-4be5c1087a5e,D9ApaVZyKo2B54x3tvJ7hxAhPuej7zcpUdcf9w9Dpump,2026-08-20T11:50:59.424960+00:00,2026-08-20T11:52:09.662710+00:00,9.162941997360883e-08,8.429906637572013e-08,-0.004,hard_stop,0,0.08625327962239583,7557.167247943771,2228.74213807376,19,3,22,6.333333333333333,4612.020663521403,,12.2091903667893,1787226660000,5.423,5373.147672572206,21.724219609,47.64,37.06,88,7423.0,1.285,85.7,1,,49.45,50.05,hard_stop,8.429906637572013e-08,0,1,live_higher,1
2026-08-20,0bd827b0-8844-4aa6-88c1-5e88973dc05d,6rV8tJARiAEk1wCvXdKiBALv3gde41n4CV3B8oSppump,2026-08-20T11:51:00.264496+00:00,2026-08-20T11:52:09.927729+00:00,8.751130055233343e-08,8.051039650814676e-08,-0.004,hard_stop,0,0.1529199462890625,7787.95803777869,4619.84878498151,24,16,40,1.5,4638.025855770711,,99.5153391061517,1787226660000,9.826,10183.32741729459,31.699156904,69.24,43.08,106,9843.0,1.607,92.1,1,,-24.69,-24.17,no_exit_within_window,,0,1,live_lower,
2026-08-20,0e5db3bf-8159-4e27-a68d-87b989a2433e,71HXN1NuyLUJSP1PACBcmXqZdb6gB5hDWSAyGkgFaRw9,2026-08-20T11:51:10.128315+00:00,2026-08-20T11:52:10.283741+00:00,5.197114686744462e-08,4.781345511804905e-08,-0.004,hard_stop,0,0.07146247151692708,5948.293625194912,1078.6545044138895,10,4,14,2.5,3975.944486608688,,0.007770994774900001,1787226670000,4.252,4373.910480408049,10.328944285,18.96,11.84,39,2700.0,1.601,85.1,0,mcap,4.13,-1.76,hard_stop,4.781345511804905e-08,0,0,live_higher,1
2026-08-20,a8f0b9fb-9608-4a93-ab2c-589caadfc8db,37dCdXQAkhbvyswBs6a3h7Hm5oJT9t84QEdU4p9jtbY2,2026-08-20T11:52:15.404029+00:00,2026-08-20T11:52:39.511138+00:00,3.5424393023314783e-08,3.25904415814496e-08,-0.004,hard_stop,0,0.16557316487630208,3744.072817594525,3494.5678834584237,11,5,16,2.2,3220.7976012368526,,100.0,1787226735000,13.751,2783.572251963554,1.975000006,18.23,23.25,20,3636.0,0.784,71.6,0,mcap;pool,11.53,26.7,hard_stop,3.25904415814496e-08,0,0,live_higher,1
2026-08-20,47080779-1fc0-4832-86cc-9d3d4f181fab,6xKvWmiqhnsk2s9GBZsdeT8LXEu8DZxPqgsyRSypump,2026-08-20T11:49:38.710483+00:00,2026-08-20T11:53:09.227638+00:00,2.913599417729445e-08,2.804773731206406e-08,-0.001867547,trailing_stop,0,0.7068678466796875,2703.9557606526655,7815.125292755267,57,47,104,1.2127659574468086,2778.710347516768,,100.0,1787226575000,43.726,2549.3140964375752,0.599968387,40.43,44.77,106,7467.0,0.903,78.1,0,mcap;pool,0.16,2.29,trailing_stop,3.237570847820171e-08,1,0,live_higher,0
2026-08-20,364726b8-4eb2-4845-b69e-a82bad368ee4,AQTF2q3iCkWznmo3HeuzYEbvVYQx46rDzHsLzAtzhSGb,2026-08-20T11:52:14.462764+00:00,2026-08-20T11:53:09.479638+00:00,5.108793217460841e-08,4.700089760063974e-08,-0.004,hard_stop,0,0.16557316487630208,2591.074166691687,3393.0389406111253,10,8,18,1.25,2709.026036848591,,100.0,1787226735000,14.123,10387.566052156031,31.768378855,45.36,20.51,47,5773.0,2.212,100.0,1,,-56.9,-56.65,hard_stop,4.700089760063974e-08,0,1,live_lower,1
2026-08-20,419fd26d-05f8-4282-8f77-eb39f09d2321,DocLhATC6Z3LRqG6UFGinN1myQknNfgABzQ8bsW5pump,2026-08-20T11:52:16.815296+00:00,2026-08-20T11:53:09.743723+00:00,5.765551214949659e-08,5.304307117753687e-08,-0.004,hard_stop,0,0.1989064982096354,5054.065071836352,1158.567140090137,3,1,4,3.0,3774.9748048471074,,100.0,1787226720000,0.855,5034.059024658852,13.000000001,5.5,0.1,3,491.0,5.499,75.2,0,mcap;volume,0.37,66.96,no_exit_within_window,,0,0,live_higher,
2026-08-20,ffa496f1-c51b-4218-a223-03da5aa89837,E4WWykG6wJBUbwyoe2iZ6LjmsNQtdUeb7pyZYy5mqVzT,2026-08-20T11:52:45.873871+00:00,2026-08-20T11:53:09.931986+00:00,1.4731269660552964e-07,1.3552768087708726e-07,-0.004,hard_stop,0,1.4093467122395833,13244.78712605106,32493.638012788208,402,261,663,1.5402298850574712,6217.139447394111,,75.7223129371529,1787226765000,85.069,11367.738126055989,38.277512262,203.24,172.57,696,32936.0,1.178,83.6,1,,13.57,13.49,hard_stop,1.3552768087708726e-07,0,1,live_higher,1
2026-08-20,58f366e1-2bb6-4083-83ef-387f1dac2968,4aQeLpmMhcuiRzXWiZxuddatDRmyBGXsHdk5DgwP831A,2026-08-20T11:53:32.522232+00:00,2026-08-20T11:54:09.123682+00:00,1.4476049980852907e-07,1.3317965982384676e-07,-0.004,hard_stop,0,0.10910433349609375,12687.987248887493,3069.6891644986645,10,0,10,10.0,7453.468101154174,,100.0,1787226805000,-1.017,12646.11082999152,85.014306495,35.01,0.0,11,3069.0,35.014,93.0,0,age;buy_sell,0.32,18.43,hard_stop,1.3317965982384676e-07,0,0,live_higher,1
2026-08-20,6fabe503-be7d-4a91-a80f-af4358b1fe9d,A1nXV8mPDDBS73U7gjLpBXrL6GeWgtHHpMBVPcXCBB1Z,2026-08-20T11:54:00.670887+00:00,2026-08-20T11:55:09.165518+00:00,3.386929542369615e-07,3.7214382871451174e-07,0.00493823,trailing_stop,1,0.13697709554036458,29644.19869263092,725.4296463460225,7,0,7,7.0,725.4296463460225,,100.0,1787226835000,2.578,29673.516771035065,8.274021761,8.27,0.0,7,725.0,8.274,65.6,0,buy_sell,0.03,-0.1,hard_stop,3.115975178980046e-07,0,0,live_higher,0
2026-08-20,cf5136b3-71ba-48b6-9cc3-bdc80297268a,HYMruc7DUF36ZnKTGciWZCYUJ6vrcvj513vKuwmVpump,2026-08-20T11:55:02.129532+00:00,2026-08-20T11:55:39.241373+00:00,1.0767410673255831e-07,9.906017819395366e-08,-0.004,hard_stop,0,21.647219755045572,9473.575392277846,81532.61092592614,754,580,1334,1.3,5173.239743077867,,82.74449955830502,1787226900000,1296.599,9561.926144366535,29.262777088,350.16,322.38,1337,58941.0,1.086,81.7,1,,-1.31,-1.12,hard_stop,9.906017819395366e-08,0,1,live_lower,1
2026-08-20,9cb2ade6-6740-466d-a000-4976cdf9b3f6,EQaYBBs1rphEP3yTTz2wFzzgPtXQ6ftL85e858gupump,2026-08-20T11:55:15.646029+00:00,2026-08-20T11:55:39.735669+00:00,6.749075371454683e-08,6.209149341738308e-08,-0.004,hard_stop,0,0.07894490152994792,4846.153838483471,1149.7398914735707,9,2,11,4.5,3680.3873798926065,,6.4980335611596,1787226915000,4.066,5176.561004732589,24.433532505,27.89,19.23,68,4129.0,1.451,86.4,1,,14.26,14.76,hard_stop,6.209149341738308e-08,0,1,live_higher,1
2026-08-20,7e7aa094-ca62-4908-8a4d-1043a55d4814,FkXx4mYF8jhsqurwtYUW8tAkYwSBXNQopmoxRRgdpump,2026-08-20T11:55:22.037242+00:00,2026-08-20T11:55:40.062022+00:00,4.6515177215127195e-08,4.2793963037917024e-08,-0.004,hard_stop,0,0.15394930826822917,4016.3705898638364,1715.147979691805,4,4,8,1.0,3385.455010710079,,100.0,1787226925000,12.559,3132.1139392731297,7.214735329,14.9,14.49,18,2576.0,1.029,73.3,0,mcap,30.15,30.19,hard_stop,4.2793963037917024e-08,0,0,live_higher,1
2026-08-20,0082dc4e-0346-4c45-bf3e-da7bd2d12298,5d3uTyVYh3Mjb4fej1ZUZ1Hji5iNqUw7bVuAb2HCpump,2026-08-20T11:55:41.513505+00:00,2026-08-20T11:56:10.081381+00:00,4.312582992198173e-08,3.96757635282232e-08,-0.004,hard_stop,0,0.12490644124348958,3602.691403322324,1232.5478055023752,10,5,15,2.0,3181.5504611532824,,2.3481142557677,1787226940000,6.363,2585.881607830661,1.206881787,11.43,10.62,28,1933.0,1.076,72.3,0,mcap;pool,46.16,50.76,hard_stop,3.96757635282232e-08,0,0,live_higher,1
2026-08-20,940f340a-3972-43e3-8986-0985c5ac5cc5,GZZaWHs22e4oAbkrcZT9USGUzSzdmHusc1dZcodUpump,2026-08-20T11:55:03.497392+00:00,2026-08-20T11:56:39.267177+00:00,1.512008318407077e-07,2.0549061413030117e-07,0.017952872,trailing_stop,1,20.76388642171224,13206.284354266523,55982.9330846975,768,481,1249,1.5966735966735968,6110.631672691172,,74.6301401291652,1787226905000,1249.103,14441.444745447452,42.830724098,283.04,243.21,1253,46121.0,1.164,83.3,1,,-8.24,-8.25,trailing_stop,1.9831754949010498e-07,1,1,live_lower,1
2026-08-20,2b7fa125-7fa5-4a2c-a9a1-fae83c969eb5,BCwPmW2jMA7z3mqsVgsQg8Vt4NTv1XjVCneVYKaopump,2026-08-20T11:56:45.113568+00:00,2026-08-20T11:57:09.350393+00:00,8.224217905576841e-08,7.566280473130695e-08,-0.004,hard_stop,0,0.15975470377604167,6671.10684392311,5863.390671649289,60,18,78,3.3333333333333335,4338.608731117978,,87.1119576512971,1787227005000,12.828,3455.0530477628486,13.292332007,63.87,65.16,192,11307.0,0.98,79.6,0,mcap,108.61,109.75,hard_stop,7.566280473130695e-08,0,0,live_higher,1
2026-08-20,138cdff9-9607-46f3-84f1-f0f262a7372c,FvKYWWMj9UABK5TL8cRyX58SdmpSMtqVBBMxEGqXpump,2026-08-20T11:56:39.372549+00:00,2026-08-20T11:58:09.137345+00:00,1.1242850301338762e-07,2.8107125753346905e-07,0.075,take_profit,1,0.13329917399088542,8004.228910777533,2207.0069204084566,23,1,24,23.0,4490.399867023014,,95.6920795214604,1787227000000,12.29,12689.766902635658,41.052264982,57.13,20.83,94,6832.0,2.742,100.0,1,,-22.35,-23.46,take_profit,2.8107125753346905e-07,1,1,live_lower,1
2026-08-20,dcbc6505-fe16-4bf8-acbd-c582ee7031ff,3ERJtFfULGTnso1oyD7y9YaoVjWuE6VD51rCsfmCRhMm,2026-08-20T11:57:08.182961+00:00,2026-08-20T11:58:39.147663+00:00,2.1555164105122314e-07,2.15605444007865e-07,1.248e-05,trailing_stop,1,0.12226767985026042,8280.284456195872,2219.3071751579637,3,1,4,3.0,4824.713521550467,,100.0,1787227030000,8.891,16188.155612041815,67.546487324,82.85,60.74,122,12584.0,1.364,87.3,1,,16.7,16.4,hard_stop,1.983075097671253e-07,0,1,live_higher,0
2026-08-20,c2ffdb52-be01-4dbe-90c4-f13051da3231,3drggLegFGPCmjQB9sHQEPPdbKaM4bYFmP7eaWGFQync,2026-08-20T11:49:37.396502+00:00,2026-08-20T11:59:38.858063+00:00,2.7977642198890317e-08,2.799682348312998e-08,3.428e-05,time_stop,1,0.5235345133463541,2693.1682607852745,685.6839435188285,4,4,8,1.0,2710.7853669829674,,100.0,1787226570000,27.813,2450.9426172209846,0.029605648,3.49,4.35,9,687.0,0.803,59.4,0,mcap;pool,0.04,0.07,no_exit_within_window,,0,0,live_higher,
2026-08-20,a2bba1ba-0e3f-48e6-a9b8-d0de38995530,BTCqvLRFZaaTQUDjq1X3q3UCw1B9NCDGDSnHXDR1pump,2026-08-20T11:59:45.007519+00:00,2026-08-20T12:00:08.886108+00:00,4.1422663943340886e-08,3.810885082787362e-08,-0.004,hard_stop,0,0.1477274373372396,3612.507225798072,1122.6878016540834,7,2,9,3.5,3195.369039401137,,100.0,1787227185000,9.46,2677.081027957424,4.513839576,7.72,9.72,12,1529.0,0.794,65.5,0,mcap;pool,35.61,47.88,hard_stop,3.810885082787362e-08,0,0,live_higher,1
2026-08-20,a3b14b1d-6c72-4508-b5c4-33d5c6c65f23,9smrDR7shAEpsfCXtTptmdHj3BvkYtsGpGjduSRhpump,2026-08-20T12:00:00.818753+00:00,2026-08-20T12:00:09.152577+00:00,4.7528761460566345e-08,4.372646054372104e-08,-0.004,hard_stop,0,0.15793751220703126,4142.065658214019,811.8430601358606,3,1,4,3.0,3406.007231491019,,100.0,1787227200000,9.016,2614.2942745068744,2.891566266,5.14,9.15,6,1252.0,0.561,52.5,0,mcap;pool,59.33,69.99,hard_stop,4.372646054372104e-08,0,0,live_higher,1
2026-08-20,c5ed6c0a-feb4-4b62-b8f6-94023689df51,GVUXrCVVfmgZKqFAvBT754ZQkRukCAAEnpfFUopApump,2026-08-20T12:00:16.335185+00:00,2026-08-20T12:00:38.881371+00:00,9.041453439719884e-08,8.318137164542294e-08,-0.004,hard_stop,0,0.13694861653645835,7880.257163874328,8792.165237794681,81,48,129,1.6875,4708.422130622177,,82.73927353829549,1787227215000,7.25,2744.1358638308393,14.523316762,66.12,67.37,217,11699.0,0.981,79.6,0,mcap,188.76,188.83,hard_stop,8.318137164542294e-08,0,0,live_higher,1
2026-08-20,4bff070d-31ab-4909-af15-899bc994900b,D8AsWwmEBKEcesub2SPgqnzJCnW9RrPLbK1QwQ1vpump,2026-08-20T12:00:21.655642+00:00,2026-08-20T12:00:39.146176+00:00,5.082287178218933e-08,4.675704203961419e-08,-0.004,hard_stop,0,0.10347596028645833,4802.966432811591,1500.5229238725613,11,4,15,2.75,3707.416797207042,,99.99999999999999,1787227220000,4.339,2562.912351854812,5.435696679,10.39,14.71,27,2199.0,0.706,65.7,0,mcap,73.79,73.07,hard_stop,4.675704203961419e-08,0,0,live_higher,1
2026-08-20,5becd44b-5af1-4273-b941-1d4978ed6170,Eo9yDF4NEo7Mo7j2NtoaReAYVggYYn8k4Ejv9VRLpump,2026-08-20T12:00:26.476469+00:00,2026-08-20T12:00:39.393544+00:00,4.274249680238126e-08,3.932309705819076e-08,-0.004,hard_stop,0,0.12591471761067707,3726.6548163654757,629.0171676123622,2,1,3,2.0,3233.7060439096126,,100.0,,,,,,,,,,,,,,,,,,,,
2026-08-20,45c25354-f740-46d4-b12d-cb4122875c45,AR6hAvhxkvUXdP8NTmqNmBnMhrpL3WHvoAJgGaU6pump,2026-08-20T12:00:27.662788+00:00,2026-08-20T12:01:08.930872+00:00,3.077769541781753e-08,3.208252158954586e-08,0.002119759,trailing_stop,1,0.14258138427734374,2989.147887372643,3571.055982555895,19,21,40,0.9047619047619048,2842.0017389938694,,100.0,1787227230000,11.855,3085.602500266747,4.515963159,25.01,24.35,56,4326.0,1.027,78.5,0,mcap;pool,-12.58,-9.95,no_exit_within_window,,0,0,live_lower,
2026-08-20,b2da5bd3-d661-4f6d-a32a-80b67dc69e8c,Du37E6SMnvWiSxeSaxKATch6uCQyQiVLHtN8HDXYmrKW,2026-08-20T12:00:48.757607+00:00,2026-08-20T12:01:09.429793+00:00,7.73186820425522e-08,7.113318747914803e-08,-0.004,hard_stop,0,0.10363640950520833,5589.570730522292,1515.46142615684,8,5,13,1.6,4074.9504538204833,,3.5005673759795997,1787227250000,7.56,2600.160529873154,9.674043216,27.0,32.1,47,5180.0,0.841,76.8,0,mcap,160.61,176.54,hard_stop,7.113318747914803e-08,0,0,live_higher,1
2026-08-20,667e7b45-0c87-4f99-acb3-76e7c2e7f1b5,8Umk8yHuKeu5RrXXDaVySVDcQDYaaQn9F8S1cXSEpump,2026-08-20T12:01:14.767211+00:00,2026-08-20T12:01:39.430638+00:00,2.471020930869755e-08,2.2733392564001747e-08,-0.004,hard_stop,0,0.14301283365885417,1606.213933636107,906.5647609237417,11,7,18,1.5714285714285714,2677.3845788961794,,100.0,1787227275000,8.366,327.5315999383461,0.080046378,5.73,5.76,44,1007.0,0.996,67.9,0,mcap;pool,1222.38,1309.81,hard_stop,2.2733392564001747e-08,0,0,live_higher,1
2026-08-20,8535f9ff-db57-4714-9b54-884237e41bfb,2ArkHyu9oCn7zoz9F1Kr5Nw5NeVVvYXL27KANp86pump,2026-08-20T12:01:20.106208+00:00,2026-08-20T12:01:39.778463+00:00,5.062988940435509e-08,4.6579498252006684e-08,-0.004,hard_stop,0,0.1276799112955729,3882.3946727175685,556.2362833751811,7,2,9,3.5,3547.4896663623604,,100.0,1787227280000,8.269,4682.181223008339,11.469940612,13.32,4.85,21,1592.0,2.747,89.8,0,mcap,-5.23,-17.34,hard_stop,4.6579498252006684e-08,0,0,live_lower,1
2026-08-20,15992086-92ed-4a5c-a11d-4ce3255f12e2,7xU8kirHvdCYCwa5GJC2Yg4w6kWu7J1HfSC5UiHppump,2026-08-20T12:01:29.986568+00:00,2026-08-20T12:01:40.011740+00:00,6.470546852765069e-08,5.9529031045438636e-08,-0.004,hard_stop,0,0.13326255696614583,5794.621139210509,2806.7973504846996,28,13,41,2.1538461538461537,4037.113805949438,,84.9560578241925,1787227290000,7.862,3119.527239300755,11.653085228,23.22,22.37,61,3995.0,1.038,77.7,0,mcap,81.78,90.7,hard_stop,5.9529031045438636e-08,0,0,live_higher,1
2026-08-20,3c83ab6f-4230-447a-85bc-6abd25d204a7,2UnzakfN8sRxMU7QnvxGYdjVQ5bTUTTzg7zepyvepump,2026-08-20T12:01:54.296740+00:00,2026-08-20T12:02:09.551055+00:00,4.2939707103273164e-08,3.950453053501131e-08,-0.004,hard_stop,0,0.053099983723958334,4398.98843466449,712.8667305802146,4,0,4,4.0,3595.636370428124,,100.0,1787227315000,4.973,3216.0967379136428,9.582013266,21.27,19.9,56,3608.0,1.069,77.2,0,mcap,17.01,16.93,hard_stop,3.950453053501131e-08,0,0,live_higher,1
2026-08-20,6b20ff5b-e3ea-4306-bad7-755dd3df7d40,9UyMMu8qhi7E6MJN5QuUsm3KwVgZ7rBawSREyPkNpump,2026-08-20T12:01:55.796893+00:00,2026-08-20T12:02:09.767925+00:00,5.732513748067018e-08,5.2739126482216565e-08,-0.004,hard_stop,0,0.10309998372395833,5518.23357033149,1849.5697626039273,13,8,21,1.625,3938.795618362249,,100.0,1787227315000,7.558,3428.7355089368803,21.005201503,33.53,32.98,85,5828.0,1.017,80.3,0,mcap,46.53,36.9,hard_stop,5.2739126482216565e-08,0,0,live_higher,1
2026-08-20,99c1fc42-d73e-4eda-8658-20c11e809131,FwLEhWpZQXdJLHvXfmUBEELCNR7VdAv8M3KQ6Ntipump,2026-08-20T12:00:37.397694+00:00,2026-08-20T12:02:38.832135+00:00,1.6393664202200474e-07,4.0984160505501185e-07,0.075,take_profit,1,0.1451796630859375,12915.992571419049,5170.430790385006,34,5,39,6.8,6148.858468824128,,86.3375179712533,1787227235000,7.115,10129.477243925472,52.292920113,90.6,62.57,100,13423.0,1.448,89.0,1,,41.84,29.68,hard_stop,1.5082171066024437e-07,0,1,live_higher,0
2026-08-20,1471856d-1696-41db-bb65-21e0292e4b6e,AjjWhx4eoDf6kqH19RfjifreCCDjzW1y5zi6Ybqtpump,2026-08-20T12:01:48.290809+00:00,2026-08-20T12:02:39.270863+00:00,8.142396943871307e-08,7.491005188361604e-08,-0.004,hard_stop,0,0.15790961100260417,6227.141654300825,3553.9942553556907,40,20,60,2.0,4182.752089037736,,90.3833833117343,1787227310000,12.059,6094.275686170361,24.897934436,58.68,46.37,190,9206.0,1.266,85.3,1,,17.09,20.07,hard_stop,7.491005188361604e-08,0,1,live_higher,1
2026-08-20,34c64173-a770-4250-8a65-11e8ae37222b,E77PTJr4qwG3Ji6L6JkTJeVY6XYj9SVDAscge5hAtC9J,2026-08-20T12:02:20.824911+00:00,2026-08-20T12:02:39.512743+00:00,8.376895724284183e-08,7.706744066341449e-08,-0.004,hard_stop,0,0.11134431559244792,7716.277965857482,1401.6033952537127,14,2,16,7.0,4654.5099069876305,,30.3858406935345,1787227340000,6.246,4597.311202054406,20.911683425,26.91,21.75,45,4265.0,1.238,82.5,0,mcap,59.69,72.82,hard_stop,7.706744066341449e-08,0,0,live_higher,1
2026-08-20,420034ed-3c9c-49a6-9741-78cebae86b34,5WBUJYh8tGBz3hHSAYJSxk9fypBnVi9sxU772Nkgpump,2026-08-20T12:02:31.707745+00:00,2026-08-20T12:03:14.171629+00:00,4.539619401652913e-08,4.17644984952068e-08,-0.004,hard_stop,0,0.0778684326171875,3963.1710991106147,776.730125802796,7,0,7,7.0,3393.4865540818982,,100.0,1787227350000,2.663,3811.4362256419186,8.16836573,8.18,1.86,26,880.0,4.412,87.6,0,mcap,4.38,5.1,hard_stop,4.17644984952068e-08,0,0,live_higher,1
2026-08-20,cdea16d9-2205-48bd-863d-7182705aea1f,D9XwJ2isnF75PKBG3TwfXAambsnHRv6U83ChBnGCpump,2026-08-20T12:02:41.581103+00:00,2026-08-20T12:03:14.502169+00:00,4.2481514012268445e-08,3.908299289128697e-08,-0.004,hard_stop,0,0.1113374755859375,5283.653770573574,3685.2951216860424,27,10,37,2.7,3895.0399696736977,,96.4469713069161,1787227360000,5.034,2935.851678557071,6.571883625,32.95,34.11,91,5878.0,0.966,79.3,0,mcap,26.81,32.39,hard_stop,3.908299289128697e-08,0,0,live_higher,1
2026-08-20,4a5e8135-e49a-4053-b15a-9ee1f8ad4fd9,4ZbD2opuq42H5Ys4QpS5W3oKtN6bZ6j4YBBkk19Qpump,2026-08-20T12:02:53.346474+00:00,2026-08-20T12:03:14.732692+00:00,4.364093766972461e-08,4.0149662656146645e-08,-0.004,hard_stop,0,0.11426627197265625,4291.509545064619,1233.1705050282471,8,5,13,1.6,3450.692810244559,,99.99999999999999,1787227375000,9.245,2583.083132413132,5.467100972,11.46,13.62,31,2197.0,0.841,68.4,0,mcap,48.07,48.19,hard_stop,4.0149662656146645e-08,0,0,live_higher,1
2026-08-20,a57eb285-08c1-4f14-9681-6674fe227382,C1sWL7kyFmcmm5MwhRSrJuDqsfLc7esBMC3V4Fdipump,2026-08-20T12:04:23.201379+00:00,2026-08-20T12:04:45.088060+00:00,4.936356812057649e-08,4.541448267093037e-08,-0.004,hard_stop,0,0.15052913004557292,4746.629996016005,640.5002956753144,9,5,14,1.8,3623.1543248465105,,100.0,1787227465000,11.362,4344.716231304287,15.547367919,22.01,15.02,81,3245.0,1.465,84.0,0,mcap,-0.43,-0.54,no_exit_within_window,,0,0,live_lower,
2026-08-20,49cc29e0-e9d5-4c92-aad7-7fca66594ecd,58PuexkDQzjV3x7M9rySDQkZGr33XjqLjTkJLHRKpump,2026-08-20T12:03:46.356636+00:00,2026-08-20T12:05:44.180465+00:00,2.847679553458787e-08,2.836003931505204e-08,-0.000205002,early_exit_no_green,0,0.11220269368489583,3465.4181198454176,707.1464916382795,9,3,12,3.0,3093.5765443237465,,91.2911179173048,1787227430000,10.677,2471.8609522851234,0.13153957,4.14,6.66,19,947.0,0.622,60.3,0,mcap;pool,0.96,1.85,no_exit_within_window,,0,0,live_higher,
2026-08-20,349b14c2-e429-4ee5-b31d-28dbd3bc3e69,4JTT1FiCDVVbQu3k7S397mqEG1CkGnKVRR9Mv4FUpump,2026-08-20T12:04:13.712639+00:00,2026-08-20T12:05:44.477440+00:00,8.493464805346563e-08,2.1233662013366405e-07,0.075,take_profit,1,0.15767572428385418,7847.806113669422,2080.015495359051,16,1,17,16.0,4698.836231871894,,100.0,1787227455000,12.01,10142.479970773726,31.156648755,32.68,2.04,32,3043.0,16.009,94.1,1,,-26.61,-32.25,take_profit,2.1233662013366405e-07,1,1,live_lower,1
2026-08-20,c60a42c9-7ab1-4e2c-8070-2f6f34ce1c0b,7tBnJgCgYjg5d8ZP5KKQeLgn2nuR5MsaKB2UrUafpump,2026-08-20T12:05:34.726127+00:00,2026-08-20T12:05:54.592054+00:00,4.748106506020117e-08,4.368257985538508e-08,-0.004,hard_stop,0,0.15492926839192708,4551.912883922592,1505.6747346902011,7,2,9,3.5,3407.5569522398355,,100.0,1787227535000,10.728,4232.490523308896,11.132683106,14.79,10.3,38,2199.0,1.436,80.3,0,mcap,-1.68,-1.6,hard_stop,4.368257985538508e-08,0,0,live_lower,1
2026-08-20,eecb8eaa-97eb-499e-9f82-d78ac9fa5357,5y153TFbhia5RUnnYHVYRbV5v2UhSQ8NCXMNRDXbjxAo,2026-08-20T12:05:52.062532+00:00,2026-08-20T12:06:24.338878+00:00,3.440685455594405e-08,3.165430619146853e-08,-0.004,hard_stop,0,0.13044215901692707,2984.2544190178687,1713.0877672332967,11,8,19,1.375,2904.0279205106917,,100.0,1787227550000,7.289,2635.603110767541,4.312259973,13.23,15.08,31,2481.0,0.877,70.0,0,mcap;pool,14.41,14.73,hard_stop,3.165430619146853e-08,0,0,live_higher,1
2026-08-20,974cef53-7844-48e2-adb8-71bf020b98ea,D5W4EaVptbcY3UgmUymPHokrBNBf3iuPdatFTiegpump,2026-08-20T12:06:12.129802+00:00,2026-08-20T12:06:24.598961+00:00,4.9650186206140904e-08,4.5678171309649635e-08,-0.004,hard_stop,0,0.08744235026041666,4355.97011079752,1114.9931308515513,9,4,13,2.25,3500.024567802366,,100.0,1787227570000,4.27,2604.7753640966016,12.889916455,15.44,19.44,47,3057.0,0.794,70.0,0,mcap,67.05,77.58,hard_stop,4.5678171309649635e-08,0,0,live_higher,1
2026-08-20,e5a695ff-9e9d-4158-bc37-d4664ca6ef45,DCumTdi6naYjAvRnretwyghPocCY757xuaiQuk6Tpump,2026-08-20T12:06:32.727851+00:00,2026-08-20T12:06:55.050935+00:00,5.8432058940611257e-08,5.375749422536236e-08,-0.004,hard_stop,0,0.09616488037109375,4075.4678835430045,779.7742141678222,5,1,6,5.0,3377.0391210348853,,96.27405351031369,1787227595000,8.183,2969.076711870577,5.256281165,11.03,11.91,21,2011.0,0.926,69.6,0,mcap,72.48,80.61,hard_stop,5.375749422536236e-08,0,0,live_higher,1
2026-08-20,2f78e983-3566-419a-abaf-7dbea53d79a9,3cEWsSW5v1yQK5dqoKeGMDEx4hVTJNp8jUjhAX5FDHJ2,2026-08-20T12:07:10.933044+00:00,2026-08-20T12:07:24.997495+00:00,6.218346410135411e-08,5.7208786973245784e-08,-0.004,hard_stop,0,0.11729085693359376,10032.12370921692,2950.387950244922,23,7,30,3.2857142857142856,5255.144686821162,,100.0,1787227630000,7.134,2555.3940993627684,8.992038957,35.47,40.76,88,6680.0,0.87,77.4,0,mcap,113.26,115.21,hard_stop,5.7208786973245784e-08,0,0,live_higher,1
2026-08-20,56a6ccc6-6f91-44a0-b160-336225262563,Hfq3tmtWqQLh4CAstmnXAuwmWASWTpGDGjtR3S1jpump,2026-08-20T12:07:39.254697+00:00,2026-08-20T12:07:55.408286+00:00,6.864524767315302e-08,6.315362785930078e-08,-0.004,hard_stop,0,0.163540869140625,5543.652039435565,2847.403465141176,21,20,41,1.05,3920.7713612233083,,100.0,1787227660000,11.712,2567.7194509838905,16.290809508,32.37,36.59,112,6043.0,0.884,77.7,0,mcap,134.3,132.57,hard_stop,6.315362785930078e-08,0,0,live_higher,1
2026-08-20,a28d4c6a-1f3e-4d03-b24d-68451d6945ed,27ae5AGz4ovjFPghBJvXGHqBw3wh9P3ds7MHqqFGpump,2026-08-20T12:08:15.313173+00:00,2026-08-20T12:08:55.129814+00:00,4.688898007947597e-08,4.313786167311789e-08,-0.004,hard_stop,0,0.11398553059895833,4069.718707837174,778.6742032988298,5,1,6,5.0,3372.2752039026477,,100.0,1787227695000,7.852,3104.9461683221143,10.25832651,8.14,8.27,12,1437.0,0.984,69.0,0,mcap,32.35,12.04,hard_stop,4.313786167311789e-08,0,0,live_higher,1
2026-08-20,28b273da-b36b-4ebb-af2e-0e8d4c10cd0c,4KDAti1kyAFNePD3d4FUeBprdG2hzUENiXkcZUpJpump,2026-08-20T12:09:07.050698+00:00,2026-08-20T12:09:25.333452+00:00,3.4911748123747604e-08,3.21188082738478e-08,-0.004,hard_stop,0,0.1274269327799479,3622.654055773255,1300.936902956193,7,5,12,1.4,3165.6384192120345,,74.1936708860761,1787227745000,5.866,3009.3525784857857,3.24649299,6.15,7.91,14,1232.0,0.778,64.3,0,mcap;pool,1.67,9.76,no_exit_within_window,,0,0,live_higher,
2026-08-20,59f0e176-b66f-466b-be45-73ccaeed770f,DzmdZTdejYpMTae3gDBsjD3aV9YMjvESQvcn8q8opump,2026-08-20T12:09:32.841293+00:00,2026-08-20T12:10:25.274885+00:00,3.740291975266917e-08,3.441068617245563e-08,-0.004,hard_stop,0,0.08246035563151041,3276.07913611015,670.4299803186183,8,1,9,8.0,2944.633189998359,,100.0,1787227775000,6.707,3390.779768781284,5.292524484,9.37,5.38,37,1293.0,1.742,83.7,0,mcap,-3.33,-0.95,hard_stop,3.441068617245563e-08,0,0,live_lower,1
2026-08-20,0c519739-619c-4f8e-9815-1146c80c2e87,AAmXpvTeNMq1thzQrgFunGv4nv2fCbtcZBDeKdUpump,2026-08-20T12:01:00.237502+00:00,2026-08-20T12:11:24.001686+00:00,3.077774383156904e-08,3.09472839888127e-08,0.000275427,time_stop,1,0.1238841064453125,4200.12656028793,906.3026080630227,6,2,8,3.0,3416.0454971984827,,100.0,,,,,,,,,,,,,,,,,,,,
2026-08-20,ed299c5f-d0d8-477a-b790-6b941ffb42dc,GXmQq56B9W556ArqJXVhWuHGswZoB9AT16iJP4PLpump,2026-08-20T12:10:35.286149+00:00,2026-08-20T12:12:24.705679+00:00,2.8152742890916713e-08,2.7953204054183316e-08,-0.000354386,early_exit_no_green,0,0.11347173258463542,2442.3359051756465,562.1398390178523,2,3,5,0.6666666666666666,2607.5155936382225,,100.0,,,,,,,,,,,,,,,,,,,,
2026-08-20,be84b35c-a67f-44a6-ba6f-295b583f9d1c,8vpR88B33ZsfAJqPDRpKxTw4F2jjYxVvBVUBdpxbpump,2026-08-20T12:12:35.519632+00:00,2026-08-20T12:12:40.666533+00:00,6.230718347180873e-08,5.732260879406403e-08,-0.004,hard_stop,0,0.1185609619140625,4187.065704363715,1526.8478598311003,11,6,17,1.8333333333333333,3463.0105141299427,,96.7957624137205,1787227955000,6.637,2788.459119587319,13.105996977,26.19,27.19,72,4678.0,0.963,78.3,0,mcap,95.83,94.34,hard_stop,5.732260879406403e-08,0,0,live_higher,1
2026-08-20,74e028e6-50fc-4975-afcb-64221ef25e39,vyprdB3z7ke2mheweRvH5HkxRBdk3Bds2itJWaYpump,2026-08-20T12:12:41.508298+00:00,2026-08-20T12:12:50.447137+00:00,3.699896672829094e-08,3.4039049390027667e-08,-0.004,hard_stop,0,0.10869747721354167,4293.805188417856,860.1209517292654,7,0,7,7.0,3463.293673985195,,83.3437956512949,1787227960000,5.684,2515.276236226893,2.195450568,6.31,9.91,16,1422.0,0.636,62.0,0,mcap;pool,28.92,32.33,hard_stop,3.4039049390027667e-08,0,0,live_higher,1
2026-08-20,c8aad452-06f6-4546-ac9f-bf972ed530a3,C71PQ9ab7DidrJsb3mwrMuvRVLfKdftY8yvoV8Zgpump,2026-08-20T12:11:31.502266+00:00,2026-08-20T12:13:29.994304+00:00,3.881706157242441e-08,3.5711696646630456e-08,-0.004,hard_stop,0,0.08916536051432292,3368.51741372544,502.0431075034152,8,0,8,8.0,3101.44501518445,,100.0,1787227890000,3.449,3701.1298004090436,6.870282238,5.08,0.86,12,520.0,5.078,86.6,0,mcap,-8.08,-7.51,trailing_stop,4.6194215423527865e-08,1,0,live_lower,0
2026-08-20,d9c757f1-16dc-486a-bb5c-f0101dad36d6,BhXeK7wyAVjnZg9jmX5L6873zA6ex565TGVQa8QQpump,2026-08-20T12:13:13.057027+00:00,2026-08-20T12:13:30.400773+00:00,9.998562903227107e-08,9.198677870968939e-08,-0.004,hard_stop,0,0.14202027994791666,7641.934510525754,1406.718914166564,15,5,20,3.0,4608.645655474446,,100.0,1787227995000,10.762,8509.88442432516,26.059309581,26.38,10.15,47,3201.0,2.599,94.6,1,,2.97,2.77,hard_stop,9.198677870968939e-08,0,1,live_higher,1
2026-08-20,514bd8a8-5b2d-4474-a3db-3c880743514d,CrLjPfoJkAjgDdqMjMiwMGCyjqGaLPFVeAd23Zi7pump,2026-08-20T12:05:33.289701+00:00,2026-08-20T12:15:33.873852+00:00,2.8996337895026504e-08,2.838381697224283e-08,-0.001056204,time_stop,0,0.10492926839192708,2525.610417440553,1163.3999058953825,4,8,12,0.5,2663.043356707541,,94.58762336987729,1787227530000,2.565,2562.6578687289457,0.936746468,9.79,12.61,20,1964.0,0.776,66.4,0,mcap;pool,-0.84,3.71,no_exit_within_window,,0,0,live_lower,
2026-08-20,17a678b1-c3e8-4148-b730-36d9b36bcb44,CDYtUrHGfhi2mWq4ciAbg79hYK9xP6QyHW8cW1HMpump,2026-08-20T12:13:35.220220+00:00,2026-08-20T12:15:34.777855+00:00,2.8875617255991128e-08,2.81468241526733e-08,-0.001261952,early_exit_no_green,0,0.10157891438802083,2573.3357546706375,1663.2254813610134,9,8,17,1.125,2672.2225924150557,,100.0,,,,,,,,,,,,,,,,,,,,
2026-08-20,a3d9f48f-a9d8-4f3b-b441-588b3133c3b7,4H6ZYehNx45ZDNXrXjfFm5te4SqCk7s8guWAmSFbSfSW,2026-08-20T12:15:40.957179+00:00,2026-08-20T12:15:50.190419+00:00,4.783248822235721e-08,4.400588916456863e-08,-0.004,hard_stop,0,0.13159463297526042,4513.722757242854,2073.1368711078194,19,15,34,1.2666666666666666,3564.4557049055456,,100.0,1787228140000,6.92,2567.326013372629,7.481991193,21.39,24.63,72,4033.0,0.868,74.5,0,mcap,63.28,63.1,hard_stop,4.400588916456863e-08,0,0,live_higher,1
2026-08-20,de7460f0-d437-42e6-a569-b45d8d16c5fd,9pMkjjEimntALm76AK5NKmJSeGEyQMvryytPYgcapump,2026-08-20T12:06:15.073735+00:00,2026-08-20T12:16:29.065814+00:00,2.982530320885118e-08,2.987332314025087e-08,8.0502e-05,time_stop,1,0.10410901692708334,5214.6438474893275,1377.584970352813,6,3,9,2.0,3805.7487520597288,,100.0,1787227570000,4.644,2783.5722518822286,1.975000005,9.71,14.74,15,2143.0,0.659,64.6,0,mcap;pool,-6.1,6.68,trailing_stop,3.112620728941789e-08,1,0,live_lower,1
2026-08-20,e93ef330-b9fc-43c9-b7cc-e642143d3b62,H4m2akeZLtjtnzCZmSAWKpt2KeqMkpYnwjm32ExHomZA,2026-08-20T12:06:50.672395+00:00,2026-08-20T12:16:59.048389+00:00,3.099161398082907e-08,2.9445305482866657e-08,-0.002494721,time_stop,0,0.1539024454752604,2690.5185068449096,745.3443807237029,1,2,3,0.5,2742.70035974391,,100.0,1787227600000,0.908,2696.621756722117,1.579259239,1.63,7.07,4,763.0,0.23,41.9,0,mcap;pool;buy_sell,0.72,10.85,hard_stop,2.8512284862362747e-08,0,0,live_higher,1
2026-08-20,4d0708b3-14bf-44aa-8417-af74f4f5bcdc,CjPJZn7R6tUBZf4j19tcgatwuE4Peso7D5cydERyvSxj,2026-08-20T12:15:52.156019+00:00,2026-08-20T12:16:59.573079+00:00,3.385254789318631e-07,3.2941933137366345e-07,-0.001344972,trailing_stop,0,0.11705692952473959,29396.463722701537,718.8392643617755,8,0,8,8.0,718.8392643617756,,100.0,1787228145000,-0.04,29632.849032753442,8.273402703,8.27,0.0,8,725.0,8.273,66.9,0,age;buy_sell,0.12,0.57,trailing_stop,4.6093214036623615e-07,1,0,live_higher,0
2026-08-20,ef2084ad-d9d1-421d-b981-c0fda3e75229,BmZDryxu6nKLAuKNdXWTG2JFEf155gXpKZKGKPHVMwZy,2026-08-20T12:16:08.668622+00:00,2026-08-20T12:16:59.795156+00:00,8.729831004740259e-08,8.031444524361038e-08,-0.004,hard_stop,0,0.08549639892578124,6203.109948928857,638.9544441639017,8,1,9,8.0,4145.091230030046,,100.0,1787228170000,6.959,8481.465213284138,32.937878643,60.7,41.8,153,8983.0,1.452,89.0,1,,-9.79,-9.01,hard_stop,8.031444524361038e-08,0,1,live_lower,1
2026-08-20,c0aa5331-af52-465e-8303-95888b8a83b8,4TZofBkVz5SLnMQgvCPwqwZYgwB3BYS8fc5tFa3LrPaa,2026-08-20T12:18:10.514342+00:00,2026-08-20T12:18:59.234595+00:00,4.785168075671863e-07,4.4023546296181145e-07,-0.004,hard_stop,0,0.08271850992838542,41476.31011783612,6082.142001351026,11,0,11,11.0,7385.913689050818,,100.0,1787228290000,4.876,41722.096945208184,85.023612945,70.03,0.01,15,6139.0,70.029,100.0,1,,0.52,0.51,hard_stop,4.4023546296181145e-07,0,1,live_higher,1
2026-08-20,4cdc3136-f5e5-4777-9c75-223e47768817,716EchV2YxBzZrseEdrXc5Zz51EpWrYfPH1FrHgqRV3y,2026-08-20T12:18:47.557580+00:00,2026-08-20T12:18:59.417117+00:00,4.188615553910556e-08,3.853526309597712e-08,-0.004,hard_stop,0,0.11004403076171874,3629.9550384128497,1021.6152610046588,5,2,7,2.5,3051.3101775313576,,2.6300502695895003,1787228330000,9.19,2935.6398284583984,4.84817292,10.7,12.8,21,2059.0,0.836,67.9,0,mcap;pool,25.05,26.18,hard_stop,3.853526309597712e-08,0,0,live_higher,1
2026-08-20,d35c68e6-eecd-4135-94ca-397dea8d1aad,E2sg12Wh9F5i5M4ukUB3sMZ23VNLfZESsjDH47dUpump,2026-08-20T12:19:04.813775+00:00,2026-08-20T12:19:29.531426+00:00,3.869921330084083e-08,3.560327623677357e-08,-0.004,hard_stop,0,0.10762051188151042,3356.6138441098915,651.4269152603637,6,2,8,3.0,3104.9384707772706,,96.8402810688807,1787228345000,7.335,3872.5841295924743,7.714619854,8.51,3.8,17,1079.0,2.242,88.2,0,mcap,-12.42,-8.58,no_exit_within_window,,0,0,live_lower,
2026-08-20,520ce310-0bd6-4a3c-b336-f892c8d68052,ASD7UFPzWxnvJ8gUYwXXXgGwTa3M1Vv9AKe6XfAppump,2026-08-20T12:19:20.604375+00:00,2026-08-20T12:19:30.168991+00:00,3.909218879421139e-08,3.596481369067448e-08,-0.004,hard_stop,0,0.14126186116536457,4701.253117501485,1308.4991108013428,8,7,15,1.1428571428571428,3578.8511743337267,,9.432967032967001,1787228360000,8.394,2652.7875965663793,4.483676713,19.5,23.28,41,3749.0,0.837,73.0,0,mcap;pool,29.15,29.82,hard_stop,3.596481369067448e-08,0,0,live_higher,1
2026-08-20,010b1d0d-8638-4647-b1fc-70a11aa28e9e,GMNyHKGWvJuJgFAZfNro8favq9htxFGXPLqLKtu5pump,2026-08-20T12:19:22.308575+00:00,2026-08-20T12:20:00.123943+00:00,3.188187239980012e-08,2.9331322607816112e-08,-0.004,hard_stop,0,0.17459519449869793,2782.120292255685,950.1675133793426,14,7,21,2.0,2784.5933791848406,,100.0,1787228360000,9.556,2775.7988180378206,6.063332846,9.51,8.68,31,1595.0,1.096,71.7,0,mcap,0.66,6.16,hard_stop,2.9331322607816112e-08,0,0,live_higher,1
2026-08-20,a9557dbb-7d35-4b41-b0a2-8cc4d26f6a33,2RmpTJ2bzi2pNnFPwUyXAuXBhJ3PHuY5hqyyTvYLpump,2026-08-20T12:19:36.234197+00:00,2026-08-20T12:20:00.624408+00:00,4.811056489935001e-08,4.426171970740201e-08,-0.004,hard_stop,0,0.11393629150390625,4171.998577405933,1239.0727534298271,7,2,9,3.5,3285.443919273895,,4.2551222736284995,1787228375000,5.981,2877.3538978557212,6.840720794,7.26,8.75,13,1403.0,0.83,65.8,0,mcap,46.54,59.4,hard_stop,4.426171970740201e-08,0,0,live_higher,1
2026-08-20,67bc24af-f60b-4663-bd0a-4516dd3cfc03,HPDpGv5ydPqGz76TgfbkzvH3UhWVkeLW77wBoLZJpump,2026-08-20T12:19:48.862023+00:00,2026-08-20T12:20:31.207567+00:00,6.648680063873747e-08,6.116785658763847e-08,-0.004,hard_stop,0,0.16064533284505209,5829.024874693325,702.2366728081937,30,5,35,6.0,4037.3961273470286,,96.04117105759809,1787228390000,13.058,5660.984059156169,16.397558657,18.73,4.42,83,2029.0,4.242,91.1,1,,2.93,2.47,hard_stop,6.116785658763847e-08,0,1,live_higher,1
2026-08-20,55f483be-686d-4495-9395-92a74cd296c9,3oDGxKGGT9RPcWWkxndQw2QUEb9su3wkiaZtrhV8pump,2026-08-20T12:20:32.877849+00:00,2026-08-20T12:20:59.694233+00:00,3.315112849923765e-08,3.049903821929864e-08,-0.004,hard_stop,0,0.09457380777994792,3076.0212364128806,603.1310440179735,4,3,7,1.3333333333333333,2929.696405372258,,100.0,1787228430000,5.418,2905.707589755788,2.684767946,0.37,2.7,9,268.0,0.136,44.8,0,mcap;pool;volume;buy_sell,-0.01,18.25,no_exit_within_window,,0,0,live_lower,
2026-08-20,89487c8e-b00d-43ec-a31d-fba833ca5691,6rQ6UxkdbAbBsDK7VGFkMCeJppXv2wPXdN2Mi76fsorc,2026-08-20T12:20:34.944151+00:00,2026-08-20T12:21:00.021489+00:00,4.3802536530273214e-08,4.0298333607851355e-08,-0.004,hard_stop,0,0.17790714111328124,3943.423408992823,1719.9434779791734,13,2,15,6.5,3323.7895743747054,,100.0,1787228435000,15.048,2567.3550386201064,4.003806183,10.78,14.08,25,2179.0,0.766,66.9,0,mcap;pool,49.53,56.67,hard_stop,4.0298333607851355e-08,0,0,live_higher,1
2026-08-20,f4894b12-a7cf-4607-ad38-4e0948261a4e,7HYvKKDqQfEqdAh356MnLUuzZx49iAKuPvk4CMfZpump,2026-08-20T12:20:36.911463+00:00,2026-08-20T12:21:00.322589+00:00,3.347162445970264e-08,3.0793894502926425e-08,-0.004,hard_stop,0,0.19457380777994793,6013.148605452686,5635.9606983994045,42,20,62,2.1,4104.68739792573,,99.5654187365105,1787228435000,15.406,2710.855943673167,1.750027812,44.93,48.31,104,8171.0,0.93,78.6,0,mcap;pool,8.21,8.25,no_exit_within_window,,0,0,live_higher,
2026-08-20,e9030f88-4083-4a94-9e4c-7d766f8aa0f7,FGCbyks3bSzBbUbQBgESSD6yN982zLcdyqd1rBZKpump,2026-08-20T12:21:19.240684+00:00,2026-08-20T12:21:29.520472+00:00,4.2057592934952917e-08,3.869298550015668e-08,-0.004,hard_stop,0,0.10224262288411458,3766.304460593095,647.1403131437467,6,0,6,6.0,3249.3509537450177,,100.0,1787228480000,7.415,2581.096564601813,4.979581145,9.61,11.62,22,1860.0,0.827,67.1,0,mcap;pool,42.8,50.43,hard_stop,3.869298550015668e-08,0,0,live_higher,1
2026-08-20,05e0b43a-99fa-4679-8291-f3f583d7a2de,GwKH9x92GteGweosCN2KpMM84RpY6Whaem7iPxHvH5r,2026-08-20T12:22:49.230716+00:00,2026-08-20T12:23:29.842655+00:00,5.167720110492425e-08,4.7543025016530313e-08,-0.004,hard_stop,0,0.11477763671875,4341.140403546437,640.4268822028023,4,2,6,2.0,3521.927634805723,,100.0,1787228570000,8.223,5075.406488408328,13.176230064,15.2,5.52,20,1816.0,2.752,90.4,0,mcap,-10.77,-11.17,hard_stop,4.7543025016530313e-08,0,0,live_lower,1
2026-08-20,265e487a-6ebc-41e4-a5dc-3e471589bdb4,DJP3CVB7k55WRLfHhNykcBPhNrHxEFe3RLe9R6F8pump,2026-08-20T12:22:59.663363+00:00,2026-08-20T12:23:30.323577+00:00,5.6429761612310684e-08,5.191538068332583e-08,-0.004,hard_stop,0,0.05981097412109375,4900.286070085808,1140.7842568830297,4,0,4,4.0,3745.1660117202823,,1.8095543906109,1787228580000,4.378,2593.1376555219836,14.145700432,8.39,14.53,12,2008.0,0.577,62.6,0,mcap,90.72,21.79,hard_stop,5.191538068332583e-08,0,0,live_higher,1
2026-08-20,f70eb9c3-fe68-4748-ac2a-0a79c79d281b,23i32Vas5BgkraZvZGjZB7j7eKPzm7bBgFa4xQ9tpump,2026-08-20T12:23:21.800860+00:00,2026-08-20T12:23:30.731353+00:00,3.215466006273154e-08,2.958228725771302e-08,-0.004,hard_stop,0,0.0753524169921875,3911.203377785217,1003.5956172498206,11,4,15,2.75,3289.349645919617,,9.7545454545454,1787228600000,4.185,2515.2494102630712,1.077107536,7.12,9.72,25,1476.0,0.732,64.1,0,mcap;pool,12.04,5.1,hard_stop,2.958228725771302e-08,0,0,live_higher,1
2026-08-20,7076c2f5-0da0-42b4-8058-f9dfc70b88fa,71XXbc2d57fYY3cP67MpyfeLkzpg6N2tquTeB3Mppump,2026-08-20T12:14:07.011894+00:00,2026-08-20T12:24:29.563346+00:00,2.8043704333681583e-08,2.8026324052908546e-08,-3.0988e-05,time_stop,0,0.12777830403645835,2435.2820097239132,882.8613285625268,2,2,4,1.0,2603.73055407351,,100.0,,,,,,,,,,,,,,,,,,,,
2026-08-20,2b795fa4-8839-43e9-84ac-964f50549abb,DdBCMJSfKVnH3Gk6ZVAq5L1uJfM43WVcK7TdP3GHpump,2026-08-20T12:24:19.698796+00:00,2026-08-20T12:24:31.065695+00:00,4.4423533597158944e-08,4.086965090938623e-08,-0.004,hard_stop,0,0.06796871337890625,3803.5337580143005,659.9512739653962,6,0,6,6.0,3290.607026704208,,12.6235294117647,1787228660000,4.272,2569.4508119724483,2.311643841,9.51,12.79,21,1954.0,0.744,65.7,0,mcap;pool,51.52,51.81,hard_stop,4.086965090938623e-08,0,0,live_higher,1
2026-08-20,3e46c86d-cd41-4deb-8852-ea7f6ebfd06c,BCk6qwoE9wMUKcL8bBFrhEqf61KiHxFfQXYY7w66BP9Q,2026-08-20T12:23:36.300550+00:00,2026-08-20T12:24:59.532015+00:00,3.3713809152301703e-07,3.1016704420117567e-07,-0.004,hard_stop,0,0.137476611328125,29267.74938530374,716.3050096810309,3,0,3,3.0,716.3050096810309,,100.0,1787228610000,1.437,29564.954263656102,8.251,8.25,0.0,3,723.0,8.251,60.6,0,buy_sell,-0.06,0.11,no_exit_within_window,,0,0,live_lower,
2026-08-20,1b5e3ef6-de6a-4762-8bd5-fbe7892792eb,4zi6GQq4JphNbj8LyrCy2uxb9AUnr2ntmYW5X5E3pump,2026-08-20T12:24:36.565033+00:00,2026-08-20T12:24:59.961719+00:00,9.090941583918981e-08,8.363666257205463e-08,-0.004,hard_stop,0,0.16449253336588543,7230.893975530784,2661.895461253938,31,12,43,2.5833333333333335,4477.371890392337,,98.3922361329807,1787228675000,8.547,6193.944305856129,24.525435019,38.02,23.32,141,5376.0,1.63,92.6,1,,28.63,28.92,hard_stop,8.363666257205463e-08,0,1,live_higher,1
2026-08-20,aef96726-9989-4f6d-8585-0ecb88fa1c91,Fa9ociRh5xRw1N3miihpoVJPQCmxJ32foEi2qN4mpump,2026-08-20T12:25:35.759607+00:00,2026-08-20T12:26:00.321912+00:00,3.498500791700574e-08,3.2186207283645285e-08,-0.004,hard_stop,0,0.12203822428385416,3056.169506353542,548.9051165190664,7,2,9,3.5,2916.9689985240393,,100.0,1787228735000,7.668,2843.380034653887,3.442462177,2.95,2.63,11,489.0,1.12,67.6,0,mcap;pool;volume,7.83,15.21,no_exit_within_window,,0,0,live_higher,
2026-08-20,5efd2da6-99b2-421d-8cc1-b31c00de18e5,2VUi4VTdE7er9WHHLkjuXQYVeahSLus5KUhjPcbCpump,2026-08-20T12:24:40.501026+00:00,2026-08-20T12:26:29.736811+00:00,2.8781535471573126e-08,2.8320838887304375e-08,-0.000800334,early_exit_no_green,0,0.07527296549479166,2526.573743427927,1732.3185749777745,8,5,13,1.6,2644.799311321959,,18.335222126410702,1787228680000,4.372,2515.276236471882,0.395000008,6.75,10.21,16,1486.0,0.661,62.7,0,mcap;pool,0.28,2.94,no_exit_within_window,,0,0,live_higher,
2026-08-20,cd3f2685-cfff-48b6-bb2e-23e18d351242,46b8stpF5gicHBFzAbaymmwP2Hnr43rT2FXriuufpump,2026-08-20T12:27:16.220556+00:00,2026-08-20T12:27:19.949170+00:00,4.948316155260364e-08,4.5524508628395355e-08,-0.004,hard_stop,0,0.12204618733723958,4597.592429460911,1875.8921927447593,14,7,21,2.0,3590.565846267048,,5.2369802451455,1787228835000,6.505,2585.334324232723,3.910325279,23.52,25.67,72,4311.0,0.916,76.3,0,mcap;pool,67.74,76.66,hard_stop,4.5524508628395355e-08,0,0,live_higher,1
2026-08-20,bd5b1445-ba14-4207-b13d-facbf7c0c369,3WfTSe512hQfiuUo2yZhiFhDLb26zezjvsPQMUkXpump,2026-08-20T12:27:32.486742+00:00,2026-08-20T12:27:45.291163+00:00,3.505043769839083e-08,3.6962989034527966e-08,0.002728285,trailing_stop,1,0.07958621826171874,3056.5874556316517,602.3543887560037,6,1,7,6.0,2831.2415699704584,,100.0,1787228850000,4.0,3491.0436122079577,6.76652121,10.41,7.1,41,1534.0,1.466,78.9,0,mcap,-12.01,-9.97,hard_stop,3.2246402682519567e-08,0,0,live_lower,0
2026-08-20,68e9f193-ddfe-44de-bbe1-092534da9723,3jdFkpnxQcD1QsLuuLAPBKUUPagQ1UNTMeMuEznPpump,2026-08-20T12:27:31.230323+00:00,2026-08-20T12:27:54.683259+00:00,7.77437452251445e-08,7.152424560713296e-08,-0.004,hard_stop,0,0.07958621826171874,9624.487950485269,4723.662239824875,40,3,43,13.333333333333334,5197.549119034504,,19.820672930774098,1787228850000,4.222,6225.33124315031,25.188615808,65.65,50.79,163,10204.0,1.292,85.8,1,,9.45,7.13,hard_stop,7.152424560713296e-08,0,1,live_higher,1
2026-08-20,004f894f-7ca7-4860-9a0a-104a853ca10e,FTargmUnsM4A4EiUBWimA9i4bxm76UPei1QuH1ZApump,2026-08-20T12:27:47.949232+00:00,2026-08-20T12:27:54.895519+00:00,4.625466151046439e-08,4.255428858962724e-08,-0.004,hard_stop,0,0.15637473958333334,4238.965862156915,3002.363451713938,18,18,36,1.0,3455.3967471548185,,100.0,1787228870000,11.832,2627.1550513424118,1.344779677,21.47,25.35,91,4103.0,0.847,74.3,0,mcap;pool,54.3,55.09,hard_stop,4.255428858962724e-08,0,0,live_higher,1
2026-08-20,2b448fd8-2342-4c66-9d85-ef94f72a54d0,CE2phJewGPCrwiNNtn531kDBZrrdb1RE5qwQrTvqLLjV,2026-08-20T12:28:20.955245+00:00,2026-08-20T12:28:34.782579+00:00,4.281107172150724e-08,4.3902953715823726e-08,0.001275233,trailing_stop,1,0.13167261555989584,3989.9945913923993,946.3903449804552,5,5,10,1.0,3326.764227904826,,94.0947856471147,1787228900000,7.877,4441.860060771911,10.657644593,18.98,11.55,43,2676.0,1.643,85.9,0,mcap,-15.53,-20.04,hard_stop,3.9386185983786664e-08,0,0,live_lower,0
2026-08-20,33c8b68f-6fa2-41b7-8294-45f6ccfc2125,8GiU3Sqs3tVhdqRuj6EYT7gks9AYmhcGLphPbJ21pump,2026-08-20T12:28:31.399937+00:00,2026-08-20T12:28:39.629239+00:00,7.518971566679194e-08,6.917453841344859e-08,-0.004,hard_stop,0,0.14227800699869791,5340.059119839296,1282.0891564313029,9,9,18,1.0,3875.923556195885,,98.9620779269315,1787228910000,7.482,6136.885715982471,21.788655542,28.58,14.07,61,3738.0,2.032,96.2,1,,7.38,6.5,take_profit,1.8797428916697987e-07,1,1,live_higher,0
2026-08-20,cf378608-09b7-43bb-af6f-ad48399426ae,3ac71SJN46PbUPadMsaRHWmdMurqoR4dzSEGHAXJbonk,2026-08-20T12:28:58.591267+00:00,2026-08-20T12:29:10.015658+00:00,5.076981117440625e-08,4.670822628045375e-08,-0.004,hard_stop,0,0.10704117024739583,4579.0799908180325,504.0649475377859,5,0,5,5.0,496.5039733247191,,100.0,1787228940000,8.529,3713.389604125739,3.374918663,4.6,5.63,8,896.0,0.817,59.0,0,mcap;pool,19.82,19.8,hard_stop,4.670822628045375e-08,0,0,live_higher,1
2026-08-20,4fb3c99a-abfa-47e5-962f-0d88d4ab7070,2zk7jtc8zjZJv1Rvv4ujeD6bpjTGDgPDvTLeyRfHpump,2026-08-20T12:19:15.987188+00:00,2026-08-20T12:29:18.929889+00:00,2.983170689511901e-08,2.9758417435756683e-08,-0.000122838,time_stop,0,0.12628562825520834,2539.190031507404,2372.861280451848,7,6,13,1.1666666666666667,2649.084856659398,,100.0,1787228350000,2.71,2783.6259893194683,1.975308646,8.9,13.92,14,2000.0,0.639,63.8,0,mcap;pool,-6.08,6.7,no_exit_within_window,,0,0,live_lower,
2026-08-20,0d8fa355-cff1-45e0-b900-094d82b3f332,7EQFM57Ge6VZiYru4hrf2mFf2hbYtCGV4jcsgTtHpump,2026-08-20T12:29:27.066243+00:00,2026-08-20T12:29:34.795795+00:00,3.341586732427489e-08,3.07425979383329e-08,-0.004,hard_stop,0,0.14108558756510417,3828.626352463957,3198.5650657944434,16,8,24,2.0,3208.445406754075,,100.0,1787228965000,8.793,2625.228893610114,2.011166593,18.53,22.47,40,3593.0,0.824,72.3,0,mcap;pool,11.55,12.16,hard_stop,3.07425979383329e-08,0,0,live_higher,1
2026-08-20,37e1586f-39a0-489f-ae42-105e0b3e1776,37EAvUcfJZ3xDuHx6EpFhAQahdwCB4Brh1bkgcaLpump,2026-08-20T12:29:47.438814+00:00,2026-08-20T12:30:09.794849+00:00,4.670438699197038e-08,5.117876203742442e-08,0.004790101,trailing_stop,1,0.08055408528645833,4138.068814532824,795.2452065877369,6,0,6,6.0,3402.7183513252257,,74.92611164121989,1787228985000,3.539,4418.328507135368,13.568899713,11.04,3.75,15,1297.0,2.94,88.9,0,mcap,-7.36,-13.85,hard_stop,4.296803603261275e-08,0,0,live_lower,0
2026-08-20,cf9d521b-1278-4b73-b322-0e1b03e69c38,BFeFpaNgQohaPuBiSU8k5bmCx3qJpUpDdKR2fLvtpump,2026-08-20T12:29:57.495164+00:00,2026-08-20T12:30:25.360372+00:00,7.007086384203237e-08,9.206838498576431e-08,0.015696625,trailing_stop,1,0.10810133463541667,6024.692833810976,1506.2405154340443,13,0,13,13.0,4132.619773909254,,100.0,1787229000000,8.886,9093.750855539303,27.793743979,24.92,0.09,22,2191.0,24.916,91.6,1,,-32.47,-37.84,take_profit,1.7517715960508093e-07,1,1,live_lower,1
2026-08-20,77f4b777-57c4-49ab-a849-6b483d1454d2,EgPnaR4HU6u6TkaFkgUefrgebsoFQhafVuEiEsbLpump,2026-08-20T12:30:13.951052+00:00,2026-08-20T12:30:25.891931+00:00,5.753385646345239e-08,5.740674354634219e-08,-0.000110468,trailing_stop,0,0.12796419677734375,4998.960153456633,784.9338801879073,25,3,28,8.333333333333334,3740.288626334861,,5.0481285982726,1787229015000,8.904,5799.409034507503,16.153131637,18.85,4.18,90,2019.0,4.509,91.1,1,,-13.06,-13.35,hard_stop,5.29311479463762e-08,0,1,live_lower,1
2026-08-20,aef3f532-96af-46e9-9e74-8f0bb46fc8f4,BZCL5ohoNEt8MF31WuGoZKBCsDp6RG6VgHz6ordWpump,2026-08-20T12:30:41.146663+00:00,2026-08-20T12:30:50.314816+00:00,4.943946086719188e-08,4.548430399781653e-08,-0.004,hard_stop,0,0.1403622762044271,3959.2727193092646,661.8268219617626,3,3,6,1.0,3308.8612547120024,,100.0,1787229040000,7.989,3934.638131820568,8.015587121,12.83,7.82,19,1810.0,1.642,83.3,0,mcap,10.12,27.4,hard_stop,4.548430399781653e-08,0,0,live_higher,1
2026-08-20,ee47b5a9-7397-4bca-b8e5-689e870c2942,9ShjFohvQb8iYfR8M6GViRiiZf3nuhwG1P6kLj6r4Mcd,2026-08-20T12:28:57.434496+00:00,2026-08-20T12:30:54.885868+00:00,5.322385862742267e-07,5.93921961050454e-07,0.005794711,trailing_stop,1,0.10704117024739583,46209.29458493065,6954.524434999774,9,0,9,9.0,8508.434997409362,,99.99999999999999,1787228935000,3.661,46460.74771235633,97.901928684,80.02,0.0,10,7013.0,80.022,97.5,0,buy_sell,0.4,0.4,take_profit,1.3305964656855667e-06,1,0,live_higher,1
2026-08-20,b151c7d0-ff35-43c3-8c71-cabffaf1eadd,CR8zjHwiLLv2ZW3FowmuwDJFsPUHrVHcF2KkNpGkpump,2026-08-20T12:31:02.556663+00:00,2026-08-20T12:31:10.069644+00:00,3.82713078595588e-08,3.5209603230794096e-08,-0.004,hard_stop,0,0.114372021484375,3328.0248475551775,605.3229375468615,3,1,4,3.0,2998.191353427621,,99.99999999999999,1787229065000,11.595,2715.239795739578,1.945788966,4.31,5.73,9,880.0,0.752,58.9,0,mcap;pool,23.53,25.88,hard_stop,3.5209603230794096e-08,0,0,live_higher,1
2026-08-20,3984a52d-7485-4292-b371-ec131cfb6785,2MzL4tDkbLxKtF7VvJkWUY23fMjVRJApgUbnEehqpump,2026-08-20T12:31:19.855414+00:00,2026-08-20T12:31:44.829678+00:00,3.717564712812887e-08,3.4201595357878564e-08,-0.004,hard_stop,0,0.1329365966796875,3552.2077213272287,723.329780034574,8,5,13,1.6,3152.1763611196943,,100.0,1787229080000,9.753,3204.704397471716,6.683731384,10.46,8.65,39,1674.0,1.209,74.2,0,mcap,1.67,3.8,no_exit_within_window,,0,0,live_higher,
2026-08-20,2765517f-2009-4a2e-a9a1-301c37f23f1e,HM9FciJxy21VWvjV2rVNAr1dxqAtWNgsHofvWN3ipump,2026-08-20T12:31:59.003459+00:00,2026-08-20T12:32:07.197920+00:00,3.5213918108453265e-08,3.2396804659777004e-08,-0.004,hard_stop,0,0.17977389322916668,4064.126364794089,2754.8424924690507,26,13,39,2.0,3370.290690500232,,99.99999999999999,1787229115000,7.932,2617.143372452527,8.840732439,21.97,26.97,74,4289.0,0.815,74.2,0,mcap,17.92,25.81,hard_stop,3.2396804659777004e-08,0,0,live_higher,1
2026-08-20,0c3a7e4f-eb10-44a2-bbf4-567da67bf578,wGBQoWPj22uxioaGRZgJW49ie8aK2Y7VuvUuDVDpump,2026-08-20T12:32:12.060259+00:00,2026-08-20T12:32:17.294073+00:00,7.80853019310811e-08,7.183847777659461e-08,-0.004,hard_stop,0,0.1335792236328125,6766.0999822612175,1743.7647465903774,18,0,18,18.0,4350.279214757376,,100.0,1787229130000,5.599,5523.3196038013575,20.196113111,22.08,9.01,30,2724.0,2.45,93.2,1,,23.9,21.23,hard_stop,7.183847777659461e-08,0,1,live_higher,1
2026-08-20,ded910e5-cc98-4182-ad24-cd94f5727e0f,BMRnkrJfH4W2JRSjJJAikXNavmtAWZigjXJHfkrYpump,2026-08-20T12:31:58.198996+00:00,2026-08-20T12:32:22.658577+00:00,5.269065011424223e-08,4.92005605226595e-08,-0.003311868,trailing_stop,0,0.14644055989583332,4611.21129572876,1078.5546083105198,15,2,17,7.5,3583.284867388036,,100.0,1787229120000,10.976,4721.6252222299,12.241252935,15.64,7.0,35,1984.0,2.235,91.0,0,mcap,-2.2,-3.34,hard_stop,4.8475398105102856e-08,0,0,live_lower,1
2026-08-20,c6819639-a7bd-4981-b7f8-e656cba6486a,prLt1qiYtKQiQVdFjwP8212yvAZYNStaAWc5RJTpump,2026-08-20T12:32:30.809747+00:00,2026-08-20T12:32:52.899159+00:00,2.9029715696522423e-08,2.8731304642117094e-08,-0.000513975,trailing_stop,0,0.14180439046223958,2859.932890769105,1237.7303888086494,12,8,20,1.5,2815.859432769522,,77.7274438143068,1787229150000,8.847,2626.8311887220534,1.061711811,6.32,8.25,25,1277.0,0.765,64.1,0,mcap;pool,-3.15,-2.67,no_exit_within_window,,0,0,live_lower,
2026-08-20,c6c46212-77ae-4d72-9c38-a931e893ad28,LLkAa41epqAc26ZDtWJvM8ZFiz8e9aB9SoYYx2hpump,2026-08-20T12:33:05.951761+00:00,2026-08-20T12:33:12.919361+00:00,4.599609284219875e-08,4.231640541482285e-08,-0.004,hard_stop,0,0.16309076334635417,5919.425594498219,3407.2516999175195,19,15,34,1.2666666666666666,4065.0028203738543,,100.0,1787229185000,13.862,3148.562187274751,8.726913022,32.3,33.3,97,5749.0,0.97,79.4,0,mcap,28.03,28.89,hard_stop,4.231640541482285e-08,0,0,live_higher,1
2026-08-20,b4c57db3-e0d4-4108-b381-981aae19ffb8,8jJwh672Xw9X9edUKFom13gLX4aF5YWb6MsEvzxTpump,2026-08-20T12:33:03.532324+00:00,2026-08-20T12:33:22.414902+00:00,8.276803499104494e-08,8.996430967565294e-08,0.004347255,trailing_stop,1,0.11309076334635416,8929.01758257364,5805.032501030322,22,19,41,1.1578947368421053,4988.422208556152,,99.872839949573,1787229185000,10.904,8713.204882245513,29.369621008,92.04,68.55,184,14075.0,1.343,86.9,1,,-16.75,-16.78,trailing_stop,9.74320034755888e-08,1,1,live_lower,1
2026-08-20,a8c83005-de5b-4f70-8cd1-17316b039eb0,E7C38ffKcyThuzaBJcfToLQ7DHQ6cejsd1S9HhiPpump,2026-08-20T12:25:40.276545+00:00,2026-08-20T12:35:41.655880+00:00,3.062485939208879e-08,2.8416240422145738e-08,-0.003605925,time_stop,0,0.07395349527994792,2661.0384014743995,668.6720810136153,4,4,8,1.0,2693.0719948858887,,100.0,1787228735000,-0.126,2616.40385246559,4.84878923,3.85,3.85,8,675.0,1.0,62.0,0,age;mcap;pool,2.58,9.53,hard_stop,2.8174870640721686e-08,0,0,live_higher,1
2026-08-20,db056186-6ef7-458a-b067-77f1b0ea0f76,6Mu677gGcCHvhZCPVZ3rfkj6ABsqFJBNEcX3mm9rpump,2026-08-20T12:33:59.668640+00:00,2026-08-20T12:36:12.345039+00:00,2.989167143144924e-08,3.003938311160753e-08,0.000247078,trailing_stop,1,0.1515159952799479,2543.4938156067897,2359.471693341322,5,4,9,1.25,2609.0067764583328,,100.0,1787229240000,10.699,2783.5722518066405,1.975000004,8.8,13.82,11,1983.0,0.636,62.4,0,mcap;pool,-5.89,-6.47,trailing_stop,3.112620728857266e-08,1,0,live_lower,1
2026-08-20,128757a8-a0d9-4e6c-be7d-d9759d2c497c,GcRhfrx6ELB3nuCf4V7oXc5DvgtTtj8e6JSkVBunpump,2026-08-20T12:35:45.415786+00:00,2026-08-20T12:36:12.640891+00:00,5.109583260620453e-08,4.700816599770817e-08,-0.004,hard_stop,0,0.07392421061197917,4614.700851083926,1119.3356107916693,8,2,10,4.0,3573.992290148836,,100.0,1787229345000,4.282,2606.468404793639,14.032157676,14.38,18.38,43,2871.0,0.782,69.3,0,mcap,71.8,74.0,hard_stop,4.700816599770817e-08,0,0,live_higher,1
2026-08-20,8ce11286-a721-41af-8400-6a7d2cb69614,97A2AaJWdE5ahTWRadBKwt35tZpdz39JHdKe7sEkpump,2026-08-20T12:36:23.149704+00:00,2026-08-20T12:36:42.303168+00:00,5.669868102660387e-08,5.216278654447556e-08,-0.004,hard_stop,0,0.1289295857747396,4858.759004988524,3812.2859425397296,32,13,45,2.4615384615384617,3738.3430851246776,,88.5787775227288,1787229385000,10.871,2657.25751317654,6.944050998,37.87,39.63,108,6792.0,0.956,79.1,0,mcap,87.0,87.78,hard_stop,5.216278654447556e-08,0,0,live_higher,1
2026-08-20,7ae3c0bc-0505-4294-b022-e768d5aef1a0,91rJYV6yYYrrWp8MUyP6yKDD24kQwE9aBjSr5Q6ipump,2026-08-20T12:32:13.026513+00:00,2026-08-20T12:38:31.528028+00:00,6.240436638689307e-08,6.55232468686499e-08,0.002498928,trailing_stop,1,0.15024589029947916,5461.312170827844,1303.2444474380568,6,0,6,6.0,3909.73714740523,,100.0,1787229135000,12.005,5608.357176309701,15.386546292,0.57,0.0,10,50.0,0.572,58.0,0,volume;buy_sell,-2.48,-2.97,no_exit_within_window,,0,0,live_lower,
2026-08-20,63fa3285-ef3d-4a75-86fa-efd5867e8fe1,G98pXArx4w63Hr6uCxkoLqj1Hs4YzVSoTvjMuUkjpump,2026-08-20T12:38:42.128158+00:00,2026-08-20T12:39:32.543870+00:00,5.805735368490757e-08,6.982110540476483e-08,0.010131147,trailing_stop,1,0.1306989542643229,5031.870056483055,909.7992926400382,3,3,6,1.0,3688.345567760418,,10.2808810754252,1787229520000,5.649,4368.384976949617,11.568498198,13.37,10.23,14,2068.0,1.307,77.3,0,mcap,16.48,35.29,hard_stop,5.3412765390114965e-08,0,0,live_higher,0
2026-08-20,65c6a23c-9f3d-4668-a8b5-6130ebf9e9fe,C8usVsssW3GVM2j1WPqnHDwf3VWxhvAChXPYkE3Vpump,2026-08-20T12:40:03.139545+00:00,2026-08-20T12:40:33.454204+00:00,3.540882682694057e-08,3.2576120680785326e-08,-0.004,hard_stop,0,0.13811927897135418,3476.589899919181,1091.743981750256,12,4,16,3.0,3059.3225935810524,,99.6699219731435,1787229605000,10.422,2450.326189319031,1.3e-08,5.92,8.92,26,1301.0,0.664,62.2,0,mcap;pool,26.65,,hard_stop,3.2576120680785326e-08,0,0,live_higher,1
2026-08-20,e25cc790-6399-4fe7-8ea7-9611156f655b,EGwPRz7yrhKTwp9bnyPSEyoevhhHighaaGkDCSqdpump,2026-08-20T12:40:36.224697+00:00,2026-08-20T12:41:02.780755+00:00,3.243007793366897e-08,2.9835671698975454e-08,-0.004,hard_stop,0,0.16494866943359374,3344.5308645241284,1697.103940956465,10,6,16,1.6666666666666667,3013.271232422308,,100.0,1787229635000,8.931,2568.3855059900225,0.714214235,7.93,12.15,20,1760.0,0.652,63.3,0,mcap;pool,10.66,9.05,hard_stop,2.9835671698975454e-08,0,0,live_higher,1
2026-08-20,4ab85ba5-9d7b-4e5b-9d61-bff9829c579b,2HdZw4U2xXTjS1MmrZ7NNXWnbnWbFev2wYoFPuw5pump,2026-08-20T12:41:24.491106+00:00,2026-08-20T12:42:02.542163+00:00,3.3193832350568566e-08,3.053832576252308e-08,-0.004,hard_stop,0,0.09957440592447916,3276.0939021347313,1820.777052416156,10,7,17,1.4285714285714286,3020.542897235577,,100.0,1787229685000,8.316,3012.9693132983657,3.266465338,14.07,13.77,27,2439.0,1.022,72.8,0,mcap;pool,-3.45,3.01,no_exit_within_window,,0,0,live_lower,
2026-08-20,ed3c03fe-1dd4-4a02-96bd-628d37d0fdc8,H7caAHHr6Gs8cCgsbpB9U9bpvAeFcTgiyBMeQKp47PGj,2026-08-20T12:42:43.041113+00:00,2026-08-20T12:43:02.549721+00:00,8.825613185306252e-08,8.119564130481751e-08,-0.004,hard_stop,0,0.14072301025390624,6521.898830362507,1665.4138461855591,14,1,15,14.0,1063.267708373376,,1.8356677725529,1787229765000,10.493,502413.474297089,1248.477866,2011.63,1591.65,48,315791.0,1.264,85.3,0,mcap,-98.46,-98.46,take_profit,2.206403296326563e-07,1,0,live_lower,0
2026-08-20,7d3aaeda-0c9d-4cbf-be38-541405a64e28,AxMkwD6UyQ3oYU2GP9W4Fr5oUhvLqs5NUyUPufGSEf4c,2026-08-20T12:33:16.432936+00:00,2026-08-20T12:43:31.575707+00:00,1.6375442002027467e-07,2.109867181294868e-07,0.014421686,time_stop,1,0.10441875813802083,14229.494014813854,2615.455165415867,16,3,19,5.333333333333333,10002.542759943102,,96.4707683294972,1787229200000,10.45,14376.13916958979,115.022023619,30.05,0.02,20,2636.0,30.054,92.9,1,,-0.17,-0.17,time_stop,2.131537034496726e-07,1,1,live_lower,1
2026-08-20,262ac04b-6d10-475b-80ce-4464c2f73b83,Brood5oDeYPFAbfvR5uWog5kyQQLBfnReWtJGSLaGTaV,2026-08-20T12:36:27.408829+00:00,2026-08-20T12:43:31.823149+00:00,7.336578702925888e-08,1.617119405822757e-07,0.060209368,trailing_stop,1,0.15163485107421876,6355.399312984172,699.8778501287683,4,0,4,4.0,699.8778501287682,,100.0,1787229390000,12.455,6075.247248545229,8.167401,3.25,2.73,6,524.0,1.192,62.9,1,,5.84,6.74,trailing_stop,1.7636367049369667e-07,1,1,live_higher,1
2026-08-20,09695aaf-509c-401d-a8b4-991fb0c0c234,GZh8niwXEQ1LxRB1x2cgpEPKEavi6muLfHH5pQcagfy3,2026-08-20T12:43:38.289841+00:00,2026-08-20T12:44:02.007625+00:00,3.271984003172799e-08,3.010225282918975e-08,-0.004,hard_stop,0,0.09255164388020834,2857.453574136664,1247.6230692373033,7,3,10,2.3333333333333335,2824.906743436832,,100.0,1787229820000,9.615,2589.1324538266563,1.635090529,3.53,8.46,14,1051.0,0.417,56.5,0,mcap;pool;buy_sell,10.75,,hard_stop,3.010225282918975e-08,0,0,live_higher,1
2026-08-20,3327225e-8442-4d5c-ab1d-27e16fbf1417,7XrDAysbWvpV5Hg9o2KXsU2z9VGfAhrQM9ShrcE3pump,2026-08-20T12:43:40.017721+00:00,2026-08-20T12:44:02.277788+00:00,4.644791541949519e-08,4.273208218593557e-08,-0.004,hard_stop,0,0.12588497721354167,3710.9600094698367,890.3525799203676,6,3,9,2.0,3219.7774679675977,,100.0,1787229820000,11.779,2652.553743440549,9.042958872,12.52,14.31,31,2351.0,0.875,69.6,0,mcap,53.46,53.76,hard_stop,4.273208218593557e-08,0,0,live_higher,1
2026-08-20,fe3ff1e3-fedb-4bed-8d5b-7cff66c48eb9,AH3vLRYLKkfGmqxJVGUNHpuqP6YwGffv35kgq3CxVMR2,2026-08-20T12:43:43.582666+00:00,2026-08-20T12:44:31.797936+00:00,3.8953792784507304e-08,3.583748936174672e-08,-0.004,hard_stop,0,0.17213104248046876,3546.610525098851,1573.961864096112,9,4,13,2.25,3133.123922106328,,100.0,1787229825000,12.766,3537.9824817215685,6.048495422,10.02,7.97,18,1576.0,1.257,74.9,0,mcap,-3.51,4.75,no_exit_within_window,,0,0,live_lower,
2026-08-20,e51e2c63-ba81-49db-b7ab-5885530fd1b5,B4GbVTS1SBC1YEc6jixEFiSYUdbACnC16TTMaawvpump,2026-08-20T12:44:09.132613+00:00,2026-08-20T12:44:32.005534+00:00,5.1161626011406204e-08,4.706869593049371e-08,-0.004,hard_stop,0,0.13225679524739584,3564.1327240637925,998.6049317132201,6,6,12,1.0,3097.9082038769984,,5.6945691279698005,1787229850000,10.515,2760.0100477562305,8.44998241,14.62,15.78,37,2665.0,0.926,71.5,0,mcap,62.46,74.9,hard_stop,4.706869593049371e-08,0,0,live_higher,1
2026-08-20,e255df55-7a4a-445c-8810-449576b172b8,ACBMtAQzyPYzEXhreShCfZUHmEb4eCk6rcVjv79Wpump,2026-08-20T12:44:43.451168+00:00,2026-08-20T12:45:01.864141+00:00,8.799202068158148e-08,8.095265902705496e-08,-0.004,hard_stop,0,0.1475728474934896,8084.792804113635,2353.250576830868,16,5,21,3.2,4811.414868819069,,96.9230557422231,1787229885000,12.584,5203.809858946125,21.934076116,58.97,49.25,158,9484.0,1.197,83.9,1,,48.19,48.68,hard_stop,8.095265902705496e-08,0,1,live_higher,1
2026-08-20,a0d941be-d7ec-4d71-8d5e-c6ad19c98a88,DFX4aTHdgV46ZPjNGoDa2Vs1hBk6oa2riiMKAkwHpump,2026-08-20T12:45:01.735508+00:00,2026-08-20T12:46:01.837550+00:00,7.778978259908523e-08,7.156659999115842e-08,-0.004,hard_stop,0,0.12940191650390626,5910.738133542809,3045.925320318338,32,9,41,3.5555555555555554,4073.1962706361505,,16.4829240243082,1787229900000,5.883,8085.183986253646,24.494698965,50.76,29.22,128,7009.0,1.737,94.7,1,,-15.68,-15.49,hard_stop,7.156659999115842e-08,0,1,live_lower,1
2026-08-20,9ab135f2-dda8-4857-8174-0536258f8e2f,BdEyLvRcp9zgmZfzxXUgAC3QWBjLw9cyHUVgyXoVpump,2026-08-20T12:45:13.127070+00:00,2026-08-20T12:46:02.033872+00:00,4.9358941339170074e-08,4.541022603203647e-08,-0.004,hard_stop,0,0.11081855061848958,4171.20492089073,4294.220484599627,21,12,33,1.75,3424.633635633559,,100.0,1787229915000,9.045,4952.0330187739,13.136129106,42.93,30.86,86,6467.0,1.391,87.8,0,mcap,-12.65,-16.52,hard_stop,4.541022603203647e-08,0,0,live_lower,1
2026-08-20,8d92e319-9ee1-461e-81e8-f6e242149509,HhFWGFWPFi3sxAJmkAE2VswR1uC34pMzAGmSRWtbYw51,2026-08-20T12:37:27.436110+00:00,2026-08-20T12:47:31.974418+00:00,2.988834560793529e-08,2.8928680714474003e-08,-0.001605417,time_stop,0,0.120270654296875,3063.8592724376194,1031.9040126183245,3,2,5,1.5,2918.0535935946477,,100.0,1787229440000,0.875,2627.643197068624,10.283950615,6.35,10.28,9,1458.0,0.618,58.0,0,mcap,-0.31,0.2,no_exit_within_window,,0,0,live_lower,
2026-08-20,eceaff1e-834e-4f1a-a9d1-6e682d2b2155,jdyKTaSnqXzkufwfanA7JenGWDsL2HHddR7SNcZpump,2026-08-20T12:46:52.783831+00:00,2026-08-20T12:47:32.237207+00:00,5.419043848882264e-08,5.2926147721791044e-08,-0.001166526,trailing_stop,0,0.09274246826171875,4136.4167903190355,1327.430973429663,8,3,11,2.6666666666666665,3410.5882778458695,,81.18154716131559,1787230015000,7.99,8438.101088980236,27.417581784,53.44,30.73,99,7376.0,1.739,94.8,1,,-43.72,-43.41,hard_stop,4.985520340971683e-08,0,1,live_lower,1
2026-08-20,e28abf7c-30b0-402d-9b0e-bec976154118,3URMaR9zCbtvAZzZ5g4RcAkLDQ8DGf4hqV1H8TRxpump,2026-08-20T12:47:57.255289+00:00,2026-08-20T12:48:31.847434+00:00,9.20175080765412e-08,8.465610743041792e-08,-0.004,hard_stop,0,0.0960294921875,9142.84810489748,3357.2695997713463,23,8,31,2.875,4823.349283793976,,17.6989690673615,1787230075000,3.878,5495.990454941746,26.204980925,40.78,31.77,90,6358.0,1.283,85.7,1,,46.73,19.11,hard_stop,8.465610743041792e-08,0,1,live_higher,1
2026-08-20,b69f41b5-5a9a-4428-99b0-18f606456e6a,7PJ3mA7PWaRT85bvuCdmkQZkd38mDRqHDST9pgJkpump,2026-08-20T12:47:58.836223+00:00,2026-08-20T12:48:32.091446+00:00,3.2693793778287295e-08,3.0078290276024314e-08,-0.004,hard_stop,0,0.11269615885416667,2831.3904124997825,601.1150845135461,4,1,5,4.0,2855.4650081975756,,100.0,1787230080000,9.749,2954.681101051767,2.943111111,2.94,2.0,5,433.0,1.472,67.0,0,mcap;pool;volume,-3.03,3.28,no_exit_within_window,,0,0,live_lower,
2026-08-20,04f9aee9-e05e-4ff4-9d04-5dc5aa41bc33,G1okDYrL7GdvzbmvLFkT74nJkiPmmvsGv8N1NDCdpump,2026-08-20T12:48:02.069736+00:00,2026-08-20T12:48:32.382131+00:00,7.343152579449128e-08,1.8357881448622822e-07,0.075,take_profit,1,0.07955891927083333,5944.899805656717,1674.5945525799307,15,1,16,15.0,4117.186241429509,,99.99999999999999,1787230080000,3.296,14555.107065909953,43.116771425,69.68,29.53,86,8695.0,2.36,100.0,1,,-55.79,-56.38,take_profit,1.8357881448622822e-07,1,1,live_lower,1
2026-08-20,0e0ce031-8adb-49df-85bf-458a9a748f2e,5Weci7ZKx1GuSnmch9sdaW92DwNnXGWqWqPELz3Ypump,2026-08-20T12:48:24.508436+00:00,2026-08-20T12:49:01.957110+00:00,6.11774781002755e-08,5.6283279852253464e-08,-0.004,hard_stop,0,0.08521522216796874,4684.142350848204,1044.6592248549048,8,0,8,8.0,3644.910673595578,,100.0,1787230105000,6.683,7094.853976469147,23.328990611,22.81,6.7,42,2586.0,3.405,92.8,1,,-24.43,-22.72,no_exit_within_window,,0,1,live_lower,
2026-08-20,bedc15b9-785d-415f-9a85-afb9d179f26b,vkw7o6sEz8fK8bqBvNknUnFDAjZDHV8GnN8NRu2juDQ,2026-08-20T12:48:45.596656+00:00,2026-08-20T12:49:02.668480+00:00,5.196841387234855e-08,4.7810940762560665e-08,-0.004,hard_stop,0,0.16325428873697917,4500.497817873402,955.6441831973185,9,5,14,1.8,3530.8304703417607,,100.0,1787230125000,9.531,2486.5249938952647,8.23786795,11.29,15.02,39,2306.0,0.752,67.0,0,mcap,83.17,83.58,hard_stop,4.7810940762560665e-08,0,0,live_higher,1
2026-08-20,5979c176-5717-49e5-9c0b-3fea03bce177,AXCWD1NowVAf9HKGqDGUnixAAhRERsEZJcVceJDtpump,2026-08-20T12:48:44.686444+00:00,2026-08-20T12:49:31.877107+00:00,1.0664590091844603e-07,9.811422884497035e-08,-0.004,hard_stop,0,0.0965876220703125,5023.778193804353,1148.98316409711,6,0,6,6.0,3749.234612837783,,17.3244884234796,1787230125000,5.624,27246.196946488893,79.572346586,109.84,44.8,174,13552.0,2.452,100.0,1,,-65.7,-65.4,take_profit,2.6661475229611505e-07,1,1,live_lower,0
2026-08-20,2ded2b95-d867-4a2d-bd89-3359f24ade5f,DW8h4FBH6Xw518yEHL2NmzLXdrNcPvdTsLGwc7nhpump,2026-08-20T12:49:06.420391+00:00,2026-08-20T12:49:32.306903+00:00,5.8393138529885643e-08,5.37216874474948e-08,-0.004,hard_stop,0,0.07544677734375,4232.774254375426,855.5792081499568,10,0,10,10.0,3455.83065689063,,9.7545454545454,1787230145000,3.337,2498.5292709946843,8.020593453,16.02,18.72,54,3045.0,0.855,71.2,0,mcap,104.82,105.47,hard_stop,5.37216874474948e-08,0,0,live_higher,1
2026-08-20,69e1cd48-c719-447f-852f-00aa6143a144,5DzJtqweZWuBQzEzbAuWJZfCr6BvaG6FAaeaojJCpump,2026-08-20T12:49:08.196064+00:00,2026-08-20T12:49:32.506658+00:00,3.672086046017207e-08,3.378319162335831e-08,-0.004,hard_stop,0,0.14211344401041667,5030.7873249759205,1045.1964997102673,7,4,11,1.75,3785.2628959008807,,100.0,1787230145000,6.615,3168.5803259877985,7.276943798,16.37,14.25,24,2683.0,1.148,76.0,0,mcap,1.57,9.11,no_exit_within_window,,0,0,live_higher,
2026-08-20,afe2eaf9-4700-4abd-97f3-96490ece62c7,GoXjCJnVYKQ2YkSnKkwQ25fbCuNRnjYFALZRi5Tpump,2026-08-20T12:48:56.569960+00:00,2026-08-20T12:50:31.939728+00:00,2.87186698659757e-08,2.8668601400792378e-08,-8.7171e-05,early_exit_no_green,0,0.21871420084635418,2487.0109134975537,1359.5331893120992,6,7,13,0.8571428571428571,2668.70928917976,,100.0,1787230125000,2.356,2581.09656427533,7.300000001,5.44,7.45,12,1129.0,0.73,63.0,0,mcap,-2.49,2.72,trailing_stop,2.8862102156433396e-08,1,0,live_lower,0
2026-08-20,3ce9c213-e489-42f1-808d-736947b91b30,EHjBXTZs6gZFNhAPJbDmCgorGQ76aoNRmYdDdJJNpump,2026-08-20T12:49:40.484813+00:00,2026-08-20T12:51:31.780404+00:00,4.416945256263959e-08,4.4037864748410734e-08,-0.000148958,early_exit_no_green,0,0.1569901570638021,3823.6716806070303,727.6925167155256,4,0,4,4.0,3326.7408778185545,,100.0,1787230170000,-1.323,4014.6144268406288,8.4,4.4,0.0,3,386.0,4.4,74.9,0,age;mcap;volume;buy_sell,-3.58,27.65,hard_stop,4.063589635762843e-08,0,0,live_lower,1
2026-08-20,773dab80-6c35-4e6d-9089-3432c529a2c1,FnNCqTe2G7e6fH5QjCffgsFKUqXsHXSsgvTJhrrXpump,2026-08-20T12:50:26.429930+00:00,2026-08-20T12:51:32.336002+00:00,3.8088007235352534e-08,3.504096665652433e-08,-0.004,hard_stop,0,0.073157373046875,3161.2988355302978,1080.3189783524892,10,2,12,5.0,2975.6262221543575,,6.5943715347087,1787230225000,2.431,2849.958071627728,11.308402552,15.32,15.93,37,2740.0,0.962,72.5,0,mcap,17.13,8.3,hard_stop,3.504096665652433e-08,0,0,live_higher,1
2026-08-20,1d8982a0-b03f-4f64-bab9-98872be649d2,7Wgv15PJXeUB4hi8dC5sXuhLDU5uHNkCo4aGEnz1Jyug,2026-08-20T12:50:11.069432+00:00,2026-08-20T12:52:01.651817+00:00,2.97896138780545e-08,2.9737021971242306e-08,-8.8272e-05,early_exit_no_green,0,0.13962591959635418,4764.580478629862,2834.4006584783683,7,6,13,1.1666666666666667,3553.2206407134954,,100.0,1787230205000,3.155,2783.572252044877,3.280798115,11.84,21.87,17,2954.0,0.542,64.7,0,mcap;pool,-6.21,6.55,no_exit_within_window,,0,0,live_lower,
2026-08-20,d1a6c36d-b8c3-4356-9c11-536def693731,3oUXMyiwpKgKBzrEsBtooV9Kp1MZSKJJz69PMgAYpump,2026-08-20T12:52:08.116416+00:00,2026-08-20T12:52:31.858945+00:00,3.654760205457614e-08,3.3623793890210055e-08,-0.004,hard_stop,0,0.11295629069010417,3332.1661193650452,510.5257782358741,6,2,8,3.0,3028.84157092347,,91.4612263522695,1787230330000,8.672,2450.326189073998,2.593344701,3.44,5.42,14,776.0,0.635,60.0,0,mcap;pool,30.72,,hard_stop,3.3623793890210055e-08,0,0,live_higher,1
2026-08-20,ff2a819b-abf6-4c49-9ab3-55052fd4e901,B97Z5BLtAsX1m9SvSjaRD4L6NkDxMyFrM4UdQSyhpump,2026-08-20T12:52:09.559801+00:00,2026-08-20T12:52:32.132103+00:00,9.776244724186497e-08,8.994145146251578e-08,-0.004,hard_stop,0,0.12962295735677085,5888.858102028702,682.6980685320082,6,3,9,2.0,4098.034267993336,,26.443509877244303,1787230330000,9.48,16508.62672617163,51.913691734,77.21,34.28,121,9771.0,2.252,100.0,1,,-48.1,-47.55,hard_stop,8.994145146251578e-08,0,1,live_lower,1
2026-08-20,bd4c2cc3-fca2-41a5-b5f6-b8297d9afb5c,HusVBNE9SSUjVF6Toa7WVw6jg4ZYDuhWUuwjU9db61ZB,2026-08-20T12:53:28.418482+00:00,2026-08-20T12:54:01.712482+00:00,6.072670978758479e-08,5.586857300457801e-08,-0.004,hard_stop,0,0.1012709716796875,5356.462640936095,979.5473855239227,9,3,12,3.0,3907.6764085055383,,30.3858406935345,1787230410000,8.274,7689.145904777322,25.454913888,56.99,39.77,115,8480.0,1.433,88.7,1,,-30.78,-24.55,hard_stop,5.586857300457801e-08,0,1,live_lower,1
2026-08-20,ad8d3800-b193-4271-8698-d2b8def5c4f1,6tVES22u6SB5pFhfXdzibDePkb7jNpwqgpMVoitzpump,2026-08-20T12:54:15.347460+00:00,2026-08-20T12:54:31.810260+00:00,7.759280711849909e-08,7.138538254901917e-08,-0.004,hard_stop,0,0.08953924967447917,5176.356192533159,593.694584574682,6,2,8,3.0,3858.979337829297,,100.0,1787230455000,4.435,3534.3424877635125,18.987461205,27.11,26.08,72,4661.0,1.039,79.8,0,mcap,92.4,92.41,hard_stop,7.138538254901917e-08,0,0,live_higher,1
2026-08-20,8c656f71-026a-4eb9-a304-e8f704fdc4cc,FZFgdf6vktbmsd6wgJCXjHH7FoM3yhGGS2vpJYorpump,2026-08-20T12:54:48.444299+00:00,2026-08-20T12:55:01.979731+00:00,8.614560294935518e-08,7.925395471340677e-08,-0.004,hard_stop,0,0.08001470540364583,6543.236149124255,1719.5820180307933,7,1,8,7.0,4260.543667738117,,11.737131462754501,1787230490000,8.254,6137.393932780903,27.9558127,30.09,17.61,50,4181.0,1.708,91.7,1,,23.01,15.44,hard_stop,7.925395471340677e-08,0,1,live_higher,1
2026-08-20,6784b082-736e-4482-868e-2a451ab94536,9vC1Gyp8Z8jzc8XtW5jHT8DeLoZB4ej8V9VK1g13gtpG,2026-08-20T12:55:04.823390+00:00,2026-08-20T12:57:02.145976+00:00,2.866180757260262e-08,2.8299974804669792e-08,-0.000631211,early_exit_no_green,0,0.1567598429361979,2492.2668028078942,4629.097120531639,30,30,60,1.0,2620.823922342739,,100.0,1787230505000,10.606,2480.5427803285183,0.184408161,22.8,26.57,61,4327.0,0.858,75.1,0,mcap;pool,1.26,2.51,no_exit_within_window,,0,0,live_higher,
2026-08-20,3d5449ef-4af5-41e2-8409-88fecc690ae8,Byy2XzUVgKKKR5ddW6JErsaDanaLf3ih4xYhNHBrpump,2026-08-20T12:55:18.949489+00:00,2026-08-20T12:57:02.681130+00:00,2.8700331521763655e-08,2.867586580775142e-08,-4.2623e-05,early_exit_no_green,0,0.15200574544270834,2494.963675344593,739.3879724147096,9,7,16,1.2857142857142858,2642.225065698101,,100.0,1787230525000,18.758,2515.433913410039,0.39595269,1.45,4.06,16,483.0,0.358,53.6,0,mcap;pool;volume;buy_sell,-0.01,0.0,no_exit_within_window,,0,0,live_lower,
2026-08-20,734265d9-c5ef-41b6-955e-cb45e0807281,5NnXEDEHyP9AQHjxL9mgX1QqRTDSGuBkYD4Vf87Upump,2026-08-20T12:56:31.906912+00:00,2026-08-20T12:57:03.850989+00:00,3.9404675799471134e-08,3.625230173551344e-08,-0.004,hard_stop,0,0.10703121337890625,3641.154959972673,603.4282558122414,6,1,7,6.0,3185.822216855994,,96.08324307507789,1787230590000,5.676,2531.649057609174,0.493765436,4.29,6.79,13,971.0,0.631,60.5,0,mcap;pool,36.41,37.3,hard_stop,3.625230173551344e-08,0,0,live_higher,1
2026-08-20,dda7a5fd-ac95-4a63-8d32-b9893bad3800,8pB9RkwhyADd3x2aMV1VfaxHJ9A6YP2SRFu5xwrqQf13,2026-08-20T12:58:02.769960+00:00,2026-08-20T12:58:31.931427+00:00,3.962017614554608e-08,3.64505620539024e-08,-0.004,hard_stop,0,0.15967652994791667,4132.329836084868,1249.4158772412488,8,9,17,0.8888888888888888,3403.5788089194157,,100.0,1787230685000,11.546,2610.2739724421417,2.069874706,17.23,17.74,55,3065.0,0.971,73.6,0,mcap;pool,33.02,41.71,hard_stop,3.64505620539024e-08,0,0,live_higher,1
2026-08-20,960f007e-4b50-4208-a23f-4a875b650e33,J199HHXeuF3BWHp496GKKUdHSpu5P1QS6rXHFJqpump,2026-08-20T12:58:36.249185+00:00,2026-08-20T12:59:02.105821+00:00,4.145717986435174e-08,3.81406054752036e-08,-0.004,hard_stop,0,0.15642187093098958,3304.5191419029,2542.151189867823,12,14,26,0.8571428571428571,3041.5506160217656,,98.31618587988271,1787230715000,9.299,2566.1712020801224,6.939955895,16.84,19.14,40,3154.0,0.88,72.1,0,mcap,41.58,41.71,hard_stop,3.81406054752036e-08,0,0,live_higher,1
2026-08-20,b75f59bf-c5c8-46ff-98fd-c76407f07e25,XLgr6ugNLP4nq2uZ9zgqWcuU4iAcWuQVKtGHwcKpump,2026-08-20T12:58:46.767286+00:00,2026-08-20T12:59:02.649731+00:00,3.5125840032758644e-08,3.231577283013795e-08,-0.004,hard_stop,0,0.12867998453776042,3054.8040731632223,1829.3115557101614,10,10,20,1.0,2843.7959034050623,,9.545130681805599,,,,,,,,,,,,,,,,,,,,
2026-08-20,7b01b0de-9cec-482d-94e9-e44b27ed97d5,DENCEDmBELFRmT1CWWApz36wiDUV7cqmySj8a433pump,2026-08-20T12:55:53.859076+00:00,2026-08-20T13:00:02.092258+00:00,2.8312809922938662e-08,2.8034219434285854e-08,-0.000491987,trailing_stop,0,0.08125030517578125,3671.0181628515043,1047.128614723347,10,4,14,2.5,3187.7457322525975,,4.8272275690008,1787230555000,6.435,2567.5652089033406,0.719290129,7.58,9.37,26,1485.0,0.809,65.6,0,mcap;pool,-3.36,-3.42,no_exit_within_window,,0,0,live_lower,
2026-08-20,f4d04531-3eb8-4286-82f0-3fb9d461eae6,Fed3B2zjWwhCmpG489N4SvTCy4jPRgu8tyZMxFowpump,2026-08-20T12:58:37.730027+00:00,2026-08-20T13:00:31.755143+00:00,1.159465288845776e-07,1.86699470189951e-07,0.030511022,trailing_stop,1,0.15642187093098958,10072.83574127406,823.8096306474732,10,4,14,2.5,5316.500662219722,,99.99952,1787230720000,14.046,13387.448277797746,40.589152357,40.67,0.94,38,3647.0,40.669,95.9,1,,-24.1,-11.51,trailing_stop,1.4969990086994284e-07,1,1,live_lower,1
2026-08-20,59f10166-a41f-4007-8f0e-2466b3b74746,3yGUkot4TnoYbNsvoGcwBx162eZwxDq6X7mACJZfpump,2026-08-20T13:00:32.112571+00:00,2026-08-20T13:01:02.066777+00:00,5.7459850484134014e-08,5.28630624454033e-08,-0.004,hard_stop,0,0.10302628580729167,4563.611900273231,1141.6509463288712,3,0,3,3.0,3751.683655410533,,15.328571428571399,1787230830000,4.169,6648.12964595566,19.415027794,20.28,5.87,25,2292.0,3.457,91.9,1,,-24.25,-17.59,no_exit_within_window,,0,1,live_lower,
2026-08-20,79eec034-c54b-43a7-a27e-4f062a04bcaa,7gFjowGgm2C94GuSaWrSSrHuJigEgP2fezwitwq3pump,2026-08-20T13:00:48.698415+00:00,2026-08-20T13:01:02.677081+00:00,3.9442233152129726e-08,3.628685449995935e-08,-0.004,hard_stop,0,0.09637815755208333,3777.706614608008,758.4564147319053,6,1,7,6.0,3214.411168105641,,3.6970580439968,1787230850000,8.235,2620.3615371337714,7.517315403,11.95,13.93,31,2269.0,0.858,69.0,0,mcap,31.92,31.97,hard_stop,3.628685449995935e-08,0,0,live_higher,1
2026-08-20,41f6e4f4-4f4a-4c64-a56f-2906fcba2050,GswL68DggpXtsaiF2N7diZ8RFGJZKr5sh6NxX839pump,2026-08-20T13:01:20.371375+00:00,2026-08-20T13:02:03.074817+00:00,4.1347937662778417e-08,6.65256257161116e-08,0.030446123,trailing_stop,1,0.1456092529296875,2939.3162402557286,650.5966447137471,5,6,11,0.8333333333333334,2863.8069561986504,,100.0,1787230880000,9.224,6092.184450936871,17.303777795,22.16,7.82,44,2627.0,2.835,92.9,1,,-40.52,-40.87,trailing_stop,6.812346830121101e-08,1,1,live_lower,1
2026-08-20,f5c7c2f5-f8db-4264-bcfe-316e2137c981,8kiccDEvGh1i8YJ6YwLKCAVWhQBbHhWYSySTLE68pump,2026-08-20T13:01:30.296797+00:00,2026-08-20T13:02:03.446167+00:00,4.129333734952325e-08,3.798987036156139e-08,-0.004,hard_stop,0,0.13859308675130208,3950.523251127985,759.5353785826672,8,0,8,8.0,3369.4093173525403,,13.9852891198246,1787230890000,7.665,2643.6797595979947,3.728942157,6.26,7.57,17,1212.0,0.827,65.2,0,mcap;pool,36.89,42.72,hard_stop,3.798987036156139e-08,0,0,live_higher,1
2026-08-20,1ae897c6-0852-47c1-84ad-1bfc234ad60a,ETosEjwKhgn73xH1NKoxA7va71kS7RqDvErdrQ8hpump,2026-08-20T13:00:43.626174+00:00,2026-08-20T13:02:32.394816+00:00,4.4526663177594e-08,4.5286587147725e-08,0.000853336,trailing_stop,1,0.1630616455078125,3794.4435588829674,2371.882664574112,16,4,20,4.0,3313.519396749248,,100.0,1787230845000,12.329,3854.5121699411197,10.861666002,18.84,14.21,35,2896.0,1.326,80.2,0,mcap,1.24,-2.61,hard_stop,4.096453012338648e-08,0,0,live_higher,0
2026-08-20,da9e617c-5e5d-4cea-bda2-85c95dfa288a,6RvLgWmWMxKSAKLDPovgCYrefHmk6pHhzTDEV29fpump,2026-08-20T13:02:25.980675+00:00,2026-08-20T13:02:33.049203+00:00,3.275844400680786e-08,3.013776848626323e-08,-0.004,hard_stop,0,0.10351016845703125,3006.2000707543416,837.5585380187065,5,2,7,2.5,2829.476606713042,,99.99999999999999,1787230945000,7.202,2515.2758626690074,1.286290022,3.47,6.07,13,836.0,0.571,58.9,0,mcap;pool,14.14,17.17,hard_stop,3.013776848626323e-08,0,0,live_higher,1
2026-08-20,6000bd26-e473-484f-b202-4753afe7794b,FmcaWghu899Pu1hRkU2UtXCqTGSv34MFg5qpGXBppump,2026-08-20T13:02:35.247848+00:00,2026-08-20T13:03:02.273841+00:00,1.1877307694664902e-07,1.0927123079091711e-07,-0.004,hard_stop,0,0.1193028076171875,14256.020545948557,4333.6564447142855,35,5,40,7.0,6362.231223223927,,96.9515775487485,1787230955000,7.611,3465.7705373140784,23.971231205,54.55,56.26,166,9711.0,0.97,79.4,0,mcap,200.35,242.51,hard_stop,1.0927123079091711e-07,0,0,live_higher,1
2026-08-20,ad3f195f-5b2b-4213-bdaf-4add6db3a19a,437oVFJ1XGs2hE9XkckdpybFkDhRLTTuBZf8L94kqRvr,2026-08-20T13:02:45.307431+00:00,2026-08-20T13:03:02.480446+00:00,8.116421312940874e-08,7.467107607905605e-08,-0.004,hard_stop,0,0.14059815673828124,6976.510567624407,4783.612495890324,14,9,23,1.5555555555555556,4340.2185556519225,,100.0,1787230965000,9.066,3053.948141852729,5.972463164,38.81,47.32,45,7548.0,0.82,76.4,0,mcap,132.92,133.16,hard_stop,7.467107607905605e-08,0,0,live_higher,1
2026-08-20,403c6e72-ccdd-4540-a226-a566b6b4902b,mPVFa5mNPf3JdwxfPmkqWP4Uhp1EwsF2uXfrJ6Jpump,2026-08-20T13:02:32.106434+00:00,2026-08-20T13:04:02.481413+00:00,3.1044037062058264e-08,2.9604021636417783e-08,-0.002319311,early_exit_no_green,0,0.1330202433268229,2721.3451382546427,731.2372090198119,10,2,12,5.0,2764.9404556863215,,100.0,1787230950000,8.651,2636.2447817452417,1.646665708,3.53,4.22,17,679.0,0.838,63.8,0,mcap;pool,3.2,3.97,no_exit_within_window,,0,0,live_higher,
2026-08-20,8a10e5f3-3817-44f4-bdd1-c98faa379fef,94Yzap6fVhF3uXQ2ErLUzh9s3GHizos4gVtEWcTiq6z1,2026-08-20T13:03:06.191496+00:00,2026-08-20T13:04:32.235132+00:00,4.5765204091358873e-07,4.382939105073098e-07,-0.00211494,trailing_stop,0,0.12723876139322918,39855.252199705195,766.4289146105965,4,0,4,4.0,766.4289146105965,,100.0,1787230985000,7.073,40195.54283542922,8.836018419,8.84,0.0,8,774.0,8.837,63.9,1,,-0.22,-0.57,trailing_stop,4.798263166687478e-07,1,1,live_lower,0
2026-08-20,2c1dc92a-b1d9-4085-805e-8077751dfe23,CxNTCa4KtzrTQ2SDgcQJzp9KvmMhEA1mv153hkyTcTzi,2026-08-20T13:04:43.199707+00:00,2026-08-20T13:05:02.523770+00:00,8.512395695622743e-08,7.831404039972924e-08,-0.004,hard_stop,0,0.15532644449869792,7417.400382989788,2259.0473158517416,19,5,24,3.8,4601.725873791658,,100.0,1787231080000,6.245,2698.3092088334133,20.759400711,26.55,30.99,46,5043.0,0.857,77.1,0,mcap,176.48,204.46,hard_stop,7.831404039972924e-08,0,0,live_higher,1
2026-08-20,9b433216-2664-4d91-b32b-9b43aa569301,C64i1XoPkeQs5xsqYx594DV6F6brr3AhonWVFpq1pump,2026-08-20T13:03:39.658158+00:00,2026-08-20T13:05:31.993848+00:00,2.867212256781471e-08,2.794739258181929e-08,-0.001263823,early_exit_no_green,0,0.15237486165364583,2497.8177817911096,1319.1472865580135,11,9,20,1.2222222222222223,2636.5387343735097,,100.0,1787231020000,11.071,2450.326189319031,1.3e-08,6.74,7.73,21,1269.0,0.872,66.3,0,mcap;pool,2.55,-5.62,no_exit_within_window,,0,0,live_higher,
2026-08-20,b6b9ee89-6400-4cbf-9be8-8175b4e12424,6GYr8m3VYQM6ukUL96vYk17QnnXi4RKGDFwRcCb1pump,2026-08-20T13:05:26.856996+00:00,2026-08-20T13:05:32.449095+00:00,6.940484633541224e-08,6.385245862857926e-08,-0.004,hard_stop,0,0.09780948079427083,3983.723080125894,749.1235931678468,7,1,8,7.0,3336.2055593020073,,3.3751731877557,1787231125000,3.894,5228.05709665379,18.272797586,18.39,7.53,26,2272.0,2.441,91.8,1,,16.35,22.99,hard_stop,6.385245862857926e-08,0,1,live_higher,1
2026-08-20,71a12ab7-a4fc-4185-89ae-86afb4795f5d,Dko1mByzxmESDbDFdgqY13YGx5HVEbT13zEPCNn9pump,2026-08-20T13:04:04.284146+00:00,2026-08-20T13:06:02.081039+00:00,2.8595077904960495e-08,2.7998247890959662e-08,-0.001043589,early_exit_no_green,0,0.08839016520182291,3688.7833757776793,707.0146784471403,9,1,10,9.0,3180.3264512351134,,88.0291699594313,,,,,,,,,,,,,,,,,,,,
2026-08-20,6d7a6b4d-e1be-4193-bf8c-109764b984a6,27KK5hLtayuouLPtnUQVk8myc6aZ8HPo6v3SBPf8pump,2026-08-20T13:05:59.790774+00:00,2026-08-20T13:06:32.224759+00:00,5.287003697950688e-08,4.864043402114633e-08,-0.004,hard_stop,0,0.1326508544921875,4821.353841315516,1125.692602725373,9,5,14,1.8,3669.5594495943396,,76.09378238341979,1787231160000,9.537,4522.806295129359,10.758040636,16.79,11.03,30,2438.0,1.522,82.8,0,mcap,2.45,-2.33,trailing_stop,1.2034414063801535e-07,1,0,live_higher,0
2026-08-20,80af9eb8-5d61-41a1-87e6-a17990dff11a,VxeWKNM7UviuxAsn5YtxhFTTiL8XjDG31o9eoSnSaxm,2026-08-20T13:06:09.153884+00:00,2026-08-20T13:06:32.865468+00:00,3.294588389110494e-08,3.031021317981655e-08,-0.004,hard_stop,0,0.163760986328125,2871.2886663501818,2043.7574248669448,6,4,10,1.5,2830.2654422042374,,95.77519697369931,1787231165000,5.152,2559.4662714699457,2.46867261,7.51,12.77,13,1777.0,0.588,62.1,0,mcap;pool,12.81,16.13,hard_stop,3.031021317981655e-08,0,0,live_higher,1
2026-08-20,97412038-9ae6-4399-a931-8674d7367020,5C3VPtFSr51jjim4o5RsDJQygVLKUgL2p7RWko1Vpump,2026-08-20T13:06:05.865702+00:00,2026-08-20T13:06:37.225108+00:00,4.3315307722490685e-08,3.985008310469143e-08,-0.004,hard_stop,0,0.14762705078125,5535.261989067509,3721.7001877050825,18,5,23,3.6,3938.006447852089,,96.80197788559701,1787231170000,14.694,4208.506962551545,9.316362355,31.92,23.46,37,4853.0,1.36,86.8,0,mcap,-9.8,-7.36,hard_stop,3.985008310469143e-08,0,0,live_lower,1
2026-08-20,b0f11eab-c6f2-4fab-b176-a68c76ab0a3e,4n9ZvXLQXpCWx7e6suvzx7nmRggaAzz5Whv8AjgApump,2026-08-20T13:06:35.203595+00:00,2026-08-20T13:07:36.955973+00:00,5.4885046535696425e-08,5.0494242812840715e-08,-0.004,hard_stop,0,0.065617919921875,4183.795403915708,850.9572263621317,13,1,14,13.0,3439.339161473955,,100.0,1787231195000,3.587,3657.8733060739646,12.481203647,19.96,15.28,55,3088.0,1.306,80.4,0,mcap,31.5,31.15,hard_stop,5.0494242812840715e-08,0,0,live_higher,1
2026-08-20,1122fa12-c32b-4922-93c8-72a381eba999,26rW5mQm9MGEx7GzuyfVX8DJL2qcWfQbRqFWfKZFpump,2026-08-20T13:06:38.421338+00:00,2026-08-20T13:08:37.658720+00:00,2.868692344068227e-08,2.8677491175810053e-08,-1.644e-05,early_exit_no_green,0,0.18841578776041668,2504.942623388483,1449.668600438832,11,9,20,1.2222222222222223,2649.557752153584,,100.0,1787231190000,3.422,2515.1011717339284,0.434986569,6.51,8.12,20,1282.0,0.802,64.9,0,mcap;pool,-0.04,2.6,no_exit_within_window,,0,0,live_lower,
2026-08-20,826d2187-0c34-4ea1-ae78-6a9c93c61393,46faNFvwgY7LVup5w4yMCNd3Hza6RJpLvzABzy3Gpump,2026-08-20T13:08:49.038920+00:00,2026-08-20T13:09:08.239924+00:00,3.2804044331067123e-08,3.017972078458176e-08,-0.004,hard_stop,0,0.14128863118489585,3175.487782381509,1425.6733424823951,10,7,17,1.4285714285714286,2987.0867602149638,,100.0,1787231330000,10.282,2845.9052228551027,3.769905912,15.16,15.3,39,2669.0,0.991,72.8,0,mcap;pool,1.02,0.99,hard_stop,3.017972078458176e-08,0,0,live_higher,1
2026-08-20,d11ec0dd-9cc5-4180-a645-7e8413f5b7d6,FG9RtrucQTNQsiftQnSwXkCpyfpnKiYkLiDexQukTMwW,2026-08-20T13:06:36.383588+00:00,2026-08-20T13:09:37.197779+00:00,3.385401475214825e-07,3.5291096799395146e-07,0.002122469,trailing_stop,1,0.13228458658854167,29470.86238110839,726.9826388985043,9,3,12,3.0,719.7587404048928,,99.99999999999999,1787231190000,2.474,29712.022847775923,8.282177239,8.32,0.04,15,733.0,8.325,72.0,1,,-0.14,-0.65,trailing_stop,6.669289585755725e-07,1,1,live_lower,1
2026-08-20,3bfd5730-9eea-4ba1-9366-62ca365ce809,HGtRpz9XGN53LZtn78UzUu9HbaS82eSxE8iaZcqLrLJx,2026-08-20T13:07:39.298926+00:00,2026-08-20T13:10:07.399274+00:00,3.3839422128205616e-07,8.459855532051404e-07,0.075,take_profit,1,0.15117679036458334,29376.187824834386,718.613756036416,3,0,3,3.0,719.0321865283788,,100.0,1787231255000,4.423,29697.941758606263,8.279732045,8.28,0.0,9,726.0,8.28,68.1,1,,-0.14,-1.06,trailing_stop,4.785109676499949e-07,1,1,live_lower,1
2026-08-20,5f21bc6b-fd35-496e-aa1f-f90c1c3335e0,7GVqnRzpitdtFEy8FiAtx8rUuC2ooBjDmrPECnUNSZ5t,2026-08-20T13:09:20.904437+00:00,2026-08-20T13:10:07.710620+00:00,4.633151001836273e-08,4.262498921689372e-08,-0.004,hard_stop,0,0.09596527506510416,4240.417246677292,833.5322025262112,4,0,4,4.0,3451.3949009654098,,78.0762279063378,1787231365000,9.539,3830.944604740883,7.511408537,3.63,2.04,7,497.0,1.777,75.8,0,mcap;volume,5.99,53.63,hard_stop,4.262498921689372e-08,0,0,live_higher,1
2026-08-20,24f8b0f1-ccf9-4de7-827f-014b6a71d6ae,Aes3eEbPMvcJHNkiZc1DfF5faPvr2sNcR5CEmXmpump,2026-08-20T13:09:38.233752+00:00,2026-08-20T13:10:08.056563+00:00,3.747010785810615e-08,3.447249922945766e-08,-0.004,hard_stop,0,0.13145951334635417,4168.400752143571,1455.1379373327136,8,7,15,1.1428571428571428,3434.7300807882925,,100.0,1787231380000,11.356,2450.3262696994293,5.11e-07,22.2,25.16,52,4151.0,0.882,75.1,0,mcap;pool,34.02,27.23,hard_stop,3.447249922945766e-08,0,0,live_higher,1
2026-08-20,42d20819-11b8-4b1d-ab4b-aba241936a1a,4JNeqT5r2PVBC1boHT1e5BKqFmrEzn7q1zi2PkYNpump,2026-08-20T13:00:16.963169+00:00,2026-08-20T13:10:36.742034+00:00,2.8644100081791017e-08,2.827182244527422e-08,-0.000649833,time_stop,0,0.12971116536458333,2511.2386247575128,624.4148764646145,6,3,9,2.0,2644.6634720699694,,9.7545454545454,1787230815000,6.638,2516.843365854464,0.404467254,1.18,3.78,11,435.0,0.313,51.3,0,mcap;pool;volume;buy_sell,-0.26,-0.19,no_exit_within_window,,0,0,live_lower,
2026-08-20,9b325f6d-4d2e-4b02-a571-aeeee8a87356,GDwfSoHWVtzXvkbGPotSMWbZJa3oZ43DpqhxfN1nZcLG,2026-08-20T13:10:40.619845+00:00,2026-08-20T13:11:06.750891+00:00,3.683398066499958e-08,3.388726221179962e-08,-0.004,hard_stop,0,0.11855548909505208,2846.4292160638993,2384.703710455551,17,19,36,0.8947368421052632,2773.5199050994715,,100.0,1787231440000,6.773,3865.363748733702,7.679444265,23.7,19.97,61,3827.0,1.187,80.2,0,mcap,-16.49,-20.66,no_exit_within_window,,0,0,live_lower,
2026-08-20,17c45f93-636f-46e9-9572-ba2af02244e6,4YqcUheCbq6qe2p8C3buTzhcNFqVE1AJ5E5WBxXDpump,2026-08-20T13:10:41.402793+00:00,2026-08-20T13:11:06.981615+00:00,9.068294591398487e-08,8.342831024086608e-08,-0.004,hard_stop,0,0.11855548909505208,6340.811993623709,1220.05016944803,30,2,32,15.0,4223.080268412359,,93.77295562723201,1787231440000,6.928,8090.122744228,26.578909481,31.76,8.23,126,3505.0,3.858,95.5,1,,-1.76,-1.91,no_exit_within_window,,0,1,live_lower,
2026-08-20,c7a3574d-7ffa-4dae-9971-2adbff4a2014,ETDWyCq1EW4b7nkfSdaNmjRk6NPRtAZpzJwfUN6epump,2026-08-20T13:10:42.233899+00:00,2026-08-20T13:11:36.790504+00:00,4.052825970024567e-08,3.728599892422602e-08,-0.004,hard_stop,0,0.15188882242838542,3532.4372019541743,539.4227409205015,5,1,6,5.0,3147.5346201653483,,100.0,1787231430000,-0.691,3542.99927161064,6.128363475,3.26,0.05,5,291.0,3.264,77.1,0,age;mcap;volume,0.25,0.31,no_exit_within_window,,0,0,live_higher,
2026-08-20,9cf68ebc-09ff-4d1a-86b1-378aa6e3677c,6HgtjTUcXjQMgADRCXiaibRmisXwpLLZnebRNnWjpump,2026-08-20T13:11:23.680426+00:00,2026-08-20T13:11:37.202365+00:00,4.900269779474783e-08,4.5082481971168005e-08,-0.004,hard_stop,0,0.11435524495442709,5309.620828183521,915.958866702453,7,4,11,1.75,3777.9818918842466,,100.0,1787231485000,9.265,3115.804352574743,3.829407683,13.0,13.08,29,2286.0,0.995,71.7,0,mcap;pool,37.83,38.6,hard_stop,4.5082481971168005e-08,0,0,live_higher,1
2026-08-20,ad3529c4-a700-4dc0-b7d4-bf53862d9f27,AB3tyz7y4sFDPA9o6u1K7mMTJqNMg1GQzqJHdcAVpump,2026-08-20T13:10:46.446727+00:00,2026-08-20T13:12:06.705546+00:00,3.7254547960109056e-08,3.4274184123300335e-08,-0.004,hard_stop,0,0.13578301595052084,3398.9918697991225,547.8324227672425,9,1,10,9.0,3064.7778683890697,,100.0,1787231445000,8.045,4007.870062313545,8.367731347,7.0,1.28,18,725.0,5.474,87.2,0,mcap,-18.54,-22.47,no_exit_within_window,,0,0,live_lower,
2026-08-20,0d9c6fc5-c81a-4dd5-8b73-881dee7343c3,A7EShAUusSsEZc174B9cxA8m1iY1bxVinqqkzrNUpump,2026-08-20T13:11:50.740782+00:00,2026-08-20T13:12:07.088339+00:00,5.752427321766348e-08,5.2922331360250404e-08,-0.004,hard_stop,0,0.1088115234375,4588.792391406524,2995.216589972773,29,4,33,7.25,3592.689964250063,,2.1888982785389004,1787231510000,5.931,3849.136064616688,14.907188292,26.33,21.73,56,4213.0,1.212,81.9,0,mcap,30.98,27.96,hard_stop,5.2922331360250404e-08,0,0,live_higher,1
2026-08-20,3aa0d641-5c0f-4bb1-a7bb-7270f6dcaaed,5SH1skpCVeLhVEToo4UxPbXsNzYysme3gzVT1a8Mpump,2026-08-20T13:11:51.704038+00:00,2026-08-20T13:12:16.851352+00:00,3.4958252508558226e-08,3.216159230787357e-08,-0.004,hard_stop,0,0.12547819010416666,3378.5941097700866,739.3785545954997,5,2,7,2.5,2851.1844717060903,,95.46578069969189,1787231510000,7.493,3608.050444417066,9.81735318,12.07,8.67,20,1817.0,1.393,78.3,0,mcap,-15.09,-10.68,no_exit_within_window,,0,0,live_lower,
2026-08-20,8a12767a-7321-42e7-90b2-2aa9e4c961fd,E8XWUHAVL3zQL7Uvq82bD3EFEHqBsj6TqPR5u3MRpump,2026-08-20T13:12:43.568438+00:00,2026-08-20T13:13:17.164677+00:00,5.190053886508777e-08,4.7748495755880755e-08,-0.004,hard_stop,0,0.07923961181640625,4636.858089289121,1004.3346795693676,7,0,7,7.0,3621.4926846029844,,96.5398242465003,1787231565000,5.52,6123.118548935305,27.598555746,35.53,23.04,77,5133.0,1.542,90.8,1,,-25.71,-30.78,no_exit_within_window,,0,1,live_lower,
2026-08-20,4ca97ef4-688a-42d4-9ffb-6de989eba96c,D6uYfyRapEYZ8yEdAaQkPRVeCg2MssGwf9vTjqGipump,2026-08-20T13:12:12.285093+00:00,2026-08-20T13:13:46.831392+00:00,2.8076041518917906e-08,2.8045866256162952e-08,-5.3738e-05,early_exit_no_green,0,0.08469609781901041,2445.481748593069,868.5091428295633,2,1,3,2.0,2624.099915789346,,99.99999999999999,1787231525000,-2.118,2463.342953822595,0.07957833,0.08,9.88,3,873.0,0.008,36.5,0,age;mcap;pool;buy_sell;score,-0.11,-0.11,no_exit_within_window,,0,0,live_lower,
2026-08-20,e31ffcbb-6f50-4048-93dc-230afeea3e36,DygZyzGd2xtdq5R3c9KVyiLreNcUeySSVeutXYQE1Xqk,2026-08-20T13:13:17.836885+00:00,2026-08-20T13:13:47.191684+00:00,7.417905611376814e-08,6.82447316246667e-08,-0.004,hard_stop,0,0.12172052001953125,5470.324396198772,714.6763934273926,6,1,7,6.0,3964.558523763407,,100.0,1787231600000,10.597,4087.2076602674642,11.26995524,20.39,17.57,38,3327.0,1.16,78.2,0,mcap,59.06,72.75,hard_stop,6.82447316246667e-08,0,0,live_higher,1
2026-08-20,12833ec8-666b-4106-a8ce-07fadf2d9807,RPua3K3fAmusdwAfhqNLKi6VdG3PZaux9qWCTxQpump,2026-08-20T13:11:24.525610+00:00,2026-08-20T13:14:46.765717+00:00,2.8711450708124877e-08,2.8604534836337526e-08,-0.00018619,trailing_stop,0,0.13102191162109375,3158.3054012691714,3659.958819395573,49,49,98,1.0,2977.7917347435655,,100.0,1787231485000,9.473,2581.737398955441,0.79394553,23.21,23.04,73,4054.0,1.008,77.3,0,mcap;pool,-2.54,-2.5,trailing_stop,2.8869268039437842e-08,1,0,live_lower,0
2026-08-20,711d8d15-8356-427d-b1e4-22d4a1819e32,9cALBmdkyM818jqixwRJDQW8V7ujL5hJ1y17phGpump,2026-08-20T13:14:33.218630+00:00,2026-08-20T13:15:17.007842+00:00,4.5781398627554944e-08,4.211888673735055e-08,-0.004,hard_stop,0,0.16581204833984375,3340.0738317217697,890.1936348434388,13,5,18,2.6,3063.1683102933243,,99.99999999999999,1787231675000,14.313,4912.463510829088,12.477502386,14.69,3.69,55,1610.0,3.98,89.8,0,mcap,-18.32,-18.51,no_exit_within_window,,0,0,live_lower,
2026-08-20,fbbe0762-8cbc-45b1-ac84-ad5f0d35544f,7g7cBrDs6b13mEZUPfYSxqShoh1TyUqN3CiAcsDUC1Bg,2026-08-20T13:15:20.504107+00:00,2026-08-20T13:15:46.966710+00:00,3.3906930879306473e-07,3.1194376408961955e-07,-0.004,hard_stop,0,0.12350830891927084,29565.92579186406,722.714060074732,8,1,9,8.0,722.6166836826959,,100.0,1787231725000,13.353,30100.420990106843,8.395174014,8.41,0.05,13,742.0,8.413,72.0,1,,-1.28,-0.94,no_exit_within_window,,0,1,live_lower,
2026-08-20,a6937040-5ffc-408c-8392-464986857ae7,Cm7Yu7KxykVTvj5NGQrQXZ59cgDKfRtNy5jJ1tCVpump,2026-08-20T13:14:32.067509+00:00,2026-08-20T13:16:16.894489+00:00,2.8879185881524764e-08,2.7954897180150334e-08,-0.001600268,early_exit_no_green,0,0.1491453816731771,2517.887346448989,1671.1955253747897,9,9,18,1.0,2615.04756577491,,100.0,1787231665000,2.863,2451.279805477901,5.608220014,6.59,9.59,17,1418.0,0.688,63.0,0,mcap,3.25,3.29,no_exit_within_window,,0,0,live_higher,
2026-08-20,4966ebcd-8a6e-4a2e-ac54-40116fef8edd,2iMqaGFzhr91miZmcoyoTTzZGhcNgQJwdtBYmxUfpump,2026-08-20T13:15:57.796927+00:00,2026-08-20T13:16:17.061585+00:00,5.880104952264372e-08,5.4096965560832224e-08,-0.004,hard_stop,0,0.12720498046875,5021.184844863068,1335.767974477645,9,10,19,0.9,3794.2727591001694,,100.0,1787231760000,10.027,8077.265311016407,25.343462789,30.39,12.92,60,3795.0,2.352,96.4,1,,-36.2,-35.3,hard_stop,5.4096965560832224e-08,0,1,live_lower,1
2026-08-20,f50b1979-18a8-4e7b-b976-8dd7b3fb135d,EffhnRX9F7FpjxphZEP1ZJXgsyXqAw69nsJFy658pump,2026-08-20T13:17:06.466373+00:00,2026-08-20T13:18:47.516584+00:00,2.830039915435688e-08,2.803506930373262e-08,-0.000468774,early_exit_no_green,0,0.07748720703125,2476.8135802719107,2088.067266322886,9,8,17,1.125,2640.3841503862395,,21.410344781621998,1787231820000,-1.782,2463.081288964815,11.834037489,7.11,12.03,17,1678.0,0.591,61.9,0,age;mcap,0.7,1.22,no_exit_within_window,,0,0,live_higher,
2026-08-20,e71df620-8d85-4928-9f72-134c3e04db06,FNZ3kuf12TLEVFyrwubjWT2CatzE6NMhpPXh7A2Upump,2026-08-20T13:17:33.612396+00:00,2026-08-20T13:19:17.123119+00:00,2.8746769452302582e-08,5.094677006904996e-08,0.038613036,trailing_stop,1,0.14269248046875,2506.503972155907,775.1453057192688,27,32,59,0.84375,2652.451050013467,,88.4088073136641,1787231850000,5.03,2516.7269937488227,0.420738846,6.24,6.45,43,1112.0,0.967,67.7,0,mcap;pool,0.1,0.17,trailing_stop,4.9393539345116296e-08,1,0,live_higher,1
2026-08-20,36fec9c1-b213-4390-89cf-3a6cf1dcf09a,Fc6fvuDJaRD15cpGmzQPRLezYt7VMkTvcoHCY15spump,2026-08-20T13:19:29.992151+00:00,2026-08-20T13:19:47.072079+00:00,4.525036606737951e-08,4.163033678198915e-08,-0.004,hard_stop,0,0.16285357259114583,3949.149650787251,3090.147991611795,10,7,17,1.4285714285714286,3351.8524251114304,,100.0,1787231965000,4.439,2630.204328467119,8.42457216,17.99,21.91,23,3497.0,0.821,71.9,0,mcap,50.78,60.89,hard_stop,4.163033678198915e-08,0,0,live_higher,1
2026-08-20,7b95af3e-d78d-4eb3-b19a-e42da962356f,CMQMNEMH3dravwSJi18EAAJZp9iVZ8NyNRMZVFqupump,2026-08-20T13:19:39.938804+00:00,2026-08-20T13:20:17.160206+00:00,6.096868765491821e-08,5.6091192642524754e-08,-0.004,hard_stop,0,0.1185377685546875,4882.826429413331,2544.230906063654,22,7,29,3.142857142857143,3689.505354621072,,22.482775182211398,1787231980000,6.422,6464.713726168706,25.373138166,41.1,26.37,81,5913.0,1.558,91.2,1,,-17.35,-17.48,hard_stop,5.6091192642524754e-08,0,1,live_lower,1
2026-08-20,48c183b0-e46b-43ca-8c0e-7de74ed990f4,Eedw5MBPdHPxdMbJ7pxLU7ggipCZfMNpZzckX5Gtpump,2026-08-20T13:20:18.472315+00:00,2026-08-20T13:20:42.367329+00:00,4.207211779613595e-08,1.0518029449033988e-07,0.075,take_profit,1,0.13996329345703126,3672.9043214440762,601.7674472889045,9,1,10,9.0,3208.9465597921017,,100.0,1787232020000,10.542,7319.590338078273,21.850469308,23.72,3.28,50,2366.0,7.243,92.1,1,,-49.63,-50.1,take_profit,1.0518029449033988e-07,1,1,live_lower,1
2026-08-20,f9507b4c-8896-44a5-a073-9589839c5b87,3hLgaxbr5mKzefZmZ7xhdfjRq53AaDz8QwiAGvFwfAPm,2026-08-20T13:20:44.676322+00:00,2026-08-20T13:21:22.424069+00:00,3.3802997446734405e-07,3.591480372270353e-07,0.003123697,trailing_stop,1,0.08017767333984376,29517.345205031208,722.1244975803994,6,1,7,6.0,722.036797435127,,92.8830647750291,1787232040000,0.099,29696.117448568933,8.279311942,8.28,0.0,7,726.0,8.279,65.6,1,,-0.24,0.88,hard_stop,3.1098757650995656e-07,0,1,live_lower,0
2026-08-20,4f4d3da1-afcf-49d1-b6b0-01d1754a9431,H3FZSeX8p6CBxeViLWU1NG3om9bRZXrQseBUM9BCpump,2026-08-20T13:19:56.241036+00:00,2026-08-20T13:21:27.199428+00:00,3.044105806740622e-08,2.8223362315511524e-08,-0.003642606,early_exit_no_green,0,0.10095924886067709,2656.4538517391247,1673.8338184494512,8,10,18,0.8,2698.3189344759644,,85.54570696807279,,,,,,,,,,,,,,,,,,,,
2026-08-20,8a35d250-71d6-4f15-9d8e-1b3979a69943,5AM8oW5nYDyErkCeB5zJke8ffYwcNYYHimhZ8n3Hpump,2026-08-20T13:12:28.193014+00:00,2026-08-20T13:22:56.746600+00:00,2.8699718895915978e-08,2.8033911882385475e-08,-0.001159954,time_stop,0,0.07297377522786458,2545.4338008180957,1153.9836194233476,9,8,17,1.125,2649.0453519550947,,1.9436353052988,1787231550000,6.255,2521.868907034175,0.434807383,6.85,6.94,12,1208.0,0.986,68.4,0,mcap;pool,-0.26,-0.19,no_exit_within_window,,0,0,live_lower,
2026-08-20,7777a58a-ea8e-41cd-a214-cc1e0a1b922e,2NDSwGDvFFnSXZPgKxm54FkrcCcwWXEaMYXDu7Z9pump,2026-08-20T13:21:49.237961+00:00,2026-08-20T13:30:50.508961+00:00,2.8277247555842695e-08,2.818774212424938e-08,-0.000158264,early_exit_no_green,0,0.13824408365885416,2468.5181067936287,3365.9900158070513,23,11,34,2.090909090909091,2633.0493930225084,,100.0,1787232105000,5.238,2476.8404862643347,0.166002733,18.87,19.2,36,3337.0,0.983,74.7,0,mcap;pool,0.06,0.33,no_exit_within_window,,0,0,live_higher,
2026-08-20,81f9a5d1-2c9c-433c-b3bf-e501a41a43f3,5cAdhAq5p2jdpQCLRHd39SMKQArpZqu6RegxPr6E1E1,2026-08-20T12:24:31.600113+00:00,2026-08-20T14:37:09.523491+00:00,5.312564670568218e-07,5.312564670568218e-07,0.0,time_stop,0,0.15451940511067708,46162.26255933211,6947.553094650857,10,0,10,10.0,8499.942276476499,,99.99999999999999,1787228680000,18.756,48277.02466280792,100.574459181,83.49,1.57,48,7455.0,53.162,100.0,1,,-3.56,-3.56,no_exit_within_window,,0,1,live_lower,
2026-08-20,7ec33fd1-3e50-4141-bae4-6385d277165e,8W2Hjg59i7xmcus9e9shzdn3DqLCSzNmm7ACjyswECMG,2026-08-20T13:16:46.365478+00:00,2026-08-20T14:37:09.665857+00:00,1.8885726537757472e-07,1.8885726537757472e-07,0.0,time_stop,0,0.14106433512369793,16420.478209066045,708.015310356205,4,0,4,4.0,708.0153103562051,,100.0,1787231805000,6.971,16886.03126115192,8.255063415,0.36,0.12,18,42.0,0.359,56.6,0,volume;vol_mcap;buy_sell,-1.98,-3.54,hard_stop,1.7374868414736875e-07,0,0,live_lower,1
2026-08-20,86e7f83a-ffbc-453b-a5e8-56be51e7c599,ByAVXeAejtHUbfkcGVNvdCANDbsYo8S6numL4VvVwezE,2026-08-20T13:21:59.246442+00:00,2026-08-20T14:37:09.848318+00:00,1.6968833457354832e-07,1.6968833457354832e-07,0.0,time_stop,0,0.10263254801432292,14577.265941359075,707.9710604428845,9,5,14,1.8,699.8058350943095,,100.0,1787232120000,7.716,15538.149656204978,8.875090212,1.33,0.7,54,177.0,1.326,60.5,0,volume,-4.29,-5.96,hard_stop,1.5611326780766445e-07,0,0,live_lower,1
2026-08-20,58074872-cd3e-42bd-b16e-057ec2360e32,BSWjeM9TAxTcwb2QAx18vtGaUCaprn38Zeqeqn8MeT1X,2026-08-20T13:23:12.278879+00:00,2026-08-20T14:37:10.036440+00:00,3.389717718401626e-07,3.389717718401626e-07,0.0,time_stop,0,0.09797062581380209,29547.64781369333,722.1278678212385,5,1,6,5.0,722.730941100569,,100.0,1787232185000,-1.095,29689.447098620916,8.277942919,8.28,0.0,7,726.0,8.278,65.6,0,age,0.06,0.6,hard_stop,3.118540300929496e-07,0,0,live_higher,1
2026-08-20,e086e36f-7289-4d8c-a052-e1673ece0bbd,FfN3svgyCWeSK4qgWiRRiw4nK9pSTP7csZQHJePq1dmd,2026-08-20T13:30:52.061264+00:00,2026-08-20T14:37:10.216692+00:00,3.2722686832584015e-07,3.2722686832584015e-07,0.0,time_stop,0,0.6831418741861979,29110.957338745768,2676.1257801117763,152,135,287,1.125925925925926,765.1626871140106,,95.0485785271761,1787232650000,38.802,28385.91380883352,8.709496507,23.48,15.44,383,3411.0,1.52,85.6,1,,1.03,-3.37,no_exit_within_window,,0,1,live_higher,
2026-08-20,e5fd52ba-eca8-4a58-9132-e247d1e1d7d5,BaBPdESAQ9bxRkdsYkQ2YGeY4Bfk7sQtQQK9C4Pxpump,2026-08-20T14:37:14.677797+00:00,2026-08-20T14:37:40.123609+00:00,6.372663856260333e-08,5.862850747759507e-08,-0.004,hard_stop,0,0.11451258951822917,5507.991767748448,820.1873900526981,4,0,4,4.0,850.1772125911742,,100.0,1787236635000,7.348,351077.1387076318,1030.176051,2416.44,2827.66,48,459593.0,0.855,77.1,0,mcap,-98.41,-98.41,take_profit,1.5931659640650833e-07,1,0,live_lower,0
2026-08-20,6f888cdc-91bd-4394-b92b-77b58b4aac02,BhqaAwGSycaZ69TcfX1KzigbYGB7LkjjyGP1w6oEBvtL,2026-08-20T14:37:15.778218+00:00,2026-08-20T14:37:40.340287+00:00,1.692674587615117e-07,1.5572606206059077e-07,-0.004,hard_stop,0,0.13117925618489584,16505.583870126513,5586.419707121644,36,10,46,3.6,4417.601777669702,,100.0,1787236635000,8.22,526969.8060122249,1237.95819,8639.95,8267.09,204,1481733.0,1.045,80.9,0,mcap,-97.18,-97.23,take_profit,4.231686469037793e-07,1,0,live_lower,0
2026-08-20,05e0cb6f-1d22-4667-85cc-57003a86036e,AMtqrT17EJHSZCWmqN3gqt5FjY8ggxVFg7UwRDuHpump,2026-08-20T14:37:13.029223+00:00,2026-08-20T14:37:44.769584+00:00,2.6996821113366836e-07,2.483707542429749e-07,-0.004,hard_stop,0,7.73832578125,21163.16165511968,136152.15882719026,1575,1227,2802,1.2836185819070904,4454.288303585571,,60.60963744380641,1787236635000,467.769,23845.63154528884,53.163535863,846.16,771.95,2858,141811.0,1.096,81.9,1,,-0.78,-2.18,hard_stop,2.483707542429749e-07,0,1,live_lower,1
2026-08-20,9d03e404-dec9-4681-b07b-6c404b240c1c,ANQNA1dHaR6F5vKLiogLnQrQyxrLH9zeVxkBkkVupump,2026-08-20T14:37:50.717146+00:00,2026-08-20T14:38:14.849671+00:00,7.098809109272373e-08,6.530904380530583e-08,-0.004,hard_stop,0,0.09257263997395833,6134.306126030351,1105.0325139158895,4,0,4,4.0,1135.0223364543656,,100.0,,,,,,,,,,,,,,,,,,,,
2026-08-20,69554f8d-2cc8-4f8a-8451-5a85a1f122d7,3THkBevJB6YtpronuTpDnK5946kgUi2xRpkseCaQKskg,2026-08-20T14:37:12.280555+00:00,2026-08-20T14:38:44.587315+00:00,1.0395636376054963e-07,1.0705994758190716e-07,0.001492734,trailing_stop,1,1.1049924479166666,8921.294367977534,767.5968122984439,36,1,37,36.0,8120.458536647759,,99.20092148297469,1787236630000,64.404,9245.46343134219,94.749718495,9.67,0.02,45,849.0,9.666,87.5,1,,-1.46,-2.03,trailing_stop,1.1069236642139602e-07,1,1,live_lower,1
2026-08-20,1fa29dc8-9068-4ff7-a858-edfa667f0dfe,4gRmHzt7gfBkqMdWnTn981QvqFJYPX8TrhiFqD4Ppump,2026-08-20T14:38:16.385447+00:00,2026-08-20T14:38:44.752231+00:00,6.16582542793189e-08,5.672559393697339e-08,-0.004,hard_stop,0,0.12425805257161458,5324.937143788822,2317.2647523417854,21,4,25,5.25,3722.7121638262006,,100.0,1787236695000,6.212,5353.756878885655,15.057102869,23.04,11.7,70,3045.0,1.97,93.5,1,,0.93,0.98,no_exit_within_window,,0,1,live_higher,
2026-08-20,0c33f095-c946-4fca-93ca-5e23c459b938,21eQ2kQr4xZ1mSQNBi1YBPz1dQqtLGMDMV8qud6ppump,2026-08-20T14:38:59.177667+00:00,2026-08-20T14:39:14.667071+00:00,7.353985252641997e-08,6.765666432430637e-08,-0.004,hard_stop,0,0.12105651448567709,5972.850174855466,3223.2671455776563,27,7,34,3.857142857142857,4081.7014067401237,,99.72332872128369,1787236740000,7.727,5361.897750599199,16.628700687,43.4,30.49,105,6476.0,1.423,88.5,1,,20.2,20.2,hard_stop,6.765666432430637e-08,0,1,live_higher,1
2026-08-20,2891c3a5-5ee6-48a6-b7f6-997965af7220,H9KsSRqmurChYuYwkxrHoHVh9cvTfxTf4vHc7Ewepump,2026-08-20T14:39:04.742558+00:00,2026-08-20T14:39:14.894743+00:00,6.273916994325746e-08,5.7720036347796865e-08,-0.004,hard_stop,0,0.11696372884114584,5181.825795855556,1344.1362038060865,6,6,12,1.0,3794.621868536485,,8.3345962142229,1787236745000,6.507,3880.789750975273,12.052490126,32.57,28.47,54,5349.0,1.144,82.9,0,mcap,41.68,48.82,hard_stop,5.7720036347796865e-08,0,0,live_higher,1
2026-08-20,426ccfb0-574a-4111-88cf-d86c64ea0426,N5aGwsdQrTuoWfXJ11u6nL8x8fFpk48yJZhv4Zrpump,2026-08-20T14:40:09.795915+00:00,2026-08-20T14:40:19.631526+00:00,1.988804525542167e-07,1.8297001634987936e-07,-0.004,hard_stop,0,0.24928802083333335,16770.43937616418,8642.841584043901,99,17,116,5.823529411764706,4484.238116758096,,90.2642113172093,1787236810000,14.837,1225743.8777427708,4326.784946,8418.06,5098.35,207,1184578.0,1.651,93.0,0,mcap,-98.58,-98.57,take_profit,4.972011313855417e-07,1,0,live_lower,0
2026-08-20,0a227b05-5bdd-468c-9f4d-b99c1d6f399b,6TRGLmwxeoKGTt6a4Jmp3xbxj8gaXp8ViEAiNxh2pump,2026-08-20T14:40:10.790058+00:00,2026-08-20T14:40:19.821711+00:00,6.47918728189122e-08,5.960852299339922e-08,-0.004,hard_stop,0,0.29928802083333333,5100.873275476022,2584.7470326540665,17,7,24,2.4285714285714284,3770.742587998062,,99.6701925726406,1787236810000,18.331,5063.190037793057,20.800607134,47.2,36.05,89,7296.0,1.309,86.2,0,mcap,12.15,14.06,hard_stop,5.960852299339922e-08,0,0,live_higher,1
2026-08-20,d460415e-c9a5-4c6c-b0c1-8f3b4fa00a0f,4PMQaWaWTgxwGtBnXPNjTGQeKYTHhZEXwUT5Z3EzNTxY,2026-08-20T14:43:33.693341+00:00,2026-08-20T14:43:49.649676+00:00,7.024031584476368e-08,6.462109057718259e-08,-0.004,hard_stop,0,0.15353876953125,5165.490053973891,1376.6886011396052,8,6,14,1.3333333333333333,3726.368107145888,,100.0,1787237015000,10.775,3306.917660754853,7.278266533,21.25,22.32,42,3818.0,0.952,75.5,0,mcap,86.15,107.49,hard_stop,6.462109057718259e-08,0,0,live_higher,1
2026-08-20,0fe00bd8-3c0e-4daf-94c6-24379b281312,9EBNZd3pdZm86sp5L1kX4afPxCdykR4qxnXzHTFCpump,2026-08-20T14:45:02.282255+00:00,2026-08-20T14:45:49.826321+00:00,5.271399781158212e-08,4.8496877986655553e-08,-0.004,hard_stop,0,0.091532470703125,5531.745076529455,698.7314157969654,16,2,18,8.0,3921.5938950800455,,24.5257142816938,1787237100000,2.721,4434.7763195974285,14.70962056,11.1,9.63,48,1817.0,1.153,73.5,0,mcap,4.17,4.58,hard_stop,4.8496877986655553e-08,0,0,live_higher,1
2026-08-20,7fb40ac2-9607-4930-9db0-d6a8a5f13db0,BSzEoDkwqqtK2LTw8FqoadT6tzjjtzeWgVAZtCTerVc1,2026-08-20T14:37:11.314761+00:00,2026-08-20T14:47:19.426134+00:00,5.287228706529151e-07,5.287228706529151e-07,0.0,time_stop,0,0.27165911458333336,45958.65539879424,6916.775315399144,12,0,12,12.0,8462.240701256445,,99.99999999999999,1787236630000,15.284,47325.43822382759,98.809521816,80.94,0.01,38,7095.0,80.944,100.0,1,,-2.09,-2.09,hard_stop,4.864250410006819e-07,0,1,live_lower,1
2026-08-20,354396a8-2e22-4df2-b4c3-393ef992e914,BepNVgJUaQZiLrMoWSKkKCkwhvyadQ65F4SQsaF228bw,2026-08-20T14:47:46.668490+00:00,2026-08-20T14:49:49.571596+00:00,2.149179796312904e-07,2.3337546775807557e-07,0.004294077,trailing_stop,1,0.14220413818359376,18526.934684030817,4315.973084613882,10,0,10,10.0,11639.693105347642,,100.0,1787237260000,1.436,18762.37751796906,134.90099949,50.02,0.0,10,4384.0,50.021,95.7,0,buy_sell,0.39,-1.08,trailing_stop,2.404135088025542e-07,1,0,live_higher,1
2026-08-20,6ad3fd0f-c1fc-41a7-a641-4ed4a066e570,6CAhmLpJyLFUkkqQWVpASJ3r9NHt9qHksDEUVmMDpump,2026-08-20T14:52:06.053185+00:00,2026-08-20T14:52:49.516650+00:00,7.910055488459216e-08,7.27725104938248e-08,-0.004,hard_stop,0,0.1415727986653646,7159.313896678337,1604.8169328428835,15,7,22,2.142857142857143,4452.012977975308,,99.8376898040433,1787237525000,7.784,12613.14307692709,39.433416371,71.38,36.32,107,9439.0,1.965,99.3,1,,-45.04,-45.01,hard_stop,7.27725104938248e-08,0,1,live_lower,1
2026-08-20,4ba49e8a-2627-420d-92f1-b7962f9aeaa8,2cXvWhQUzovt7CgU6zsNxuywRtkbnB77zs5vdhaDpump,2026-08-20T14:52:10.768510+00:00,2026-08-20T14:52:49.676448+00:00,6.948233270128601e-08,6.392374608518313e-08,-0.004,hard_stop,0,0.1484924072265625,6392.172822340617,6141.221754039115,64,22,86,2.909090909090909,4212.938755525058,,9.6449438144093,1787237530000,7.476,6676.77532795038,19.521373955,64.18,47.62,135,9798.0,1.348,87.0,1,,-8.8,-6.59,hard_stop,6.392374608518313e-08,0,1,live_lower,1
2026-08-20,7f115824-1a67-4524-8e04-b5a0b8284d39,4VhVX2vybeUCPBKKvy7x4Aj3THeNei3x9E1mq1PQpump,2026-08-20T14:55:32.506519+00:00,2026-08-20T14:55:49.474822+00:00,1.3073536883956328e-07,1.202765393323982e-07,-0.004,hard_stop,0,0.11882209065755209,5637.979417053685,2353.654027126634,27,2,29,13.5,3904.3687925809027,,91.796760275528,1787237735000,9.772,10061.623812936308,32.017141929,80.89,53.1,208,11743.0,1.523,90.5,1,,13.87,13.32,hard_stop,1.202765393323982e-07,0,1,live_higher,1
2026-08-20,424071b5-e5aa-45fb-bd90-7e5077e04590,9oyLnfQmjWiDQm8dPT6P83Xfuz8azK23amLZ6LeApump,2026-08-20T14:55:48.076854+00:00,2026-08-20T14:56:19.540912+00:00,6.018538599971229e-08,5.537055511973531e-08,-0.004,hard_stop,0,0.12093900146484375,5309.512474714331,2295.9282082699697,13,10,23,1.3,3805.8085595452762,,100.0,1787237745000,4.082,2450.326188910643,11.3927387,20.29,20.29,28,3556.0,1.0,75.7,0,mcap,115.26,114.56,hard_stop,5.537055511973531e-08,0,0,live_higher,1
2026-08-20,000298b8-6db4-4459-88e0-4808c00d611e,H4jgYoXMaKHW4G8swuK18CyeWdBGJdwgYCkj1fBJh7pJ,2026-08-20T14:56:37.937764+00:00,2026-08-20T14:56:49.473485+00:00,2.3573828103820466e-07,2.168792185551483e-07,-0.004,hard_stop,0,0.1192513916015625,19852.989293445462,4761.829731820572,15,4,19,3.75,12099.670923699465,,100.0,1787237800000,10.807,21611.329250081966,145.23495935,64.43,4.51,74,6042.0,14.271,100.0,1,,-4.4,-5.71,hard_stop,2.168792185551483e-07,0,1,live_lower,1
2026-08-20,986692de-9807-4040-a47f-e7deb5fa27dd,3mqpxkyRtpTQ6YrBfZCSCpYPTkWrCNFp9u4gKUabpump,2026-08-20T14:56:41.714265+00:00,2026-08-20T14:57:19.648075+00:00,1.253225251269931e-07,1.1529672311683365e-07,-0.004,hard_stop,0,0.07960301513671875,7314.8967307852545,3912.870551725914,44,8,52,5.5,4464.704987561015,,10.1843735299077,1787237800000,3.039,8747.793681541507,37.544501846,50.85,29.17,143,7013.0,1.743,94.9,1,,25.55,30.55,hard_stop,1.1529672311683365e-07,0,1,live_higher,1
2026-08-20,4e66769c-e13a-45f8-a920-dfd27d397e73,DWV4eMP3RdArp3xhAJJZARaRwRdRLQr6Ntsh4PD7951g,2026-08-20T14:57:07.996808+00:00,2026-08-20T14:57:19.822130+00:00,5.930623457594113e-08,5.456173580986584e-08,-0.004,hard_stop,0,0.1624625447591146,5123.486576902864,3572.600158062016,27,14,41,1.9285714285714286,3756.879481465001,,100.0,1787237830000,11.972,8081.169601358259,30.942761655,57.03,37.49,133,8284.0,1.521,90.4,1,,-35.68,-34.31,hard_stop,5.456173580986584e-08,0,1,live_lower,1
2026-08-20,45adb955-f9a8-453e-af4d-3d8a5040b8e5,8g8X3m82LvPsxLKr4Fnyrhg5sPRRomf2RztHZ953pump,2026-08-20T14:58:01.842298+00:00,2026-08-20T14:58:19.492472+00:00,6.376717558416103e-08,5.866580153742815e-08,-0.004,hard_stop,0,0.1294210896809896,6618.725110011403,1347.847164480202,37,8,45,4.625,4266.43744872221,,83.0285714285715,1787237880000,5.909,4302.913992244145,15.11955683,32.12,27.36,116,5213.0,1.174,83.5,0,mcap,29.88,30.0,hard_stop,5.866580153742815e-08,0,0,live_higher,1
2026-08-20,6d7a10cb-654e-4ff1-a697-9a9509008c36,BPUPw2y9VvT8yVAiJzbn6ecPps7S1UxaToi5gSmZGvWT,2026-08-20T14:58:32.912198+00:00,2026-08-20T15:00:49.553657+00:00,4.584850335868151e-07,6.612529240341334e-07,0.022112815,trailing_stop,1,0.1127600830078125,39595.249967915275,761.0592368142061,4,0,4,4.0,761.0592368142061,,100.0,1787237905000,-1.23,40137.13093534132,8.801326214,8.8,0.0,4,771.0,8.801,58.8,0,age;buy_sell,0.11,-0.5,trailing_stop,7.768816645699839e-07,1,0,live_higher,1
2026-08-20,0ef3c5a2-4cf7-4f4f-a141-da7d30b3a8c5,HmQo3qY6Ebhx7qfLywnDt2QcrBiCr7sSNAcFfvdZpump,2026-08-20T15:00:35.581838+00:00,2026-08-20T15:00:49.806643+00:00,1.3433117981457435e-07,1.235846854294084e-07,-0.004,hard_stop,0,0.15872941487630207,12063.336668176958,4683.627464106319,45,13,58,3.4615384615384617,5795.068970783264,,95.1795980735147,1787238035000,9.068,13614.192915491185,43.425625199,81.22,45.5,162,11106.0,1.785,95.7,1,,-13.53,-13.03,hard_stop,1.235846854294084e-07,0,1,live_lower,1
2026-08-20,9e5427ee-5d87-401a-8382-2d2684bfcdbb,G9s7Gdw8e8duTjQsyFKpUWd6GcGzrykzgfYfbB8Fpump,2026-08-20T15:01:50.474022+00:00,2026-08-20T15:02:19.504500+00:00,8.132120763098834e-08,7.481551102050927e-08,-0.004,hard_stop,0,0.13160103352864583,7047.196760591373,2570.7514283283485,17,9,26,1.8888888888888888,4426.389559942165,,100.0,1787238110000,7.827,2564.54631142001,11.552793199,22.39,26.64,46,4297.0,0.841,74.7,0,mcap,177.9,177.9,hard_stop,7.481551102050927e-08,0,0,live_higher,1
2026-08-20,8eb2ef8e-665e-46d6-8f60-7f8d264df9a9,8B77QWzEEjJTnj42tG4NovQ3Gi3KWfHvgnpnztGXpump,2026-08-20T15:02:32.930640+00:00,2026-08-20T15:02:49.673516+00:00,5.088842090266649e-08,4.681734723045317e-08,-0.004,hard_stop,0,0.11190287272135417,5415.538883561363,587.5190290147643,18,3,21,6.0,3713.702143996008,,100.0,1787238155000,8.829,2567.296985861577,8.02565953,13.56,16.86,48,2666.0,0.805,69.1,0,mcap,73.72,82.01,hard_stop,4.681734723045317e-08,0,0,live_higher,1
2026-08-20,a787b890-ec09-4199-a607-5724a9a5cad7,G8PRj3Vnko91SdfhiEwHAdoBdWkLeDtHdPb8W3LKSTB2,2026-08-20T15:03:37.695475+00:00,2026-08-20T15:03:50.155551+00:00,8.16422247189377e-08,7.51108467414227e-08,-0.004,hard_stop,0,0.12752540690104167,10175.89319985286,3555.119205340228,21,11,32,1.9090909090909092,5336.688224107377,,93.3746485461342,1787238220000,10.683,3944.0375584945123,25.237297433,64.76,62.62,131,11164.0,1.034,80.7,0,mcap,81.42,90.71,hard_stop,7.51108467414227e-08,0,0,live_higher,1
2026-08-20,768ef35b-a355-4b64-a066-3a27165b2cfd,Bvu2qQEznxfS8n4ngbinKVa9JUgnPx9YGct33WrMpump,2026-08-20T15:03:42.278761+00:00,2026-08-20T15:04:19.923359+00:00,1.7503614323385867e-07,1.6103325177515e-07,-0.004,hard_stop,0,0.14226828206380207,16340.116111282985,2446.9959622713613,25,7,32,3.5714285714285716,6785.337712972591,,70.49913800031149,1787238220000,6.054,13958.32567062319,41.602134243,59.17,18.97,61,6848.0,3.119,100.0,1,,9.9,9.6,hard_stop,1.6103325177515e-07,0,1,live_higher,1
2026-08-20,8bec8dc1-3dee-4bdf-b2a7-745cf2f4229c,FBhwCuz12b17UoBcJ9pZ1nCU7oLffMeCFeBu9WWopump,2026-08-20T15:04:03.081699+00:00,2026-08-20T15:04:20.074614+00:00,9.746546545297877e-08,8.966822821674047e-08,-0.004,hard_stop,0,0.15303495279947918,5353.471375976403,5285.070300682296,35,20,55,1.75,4152.293389642787,,100.0,1787238245000,10.73,5786.517425995358,27.959999698,63.03,51.93,147,10075.0,1.214,84.3,1,,47.62,48.01,hard_stop,8.966822821674047e-08,0,1,live_higher,1
2026-08-20,7512de53-32f9-4def-9ef3-7587a6947c90,32gC9SFr9u2KmJP84YogLiRmCTiuYZChd34S6YS1V7gs,2026-08-20T15:03:36.754664+00:00,2026-08-20T15:05:49.874316+00:00,4.563232145476205e-07,4.198173573838109e-07,-0.004,hard_stop,0,0.09419207356770834,39678.852507629395,762.6403421902237,4,0,4,4.0,762.6403421902236,,100.0,1787238210000,-1.293,40138.423117151724,8.801311648,8.8,0.0,4,771.0,8.801,58.8,0,age;buy_sell,-0.36,0.07,no_exit_within_window,,0,0,live_lower,
2026-08-20,82520e89-9661-4c31-bd1a-44c26cbb9864,HPqjtgAjN4sNXTz2pUN3fe4AKw6GpuE9ZUMNqqTApump,2026-08-20T15:04:35.025975+00:00,2026-08-20T15:05:50.315136+00:00,6.193507865514752e-08,5.698027236273572e-08,-0.004,hard_stop,0,0.10013955078125,5675.46134622752,1690.3418000384181,22,4,26,5.5,3981.590885613593,,4.0371049233916,1787238275000,5.921,6407.5566160946,19.186118719,21.27,6.71,54,2452.0,3.171,92.4,1,,-15.29,-4.73,trailing_stop,7.813175205366621e-08,1,1,live_lower,0
2026-08-20,290affb0-853e-4905-973d-2cc5bb0d9afe,9gRQKvwA3mtoMGAbhea5jAgSRG2pfS8RsQBv2wDqpump,2026-08-20T15:06:33.929404+00:00,2026-08-20T15:06:50.000982+00:00,5.01613852285249e-08,4.614847441024291e-08,-0.004,hard_stop,0,0.14808602701822918,5518.942963290722,1783.4677493788192,17,6,23,2.8333333333333335,3889.711347863811,,100.0,1787238395000,10.664,2773.4083154576792,6.109614819,23.55,25.63,48,4310.0,0.919,76.3,0,mcap,58.51,62.14,hard_stop,4.614847441024291e-08,0,0,live_higher,1
2026-08-20,f82f81ea-7b1d-4783-ac64-3a9cdaa310d2,H4ZEyE9TXfUffPeJn9DDXGvqCQb6mqiVLNYEmfBajE3w,2026-08-20T15:09:29.441666+00:00,2026-08-20T15:09:50.178809+00:00,6.30683844371933e-08,5.802291368221784e-08,-0.004,hard_stop,0,0.1583958699544271,6493.438064504888,4738.919431360743,19,11,30,1.7272727272727273,4334.076522214182,,98.946632056112,1787238570000,10.018,3900.692198553836,8.419094136,35.7,39.7,95,6608.0,0.899,78.0,0,mcap,41.7,53.36,hard_stop,5.802291368221784e-08,0,0,live_higher,1
2026-08-20,bf68a1cb-b8fe-4242-a2c3-eefc3790c47f,FJrSbgXq2Qg1zrJeWv7EikEHmJzfsRV3Qanf7CWopump,2026-08-20T15:10:44.100345+00:00,2026-08-20T15:10:50.146082+00:00,7.960210722035215e-08,7.323393864272397e-08,-0.004,hard_stop,0,0.1777619140625,5698.443174258315,1470.9697592209473,6,4,10,1.5,4034.8047288074767,,100.0,1787238645000,11.363,2799.0263764489546,2.102413216,23.75,26.69,54,4421.0,0.89,76.1,0,mcap;pool,149.24,150.68,hard_stop,7.323393864272397e-08,0,0,live_higher,1
2026-08-20,bd8ab9c0-2911-4fe8-8d5a-0096137f34db,CV8RX5R76hrKpZxryVTapmppt5fbZz8vpL8b22aTseUH,2026-08-20T15:08:55.895062+00:00,2026-08-20T15:11:49.984332+00:00,1.1851848311612778e-07,1.4526803512789684e-07,0.011284971,trailing_stop,1,0.08490616048177084,10345.59189164937,871.9457345133878,14,0,14,14.0,958.8807552623082,,100.0,1787238535000,3.431,10378.772079259912,11.017575854,10.03,0.01,17,881.0,10.032,87.6,1,,0.08,0.02,trailing_stop,1.766212220711145e-07,1,1,live_higher,1
2026-08-20,08b011d7-ace8-45c6-96b9-7fbda2dd82ff,4FEWNCqZ1nPWuckPBifz1K3YHYWhzRuK4AJ6F7BC71nd,2026-08-20T15:01:55.390785+00:00,2026-08-20T15:12:19.460401+00:00,4.5691661472582125e-07,4.5691661472582125e-07,0.0,time_stop,0,0.09080020345052084,39611.89245763115,761.3506331823833,4,0,4,4.0,761.3506331823833,,100.0,1787238110000,0.022,40138.342331529544,8.801262544,8.8,0.0,4,771.0,8.801,58.8,0,buy_sell,-0.23,-0.49,no_exit_within_window,,0,0,live_lower,
2026-08-20,98f55eb9-e649-4653-8cf2-22c5e08b32cd,AmecR3Wdf6x3EiDPovbWP7KajMvTmpQP5moQCKijpump,2026-08-20T15:12:09.308500+00:00,2026-08-20T15:12:49.797869+00:00,5.6852976750022024e-08,5.2304738610020264e-08,-0.004,hard_stop,0,0.123911083984375,5778.841387898834,2012.585403736904,18,11,29,1.6363636363636365,4084.1472648663967,,100.0,1787238730000,7.313,5377.0866756029045,20.076168245,41.07,29.93,85,6223.0,1.372,87.4,1,,-7.34,-3.81,hard_stop,5.2304738610020264e-08,0,1,live_lower,1
2026-08-20,01883250-f4db-4534-8711-8e53178b7b75,EuNnGsYXbw9zvC125rPSqB6ihNyLeJhgG7bM2zHnpump,2026-08-20T15:12:35.178150+00:00,2026-08-20T15:12:49.969727+00:00,2.9789043815138594e-07,2.740592030992751e-07,-0.004,hard_stop,0,0.10871851399739584,34595.57509020688,14627.360004013432,113,25,138,4.52,9826.224148318242,,15.328571428571399,1787238755000,6.374,25322.694381114485,85.005359259,161.59,95.28,235,22513.0,1.696,93.9,1,,3.1,2.82,hard_stop,2.740592030992751e-07,0,1,live_higher,1
2026-08-20,cfb206da-dc96-48d6-b0db-002bc3865415,667ms8GP97JhkSL2Qs1YSCLYmRscvuS13A9TMRE2No5C,2026-08-20T15:12:46.131660+00:00,2026-08-20T15:13:19.697806+00:00,9.008653356070544e-08,8.287961087584901e-08,-0.004,hard_stop,0,0.15659244384765625,7024.636934252863,724.3212561984365,5,1,6,5.0,4500.146066481322,,100.0,1787238765000,7.869,17637.280159735663,50.486883337,43.6,0.03,28,3824.0,43.601,96.5,1,,-55.24,-54.33,hard_stop,8.287961087584901e-08,0,1,live_lower,1
2026-08-20,915bdae0-1865-4029-a53a-31e4a3c2020a,5qB9hS5rbPBnQTAyhfdovUvWRTwzyU6rS6wrHBwwpump,2026-08-20T15:12:51.816739+00:00,2026-08-20T15:13:19.846175+00:00,1.368119275865205e-07,1.2586697337959885e-07,-0.004,hard_stop,0,0.13317073974609375,8290.625852724057,2055.997528957834,12,5,17,2.4,4922.138271725853,,26.1739887913864,1787238770000,5.861,16866.81749797665,52.443565546,71.78,30.97,94,9006.0,2.318,100.0,1,,-28.91,-29.79,hard_stop,1.2586697337959885e-07,0,1,live_lower,1
2026-08-20,d59eef4f-6e94-4983-aba1-9c940bbcbabf,BLttra4xonS8EtMXCSrkfnBHse5Ry87BowWNZ1TFpump,2026-08-20T15:12:52.548134+00:00,2026-08-20T15:13:20.022751+00:00,7.525363294611755e-08,6.923334231042814e-08,-0.004,hard_stop,0,0.14983740641276042,6541.9569482762345,727.8167422835817,6,3,9,2.0,4325.155760557326,,100.0,1787238775000,12.326,2783.572252044877,5.776401203,18.5,21.52,28,3507.0,0.859,72.7,0,mcap,136.93,169.16,hard_stop,6.923334231042814e-08,0,0,live_higher,1
2026-08-20,a4c7ed81-c128-4e05-8bfe-d5325fb2f001,8neCmK35Hh2gT28R8LeDJAb7zGbFG1dJWuytnAXJpump,2026-08-20T15:12:57.203121+00:00,2026-08-20T15:13:20.194925+00:00,9.584650672913112e-08,8.817878619080063e-08,-0.004,hard_stop,0,0.14010165201822916,7972.214505908178,2260.9019452793787,17,10,27,1.7,4571.284411195421,,100.0,1787238775000,5.75,6600.086863165589,26.958982653,32.94,18.7,48,4526.0,1.761,93.8,1,,27.27,27.51,hard_stop,8.817878619080063e-08,0,1,live_higher,1
2026-08-20,b6e790aa-ac03-4e58-93d6-10f5b6c6348a,DUdSXSwcydUgV5pW1dVidCLr61ZL3rZQwRxdpfGao9Uo,2026-08-20T15:03:22.498970+00:00,2026-08-20T15:13:49.523668+00:00,4.71931531407745e-07,4.71931531407745e-07,0.0,time_stop,0,0.16862539469401042,41022.768651539125,6067.737581561867,12,0,12,12.0,7386.56214684957,,100.0,1787238205000,13.548,42667.36040209221,86.575530369,71.36,0.0,20,6254.0,71.356,100.0,1,,-3.06,-3.07,hard_stop,4.341770088951254e-07,0,1,live_lower,1
2026-08-20,ed8fe64a-94e8-4136-8fcb-c7b25ccf68e6,CjuXzNvRsTnRuosnZWgCdWhUitqjmQ4BJa1d4947pump,2026-08-20T15:15:06.039286+00:00,2026-08-20T15:15:19.537327+00:00,4.363903145426443e-08,4.0147908937923275e-08,-0.004,hard_stop,0,0.14972253011067707,6971.310295872928,1845.3304098402298,15,18,33,0.8333333333333334,4406.328858070171,,100.0,1787238905000,8.237,2798.054819935407,3.901562003,35.34,38.28,82,6451.0,0.923,78.5,0,mcap;pool,36.69,37.15,hard_stop,4.0147908937923275e-08,0,0,live_higher,1
2026-08-20,ff52cd78-148d-4aff-bf3b-f7db4a82db3e,CEFhpvaPUWAzmE7m7mQq9YxJVRkpMDqyx3MDK3GFpump,2026-08-20T15:25:27.145381+00:00,2026-08-20T15:25:49.481856+00:00,5.675150679456434e-08,5.221138625099919e-08,-0.004,hard_stop,0,0.08835139973958334,5708.854990485086,1061.800826597083,2,3,5,0.6666666666666666,4034.279047896076,,50.3346153962825,1787239525000,2.5,5486.408439304331,15.754343146,42.84,30.95,55,6467.0,1.384,87.7,1,,-9.35,-13.21,hard_stop,5.221138625099919e-08,0,1,live_lower,1
2026-08-20,0e29ce29-4be9-4660-a030-2a04414b3108,DRb2D2oJwGRtmgYFn9TKvtBrj914SWcuEDBf5b48pump,2026-08-20T15:25:32.749873+00:00,2026-08-20T15:25:49.717059+00:00,8.616403041058357e-08,7.927090797773688e-08,-0.004,hard_stop,0,0.13352275390625,6546.537289940426,1800.1113709414437,24,1,25,24.0,4275.7776695060875,,99.0791691364927,1787239535000,9.974,2576.0244730057375,18.043577371,28.06,31.3,135,5203.0,0.896,77.9,0,mcap,193.14,194.52,hard_stop,7.927090797773688e-08,0,0,live_higher,1
2026-08-20,88ee200c-ce59-4bd2-ac7e-08ed3ee24d64,BcjthfeauzCeYiqmAtSoND56rXtU4DKi7UF3dgap5rSQ,2026-08-20T15:25:43.500138+00:00,2026-08-20T15:25:49.943750+00:00,7.489598838913422e-08,6.890430931800349e-08,-0.004,hard_stop,0,0.12794862060546874,6322.143613884079,1354.34411601777,4,1,5,4.0,4332.098658295593,,69.61415929543871,1787239545000,8.884,4038.8432510108278,8.515700695,15.9,19.23,13,3078.0,0.827,70.8,0,mcap,62.52,40.33,hard_stop,6.890430931800349e-08,0,0,live_higher,1
2026-08-20,9120925c-49cc-4f1c-adf0-48040a56545e,85NE3Po4jXdFsndi5k27iiWTPjTM7u9P7NLBmvRvpump,2026-08-20T15:27:04.685032+00:00,2026-08-20T15:27:19.512721+00:00,6.202050198865741e-08,5.705886182956482e-08,-0.004,hard_stop,0,0.16134923909505208,5692.388916133289,3109.360083580658,36,13,49,2.769230769230769,4001.443173505673,,99.8823677540661,1787239625000,10.216,4944.864284384514,18.53431598,32.03,20.89,74,4638.0,1.533,89.6,0,mcap,9.92,17.39,hard_stop,5.705886182956482e-08,0,0,live_higher,1
2026-08-20,707a97a2-b270-4087-ae85-3165a69711a1,6ftPkrtKJABGUYvqDu8YbejR3wwAJmYyb1Ya97tZpump,2026-08-20T15:29:43.766089+00:00,2026-08-20T15:29:49.488250+00:00,5.9119624359078166e-08,5.439005441035192e-08,-0.004,hard_stop,0,0.09222673746744792,5198.670181689288,2601.842081056803,31,11,42,2.8181818181818183,3806.0252755026813,,93.7717292738821,1787239785000,7.149,3523.2326763236474,13.018704771,25.69,22.72,106,4243.0,1.131,80.3,0,mcap,47.06,46.26,hard_stop,5.439005441035192e-08,0,0,live_higher,1
2026-08-20,cb2bc3af-a391-4b63-986d-4968b65e11a0,A6qX8zH29kTmqYeCQf3ARAfr6cYfRcwrenQxtAczpump,2026-08-20T15:30:27.398262+00:00,2026-08-20T15:30:49.481556+00:00,9.84468026987515e-08,9.057105848285138e-08,-0.004,hard_stop,0,0.16273680419921874,8916.115162652874,4731.884008619627,27,7,34,3.857142857142857,5035.060423852998,,100.0,1787239825000,7.534,10357.53965674137,35.622192814,50.0,21.32,55,6250.0,2.345,100.0,1,,-16.7,-19.28,hard_stop,9.057105848285138e-08,0,1,live_lower,1
2026-08-20,2c94aa44-7c04-48a4-9e3e-c07b951b3ff3,92K6PqF1ABJAMp8LKqM6dAxLGdaGwCdczjK5G4dqpump,2026-08-20T15:33:23.448389+00:00,2026-08-20T15:33:49.620930+00:00,7.495957620302525e-08,6.896281010678323e-08,-0.004,hard_stop,0,0.07504131673177084,5239.327720840812,1454.2973137837005,10,2,12,5.0,3837.8557736116636,,22.3693586250983,1787240005000,6.189,11234.437930928203,36.329799028,50.76,21.53,65,6335.0,2.358,100.0,1,,-41.52,-41.42,hard_stop,6.896281010678323e-08,0,1,live_lower,1
2026-08-20,7fac977a-72ba-40ac-ab1d-026e915b6589,F9GaQbvyyZ8bsnpRmdFg2MMkKQD2u6sdLhPaNuTNUkx5,2026-08-20T15:33:50.768990+00:00,2026-08-20T15:34:19.493133+00:00,5.647553478962348e-08,5.195749200645361e-08,-0.004,hard_stop,0,0.13849153645833334,5143.066770253612,882.0506308091616,4,1,5,4.0,504.50136783971766,,100.0,,,,,,,,,,,,,,,,,,,,
2026-08-20,c64b91d7-faa7-4bc6-9007-95ec2faf47f6,5vkTQzTusX7wSa6DrXPYvTWwWT71N4Vsyip97Yrupump,2026-08-20T15:33:56.038117+00:00,2026-08-20T15:34:19.641940+00:00,5.247237220102997e-08,4.8274582424947575e-08,-0.004,hard_stop,0,0.16091510416666666,5503.5645163637155,1390.86786665603,12,5,17,2.4,769.6405270776254,,100.0,1787240035000,8.914,350560.0009801305,100.475468,1140.34,1390.96,28,221843.0,0.82,76.4,0,mcap,-98.69,-98.7,take_profit,1.3118093050257493e-07,1,0,live_lower,0
2026-08-20,45e800f2-ec03-40a2-adec-531eeb7fb2ab,FaHZp99C1FdwFQN2Lc3aNWvE4srV61tExwJkcSoRpump,2026-08-20T15:34:10.790976+00:00,2026-08-20T15:34:19.831281+00:00,5.348370586195823e-08,4.920500939300157e-08,-0.004,hard_stop,0,0.09850489501953125,5393.852097942475,681.7444180912208,6,1,7,6.0,3860.35516763923,,96.0756173804314,1787240050000,4.637,2614.3203138906774,13.621634643,17.94,19.96,32,3322.0,0.899,72.9,0,mcap,79.29,91.29,hard_stop,4.920500939300157e-08,0,0,live_higher,1
2026-08-20,fda16708-39d0-47c2-8808-77e82c88cd61,GYeWtdQpt8cjgdjdzpL63zRDhSqmBitrizXPkL2ypump,2026-08-20T15:34:31.564606+00:00,2026-08-20T15:35:19.521037+00:00,6.065407844180676e-08,5.580175216646222e-08,-0.004,hard_stop,0,0.11126416829427083,5282.791448177609,873.4621928376281,7,5,12,1.4,3847.5478894332714,,97.05997961711601,1787240070000,5.112,6008.889816920593,17.000072964,21.23,7.25,48,2495.0,2.929,92.5,1,,-11.54,-15.09,hard_stop,5.580175216646222e-08,0,1,live_lower,1
2026-08-20,d8e9ea58-7e7c-4f80-8ea8-57cfc7f3194b,6xqCocSuQoT2A3Kw8TJrwUH359gViFYHZ9vuyAQgpump,2026-08-20T15:38:01.597455+00:00,2026-08-20T15:39:41.347026+00:00,9.776617910754393e-08,1.0433549522566748e-07,0.003359708,trailing_stop,1,17.410864351399738,8585.865811164482,72624.14759506553,1165,986,2151,1.1815415821501014,4942.592084848326,,88.8398980297976,1787240280000,1042.955,8273.603032296971,25.126021061,426.3,406.11,2152,72953.0,1.05,81.0,1,,3.56,3.71,trailing_stop,1.0315620718234842e-07,1,1,live_higher,1
2026-08-20,fda89067-514c-48f0-9b52-7aa98a3f12c6,HLeypzoXu6SFWqYk2vjhhBgJbMdab2HZy374BPSDpump,2026-08-20T15:40:02.694425+00:00,2026-08-20T15:40:41.465565+00:00,1.6752235268461905e-07,1.5412056446984953e-07,-0.004,hard_stop,0,2.0253187255859375,12128.709766111335,49924.51403222697,691,600,1291,1.1516666666666666,5846.464733061388,,68.29131921723109,1787240405000,124.368,16217.823746269509,48.043995201,321.03,278.32,1390,52526.0,1.153,83.1,1,,-9.47,-9.43,hard_stop,1.5412056446984953e-07,0,1,live_lower,1
2026-08-20,da368254-6658-46e3-88e7-3f0ff8bb4e2a,goUfRz3tU75dixK7cZpQxUmRrLG3FUDUdZcASE9pump,2026-08-20T15:40:05.437069+00:00,2026-08-20T15:41:41.456956+00:00,2.009542856478838e-07,1.8783543690967679e-07,-0.003264138,early_exit_no_green,0,11.391844840494791,17448.909278875653,61633.28665197163,607,451,1058,1.3458980044345898,6994.814943406747,,61.675743656612006,1787240410000,688.291,17661.20492251492,50.541454883,379.64,329.61,1049,62159.0,1.152,83.0,1,,-0.28,0.04,trailing_stop,2.257718618223729e-07,1,1,live_lower,0
2026-08-20,56e21bc5-0f53-46c2-8d04-6bb219d55ac9,5o1ZuSQcA9pbGZutkvdZUEcmJU5pftzV9bqGM5X9xAEZ,2026-08-20T15:54:43.385451+00:00,2026-08-20T15:55:11.399310+00:00,1.8424789533755675e-07,1.6950806371055222e-07,-0.004,hard_stop,0,2.289800809733073,16448.77024616595,63417.6047077206,548,502,1050,1.091633466135458,6781.027936432252,,72.8299361648051,1787241285000,139.005,14176.423341209023,44.103455831,385.04,348.81,1077,64314.0,1.104,82.1,1,,13.9,13.9,hard_stop,1.6950806371055222e-07,0,1,live_higher,1
2026-08-20,b430392f-c7b3-4002-bb64-971d2a4c0638,4fegBMgNNwNiadST4PEkueEuawndeHtNWohjPQVUpump,2026-08-20T16:03:09.829290+00:00,2026-08-20T16:03:51.399772+00:00,1.3083893648030175e-07,1.203718215618776e-07,-0.004,hard_stop,0,20.508751619466146,11412.75396893954,44550.06268731154,681,529,1210,1.287334593572779,5704.063655641501,,88.29547844654955,1787241790000,1230.727,11216.988645065454,34.370047664,272.23,240.01,1212,44893.0,1.134,82.7,1,,2.23,6.24,hard_stop,1.203718215618776e-07,0,1,live_higher,1
2026-08-20,e9a1a4e6-b869-48f7-945e-ef527026a733,5VrKfum5BoN72FrtAG6m8MZkHQ6S9nhoLBPdPqLZ2gbk,2026-08-20T16:08:00.176698+00:00,2026-08-20T16:08:21.688390+00:00,3.624723228571369e-07,3.3347453702856595e-07,-0.004,hard_stop,0,19.29167275390625,31492.099363557765,44858.978996230646,574,394,968,1.4568527918781726,5427.577810590993,,64.15958027293624,1787242080000,1157.087,28284.453611892277,62.2754675,298.13,224.56,984,45809.0,1.328,86.6,1,,12.31,12.39,hard_stop,3.3347453702856595e-07,0,1,live_higher,1
2026-08-20,19dfddbc-b8ba-4933-bcbc-d0de89492f62,ABL2S9mxwyi6Vi3KgWogHQE7v4qjYdvUu2s38YBppump,2026-08-20T16:07:45.668862+00:00,2026-08-20T16:08:51.490972+00:00,2.3791441646602498e-07,2.18881263148743e-07,-0.004,hard_stop,0,2.824078332519531,19457.57698657273,39330.7393812592,549,341,890,1.6099706744868034,7391.38472169831,,61.60842282962341,1787242065000,168.997,20838.598953173685,58.842406642,255.58,205.0,930,40365.0,1.247,84.9,1,,0.06,-0.02,trailing_stop,2.4690613611007955e-07,1,1,live_higher,0
2026-08-20,69ed3e2e-9a8f-4b6d-8901-e35137ccd16c,5f34cC7RiTwrE38xra7ywsBDoQWdXzZSiS8Jk4HApump,2026-08-20T16:10:23.174350+00:00,2026-08-20T16:10:51.406480+00:00,1.9479635039011078e-07,1.7921264235890192e-07,-0.004,hard_stop,0,2.0184791544596354,21098.180492169056,45742.54361961973,648,462,1110,1.4025974025974026,7698.278590967765,,72.1079506213452,1787242225000,123.12,19974.595359915824,56.486755737,303.94,253.29,1204,48836.0,1.2,84.0,1,,-14.53,-14.35,hard_stop,1.7921264235890192e-07,0,1,live_lower,1
2026-08-20,ffaaf4c4-13af-446b-8110-4ac40466b98e,D2dEZEjJNmuHCEnoYCVHtLbxcTTmydvDHUCZqi4ypump,2026-08-20T16:20:16.304218+00:00,2026-08-20T16:21:21.469651+00:00,2.3690317095765095e-07,2.657287657784329e-07,0.006083835,trailing_stop,1,7.001041589355469,17845.842018394207,93407.04259846744,1000,844,1844,1.1848341232227488,4329.987242602682,,68.58068214283576,1787242815000,419.078,22010.14546520002,49.074497849,583.84,515.22,1879,96321.0,1.133,82.7,1,,-5.67,-6.01,trailing_stop,3.0685273926759376e-07,1,1,live_lower,1
2026-08-20,16aff4de-8e52-468c-8b0b-3b4fd0d6096e,EzKVn4znLW8Mc8JAafZWi37KxGp46CHf43jptxdnpump,2026-08-20T16:26:31.618065+00:00,2026-08-20T16:27:21.569053+00:00,6.686699393515721e-08,6.151763442034463e-08,-0.004,hard_stop,0,2.026887744140625,6311.0567684468515,64351.428021520136,899,867,1766,1.0369088811995386,1755.5266314891855,,84.41947767560008,1787243190000,119.612,5546.057066909821,16.872485387,404.2,371.8,1854,68009.0,1.087,81.7,1,,5.66,5.76,hard_stop,6.151763442034463e-08,0,1,live_higher,1
2026-08-20,2ef64002-ad7a-4f00-9b2a-fa1a30199697,EHTJSJ97kDfwtb6qCv5AWgSn18cBAtGbwLSquxqMpump,2026-08-20T16:28:07.475585+00:00,2026-08-20T16:29:51.572603+00:00,1.3594971338740993e-07,1.8818730151544511e-07,0.019212099,trailing_stop,1,2.025426745605469,11060.570749765859,47183.928582175606,899,464,1363,1.9375,5809.238128597775,,70.3331039463272,1787243285000,119.102,21241.357119975743,59.145451776,331.16,277.83,1491,53373.0,1.192,83.8,1,,-43.91,-43.86,trailing_stop,2.3752316268343481e-07,1,1,live_lower,1
2026-08-20,f4906548-dde2-42b9-bbae-5b4e30239125,2aDqxiKMZFxL4n9UtftfwHzg1qS29mfpfN2S3suUpump,2026-08-20T16:34:43.975999+00:00,2026-08-20T16:35:21.512100+00:00,2.3402795102681226e-07,2.153057149446673e-07,-0.004,hard_stop,0,2.0147756998697917,19007.15488071723,45372.8846661853,743,655,1398,1.134351145038168,7351.749013382247,,63.1285524442417,1787243685000,121.615,22450.513407035458,63.100883878,327.96,269.15,1567,52331.0,1.218,84.4,1,,-8.64,-8.7,hard_stop,2.153057149446673e-07,0,1,live_lower,1
2026-08-20,558b1041-ff9b-4cea-85bb-b3a48d3d93c1,EvDxj9d4W7r7UQ34g3tw9siA6qML1ihYrzw9NhhDpump,2026-08-20T16:42:25.933457+00:00,2026-08-20T16:42:51.467026+00:00,1.3533793556194296e-07,1.2451090071698753e-07,-0.004,hard_stop,0,2.017225207519531,9984.440845320596,35252.82796681632,404,315,719,1.2825396825396826,5291.511549437406,,82.0612498495521,1787244145000,119.645,12067.770571642084,39.289217083,234.34,199.76,784,38045.0,1.173,83.5,1,,-1.71,-1.68,hard_stop,1.2451090071698753e-07,0,1,live_lower,1
2026-08-20,c8b47da7-263c-4e13-a5ae-b9c812aeb8d1,FwYKVLDDtvRpTxpr8wDbMmprna4H4Upt65xCG7uLpump,2026-08-20T16:43:01.806184+00:00,2026-08-20T16:43:51.472423+00:00,3.3737822759996137e-07,8.434455689999034e-07,0.075,take_profit,1,7.130190327962239,31359.77934770544,41932.433775297206,495,385,880,1.2857142857142858,9925.338666654494,,65.9322236004957,1787244180000,425.589,30023.414884680158,75.647020169,283.09,209.06,893,43132.0,1.354,87.1,1,,-1.52,-1.7,take_profit,8.434455689999034e-07,1,1,live_lower,1
2026-08-20,d8c25c6a-e68c-44bd-a3ee-f2f02a1e11b4,CbMWV8Sk5oR2XMStjcmhVcyELTaqWsef7hNBMa4tpump,2026-08-20T16:47:01.989286+00:00,2026-08-20T16:47:51.465696+00:00,2.507157147676464e-07,2.306584575862347e-07,-0.004,hard_stop,0,2.016983703613281,25821.19780855561,46661.72359366725,494,380,874,1.3,8526.608032223792,,58.609735425123596,1787244420000,118.752,23790.964556903567,65.714231358,337.59,279.11,1073,54047.0,1.21,84.2,1,,-7.64,-7.65,trailing_stop,2.660331499973242e-07,1,1,live_lower,0
2026-08-20,c7df4a2d-8e42-42f2-9778-b80d5abefedf,GKBz5P9GW1irM8DUgDk1Qtqid3ERi49GKm7SbrP2hSpa,2026-08-20T16:48:47.570505+00:00,2026-08-20T16:49:21.613802+00:00,4.657931494630255e-07,4.285296975059835e-07,-0.004,hard_stop,0,2.030628381347656,37800.880274537216,98435.66896613722,886,816,1702,1.0857843137254901,6140.569382812812,,48.19934569438089,1787244530000,123.954,39737.109443635796,74.730535546,642.74,559.59,1894,105372.0,1.149,83.0,1,,2.73,3.19,hard_stop,4.285296975059835e-07,0,1,live_higher,1
2026-08-20,4ce6f365-9aa9-433b-a9cc-889f4feb8276,GVLFCJBosq5rtYrLTXUr41a8BjEsKBq19ZXHQpT3pump,2026-08-20T16:48:51.105067+00:00,2026-08-20T16:49:21.793919+00:00,1.0467433916432774e-07,9.630039203118152e-08,-0.004,hard_stop,0,2.023756766764323,9961.607234141766,82138.06650564517,695,571,1266,1.2171628721541157,5765.903869342566,,86.71186404727399,1787244530000,119.454,7710.3899647071785,27.410392463,496.68,476.46,1330,85286.0,1.042,80.8,1,,18.98,18.93,hard_stop,9.630039203118152e-08,0,1,live_higher,1
2026-08-20,626299d5-ff15-46b0-b07c-7304c67e560b,F1n4cSmBGa8ZYMPgJ7UrkR8678rLTSdw3AYfQRs8pump,2026-08-20T16:48:25.953608+00:00,2026-08-20T16:52:06.612865+00:00,1.6794922906813104e-07,1.6873297611957537e-07,0.000233329,trailing_stop,1,8.783713016764322,15137.475527158684,41192.07405916134,620,413,1033,1.5012106537530265,6530.041223945644,,65.7868649013096,1787244505000,525.784,14278.62438015108,42.502048677,243.28,216.16,1045,40266.0,1.125,82.5,1,,3.08,2.8,trailing_stop,1.8443383413855223e-07,1,1,live_higher,1
2026-08-20,bacac12e-3232-429b-b1f0-8bc9fb029c8b,3qxH4hgDv8qqG2r6mnEZnxyc5pD777dnXvVpo4Fqpump,2026-08-20T16:52:08.558086+00:00,2026-08-20T16:53:36.648479+00:00,2.1904006680374555e-07,2.015168614594459e-07,-0.004,hard_stop,0,4.462781205240885,19257.343348640145,36000.15716557992,442,326,768,1.3558282208588956,7344.724926012138,,70.7966103933003,1787244730000,269.352,23811.068465546432,64.03113939,248.64,190.06,829,38447.0,1.308,86.2,1,,-19.38,-19.46,trailing_stop,2.662579540875799e-07,1,1,live_lower,0
2026-08-20,7ade0b92-820b-4faa-abe1-bc2a70200548,7hJFU7p6kMmGzifMcXeZ9uP7R7aKT6FBd8uYXkbapump,2026-08-20T16:55:50.766894+00:00,2026-08-20T16:56:36.566681+00:00,2.2543487364120317e-07,2.0740008374990694e-07,-0.004,hard_stop,0,2.027414619954427,26534.703012136524,75625.3130236089,976,607,1583,1.6079077429983526,8568.211413966115,,58.3891728341343,1787244950000,121.146,22655.7497383351,61.432097517,493.85,439.1,1822,81764.0,1.125,82.5,1,,-12.79,-11.21,hard_stop,2.0740008374990694e-07,0,1,live_lower,1
2026-08-20,faa02831-152b-4362-805b-fa44dd975004,71Geo1QcySm986JzmdYuitHqnLPgDLbdjyPoqMPrpump,2026-08-20T16:57:17.156027+00:00,2026-08-20T16:58:06.623670+00:00,4.199775771946999e-07,4.1953124742540924e-07,-5.3137e-05,trailing_stop,0,10.846674104817708,37347.44950647964,98849.43670252245,766,1058,1824,0.724007561436673,10064.171614583282,,69.1312734085052,1787245035000,649.075,37732.53381197905,70.182156414,603.96,528.91,1604,99285.0,1.142,82.8,1,,-2.45,-2.44,trailing_stop,4.2192929182724175e-07,1,1,live_lower,0
2026-08-20,68138978-e669-49df-8f42-ee312c7d77f0,3DmVvQcs1UKVxvGP34GdN6YpvnfKqHfSpK3Pg6kqpump,2026-08-20T16:57:49.574112+00:00,2026-08-20T16:58:06.960867+00:00,1.662400984294259e-07,1.5294089055507183e-07,-0.004,hard_stop,0,2.028993485514323,15079.36186705266,41642.377219691945,466,343,809,1.358600583090379,6492.128943082005,,76.5232227737103,1787245070000,122.082,15807.83788022488,48.018343557,267.6,224.41,845,43120.0,1.193,83.9,1,,-7.84,-0.46,hard_stop,1.5294089055507183e-07,0,1,live_lower,1
2026-08-20,e2eb76b6-b772-4bb8-aea9-db4b5b983341,ENzjkHHNgb7X4eB2pvZ5pQ7B8KUGoD8M7fZtnJsppump,2026-08-20T16:59:48.803171+00:00,2026-08-20T17:00:06.463296+00:00,2.0813308804915007e-07,1.9148244100521807e-07,-0.004,hard_stop,0,2.02881162109375,18040.224637093295,46390.74325098873,572,459,1031,1.2461873638344227,7128.669265352059,,65.5905901205214,1787245190000,122.429,16805.052879457984,51.253871991,299.77,254.17,1101,48548.0,1.179,83.6,1,,8.54,8.27,hard_stop,1.9148244100521807e-07,0,1,live_higher,1
2026-08-20,9df46d73-94b1-4a18-9924-630580a311ac,AUFPTcZ2vRs7hv8hJxJ7gSeLa7BUuRLGd9snpgzv6B6A,2026-08-20T17:04:05.840379+00:00,2026-08-20T17:04:36.797562+00:00,1.8110586580303927e-07,1.6661739653879615e-07,-0.004,hard_stop,0,2.0292421305338544,15034.571154202617,42460.43538803597,710,515,1225,1.3786407766990292,6659.4337166515415,,71.6668494325016,1787245445000,121.022,14461.696318405811,45.783985587,265.64,227.69,1317,43236.0,1.167,83.3,1,,9.75,8.3,hard_stop,1.6661739653879615e-07,0,1,live_higher,1
2026-08-20,a0fc47f7-fa08-4d9c-a621-ff2fadc483ee,6j7fHsXUCuPLqw4uJCD5JfZEn9dCAMrkDHvXkbYspump,2026-08-20T17:07:55.202593+00:00,2026-08-20T17:08:36.471774+00:00,1.2005274672235388e-07,1.1044852698456558e-07,-0.004,hard_stop,0,5.130081892903646,10360.018255173574,40858.23090824118,449,321,770,1.398753894080997,5823.701565481577,,81.3668692327124,1787245675000,308.369,10160.655777043716,31.259644964,238.74,222.47,791,40421.0,1.073,81.5,1,,3.55,3.58,hard_stop,1.1044852698456558e-07,0,1,live_higher,1
2026-08-20,c27aebb7-5452-4138-a90b-50c10e393f2b,9bTjKvVb1pBkRhjZ6f1znpo3ckcv6hVKbV4RmuvMpump,2026-08-20T17:15:19.341707+00:00,2026-08-20T17:16:36.525412+00:00,1.8578720254428012e-07,1.7092422634073772e-07,-0.004,hard_stop,0,2.01755693359375,17247.90988403169,34800.143354148306,521,303,824,1.7194719471947195,6970.271441340507,,63.915456283928805,1787246120000,121.645,16947.59131097765,50.912841834,237.72,199.92,944,38355.0,1.189,83.8,1,,-3.93,-4.46,hard_stop,1.7092422634073772e-07,0,1,live_lower,1
2026-08-20,3f201ceb-f3d7-4d89-93ce-e3353c06b232,9bdb67JcUHKjrHvdfm1xvFa65tZ3Mpe2GsDESmBZpump,2026-08-20T17:17:24.274920+00:00,2026-08-20T17:18:36.520335+00:00,2.855273960509793e-07,2.6268520436690095e-07,-0.004,hard_stop,0,2.017629833984375,23041.88710782138,39687.56887121807,496,397,893,1.2493702770780857,8168.984438409816,,64.685504483241,1787246245000,122.145,23897.84487835819,65.673140838,261.07,201.38,932,40529.0,1.296,85.9,1,,4.71,4.75,hard_stop,2.6268520436690095e-07,0,1,live_higher,1
2026-08-20,8e85fadf-9867-4acb-a66b-cd84f9bf1a6e,Bj8WHavgQNBNdUcvgmwjnVotc2spiSdwy4UgRyQqpump,2026-08-20T17:20:49.566009+00:00,2026-08-20T17:21:06.501881+00:00,2.894652904960486e-07,2.663080672563647e-07,-0.004,hard_stop,0,2.0247834554036457,23495.963629296686,92791.36580404513,770,638,1408,1.206896551724138,5404.115172613815,,61.144344064936554,1787246450000,122.372,14661.3350501305,55.838867765,589.8,535.98,1547,98664.0,1.1,82.0,1,,73.03,73.06,hard_stop,2.663080672563647e-07,0,1,live_higher,1
2026-08-20,a1da7fd0-e41d-4eb3-93ee-0468f400f1e3,A3iUN5AVyCeyxnW97R66cyKfUUwaFk7mCMY3wMkPysbP,2026-08-20T17:24:13.722417+00:00,2026-08-20T17:24:36.744917+00:00,3.580281647640689e-07,3.2938591158294343e-07,-0.004,hard_stop,0,2.0166632080078126,34685.03134117321,50795.64041442219,494,379,873,1.3034300791556728,5815.137382771956,,67.54845351133102,1787246655000,121.575,32823.09298410795,65.599344267,379.66,299.97,1025,59562.0,1.266,85.3,1,,-4.4,-4.14,trailing_stop,3.6703139119609526e-07,1,1,live_lower,0
2026-08-20,c8ee1011-dfaa-407e-bdc5-427a50f40bd4,DZAtr9v9Lc4xjLhnxLnurDk4a2HKkneZxcLxADqNpump,2026-08-20T17:23:37.044363+00:00,2026-08-20T17:25:36.787350+00:00,5.016463826490253e-07,6.382095776747751e-07,0.0136115,trailing_stop,1,2.032008223470052,45440.921952795834,84261.93604405664,1000,845,1845,1.183431952662722,6832.148643318929,,44.2088757320539,1787246615000,120.23,37279.55160971394,80.551832614,595.35,511.63,2122,97016.0,1.164,83.3,1,,17.93,17.99,hard_stop,4.6151467203710334e-07,0,1,live_higher,0
2026-08-20,5f60fe82-d57b-4c6e-80b7-1ba31988afe2,77MSb7q2cKTs82fPNLXSQcVixhuZq6kSUPkUjNy2pump,2026-08-20T17:27:18.766388+00:00,2026-08-20T17:27:36.509646+00:00,4.9141153001216315e-08,4.520986076111901e-08,-0.004,hard_stop,0,2.1601018595377606,5245.544378628272,90376.94306279122,1083,836,1919,1.2954545454545454,3835.2523978418094,,91.61918391910939,1787246840000,130.313,3770.5698408140743,8.14441274,518.29,516.08,1940,90652.0,1.004,80.1,0,mcap,14.22,14.44,hard_stop,4.520986076111901e-08,0,0,live_higher,1
2026-08-20,adb44720-5834-4a88-a6a9-c9f0c89b57f0,CgNHWaxoj3Tqtv4JhTHDBvGREEftPrk3PX67wQ3bpump,2026-08-20T17:28:47.493319+00:00,2026-08-20T17:30:36.878096+00:00,5.436745412572524e-07,7.466612174296838e-07,0.018668032,trailing_stop,1,2.0230383829752605,31838.192459978407,167500.52992726766,1579,1452,3031,1.087465564738292,5604.466514470145,,51.21513542095747,1787246925000,119.119,49793.718761304815,86.479391484,1067.74,962.39,3242,177920.0,1.109,82.2,1,,-4.31,-7.05,trailing_stop,1.031195762159904e-06,1,1,live_lower,1
2026-08-20,a8a638c5-6204-408a-8914-aa219549d4d7,BvVCiRmFZAchiHRV5C3USEzzFDXwd4T54mvg1Cqspump,2026-08-20T17:31:27.983847+00:00,2026-08-20T17:33:06.722177+00:00,2.0271465191371787e-07,1.8649747976062044e-07,-0.004,hard_stop,0,2.030002225748698,19006.60460916894,50288.921286253404,503,449,952,1.1202672605790647,7318.149611885716,,76.6966632214243,1787247090000,124.301,16974.782327200024,49.16654718,309.68,267.72,989,50604.0,1.157,83.1,1,,4.66,5.08,hard_stop,1.8649747976062044e-07,0,1,live_higher,1
2026-08-20,e88863d0-f80f-4aaa-aa58-ec8f33882912,4EUa5vebsktw2BQ3HAwpBokJnjY8KVsC76gKLb2Dpump,2026-08-20T17:33:34.192213+00:00,2026-08-20T17:35:06.633577+00:00,7.67691024909696e-08,8.120189679964652e-08,0.002887095,trailing_stop,1,2.0221263305664063,8511.221074264244,56616.65169606611,634,523,1157,1.2122370936902485,5071.3238489181895,,94.214455064799,1787247215000,122.291,5880.380902621093,18.771864285,351.05,337.57,1249,60351.0,1.04,80.8,1,,14.42,15.04,hard_stop,7.062757429169204e-08,0,1,live_higher,0
2026-08-20,a0a8fc21-466b-42dc-8dc3-65fed117ff40,GWANk687A5Aj5eqi33HdzdeQq6z1e1ySXwwCY5tkpump,2026-08-20T17:41:44.387669+00:00,2026-08-20T17:42:06.547732+00:00,4.4614812761620497e-07,4.1045627740690857e-07,-0.004,hard_stop,0,2.0250578002929687,32714.621775119173,52794.63135205276,576,481,1057,1.1975051975051976,5648.71194582184,,56.25320233129102,1787247705000,122.189,43608.30297551813,86.417083577,463.0,371.91,1411,73171.0,1.245,84.9,1,,-10.34,-6.26,hard_stop,4.1045627740690857e-07,0,1,live_lower,1
2026-08-20,dddc28ae-b1b9-49de-847e-92111fb69d5e,6u7Jsv9wprq62qvmseC53g2pubJ1bNVzdB6MC8tQpump,2026-08-20T17:41:49.303414+00:00,2026-08-20T17:42:41.697140+00:00,1.1242437516561232e-07,1.0343042515236333e-07,-0.004,hard_stop,0,20.27235125325521,9849.610020756612,41728.342647170604,599,370,969,1.6189189189189188,5273.768293994144,,77.17108323534731,1787247715000,1221.488,9074.254745150902,27.731758868,234.01,226.03,969,40318.0,1.035,80.7,1,,8.58,8.18,hard_stop,1.0343042515236333e-07,0,1,live_higher,1
2026-08-20,8aeee00e-5332-43c7-a6e4-52f27c92ded8,Af8hLGodrgxqgmGg6Nfv6YhYLqKcYvYdUUCDRY57pump,2026-08-20T17:45:46.955666+00:00,2026-08-20T17:46:41.733478+00:00,2.4180199136046734e-07,2.3566210846621263e-07,-0.00126961,trailing_stop,0,2.0307026123046876,21622.946397903837,40146.207886355594,541,370,911,1.462162162162162,7946.2158074237905,,59.689178773373,1787247945000,119.365,21310.50581056211,58.472069018,284.44,228.47,1057,44951.0,1.245,84.9,1,,-0.56,16.41,trailing_stop,2.6797989636724436e-07,1,1,live_lower,0
2026-08-20,26719531-dac6-43c0-ac58-26ab0873858b,5b862n9N8RSpZ4Zc5fmFrTbgvJkrMWCrqZ1JCx4vpump,2026-08-20T17:48:04.037743+00:00,2026-08-20T17:50:11.743422+00:00,3.209847510590506e-07,3.2304643674444456e-07,0.00032115,trailing_stop,1,6.081723783365885,29052.103757835925,89995.24084235325,746,759,1505,0.9828722002635046,9048.945070981235,,53.4410960136072,1787248085000,365.754,29665.331826438774,74.386966106,558.27,483.98,1333,91343.0,1.153,83.1,1,,-5.17,-2.94,trailing_stop,3.3172096291544955e-07,1,1,live_lower,1
2026-08-20,22e0965a-057f-4499-9b37-ba537a34f17c,G6wARiaxMhBFacr7hYGGWdZuWqJ6ErKDCHtzc5Urneko,2026-08-20T17:52:05.866362+00:00,2026-08-20T17:53:41.808638+00:00,1.0597778845166846e-07,1.9520849069775524e-07,0.042098775,trailing_stop,1,2.901578653971354,10418.952897029549,58991.25865396936,509,536,1045,0.9496268656716418,6215.656030075499,,78.197226149638,1787248325000,174.102,12519.319995495387,39.624457624,362.04,339.04,1100,61442.0,1.068,81.4,1,,-25.81,-25.45,trailing_stop,2.176634204318395e-07,1,1,live_lower,1
2026-08-20,d8b0fc22-94e9-4cc7-bdef-18e9e5335454,ArU711tniqPcBFsPewPCTzs2JHRKEQ5WEfTPuo7AeYyE,2026-08-20T17:52:50.808308+00:00,2026-08-20T17:54:11.804166+00:00,2.89621933907159e-07,2.664521791945863e-07,-0.004,hard_stop,0,11.583821044921875,25079.420579939237,62672.94256567989,525,403,928,1.3027295285359801,4911.7396015235045,,64.1587234907734,1787248370000,693.767,26180.327988095883,57.635970457,389.0,328.03,941,62840.0,1.186,83.7,1,,-3.05,-2.43,trailing_stop,2.9505683653828023e-07,1,1,live_lower,0
2026-08-20,381d4970-8f13-4db2-9154-07d4afce18b1,7NM1kVcAhgXVeRtAHLntrByoLUNyA653653midwBpump,2026-08-20T17:58:36.925693+00:00,2026-08-20T17:59:12.381952+00:00,1.8019166819102402e-07,1.6577633473574212e-07,-0.004,hard_stop,0,2.0346457194010417,14865.030449164708,53284.32422439355,519,389,908,1.3341902313624678,6478.345547789528,,68.9032723769171,1787248715000,120.058,15421.860807226882,51.628455832,334.37,292.11,963,54905.0,1.145,82.9,1,,2.4,2.45,hard_stop,1.6577633473574212e-07,0,1,live_higher,1
2026-08-20,1774c94d-d04f-4281-bdb5-987035fb2d8c,49DbBgC9Z385FzJqtdTBdDHPRzcD5GoUUeYCRNdYpump,2026-08-20T17:58:23.764054+00:00,2026-08-20T17:59:41.743097+00:00,1.2275328225243448e-07,1.1293301967223973e-07,-0.004,hard_stop,0,2.0205122192382814,10094.700088180794,57607.75244675708,677,589,1266,1.1494057724957556,5625.544030109358,,86.88666655177019,1787248705000,122.62,11700.934583063254,37.784833986,351.36,320.21,1312,58857.0,1.097,81.9,1,,-8.06,-8.13,trailing_stop,1.3084112153585108e-07,1,1,live_lower,0
2026-08-20,82ddc16d-8448-444f-9774-21b54d5d97b4,4CiLPCuACsnm11pP7SqordPyH8mtL56z2vj8pD3Zpump,2026-08-20T17:58:35.021022+00:00,2026-08-20T18:01:11.855218+00:00,2.034674577257023e-07,2.617673570583428e-07,0.014326591,trailing_stop,1,7.252240588378906,17837.151883688573,42071.80534701128,440,329,769,1.337386018237082,7139.011385859738,,69.66568829015416,1787248715000,435.171,18065.413165343718,51.457908357,262.62,214.13,763,41783.0,1.226,84.5,1,,-1.29,1.39,trailing_stop,2.732895080942759e-07,1,1,live_lower,1
2026-08-20,8026527e-48c8-4931-a7b1-d9b060fd82ea,3rZQxH5sjnMqKJerzSCp5DW5X4EXb3k4C3rTwaDmpump,2026-08-20T18:04:34.160947+00:00,2026-08-20T18:04:41.772874+00:00,1.1213172880102575e-07,1.0316119049694369e-07,-0.004,hard_stop,0,2.017672762044271,10452.377699778106,79237.37806575089,1196,918,2114,1.3028322440087146,2519.723141474982,,69.2945206882647,1787249075000,122.221,8454.625180962481,24.027549045,495.07,451.93,2257,82995.0,1.095,81.9,1,,16.23,18.21,hard_stop,1.0316119049694369e-07,0,1,live_higher,1
2026-08-20,5c999590-9548-4328-812d-0e2a1ef545df,HTtdgAEGJqpjVeLPzFnRPN7DfgLqL733Z6ueKMGrpump,2026-08-20T18:07:16.932778+00:00,2026-08-20T18:09:41.781228+00:00,3.1365899429276923e-07,4.3267469756789553e-07,0.018972149,trailing_stop,1,18.14579200032552,27318.62371393088,56309.72570779819,650,509,1159,1.2770137524557956,8759.032215752206,,63.5811288480908,1787249235000,1086.608,27474.92891812225,70.456396344,353.64,287.68,1163,56206.0,1.229,84.6,1,,0.05,1.3,trailing_stop,4.5073845354623463e-07,1,1,live_higher,1
2026-08-20,cff3d7e2-9fdd-47a0-b743-c9d4e36f8f65,6rewXW5nSjQwB1Rgn9ivVAAsmbtBc9x9NZ87i1J5pump,2026-08-20T18:16:34.296227+00:00,2026-08-20T18:17:11.851886+00:00,1.1869739371853734e-07,1.1925414137891516e-07,0.000234524,trailing_stop,1,7.203264685058594,10142.702102312933,42325.453160851765,631,439,1070,1.4373576309794989,5302.87465260826,,74.2444639212971,1787249795000,432.576,10742.176466629824,34.243519157,253.76,228.85,1075,42296.0,1.109,82.2,1,,-3.16,-2.01,trailing_stop,1.2012018413164337e-07,1,1,live_lower,1
2026-08-20,49e0030d-a1bf-404d-997d-d5946f00ef7e,5HiKdA2uuoJKY4y7kosZ8DaKLh9CHJAKcLXwJtNNpump,2026-08-20T18:18:47.010981+00:00,2026-08-20T18:20:11.764937+00:00,2.6716480294965344e-07,2.457916187136812e-07,-0.004,hard_stop,0,13.912572021484374,22932.51291240707,84867.2136440488,799,885,1684,0.9028248587570622,8095.059912293337,,58.0058591358537,1787249925000,833.064,21429.413496266443,61.834500384,517.05,461.79,1421,85786.0,1.12,82.4,1,,9.26,7.6,hard_stop,2.457916187136812e-07,0,1,live_higher,1
2026-08-20,7a93d312-c44f-4533-8cbd-00954fd9afe1,5XeAyznGfB7F6ixDj67n1tGHakaNrZmyb6QLhgfwrDep,2026-08-20T18:22:37.810738+00:00,2026-08-20T18:23:51.770110+00:00,2.2005969758474158e-07,2.0245492177796225e-07,-0.004,hard_stop,0,4.686529724121094,19142.43985382565,41235.43713989876,557,404,961,1.3787128712871286,7330.677896173878,,71.87278087661349,1787250160000,283.83,18259.67841944194,51.961880908,259.9,213.9,976,41524.0,1.215,84.3,1,,5.62,3.14,hard_stop,2.0245492177796225e-07,0,1,live_higher,1
2026-08-20,ac404f40-117a-4e67-9105-dc19e8a8daf3,AQXVX61be3PPAgM4jgFzQMgnjAQNNNQf2YcPfX8pump,2026-08-20T18:30:53.580230+00:00,2026-08-20T18:31:51.792015+00:00,3.0921207774122373e-07,3.635222791406447e-07,0.008782031,trailing_stop,1,15.492927185058594,24861.87390980691,68245.71684440656,617,489,1106,1.261758691206544,5102.043668655132,,61.79751904344331,1787250655000,930.535,28336.714920903323,57.914214043,436.75,360.97,1128,69912.0,1.21,84.2,1,,-4.37,3.02,trailing_stop,3.764446039277686e-07,1,1,live_lower,1
2026-08-20,06a2f50d-2c74-48ff-ae95-71e6d99dc127,HE5PwX1n28BMspuLDif4Utt4APcLx4krbaSubhs76xCZ,2026-08-20T18:32:25.068116+00:00,2026-08-20T18:32:51.813465+00:00,6.906019039516934e-08,6.353537516355579e-08,-0.004,hard_stop,0,2.0308786376953125,5356.845186060499,73770.0306435125,1075,933,2008,1.152197213290461,4270.942620739853,,76.5019668633061,1787250745000,121.276,5971.238134289922,16.831870277,436.49,423.41,2077,75361.0,1.031,80.6,1,,1.36,1.88,hard_stop,6.353537516355579e-08,0,1,live_higher,1
2026-08-20,2e6acf7f-00f2-4ff4-a63e-94cf4d6f8355,9kt6D2s65MzggauCLLCc3PCyuDq3N68W2Kfw75Frpump,2026-08-20T18:38:03.789176+00:00,2026-08-20T18:39:51.834538+00:00,1.5038943071832347e-07,2.3270806682159824e-07,0.027368491,trailing_stop,1,3.52689159749349,12824.846927826831,35816.36268745833,469,358,827,1.3100558659217878,6318.173155810993,,74.6703933459163,1787251085000,212.712,17807.13678928662,53.410535702,237.04,189.82,869,37409.0,1.249,85.0,1,,-25.98,-25.74,trailing_stop,1.991213378993711e-07,1,1,live_lower,1
2026-08-20,56ff2e08-8759-412d-9596-5415d18c0dc1,CJgy7XD3WjiN5PKF4cWDtb2xmvw2s3psXH2uGK67pump,2026-08-20T18:41:37.602352+00:00,2026-08-20T18:43:21.789252+00:00,3.0178055872824045e-07,3.0612269403373396e-07,0.000719419,trailing_stop,1,6.3251490397135415,26146.172836116744,46277.76884092888,513,313,826,1.6389776357827477,8548.706715239061,,57.7590942804381,1787251300000,381.688,27334.977429572722,71.55186969,305.19,235.56,842,47392.0,1.296,85.9,1,,-3.24,-3.37,trailing_stop,3.05662686912155e-07,1,1,live_lower,1
2026-08-20,737ecd82-b715-40d7-96f2-b64d44530d51,8Ga8sUz4Q9Grhs8ush4cgFZt4sEfCx822kh39fCwpump,2026-08-20T18:48:57.995855+00:00,2026-08-20T18:49:21.840740+00:00,1.6706732202425553e-07,1.5370193626231508e-07,-0.004,hard_stop,0,2.015730879720052,15685.73012259348,58642.16096481502,804,653,1457,1.231240428790199,6626.80137812137,,63.7616232499718,1787251740000,123.933,13565.857706380975,40.898323943,355.47,334.88,1554,60503.0,1.061,81.2,1,,7.93,12.14,hard_stop,1.5370193626231508e-07,0,1,live_higher,1
2026-08-20,959b9a8c-6fe2-4547-bf5c-8bcac8e18cfb,4CXKaFyoDEaRtGYqaQv3kmDkzo7RkXKnmfCoq29Lpump,2026-08-20T18:50:20.511832+00:00,2026-08-20T18:50:51.943128+00:00,7.927312769238034e-08,7.293127747698992e-08,-0.004,hard_stop,0,2.022884025065104,7400.179032394667,38448.62901731023,492,355,847,1.3859154929577464,4566.426364205448,,83.3491812707342,1787251820000,121.247,5694.435757978878,20.792140437,237.26,226.53,926,40647.0,1.047,80.9,1,,22.01,2.56,hard_stop,7.293127747698992e-08,0,1,live_higher,1
2026-08-20,ef2d2169-a11b-40ba-9a8b-fbf1c128e636,6vdHzrPqm1AcuMdx4k5cUiWxi9YDxV6yTWqsNZMrpump,2026-08-20T18:52:37.560885+00:00,2026-08-20T18:53:21.848752+00:00,2.615067095323707e-07,2.4058617276978105e-07,-0.004,hard_stop,0,2.019416955566406,22696.41590234169,45730.26440754115,760,586,1346,1.2969283276450512,8413.877251021817,,67.7668123130792,1787251960000,123.379,24109.75268171223,64.114972392,338.47,278.36,1585,54059.0,1.216,84.3,1,,-4.94,-5.14,hard_stop,2.4058617276978105e-07,0,1,live_lower,1
2026-08-20,25fbc4f0-1575-439e-bea1-6d6680a2131f,EsqYneVWU37VHd1hVtN7A7hw5f4eMmBYAEVGm5eFpump,2026-08-20T18:54:21.580158+00:00,2026-08-20T18:56:21.769862+00:00,3.5691894870513136e-07,3.842142750161306e-07,0.003823743,trailing_stop,1,7.117004166666667,31696.844101912975,90728.2639147115,682,773,1455,0.8822768434670116,9446.963311079413,,56.2057467754462,1787252060000,425.807,32149.80841502294,78.667205802,573.08,494.51,1259,93563.0,1.159,83.2,1,,-2.7,-1.97,trailing_stop,4.017329565432996e-07,1,1,live_lower,1
2026-08-20,70ec2b0e-0cb9-46df-8912-ea17af9ed6cd,5xMC6FLknqmS2CMzUU3jM9Bh7QV9FGDFqJosWc28pump,2026-08-20T18:59:23.077505+00:00,2026-08-20T19:01:21.871403+00:00,2.3245167993108873e-07,3.7582934598125983e-07,0.030840316,trailing_stop,1,2.032788073730469,21716.851380486987,44877.01294374892,637,533,1170,1.1951219512195121,7993.952492190619,,60.42707260920587,1787252365000,123.978,21699.29834400948,61.268236381,296.58,240.3,1267,47052.0,1.234,84.7,1,,-6.12,0.01,trailing_stop,4.0645490525970766e-07,1,1,live_lower,1
2026-08-20,177f0089-6a61-4678-9708-c2ca73424e2b,AgriPDTmguv6tTVHjLokbjN2ZBii6bGxawBYUrjSpump,2026-08-20T22:00:30.663196+00:00,2026-08-20T22:00:57.350339+00:00,2.6234458503654694e-07,2.413570182336232e-07,-0.004,hard_stop,0,7.411615844726563,23431.02485884147,85560.459204306,933,843,1776,1.106761565836299,8130.706458390054,,65.62116941666928,1787263230000,444.673,22643.543878511475,61.990873991,536.15,475.45,1848,88656.0,1.128,82.6,1,,1.54,-1.65,hard_stop,2.413570182336232e-07,0,1,live_higher,1
2026-08-20,122a45a5-1706-4a07-81c1-0c474834c2bc,4xVMWdAsFsDubPHj2sw7QaAuQwR227LJNkYWZLZUpump,2026-08-20T22:01:55.924838+00:00,2026-08-20T22:02:27.287707+00:00,1.491399712985474e-07,1.3720877359466363e-07,-0.004,hard_stop,0,0.7415064534505208,11344.348876538097,17338.345247644313,198,97,295,2.0412371134020617,5620.474639523662,,76.7679188775735,1787263315000,120.292,11450.151722203744,38.231543715,167.22,147.73,656,27602.0,1.132,82.6,1,,14.15,10.79,hard_stop,1.3720877359466363e-07,0,1,live_higher,1
2026-08-20,fa66c90a-77b6-4a65-beb5-1238d2405243,FqNvJUZnJKUS5VfupnBZ5KEKxnfgPh8SkHNd7kjupump,2026-08-20T22:00:29.725517+00:00,2026-08-20T22:02:56.932760+00:00,1.3994697477453088e-07,2.188644528690534e-07,0.028195493,trailing_stop,1,2.694949178059896,12093.015803507831,259046.3378125407,2492,3024,5516,0.8240740740740741,3588.245499805968,,69.05159927176662,1787263230000,161.848,19244.61597420261,50.708561379,1493.67,1425.15,5501,255806.0,1.048,81.0,1,,-36.27,-35.64,trailing_stop,2.151953862930004e-07,1,1,live_lower,1
2026-08-20,5d51c1e9-0df6-4506-ab96-5386f11a8452,9zpJ6oGwDFfnvrtftxsDAzF9yfBmFeUVtq9ydAiPp9vU,2026-08-20T22:02:08.050376+00:00,2026-08-20T22:02:57.318339+00:00,2.3377439350128152e-07,2.9624481424085033e-07,0.013361262,trailing_stop,1,0.6251190999348958,29853.140312351203,2322.0733531127144,63,78,141,0.8076923076923077,795.6618022983982,,95.7264467613478,1787263330000,123.929,25427.377857933392,7.549868097,60.14,52.67,917,9887.0,1.142,82.8,1,,-19.43,-20.2,trailing_stop,4.78899214483351e-07,1,1,live_lower,1
2026-08-20,35f80b0b-2bc3-4499-8c21-aceb4e32df39,Bnsd3FCfxBPHhKUhvnFEKSDgpduGU8UyeNJExDndpump,2026-08-20T22:03:04.097776+00:00,2026-08-20T22:03:27.915243+00:00,9.87921173503846e-08,9.088874796235385e-08,-0.004,hard_stop,0,2.02405234375,9057.380689707628,93035.71944536167,891,890,1781,1.001123595505618,2313.2746132895973,,70.28724055068061,1787263385000,122.496,4245.559542354495,22.079925232,575.41,546.71,1888,98342.0,1.053,81.1,0,mcap,103.93,103.96,hard_stop,9.088874796235385e-08,0,0,live_higher,1
2026-08-20,0ef5b4d8-f69d-4ad6-b5be-6c9bc891d326,AScVtDEBvEUAtEL5VEyKVhP41PApFkFUZzW8BrBC5uen,2026-08-20T22:02:28.553932+00:00,2026-08-20T22:03:57.585552+00:00,4.669242873646976e-08,4.605637195443211e-08,-0.000681113,trailing_stop,0,0.3506053507486979,31020.094694441414,22245.863926949773,146,99,245,1.4747474747474747,9431.933258454406,,96.46052323653251,1787263350000,113.854,4195.726837905831,11.739680116,400.37,378.77,1177,68284.0,1.057,81.1,0,mcap,-2.47,-1.84,trailing_stop,4.6917073267317605e-08,1,0,live_lower,0
2026-08-20,2dc5251d-127a-4cd0-b6f7-c6110af098fa,6Mb2LjntjNauf2vGeeLwSzSggtbVfZaBpX8oA693pump,2026-08-20T22:03:47.716213+00:00,2026-08-20T22:04:57.660478+00:00,1.5923863118997475e-07,1.4649954069477678e-07,-0.004,hard_stop,0,8.829755940755208,13903.24535736075,134584.93515143835,1393,1252,2645,1.1126198083067094,6332.422999701255,,76.32173329977729,1787263430000,531.592,13811.251921494859,41.22985352,766.15,728.92,2604,131028.0,1.051,81.0,1,,1.05,2.52,hard_stop,1.4649954069477678e-07,0,1,live_higher,1
2026-08-20,df9776d4-5e26-4a78-96d3-102ecb34269f,AzQEr9vnARnpDQxeDFEVv6DPeywKpVzutbw36NyLepyy,2026-08-20T22:04:08.790071+00:00,2026-08-20T22:05:57.628108+00:00,9.423771236638365e-08,1.2463120522802233e-07,0.016125971,trailing_stop,1,1.0155164306640625,8224.663854451845,9525.627443158235,255,114,369,2.236842105263158,8065.7207456987335,,99.99498568548759,1787263450000,121.962,8649.487388091642,91.994757394,164.67,157.66,1067,28249.0,1.044,80.9,1,,-4.51,-3.19,trailing_stop,1.3966587827343074e-07,1,1,live_lower,1
2026-08-20,b34b8309-0272-40b6-b218-a3933232a9e7,8fztfRGvfq8LEVi8QpNoDVgVvtwVo2pYKo6nShU8pump,2026-08-20T22:05:14.191739+00:00,2026-08-20T22:06:27.196071+00:00,4.085346653223249e-08,5.47509092327111e-08,0.01700889,trailing_stop,1,0.5797559407552083,12755.100719313903,24465.636431822237,231,126,357,1.8333333333333333,5970.811651097341,,99.7558263885213,1787263515000,122.304,3579.9921784771677,6.261882308,194.92,207.15,747,35237.0,0.941,78.8,0,mcap,0.01,-0.0,trailing_stop,5.8589321824258245e-08,1,0,live_higher,1
2026-08-20,ab79b6f9-58fd-42b5-898f-ed8940bf03e5,5Cwca9EBv5wqiwbT62RdJommPfPC4bH8V7nrUJaYB6Hv,2026-08-20T22:05:24.166451+00:00,2026-08-20T22:06:27.337915+00:00,1.6666035318445857e-07,1.5332752492970188e-07,-0.004,hard_stop,0,10.791648954264323,13162.138387361387,217431.20540887563,2348,2300,4648,1.0208695652173914,3268.3333775181286,,80.94807504433719,1787263530000,653.004,14663.461793303297,36.956868079,1246.35,1187.45,4558,213298.0,1.05,81.0,1,,-0.39,8.07,hard_stop,1.5332752492970188e-07,0,1,live_lower,1
2026-08-20,e2b4993d-f40a-4255-8187-b4e27e54fda4,8NfTYBbdA3pqQuHDd9t45SfB6nnBPqi8Ys6CVQA7pump,2026-08-20T22:06:01.595403+00:00,2026-08-20T22:07:57.180159+00:00,2.9867183931596635e-08,2.968445502449537e-08,-0.000305902,early_exit_no_green,0,0.7537970377604166,6654.578766991174,24083.983745796264,331,253,584,1.308300395256917,4327.037617302033,,100.0,1787263555000,114.364,2617.3364843020777,1.005524669,155.64,157.63,736,27455.0,0.987,79.7,0,mcap;pool,0.01,0.52,no_exit_within_window,,0,0,live_higher,
2026-08-20,723d4189-f5a3-44f2-ab7c-9da0f5d7a2cf,EeRUpBBDtv1EMibpQSzFEkfFUdZQeU2GH6Uk2E43pump,2026-08-20T22:06:54.004790+00:00,2026-08-20T22:07:57.730333+00:00,8.392277100614879e-08,7.720894932565689e-08,-0.004,hard_stop,0,0.6978306681315104,5235.899651369366,4816.525649244442,70,31,101,2.2580645161290325,3880.757831056492,,94.1448016750428,1787263615000,121.358,7398.852258273333,22.130450987,50.38,33.25,186,7330.0,1.515,90.3,1,,-0.59,-0.56,trailing_stop,9.512045314859874e-08,1,1,live_lower,0
2026-08-20,500c3d3e-79cd-4348-92c2-b875ca5f44e4,Bz4Gs1tycd1Jio1Fo3qoxcLEfvDVhMvQECCnnijipump,2026-08-20T22:08:07.566195+00:00,2026-08-20T22:08:27.349089+00:00,5.835627013086148e-08,5.368776852039256e-08,-0.004,hard_stop,0,0.5837228963216146,5892.998877984852,13253.333375469509,175,128,303,1.3671875,4063.5052665212133,,98.4844396583655,1787263690000,124.289,4314.328950777966,10.048247262,118.11,109.78,551,19973.0,1.076,81.5,0,mcap,18.54,18.64,hard_stop,5.368776852039256e-08,0,0,live_higher,1
2026-08-20,1bc0f02c-0ec0-4e74-8d20-99f65242aa6f,7ZbohBU7AH7ZsPb4yzRShoAUFF8CWdDPMEmnWi7N9tqv,2026-08-20T22:06:55.575787+00:00,2026-08-20T22:08:57.165593+00:00,3.809888682608276e-07,4.0743051088174837e-07,0.003470133,trailing_stop,1,0.6811640014648438,39133.57335595499,722.9808119656586,8,2,10,4.0,722.5618787746473,,98.8782129538614,1787263615000,120.673,33963.12948083939,9.828551669,34.01,24.32,707,5112.0,1.399,88.0,1,,-1.69,-9.94,trailing_stop,6.081131145764644e-07,1,1,live_lower,1
2026-08-20,e7abd432-3f45-4ccc-9fd2-27ac4fb0d1a3,BM2a4nXYH8nxqX1iifn5y3ipFJRSzZ4pYN3HJHasTz6w,2026-08-20T22:08:51.690321+00:00,2026-08-20T22:09:27.119189+00:00,1.93250347939775e-07,1.8337562187845905e-07,-0.002554905,trailing_stop,0,2.0258810221354167,16739.213630086873,110353.3973399899,1288,1334,2622,0.9655172413793104,3599.386045547833,,56.15057477436055,1787263730000,119.592,22894.021877465886,50.899068242,712.06,646.64,2819,119076.0,1.101,82.0,1,,-26.02,-25.53,trailing_stop,2.5600343952437893e-07,1,1,live_lower,0
2026-08-20,9240fc0b-351a-49a1-8151-b9741844431a,buLSKKXBPBGRBieQWuo4rtziN33o2rhha2YfnCnpump,2026-08-20T22:09:42.421905+00:00,2026-08-20T22:11:27.072546+00:00,7.529853758645715e-08,7.53015491810391e-08,2e-06,early_exit_no_green,1,0.7901989624023438,6584.321859391263,3606.1609991661235,26,10,36,2.6,2622.734851864234,,100.0,,,,,,,,,,,,,,,,,,,,
2026-08-20,296f01dc-76ca-4ab0-acf5-8756ea5d6742,5vp23EKrtJdh3GRAqSWcnKpMLg6EUZwfjmxFniUdpump,2026-08-20T22:02:21.797425+00:00,2026-08-20T22:12:26.696045+00:00,3.399104046022174e-08,3.4022431162923896e-08,4.6175e-05,time_stop,1,0.4998348347981771,6322.270536667582,7590.287578435,34,31,65,1.096774193548387,1877.9755870285871,,100.0,,,,,,,,,,,,,,,,,,,,
2026-08-20,6a016f6f-a818-41e7-8d73-f43b2e7635d7,CdAWsC9t5ahqhNS5Q79Pssa5z47HpXafpwG83wDuDWuv,2026-08-20T22:02:22.715125+00:00,2026-08-20T22:12:26.890070+00:00,2.8619941638698767e-08,2.864651848404938e-08,4.6431e-05,time_stop,1,0.34983483479817706,8132.679776301551,4027.621537438492,14,24,38,0.5833333333333334,4769.392221166813,,100.0,,,,,,,,,,,,,,,,,,,,
2026-08-20,25448892-7a4e-492f-9f97-bc0bc92db229,3fREUnawyt4u9tFiYJ9Y2ogk9igoCdGcwjSJ887Cpump,2026-08-20T22:10:30.446333+00:00,2026-08-20T22:12:27.065645+00:00,2.996729688658579e-08,3.1270909631930945e-08,0.002175059,trailing_stop,1,0.6190436930338542,7555.612828699492,16627.56688053358,199,138,337,1.4420289855072463,5704.320369059986,,100.0,1787263825000,116.021,2545.1532048237286,0.57498618,118.2,122.62,447,21105.0,0.964,79.3,0,mcap;pool,3.19,-0.03,no_exit_within_window,,0,0,live_higher,
2026-08-20,baed3db8-2f75-4174-86f7-e15821e033b2,4LTVXyR3SG5tbLzyimBL4EtG8k9cNzCXJdLC1mdMpump,2026-08-20T22:12:11.435183+00:00,2026-08-20T22:12:27.420137+00:00,7.491404563339265e-08,6.892092198272125e-08,-0.004,hard_stop,0,0.9361889404296875,6467.5444468403975,4289.6798030576365,51,49,100,1.0408163265306123,4242.25857326136,,88.9610485485158,1787263930000,119.723,6468.252857649069,18.977532734,43.36,27.82,153,6239.0,1.558,91.2,1,,1.5,2.37,no_exit_within_window,,0,1,live_higher,
2026-08-20,0559c4a4-e68b-4170-b5b1-e185b972bd3f,2pcZXVF4TnNYdhpXUG4SzFkZA9ysFyDLbhBjopSWNSbv,2026-08-20T22:13:36.453924+00:00,2026-08-20T22:14:27.013095+00:00,4.077265534540847e-07,3.751084291777579e-07,-0.004,hard_stop,0,1.2998828287760418,27057.478512734535,5500.2417459109765,176,218,394,0.8073394495412844,680.8630545952333,,96.7022074452908,1787264015000,119.733,33542.139079943125,10.91103308,64.05,54.84,810,10419.0,1.168,83.4,1,,6.53,4.25,hard_stop,3.751084291777579e-07,0,1,live_higher,1
2026-08-20,219b9ca0-310a-440c-a67f-0d051775fe63,24we6MhQbmj4wEwx7gqjCekTSem6i34Wm8eBpZMUpump,2026-08-20T22:14:32.172762+00:00,2026-08-20T22:15:27.134568+00:00,6.459396193287401e-09,1.6148490483218503e-08,0.075,take_profit,1,0.8911376831054687,7647.003881943175,629.4352693974597,43,21,64,2.0476190476190474,2670.9203428250917,,100.0,1787264070000,118.981,1490.4561314111872,0.079701617,4.39,4.41,131,771.0,0.994,67.2,0,mcap;pool,-24.04,-38.39,no_exit_within_window,,0,0,live_lower,
2026-08-20,87ddd0ba-0d50-463b-8f0d-226308c5d277,8oQ143D3znE2KPHgjADTXMU49BVBQPKFPtBkARPH8Bc5,2026-08-20T22:15:36.116294+00:00,2026-08-20T22:16:12.406666+00:00,4.018903081545407e-07,4.978899787778146e-07,0.011943517,trailing_stop,1,0.6895632405598958,39089.03918828699,722.1923975938944,9,2,11,4.5,721.843814730033,,99.21242412437961,1787264135000,119.869,34781.9680251225,10.005476987,30.32,20.53,577,4457.0,1.477,87.9,1,,1.26,3.56,take_profit,1.0047257703863518e-06,1,1,live_higher,1
2026-08-20,0ac5c192-704e-4ca9-8fe7-13898e65fe71,Fyn2bQ8fefYnFfRp3XF5iAwkZGndDXNb9JeufbXtDGiC,2026-08-20T22:15:21.415918+00:00,2026-08-20T22:16:17.231140+00:00,1.0372544330433265e-07,9.542740783998605e-08,-0.004,hard_stop,0,2.029125211588542,9049.89647746127,377249.31779535935,2501,2889,5390,0.8656974731741087,4897.389449451157,,80.16325561283792,1787264120000,120.253,8541.482746958784,25.815713662,2237.68,2182.78,5556,387409.0,1.025,80.5,1,,6.43,6.43,hard_stop,9.542740783998605e-08,0,1,live_higher,1
2026-08-20,9297b463-ec2c-416b-af51-c7c074ee26e9,58Zx8zvuvHKTmq6WTyTChk2g9W5xjX661cUT7hX4uKyA,2026-08-20T22:15:14.892032+00:00,2026-08-20T22:16:47.119334+00:00,1.0448415960249357e-07,9.962924366241945e-08,-0.002323278,early_exit_no_green,0,0.7891808878580729,8887.300910033939,1350.931174197756,72,15,87,4.8,8137.545510161068,,98.80601433810857,1787264115000,120.272,8982.89366451731,93.873601211,41.62,33.18,439,6556.0,1.254,85.1,1,,1.94,1.94,time_stop,1.0972801705338679e-07,1,1,live_higher,0
2026-08-20,a355e568-e6e8-4efd-bd93-dac9ff8c6123,9vNUEnkdSxRUBHehJK4diqze2aYpQcJe3tMMYAS9pump,2026-08-20T22:16:27.610453+00:00,2026-08-20T22:16:47.269744+00:00,3.4246191126364574e-07,3.150649583625541e-07,-0.004,hard_stop,0,2.029518701171875,35670.849268738544,34746.11597835091,360,287,647,1.254355400696864,8191.641590467473,,73.19660753762903,1787264190000,124.024,26143.504866707957,54.912542834,318.89,249.97,1007,49855.0,1.276,85.5,1,,14.8,24.15,hard_stop,3.150649583625541e-07,0,1,live_higher,1
2026-08-20,23fd0ed3-1174-4f40-bf09-10d7cfedb4a8,985WYiiniqM4Dfi6GQewv9CS9oVKQ2UTSJbdW8eVqSN2,2026-08-20T22:16:59.787639+00:00,2026-08-20T22:17:27.432532+00:00,1.0844710917718257e-07,1.0684523479083798e-07,-0.000738551,trailing_stop,0,1.095861063639323,8825.304528802648,10529.173838810577,243,124,367,1.9596774193548387,8088.478682441654,,97.67722023278039,1787264220000,120.498,9649.533813721671,99.271239949,170.29,158.11,1007,28781.0,1.077,81.5,1,,-1.51,-1.51,trailing_stop,1.1493726192520317e-07,1,1,live_lower,0
2026-08-20,ed2c9cb1-a9b9-45cc-bce9-6ee1cc0f904c,AZbYPJUfJ1LKpoZWUzzgHvDLBwzD7XaKur3UXj9ppump,2026-08-20T22:17:33.757517+00:00,2026-08-20T22:18:27.362882+00:00,4.4058976561753855e-08,4.580102382510628e-08,0.001976949,trailing_stop,1,1.1529135782877604,9312.329486687619,111456.1310158524,779,788,1567,0.9885786802030457,4848.085885926583,,96.89044177007047,1787264255000,122.798,3730.417908750862,10.8983994,734.58,704.73,1945,126141.0,1.042,80.8,0,mcap,3.51,3.6,trailing_stop,4.7718871107635614e-08,1,0,live_higher,1
2026-08-20,9b0c1e60-b22b-4195-bdea-928163cb36e1,4H962aVmurU7ajUh8A4WAX5MCNCBjVNjDXLZWMCDpump,2026-08-20T22:16:29.281269+00:00,2026-08-20T22:18:57.139545+00:00,0.00029803199796544784,0.0003180860999896308,0.003364421,trailing_stop,1,0.912458544921875,48692.36923798396,10007.716136499519,55,5,60,11.0,41352.247611531246,,93.34659510095815,1787264190000,122.961,26295098.387864802,490.25981528,122.61,32.55,102,13598.0,3.767,70.3,0,mcap;vol_mcap,-0.67,-0.98,no_exit_within_window,,0,0,live_lower,
2026-08-20,fcf9eced-9d2c-4aa4-a1ba-2aa143a252df,2KhWZWodWZHR3o9wS9DXr4egMkdqjxN4TUroRxwwhxJq,2026-08-20T22:16:52.036134+00:00,2026-08-20T22:19:57.145288+00:00,4.4789296081330145e-08,5.142307182066742e-08,0.007405537,trailing_stop,1,0.212458544921875,9708.306612875307,8535.626224946805,62,34,96,1.8235294117647058,5221.435875339628,,99.89942006840639,1787264210000,100.992,4024.224943934178,11.445926901,288.28,263.3,598,48340.0,1.095,81.9,0,mcap,-2.46,-2.45,trailing_stop,5.3155345261569163e-08,1,0,live_lower,1
2026-08-20,fcdfb882-2c60-417e-b490-e22c335e9153,7hJXqafoJkR12ampA4QuMkCkPkQZEosnW3iSm5Gcpump,2026-08-20T22:10:32.701096+00:00,2026-08-20T22:20:56.750663+00:00,3.0715877384170025e-08,3.0697045928082226e-08,-3.0654e-05,time_stop,0,0.5857103597005209,5480.10991734267,26918.380405711974,29,18,47,1.6111111111111112,3678.252963285933,,100.0,,,,,,,,,,,,,,,,,,,,
2026-08-20,ca8c07c0-9d30-4a95-a2f4-bb8ecd8247a9,CQQKsy583PnTLyMaQXd6MGudSsuez1FpMHHABf1DaLHq,2026-08-20T22:18:39.856481+00:00,2026-08-20T22:21:26.936851+00:00,1.0064732002186985e-07,1.1421910334941423e-07,0.006742248,trailing_stop,1,1.5312867106119792,8575.350651260193,16894.836363420352,321,223,544,1.4394618834080717,8056.865276591073,,99.73702485904977,1787264320000,120.654,9124.949935868304,94.879743014,154.23,144.77,861,26204.0,1.065,81.3,1,,-3.33,-3.05,trailing_stop,1.0203618128946241e-07,1,1,live_lower,1
2026-08-20,b98b5043-db03-432d-8c66-873041ab7a4b,HcyDRRZ7fPSTL8QcooEoMKoSWoWNktijuoxKiLWhNLMn,2026-08-20T22:12:45.139035+00:00,2026-08-20T22:22:56.847762+00:00,4.6670980474161086e-07,4.6670980474161086e-07,0.0,time_stop,0,0.9092753824869791,39568.05895984355,785.5921142967443,15,7,22,2.142857142857143,752.0442073504219,,99.0946901348888,1787263965000,121.081,1.4816529031678354,10.724763514,26.23,16.73,434,3764.0,1.568,87.7,0,mcap;vol_mcap,2760495.76,10096756.93,hard_stop,4.29373020362282e-07,0,0,live_higher,1
2026-08-20,4d0d4830-5387-4441-aea2-f855c4b509a0,9C3kdFpAL8cCzzBGdRUGyL6Krh59eNoVpS7qy7wypump,2026-08-20T22:20:50.084901+00:00,2026-08-20T22:22:57.031510+00:00,5.72767367111122e-08,5.748856360349331e-08,0.000184915,trailing_stop,1,1.121760498046875,5828.945174708439,3484.065119325488,47,18,65,2.611111111111111,4051.397784252652,,99.6618217448857,1787264465000,137.032,4951.4852900279375,13.378227589,28.18,18.01,83,4048.0,1.565,88.4,0,mcap,1.38,2.59,trailing_stop,5.8778297739804887e-08,1,0,live_higher,1
2026-08-20,47d0caa7-847c-47ab-8761-7511a11e772b,GjsN3ZjyZVXCcyXhgG9vLb3EzaBQy87u5YArx1KpYXHi,2026-08-20T22:24:06.723588+00:00,2026-08-20T22:24:27.121201+00:00,4.667087368158227e-07,4.2937203787055687e-07,-0.004,hard_stop,0,1.4182262084960937,34870.163813274085,35976.50442935202,250,75,325,3.3333333333333335,8393.878517806648,,72.6219810338102,1787264645000,118.249,43531.599474962735,103.303204445,362.25,279.94,604,56282.0,1.294,85.9,1,,-6.04,-8.44,hard_stop,4.2937203787055687e-07,0,1,live_lower,1
2026-08-20,6ab82aa7-8db3-4204-90fa-50552be21893,28p9312Sv6TgDuypxwSFH7DGHFyxZof4jCLv1KYmpump,2026-08-20T22:23:55.060862+00:00,2026-08-20T22:24:56.986132+00:00,2.9058408140808768e-08,2.8318035461232244e-08,-0.001273939,trailing_stop,0,1.434828641764323,23889.309064040473,27103.747656327167,241,156,397,1.544871794871795,8233.271243888898,,100.0,1787264630000,116.125,2622.428854869118,1.035672608,203.42,205.35,495,35825.0,0.991,79.8,0,mcap;pool,-2.89,-2.68,trailing_stop,2.946556665563463e-08,1,0,live_lower,0
2026-08-20,634c25c5-ca88-49ae-9cf5-722010022502,8HW5W2uWCy1gEUbVzVqZ87PPRuyjDJ2VnvvpA4WaWfTY,2026-08-20T22:24:18.214870+00:00,2026-08-20T22:25:26.760733+00:00,5.620836069924269e-07,5.171169184330327e-07,-0.004,hard_stop,0,0.4838037556966146,39088.79986918227,722.2448211158365,9,2,11,4.5,721.7916897642132,,99.17725612365659,1787264660000,121.439,50701.337721561235,11.989775035,44.76,32.81,823,6798.0,1.364,87.3,0,mcap,-2.84,-2.47,hard_stop,5.171169184330327e-07,0,0,live_lower,1
2026-08-20,33b6a9c6-5dd6-43fa-bef8-d010b4835bbf,149ete5GAgSWMfzijUQTSSPW8ho2bJDxBhTwH9Etpump,2026-08-20T22:24:49.867098+00:00,2026-08-20T22:25:26.948118+00:00,2.636579973663083e-07,2.4256535757700363e-07,-0.004,hard_stop,0,1.0530153238932292,12096.205159746005,10114.617049005243,168,91,259,1.8461538461538463,5845.105181771403,,66.966692974491,1787264690000,121.095,22338.73870562477,60.581316675,211.73,157.14,849,32328.0,1.347,86.9,1,,3.44,1.24,hard_stop,2.4256535757700363e-07,0,1,live_higher,1
2026-08-20,81a6a2d8-8574-4592-ba2c-82d501f5dce1,E4d9YHLKLNGbCBmQMSD8jkec3ZW6vjj1NWwUAhpap52o,2026-08-20T22:24:57.966122+00:00,2026-08-20T22:25:56.815793+00:00,1.2993438339267658e-07,1.311468848179544e-07,0.000466582,trailing_stop,1,1.1148777303059896,11003.585758909718,540.2204058973854,20,1,21,20.0,10476.76969762879,,99.9664017792643,1787264695000,118.515,11556.539130061667,122.644614969,10.59,1.98,52,1102.0,5.345,88.3,1,,-1.46,-3.42,trailing_stop,1.3281558520126418e-07,1,1,live_lower,1
2026-08-20,121e3c51-136c-4993-9010-ba02f8f92347,DRYK5L6PnL1PqykTMqWPSDDsmVqA5GN9SgXAf16UFqHP,2026-08-20T22:25:39.443916+00:00,2026-08-20T22:26:26.926580+00:00,1.3453100775390226e-07,1.5770789274365157e-07,0.008613957,trailing_stop,1,2.0259756103515625,11773.399143772596,60971.61766851669,653,562,1215,1.1619217081850535,5760.239965694304,,77.51818606354688,1787264740000,121.428,17255.042895871422,49.725707245,379.63,333.97,1255,62539.0,1.137,82.7,1,,-31.67,-31.13,trailing_stop,1.929477640113418e-07,1,1,live_lower,1
2026-08-20,33eea35a-b06a-4262-aedd-6d05217761c0,6dHwnX6DcbdEbDaybeVHZDguTBVc7oJSrZVE5itGpump,2026-08-20T22:24:59.667417+00:00,2026-08-20T22:26:56.737064+00:00,6.346443567235192e-08,6.34513809179179e-08,-1.0285e-05,early_exit_no_green,0,1.0815443969726561,5553.438621823823,1413.1025521797465,8,8,16,1.0,2622.6744627905705,,100.0,,,,,,,,,,,,,,,,,,,,
2026-08-20,00af4412-a2bb-449a-955d-c09162a818c7,CXt2MutgyxxMPRfETh7kZTqJ7S31QPXqQ5MawZf5pump,2026-08-20T22:26:00.473276+00:00,2026-08-20T22:27:56.736768+00:00,4.735938976689175e-08,4.640766027756114e-08,-0.001004795,trailing_stop,0,0.7843491739908854,9890.855437905895,14907.834564296296,175,122,297,1.4344262295081966,5274.464678480526,,99.87454234486209,1787264760000,120.261,3329.464794725858,9.494332861,129.48,128.98,488,22651.0,1.004,80.1,0,mcap,24.66,21.38,hard_stop,4.357063858554041e-08,0,0,live_higher,1
2026-08-20,e66ccc9f-8d94-4934-99df-35cccf4492a0,k8JTVmxaUrMSss5xMwCvRPFvB4qdnbjwF3MeeijNory,2026-08-20T22:26:37.632189+00:00,2026-08-20T22:28:56.968849+00:00,0.00015731198505081624,0.00014472702624675093,-0.004,hard_stop,0,0.8749450276692708,9453.618548994775,3566.006955721171,48,7,55,6.857142857142857,2307.777126424213,,99.89713054260001,1787264790000,112.944,609755.5217522319,997.882229,6018.57,4281.94,149,902736.0,1.406,88.1,0,mcap,-98.87,-98.93,take_profit,0.0003932799626270406,1,0,live_lower,0
2026-08-20,7f2affb5-0445-47cd-b6e8-e32b2938510a,4PYRiRetW5Vvp9K1rsQfKc8AFG2wmBaTUfmen3RRpump,2026-08-20T22:28:06.810253+00:00,2026-08-20T22:28:57.324784+00:00,1.6311062282146834e-07,2.1100449062369694e-07,0.014681407,trailing_stop,1,2.0163559651692706,13008.796015738315,75970.04150275025,711,542,1253,1.311808118081181,7516.384408053412,,71.39953669598479,1787264885000,118.686,15245.354814105855,47.505421047,504.48,460.14,1424,84539.0,1.096,81.9,1,,-6.23,-6.48,hard_stop,1.500617729957509e-07,0,1,live_lower,0
2026-08-20,194cae9b-7159-43d9-94ee-e24738c1ce69,Gf4RijnqcMdkRKuC1CTxLHvVrZSyhd31s6cTu85AGpVG,2026-08-20T22:29:18.960009+00:00,2026-08-20T22:29:57.440723+00:00,4.67754840631998e-07,4.566147860186848e-07,-0.001190801,trailing_stop,0,0.7498904947916667,26608.92454745475,2540.4446229707573,82,90,172,0.9111111111111111,674.8900357664868,,96.3869192491625,1787264960000,122.561,44673.40400831227,11.09112692,69.36,58.13,868,11174.0,1.193,83.9,1,,-8.24,-5.8,trailing_stop,4.995428563229806e-07,1,1,live_lower,0
2026-08-20,05eab6d8-c182-48e5-a79c-574f07e56a04,63tZFU7BGfym2oJeWBpcw1ExJdPh154wkCFihtYypump,2026-08-20T22:28:16.434932+00:00,2026-08-20T22:36:27.109773+00:00,0.0002822583626497272,0.000309045114011832,0.004745077,trailing_stop,1,1.0123678344726563,45515.83295961572,7094.853870683544,55,8,63,6.875,40627.13020599641,,93.25505164152236,1787264895000,119.62,24726104.943787582,483.252492162,93.58,23.93,101,10298.0,3.911,70.2,0,mcap;vol_mcap,0.04,0.98,trailing_stop,0.00031641773146705776,1,0,live_higher,1
2026-08-20,5a3be12d-cff6-4b81-800c-c7f0e9883fbc,CFkY3bZVtd2AkWqBUohVGT9vc6mMhj8TDsyCaRsxpump,2026-08-20T22:26:30.089812+00:00,2026-08-20T22:36:56.742052+00:00,3.7639055219533895e-09,3.772238810996216e-09,0.0001107,time_stop,1,0.8250451253255209,8092.629736131393,29065.754108413723,48,47,95,1.0212765957446808,1914.0903200981745,,100.0,1787264750000,80.512,57835.83499360654,0.8628,15499.87,18461.97,161,2976415.0,0.84,76.8,0,mcap;pool;vol_mcap,-98.86,-98.86,take_profit,9.409763804883473e-09,1,0,live_lower,1
2026-08-20,2cf0101a-faac-477d-b83a-ddd236987848,5sPnZMVUm1vX9no1e9LwC7dzSdASkAhMdo1ntRC4Mnmt,2026-08-20T22:27:31.127441+00:00,2026-08-20T22:37:56.746653+00:00,9.507476695386144e-08,9.507476695386144e-08,0.0,time_stop,0,1.1486837687174478,8418.58516682283,9758.535355726803,242,111,353,2.18018018018018,8042.044792562017,,99.9159041177084,1787264850000,120.84,8760.115832032105,93.041797567,153.33,145.77,1014,26213.0,1.052,81.0,1,,-4.88,-52.25,no_exit_within_window,,0,1,live_lower,
2026-08-20,bb8b1333-1017-4426-afce-75eee1701923,9b1pyjViHaPmpbx7Rn18PC8DAY36N8ugyyNcKwP2pump,2026-08-20T22:36:32.144364+00:00,2026-08-20T22:38:27.092797+00:00,3.13229740849274e-08,2.9410414822447677e-08,-0.003052966,early_exit_no_green,0,1.0320274047851563,5171.882601316436,9664.383474653532,125,87,212,1.4367816091954022,4253.03247956361,,99.999086992523,1787265390000,118.808,2721.460066111824,1.616244951,75.92,75.29,330,13251.0,1.008,80.2,0,mcap;pool,0.87,0.87,no_exit_within_window,,0,0,live_higher,
2026-08-20,d021a0d7-2e0f-4ec9-9492-f419ace231a5,1MNyeVjuSYPpQiDNPVrGKWm1w2fnD5b1gndCK7ppump,2026-08-20T22:37:19.731420+00:00,2026-08-20T22:38:57.276281+00:00,2.9562459515924884e-08,2.8169665688844183e-08,-0.00235568,early_exit_no_green,0,0.6855674682617188,14027.554175059122,4885.258538044507,86,26,112,3.3076923076923075,6273.019387025279,,99.9249942099528,1787265440000,121.414,2468.6251139407223,0.533516836,78.62,83.44,321,14203.0,0.942,78.8,0,mcap;pool,4.95,4.81,no_exit_within_window,,0,0,live_higher,
2026-08-20,61bb79ca-576a-4594-9a22-cb711f72675d,DYa8bJnws7SwGDokXb8s3Ppfor975PoxCbdb233mVAGH,2026-08-20T22:37:58.936056+00:00,2026-08-20T22:38:57.459563+00:00,1.1231201479070445e-07,1.1261512345003676e-07,0.00013494,trailing_stop,1,1.2673946655273438,9572.998712453897,10595.690118550528,180,115,295,1.565217391304348,8637.218476791555,,98.7181436375978,1787265480000,121.736,10106.954954364053,100.620817256,160.34,145.93,788,26842.0,1.099,82.0,1,,-2.61,-2.07,trailing_stop,1.3538569859581823e-07,1,1,live_lower,1
2026-08-20,9f531d49-425d-4225-8f8b-3c403ff7b704,5k76AdwWypWNrncajfHPYFntDvTfNWMddsmGaaAwpump,2026-08-20T22:29:11.380906+00:00,2026-08-20T22:39:26.930653+00:00,2.808858176814708e-08,2.7994245056779803e-08,-0.000167927,time_stop,0,0.6334666300455729,13959.698320619342,11651.27894703708,132,83,215,1.5903614457831325,6419.7644215855,,100.0,1787264930000,99.627,2454.4314549192804,0.025120454,96.57,102.55,342,17450.0,0.942,78.8,0,mcap;pool,0.3,0.32,no_exit_within_window,,0,0,live_higher,
2026-08-20,f3679d0c-65f0-4b05-9303-dcadeec59a56,DphfkTJGZv9XJbG3jg4XizPGFXmcYksTQksyWoJ3pump,2026-08-20T22:39:21.075218+00:00,2026-08-20T22:39:56.985027+00:00,8.7574365066144e-08,8.056841586085248e-08,-0.004,hard_stop,0,1.6471970092773438,6858.232682095291,11831.3877870639,129,83,212,1.5542168674698795,4581.888460778648,,95.31566542566529,1787265565000,124.625,7147.024908700977,22.184250957,79.18,62.88,234,12450.0,1.259,85.2,1,,7.39,9.0,hard_stop,8.056841586085248e-08,0,1,live_higher,1
2026-08-20,de596b61-435e-4348-9020-60aecbe0514a,7LTdCG9h5hL34k9cui7SvMppkcPHFcPWeBZaXw3Ypump,2026-08-20T22:39:34.401001+00:00,2026-08-20T22:39:57.363847+00:00,5.874846104318464e-08,5.404858415972987e-08,-0.004,hard_stop,0,1.6895676310221355,16220.068867083519,25054.708994670807,268,224,492,1.1964285714285714,7624.311609670109,,99.2385943139458,1787265575000,122.31,4445.023198318753,12.172060877,192.87,184.46,643,33069.0,1.046,80.9,0,mcap,15.83,15.68,hard_stop,5.404858415972987e-08,0,0,live_higher,1
2026-08-20,87aba42f-563a-41a3-be56-6ae9dd644f1c,CqdLGUU9AtU5KPjwpMFyQAtQUXzKrYpyEfCGWJFFpump,2026-08-20T22:40:35.682934+00:00,2026-08-20T22:40:57.352257+00:00,7.712743289832883e-09,1.9281858224582208e-08,0.075,take_profit,1,1.3873606119791666,9464.941749674537,730.8598352057843,55,41,96,1.3414634146341464,2735.9636883474896,,100.0,1787265635000,119.825,2570.375583596049,1.414592432,8.2,6.85,152,1319.0,1.198,72.9,0,mcap;pool,-47.4,-39.51,take_profit,1.9281858224582208e-08,1,0,live_lower,1
2026-08-20,d1a237d0-a516-48bc-8a31-bc180ef89a47,4A9dw1u19345BTCUAtdSjBk5c3tq4nbgnTxB9ncArEWR,2026-08-20T22:31:00.219335+00:00,2026-08-20T22:41:26.883981+00:00,9.759236029207477e-08,9.759236029207477e-08,0.0,time_stop,0,0.8215441162109375,8262.634293957371,5217.536110901801,135,61,196,2.2131147540983607,7866.471986838948,,99.9278240274923,1787265060000,120.771,8024.045533609157,91.924620469,164.81,161.18,1044,28570.0,1.022,80.4,1,,6.59,4.6,no_exit_within_window,,0,1,live_higher,
2026-08-20,83d09fc6-9ca3-43e7-8cb8-1ddc929b2ebe,DALN9ycHptk4bU7KNpPnhgT7w6iBqaQscFxWtcSh7jGc,2026-08-20T22:41:08.755185+00:00,2026-08-20T22:41:57.403072+00:00,3.873388614239446e-07,3.5635175251002907e-07,-0.004,hard_stop,0,1.2825318725585937,31847.595421518785,5040.248478327834,195,190,385,1.0263157894736843,772.3002849575909,,95.5647727810934,1787265670000,121.913,41247.09017524688,10.963480637,79.3,68.61,1075,12963.0,1.156,83.1,1,,-17.7,-19.0,trailing_stop,4.6122944285419826e-07,1,1,live_lower,0
2026-08-20,27f29e3e-33fc-4a94-a35b-8ffb3d10b31f,Gg227u7Lsv8V4tVPyEb7HBevGzmzuyVehRrSwMD5Tfi,2026-08-20T22:41:57.748583+00:00,2026-08-20T22:42:57.256374+00:00,4.927298684318076e-07,4.648797520644108e-07,-0.002826104,trailing_stop,0,0.9002642252604167,41296.34092351802,957.3163703812098,11,1,12,11.0,721.5553682533481,,99.1819464257882,1787265720000,122.508,35082.610769349885,10.432084658,40.09,30.25,609,6165.0,1.325,86.5,1,,23.09,21.57,hard_stop,4.5331147895726305e-07,0,1,live_higher,1
2026-08-20,728e67f6-a6d1-4fb7-8e15-22ab3a3141e0,AY6Qyq7EANmYEqchjxkGSNeathEDP7PUWuMMuZU9xLJv,2026-08-20T22:42:05.332890+00:00,2026-08-20T22:43:27.319117+00:00,1.3155616249243988e-07,1.338716992466496e-07,0.000880056,trailing_stop,1,1.033615283203125,10236.924813297332,12000.788601872082,256,127,383,2.015748031496063,8709.08059204272,,91.68086872817749,1787265725000,121.11,11362.368587073044,108.299066496,265.41,244.77,1258,44712.0,1.084,81.7,1,,1.47,1.47,take_profit,3.288904062310997e-07,1,1,live_higher,1
2026-08-20,68b82302-1418-4505-bf89-0884d0110581,BNy4oiJzLQPhWdRqaE9pLmYnoqfmS9ttJYKeFztw5VDc,2026-08-20T22:40:37.179078+00:00,2026-08-20T22:43:57.073686+00:00,1.0374583727104363e-07,1.3594600550595124e-07,0.015518776,trailing_stop,1,1.3706939453125,8549.114465986699,7883.139024397662,553,85,638,6.5058823529411764,8169.610061908587,,98.2589003772909,1787265635000,118.838,8699.006704266045,94.506259223,87.97,80.9,1174,14800.0,1.087,81.7,1,,4.52,4.52,trailing_stop,1.4752108111552316e-07,1,1,live_higher,1
2026-08-20,34bcebb2-6765-4116-96c5-c8f2143248f6,9ANyqmAXfZGRVYVR6dz8wCeTtgveZqzDyJcLgWN3pump,2026-08-20T22:43:44.904128+00:00,2026-08-20T22:43:57.405665+00:00,6.031885175759832e-07,5.549334361699046e-07,-0.004,hard_stop,0,0.9537150065104166,35445.08239066948,27909.180010128446,254,104,358,2.4423076923076925,8621.217743751533,,35.910064658120646,1787265825000,121.102,51005.86565544144,88.166878059,418.72,318.62,1065,64621.0,1.314,86.3,0,mcap,3.64,16.48,hard_stop,5.549334361699046e-07,0,0,live_higher,1
2026-08-20,845d874d-6c7a-4708-8bbf-4fc909cc30f7,BbSfPKoQgC2fWeYvWiyQkp1EiTH59AVrbGRybgQJpump,2026-08-20T22:43:27.358000+00:00,2026-08-20T22:44:27.063786+00:00,4.815733297393397e-08,4.606196732114687e-08,-0.002175542,trailing_stop,0,1.42645830078125,7065.026092654482,20118.36992994856,294,245,539,1.2,4459.912866911147,,98.8903429088198,1787265805000,118.625,4329.581068361872,9.877896611,135.1,129.23,638,23166.0,1.045,80.9,0,mcap,-2.52,-3.1,hard_stop,4.430474633601926e-08,0,0,live_lower,1
2026-08-20,a6281e89-f556-4849-878d-423d2b02a2e2,6xoNjjPDhLHJ9YHjgDyLokepRjZoscVu7stp3AySpump,2026-08-20T22:44:22.738153+00:00,2026-08-20T22:44:57.259423+00:00,1.3286111216734888e-07,1.2223222319396098e-07,-0.004,hard_stop,0,1.5622090616861979,11483.011079253247,5004.579673468606,47,26,73,1.8076923076923077,3140.210942012769,,100.0,1787265865000,124.206,20864.749916880002,6.399403813,44.21,41.11,107,7477.0,1.075,81.5,1,,11.61,26.1,hard_stop,1.2223222319396098e-07,0,1,live_higher,1
2026-08-20,6f838513-b98f-4eaf-920a-1be1370c2935,UBVjB6jZVdEipMo5eHD9B7rtobMk9C61qeEYZGtpump,2026-08-20T22:44:40.304615+00:00,2026-08-20T22:44:57.450637+00:00,9.067914782020132e-08,8.342481599458521e-08,-0.004,hard_stop,0,1.3462572387695313,6744.6286734721025,17710.800067306074,242,178,420,1.3595505617977528,5059.5770933720905,,88.8972980769425,1787265880000,120.312,6937.976449489222,21.518702814,142.3,123.76,576,23318.0,1.15,83.0,1,,14.55,14.1,hard_stop,8.342481599458521e-08,0,1,live_higher,1
2026-08-20,b0ea8b42-8d66-44df-ad5c-3d1d399077f0,7AkzWt4dRCe2j3wdpR1JWTMGNwHqVC5EsxkDs1VbPGcR,2026-08-20T22:44:43.326910+00:00,2026-08-20T22:45:27.199581+00:00,5.924585049075682e-07,5.450618245149628e-07,-0.004,hard_stop,0,1.2962572387695313,40748.68635225546,5565.343374422302,212,226,438,0.9380530973451328,905.7987244255223,,94.72388079986763,1787265885000,123.432,52334.59296242976,12.437570796,78.04,65.9,1048,12615.0,1.184,83.7,0,mcap,-0.79,0.02,hard_stop,5.450618245149628e-07,0,0,live_lower,1
2026-08-20,a011b4c8-c070-451f-9565-4624af871056,ExYvUY2oPrBq78x6HK6Sug7289m5pmn1MANeHw1gukdP,2026-08-20T22:46:51.797009+00:00,2026-08-20T22:48:27.213159+00:00,7.232447316279753e-07,7.649659385252258e-07,0.002884308,trailing_stop,1,1.0085289306640626,41747.392645728454,3331.2322938812795,112,164,276,0.6829268292682927,869.9679780765023,,98.6576964395888,1787266010000,119.486,68505.73975408782,14.253993534,63.2,49.39,806,9867.0,1.28,85.6,0,mcap,-7.47,-7.98,trailing_stop,1.3570912271472731e-06,1,0,live_lower,1
2026-08-20,38e15bee-03dd-4c69-9d12-dc91903ee67d,5E3UKpotoHEbjhKwVQ4DdWAC4uwU8yGb4Zf5xr1Hpump,2026-08-20T22:39:24.913732+00:00,2026-08-20T22:49:26.862072+00:00,7.935094688066106e-08,1.1062376545110583e-07,0.019705385,time_stop,1,1.5805303426106772,6715.205063625534,1729.2508413256805,6,0,6,6.0,4349.168664429629,,100.0,1787265565000,120.487,7048.861284898137,20.882540386,3.1,0.0,9,272.0,3.105,70.7,0,volume;buy_sell,-1.34,-3.23,no_exit_within_window,,0,0,live_lower,
2026-08-20,72c97f6a-1f45-4bb2-952a-50f63f6be15f,754yLVczSpe8VkiCJoXQebgdSSksFMkbo6vAzkmGpump,2026-08-20T22:47:58.521686+00:00,2026-08-20T22:49:56.984099+00:00,2.8091254516409328e-08,2.8024441252325618e-08,-0.000118922,early_exit_no_green,0,1.0603116048177084,13941.089264538512,8694.842338733528,120,43,163,2.7906976744186047,6295.086753040869,,100.0,1787266080000,122.573,2458.9312996606145,0.077306546,95.12,97.04,282,16841.0,0.98,79.6,0,mcap;pool,0.12,0.25,no_exit_within_window,,0,0,live_higher,
2026-08-20,dbe54d7f-44ac-4aed-ab3d-d7195b87938d,4xPbyPgpuyZuzrMzpC8zWKTu4Pe78nUTGJmmEJjnpump,2026-08-20T22:40:18.106481+00:00,2026-08-20T22:50:26.902812+00:00,0.0002813582491559444,0.0002813582491559444,0.0,time_stop,0,1.4047457356770834,46588.385030293364,10373.91475024363,63,11,74,5.7272727272727275,39807.67803167494,,93.0506425318968,1787265620000,122.317,25121191.355671145,473.275744009,112.43,29.55,101,12444.0,3.804,70.3,0,mcap;vol_mcap,-1.84,-1.84,no_exit_within_window,,0,0,live_lower,
2026-08-20,163e4708-1f5a-4d65-9f63-da1ba01a7990,24wp2gGmmqmCV1EpfQHKKnZcc5bL6kpaLPeFHpzPpump,2026-08-20T22:50:59.128478+00:00,2026-08-20T22:51:56.999628+00:00,4.092781251160238e-07,3.7653587510674195e-07,-0.004,hard_stop,0,1.2710680704752604,13813.369843411048,5731.040515100001,81,68,149,1.1911764705882353,2708.413108034418,,100.0,1787266260000,121.627,114553.74188145231,0.867726171,74.6,74.11,330,13033.0,1.007,80.1,0,mcap;pool,-37.38,-37.33,hard_stop,3.7653587510674195e-07,0,0,live_lower,1
2026-08-20,b1b11eed-3281-4fbd-9d3b-45359ea665b7,7p792PuViXcQMFTskaNyq7gawe3sxYV2bHo1scQdcf7,2026-08-20T22:52:28.985945+00:00,2026-08-20T22:53:02.368879+00:00,9.97280981978057e-08,1.0171413842007026e-07,0.000995728,trailing_stop,1,1.4792697916666666,8279.110510812807,15779.394957046792,202,214,416,0.9439252336448598,7954.684369984122,,99.7906320160972,1787266350000,123.737,8660.116967355407,92.660664327,171.97,164.89,728,29522.0,1.043,80.9,1,,0.92,-1.23,trailing_stop,1.0660986189613698e-07,1,1,live_higher,1
2026-08-20,fda69240-882d-44d3-95f8-8b6865714860,xiv39RwkGxPeftoZCAEMioycKy3VAVy3y8MJEyGsyV8,2026-08-20T22:52:33.523935+00:00,2026-08-20T22:53:12.290161+00:00,4.4656234978929685e-07,6.311620183543433e-07,0.020668969,trailing_stop,1,1.0285662231445312,40183.34981076766,1162.9204970431315,49,35,84,1.4,782.7559452112896,,99.1263342334676,1787266355000,122.994,36801.265987466,12.03014327,46.51,36.42,761,7268.0,1.277,85.5,1,,6.35,4.55,trailing_stop,6.829501340815018e-07,1,1,live_higher,1
2026-08-20,2fb81729-53b2-415a-a95e-a04f7d7c4e93,8abrLrTWSoGK8WhtTT3cnLv2bojp5RSKed5pPAxYpump,2026-08-20T22:51:29.843988+00:00,2026-08-20T22:53:26.974759+00:00,8.131610143568264e-08,9.647944193240814e-08,0.009323701,trailing_stop,1,1.1048496907552083,6527.078709923356,37295.17427946716,478,425,903,1.1247058823529412,4673.058335192445,,88.4015508594591,1787266290000,119.435,8060.338987507972,25.358768022,248.28,230.16,1093,41930.0,1.079,81.6,1,,-11.59,-1.7,trailing_stop,9.013158612229361e-08,1,1,live_lower,1
2026-08-20,84a2f052-6e11-448d-bea4-6e17beda5d1c,D8A2kRs5vKdkaUSz7wwJ26CzcL3jBUfESWPCm2HPpump,2026-08-20T22:53:07.304520+00:00,2026-08-20T22:53:27.335401+00:00,8.592614554482331e-08,1.0144816082902803e-07,0.009032184,trailing_stop,1,1.4467092814127605,9716.064646595694,31033.652453900868,430,348,778,1.235632183908046,5401.118727687398,,88.5178104398268,1787266385000,119.137,8981.092258814551,29.45404571,239.47,213.04,1036,39658.0,1.124,82.5,1,,-16.15,-11.95,hard_stop,7.905205390123745e-08,0,1,live_lower,0
2026-08-20,97c153ef-2ba2-4054-806c-db5bf67fde4c,Eg4hBq2iHEd6cVvt1eKJB5GbH3Wgg547kCspeh3HAfMS,2026-08-20T22:52:06.034836+00:00,2026-08-20T22:53:51.935786+00:00,7.722866193067548e-08,7.105036897622144e-08,-0.004,hard_stop,0,1.0495164754231772,7245.898264893099,10234.235715514054,130,73,203,1.7808219178082192,4552.642720618929,,91.149801474785,1787266325000,120.975,6977.61521408896,21.267437651,80.54,59.92,266,12310.0,1.344,86.9,1,,-3.0,-2.89,hard_stop,7.105036897622144e-08,0,1,live_lower,1
2026-08-20,7b0e552e-3c28-469d-8081-913495d0fb38,9dHNGuMkYoW8BLSKZvcXGJtbSYZTxmzAseaJU4wbpump,2026-08-20T22:53:56.902424+00:00,2026-08-20T22:55:21.982043+00:00,5.419657880034705e-08,5.397259345429114e-08,-0.000206642,trailing_stop,0,1.3522878865559895,8873.711796954885,9604.038549014796,142,101,243,1.4059405940594059,4990.2723049385295,,99.211925723306,1787266435000,119.309,4964.902562807399,12.89891383,86.17,78.77,370,14456.0,1.094,81.9,0,mcap,-4.33,-6.27,trailing_stop,6.922709084555115e-08,1,0,live_lower,0
2026-08-20,963da153-8583-4224-915c-fc8afc285861,7fxFs5u2114PTpTxY62L2Birkn4gosB6FWbB5xFgB2h2,2026-08-20T22:55:08.721352+00:00,2026-08-20T22:55:22.303674+00:00,3.9169804333489024e-07,3.6036219986809904e-07,-0.004,hard_stop,0,1.5130266845703124,27881.809028983673,7371.459232316924,245,275,520,0.8909090909090909,691.0494518847569,,96.8187720264101,1787266510000,121.822,28597.66662343689,8.448800895,72.98,64.78,870,12073.0,1.127,82.5,1,,20.04,22.2,hard_stop,3.6036219986809904e-07,0,1,live_higher,1
2026-08-20,59b6ea91-902c-4c22-8794-9d58e6b4725c,HYrybfoP3NNn6Bj1zbPAgehp6ZheHLFmja3vvWkGHZP6,2026-08-20T22:54:10.576160+00:00,2026-08-20T22:55:51.964313+00:00,4.363148897750655e-07,5.738195736108589e-07,0.015757505,trailing_stop,1,1.2190657063802084,34902.7680470968,2042.034529201554,58,62,120,0.9354838709677419,808.506972422912,,95.37784255502089,1787266450000,120.857,39464.74066418499,10.807911517,60.49,50.17,723,9698.0,1.206,84.1,1,,-3.11,-5.03,trailing_stop,5.717585572765122e-07,1,1,live_lower,1
2026-08-20,f0079715-c5b6-473c-9b41-85d9e6f3c991,g1h6d1C99uuvMJUoaVMPqa3sEWEq72aU7tr9FmW6PJ6,2026-08-20T22:55:12.333273+00:00,2026-08-20T22:56:32.005994+00:00,1.1244313508601474e-07,1.201453904107735e-07,0.003424956,trailing_stop,1,1.4630266845703126,9561.305128651973,10984.216646122233,213,121,334,1.7603305785123966,8435.939419984874,,98.0458303661635,1787266510000,119.071,9735.558026896793,99.296113276,137.76,125.25,672,23050.0,1.1,82.0,1,,1.22,-1.11,trailing_stop,1.2510096443636022e-07,1,1,live_higher,1
2026-08-20,113b583d-1e0b-4ddb-b58d-05b35d1fe4bf,7PcvDtB26eBVJgpzsAykVKhePWoqnCmusTDWGDZbpump,2026-08-20T22:56:15.986152+00:00,2026-08-20T22:57:12.013681+00:00,7.590092723289134e-08,6.982885305426004e-08,-0.004,hard_stop,0,1.2694676472981772,7465.356171981443,18152.47432671653,275,126,401,2.1825396825396823,4578.216798441324,,88.4663146713641,1787266575000,119.407,6179.353531809332,20.236313242,124.71,114.96,548,21005.0,1.085,81.7,1,,7.65,7.79,hard_stop,6.982885305426004e-08,0,1,live_higher,1
2026-08-20,db01b0cb-05f2-436f-a8bf-71cf4b100603,EeXfGwcspRvSJd9v8sKAPjsGM6eFh1e2oTQPGLR5pump,2026-08-20T22:56:59.393330+00:00,2026-08-20T22:57:42.064649+00:00,8.786012537718198e-08,1.0713613074728599e-07,0.010969712,trailing_stop,1,0.8368856160481771,5678.963017315918,17844.80225051725,220,141,361,1.5602836879432624,4155.913573571412,,90.0795697804001,1787266620000,121.002,9304.826323515097,28.4606232,150.8,127.28,554,24371.0,1.185,83.7,1,,-17.25,-18.07,trailing_stop,1.3423393880907107e-07,1,1,live_lower,1
2026-08-20,b5509fa6-d714-4d49-9f41-3f6e49b8debe,3ZL9BPpV37rih15TwQsyZ4vKg4kkK7a6yTKeSg9YQBD4,2026-08-20T22:48:04.022137+00:00,2026-08-20T22:58:11.817707+00:00,1.145619945106363e-07,1.145619945106363e-07,0.0,time_stop,0,1.0614328247070313,8427.815424123695,10379.492272863014,256,127,383,2.015748031496063,7924.66661269304,,97.8401575268073,1787266085000,122.513,10645.220822187486,103.733345318,201.73,184.58,933,33857.0,1.093,81.9,1,,-5.68,-7.55,no_exit_within_window,,0,1,live_lower,
2026-08-20,c1c3a886-dec3-44fc-9548-6cd01c0fe4e6,Hq31UKFpPrrPB48oThgsVBiYsYfXEevYqxXfTAizpump,2026-08-20T22:57:26.929074+00:00,2026-08-20T22:58:12.129945+00:00,3.440168701732454e-07,3.164955205593858e-07,-0.004,hard_stop,0,2.0192945760091146,29239.478292021788,46937.81955034171,845,541,1386,1.5619223659889094,9109.469499014875,,61.3159431476953,1787266645000,119.232,29252.292316528023,75.124476422,305.19,235.84,1451,47416.0,1.294,85.9,1,,3.07,-0.71,hard_stop,3.164955205593858e-07,0,1,live_higher,1
2026-08-20,23d28414-2de3-4ea9-8ad5-436e60894985,8QAdFeJh4JdBmJgbtdxc5k22VHjYLb2epaWp4RCzpump,2026-08-20T22:57:52.873904+00:00,2026-08-20T22:58:12.270728+00:00,4.810616956634192e-07,4.4257676001034564e-07,-0.004,hard_stop,0,0.5635626586914062,30173.815886472737,8786.68648724049,47,19,66,2.473684210526316,9285.453458146407,,64.85753088296616,1787266675000,122.728,36519.3854774094,73.195624647,210.13,126.49,357,29502.0,1.661,93.2,1,,15.45,20.03,hard_stop,4.4257676001034564e-07,0,1,live_higher,1
2026-08-20,50bb1ae7-c1cc-4b62-8186-9241f1640000,6KpTpJXDfxfzbKbZ1uz4qqeRrssCg3WFV89W6rPWpump,2026-08-20T22:57:54.403904+00:00,2026-08-20T22:58:42.001607+00:00,9.266286700268394e-08,8.524983764246923e-08,-0.004,hard_stop,0,0.992947998046875,8789.66290951586,17747.82011088338,177,117,294,1.5128205128205128,4988.80634530313,,97.59754292770441,1787266675000,121.287,6814.18404836102,26.10143499,180.08,165.05,576,30247.0,1.091,81.8,1,,19.18,27.75,hard_stop,8.524983764246923e-08,0,1,live_higher,1
2026-08-20,84c253ce-aeae-489b-99cb-ad20927b5ae9,A36ZBuSX3MKZRZEvtFXNn61AHMhyd3vdW6Joq6o9BwX5,2026-08-20T23:00:10.140742+00:00,2026-08-20T23:00:42.023008+00:00,5.947330370011068e-07,5.471543940410183e-07,-0.004,hard_stop,0,0.8488072021484375,39065.78493182254,721.6879320164685,9,2,11,4.5,721.3742475546463,,98.78577730333839,1787266810000,121.281,54111.285300119205,12.778230894,41.0,28.79,664,6116.0,1.424,88.5,0,mcap,-3.68,-3.35,hard_stop,5.471543940410183e-07,0,0,live_lower,1
2026-08-20,b1b588d6-f642-4843-867c-bebba4a7a3a0,3DUTR391NP9EpdJWe6ngoJtzhr2iigm7qp2qHG4gpump,2026-08-20T23:00:36.974587+00:00,2026-08-20T23:00:42.606958+00:00,1.1366320338195881e-07,1.0457014711140211e-07,-0.004,hard_stop,0,0.7653339233398437,8603.634348929416,17308.38179707863,224,169,393,1.3254437869822486,4916.25265040658,,80.0816552341025,1787266835000,118.555,6172.737818096952,30.754253954,211.39,196.74,891,35769.0,1.074,81.5,1,,61.38,61.75,hard_stop,1.0457014711140211e-07,0,1,live_higher,1
2026-08-20,ed9ae684-3ddb-4e7d-9729-28e5b0bb6a3e,Ch2zyD45Bs65Yzi6fnoRoY3mKyXGnFCMjriqphv9pump,2026-08-20T22:56:39.718333+00:00,2026-08-20T23:01:11.792920+00:00,5.712284264073148e-07,7.589520352133354e-07,0.016431571,trailing_stop,1,1.0529248087565104,45989.6758538249,21663.953974436416,86,10,96,8.6,35273.72760626073,,89.02538463717286,1787266600000,120.524,50791.730965571944,423.79555383,210.59,96.05,130,26874.0,2.192,100.0,0,mcap,-1.44,-2.36,trailing_stop,7.7614606042457e-07,1,0,live_lower,1
2026-08-20,5e636a04-2be6-4e89-a662-30045af5ed45,91m7Uo1rRDMtLfZpvSTgKXETtLystYHfCegjkZKEjDR8,2026-08-20T23:00:52.870369+00:00,2026-08-20T23:01:12.282513+00:00,7.561769116915636e-07,6.956827587562385e-07,-0.004,hard_stop,0,0.6997596761067708,30313.517785844546,1022.4794517201124,48,34,82,1.411764705882353,730.7152608864172,,95.6118753226783,1787266855000,124.169,53341.18915870863,13.01290289,89.15,76.72,1164,14537.0,1.162,83.2,0,mcap,24.24,22.88,hard_stop,6.956827587562385e-07,0,0,live_higher,1
2026-08-20,661295a0-15ed-4ac5-bc79-560a644ac3b2,9W4Rc469pqi4edSkM8v3eU8uCSrcfUhQMFA8Ymk7pump,2026-08-20T23:00:29.898029+00:00,2026-08-20T23:01:16.796824+00:00,6.96295088732069e-08,7.989476192123718e-08,0.007371338,trailing_stop,1,0.6985459309895833,6313.128488905131,1842.3042416752314,44,3,47,14.666666666666666,4213.265344461223,,90.37695134262239,1787266830000,121.149,6567.928133609549,19.157458594,41.34,23.42,132,5675.0,1.765,95.3,1,,-7.09,-10.21,hard_stop,6.405914816335034e-08,0,1,live_lower,0
2026-08-20,d8690d32-5d44-4c22-9466-b0b73c2a8dc1,AjGztD41pxXiYZdH17DXL39PGSXNd3Cj4uGMpwjgDr4p,2026-08-20T23:00:57.455529+00:00,2026-08-20T23:02:17.029077+00:00,3.1721221677958743e-07,4.506561950716022e-07,0.021033865,trailing_stop,1,0.6164263427734376,23767.565292942658,1773.8009556288716,39,59,98,0.6610169491525424,609.4396350105127,,96.91472631933802,1787266855000,119.145,30475.50118245824,8.523368144,61.89,53.31,852,10096.0,1.161,83.2,1,,-8.78,-14.7,trailing_stop,4.3349708074453794e-07,1,1,live_lower,1
2026-08-20,3bb82325-034e-4787-95d7-3c6eb20a662a,8deGUSvMFqS7mC76bt4epSPFjs5Un29duq7sFCSkpump,2026-08-20T23:01:14.145332+00:00,2026-08-20T23:02:57.008893+00:00,7.739789824418046e-08,7.719124662392092e-08,-0.0001335,early_exit_no_green,0,0.7838531494140625,6773.774908562375,1761.0561248970519,11,7,18,1.5714285714285714,4362.359879506312,,100.0,1787266885000,132.307,6774.271574016458,19.881626425,0.34,0.21,22,48.0,0.338,51.7,0,volume;buy_sell,0.13,0.21,no_exit_within_window,,0,0,live_higher,
2026-08-20,b4f5f9a7-5efe-4e36-a209-fb2e16b808b0,8bEXMHKoSa1uphojaP2mYk8bejxYyv8Pa4vvZxKUL4vr,2026-08-20T23:02:27.499948+00:00,2026-08-20T23:02:57.549416+00:00,6.100457438736263e-07,5.612420843637362e-07,-0.004,hard_stop,0,0.9827702758789062,29963.155484837032,17283.637537172017,201,32,233,6.28125,7476.777247205689,,71.6004511416928,1787266945000,118.408,38929.89548580984,118.958383913,315.52,238.95,845,48593.0,1.32,86.4,1,,37.34,37.33,hard_stop,5.612420843637362e-07,0,1,live_higher,1
2026-08-20,579257e0-b7cf-49ba-aa5b-abb2a3cb0ba0,4LomEdE1yJY8raEwvUA9aYtja1e3hmpXEFygQwpTJ9KR,2026-08-20T23:01:29.582834+00:00,2026-08-20T23:03:27.036774+00:00,5.975456342461403e-07,6.295246864521727e-07,0.002675867,trailing_stop,1,0.6173299519856771,39482.71320252726,1515.1591246016278,38,49,87,0.7755102040816326,801.1386947769796,,99.0516499409328,1787266890000,121.978,52734.504244397045,13.68134838,63.33,51.17,837,10035.0,1.238,84.8,0,mcap,-0.69,1.78,hard_stop,5.497419835064491e-07,0,0,live_lower,0
2026-08-20,6a67fdac-f318-432a-94c7-0a73b9bbf6bf,5KQgYAX4kgzUQitBw1KmDwtZrsiXzx8c22A8cKeNpump,2026-08-20T23:01:55.100977+00:00,2026-08-20T23:03:27.187336+00:00,2.8951257289281185e-08,2.8587777588314214e-08,-0.000627744,early_exit_no_green,0,0.9798426066080729,17184.04393172142,14953.302419646512,180,61,241,2.9508196721311477,7562.91142726306,,100.0,1787266915000,121.155,2537.6892241840173,0.530120755,141.05,142.49,357,24849.0,0.99,79.8,0,mcap;pool,-0.02,0.13,no_exit_within_window,,0,0,live_lower,
2026-08-20,48457150-f879-4a8b-ad7c-676f5f4141bd,7HGV9Ze2gSWpr7TJMhj3JWibAVGeJLnDf2YZHsNVpump,2026-08-20T23:03:22.795337+00:00,2026-08-20T23:03:57.083625+00:00,8.580612145120766e-08,7.894163173511105e-08,-0.004,hard_stop,0,0.9118447021484375,5789.90049463957,17227.649088188056,169,92,261,1.8369565217391304,4053.5087357760513,,81.5388076032669,1787267005000,123.343,7908.663681127964,23.896536639,126.86,111.85,403,20920.0,1.134,82.7,1,,-4.91,-3.25,hard_stop,7.894163173511105e-08,0,1,live_lower,1
2026-08-20,fc12e768-e7c0-4dc4-8170-20b3d3e60055,63Xzbh33uZXGDfspv7PpBSfjMVuSRZYosBs3rppkpump,2026-08-20T23:04:12.813562+00:00,2026-08-20T23:04:57.465028+00:00,3.518620351845183e-08,3.2371307236975686e-08,-0.004,hard_stop,0,0.6259338460286459,9993.185727863296,15138.76460395342,119,76,195,1.5657894736842106,5858.940916656308,,99.9068878135196,1787267055000,123.168,3180.731097243581,4.20607079,133.54,134.3,431,23473.0,0.994,79.9,0,mcap;pool,-3.05,-1.84,hard_stop,3.2371307236975686e-08,0,0,live_lower,1
2026-08-20,d98dee97-c6e1-4172-854e-3237dfbe878c,8rd2hZFhnqqwWSPmSBVm86wPyc73DLE7cfkULRe7pump,2026-08-20T23:03:40.424662+00:00,2026-08-20T23:05:26.991205+00:00,2.8515049219014527e-08,2.816048253413786e-08,-0.000621719,early_exit_no_green,0,0.9055054321289062,12853.389078838352,9200.438971026577,113,40,153,2.825,6348.955947070264,,100.0,1787267020000,120.669,2478.883670058203,0.17431206,108.83,110.63,270,19233.0,0.984,79.7,0,mcap;pool,0.81,1.62,no_exit_within_window,,0,0,live_higher,
2026-08-20,44e53d88-9fa1-4b71-93d0-9a0ae23d003f,Cv1Tu1QNQcC4DrEhKPdxT6ErM8Z8UV6JATopp7xQWe2t,2026-08-20T23:04:02.156876+00:00,2026-08-20T23:05:27.178864+00:00,1.2797874628233108e-07,1.3634126097611342e-07,0.00326715,trailing_stop,1,0.6219680948893229,8947.21450959791,1821.3106833235565,45,17,62,2.6470588235294117,8146.94746072722,,96.05444043479986,1787267040000,119.197,11690.292706984648,108.544779365,152.77,130.89,700,24860.0,1.167,83.3,1,,-4.06,-5.2,trailing_stop,1.3480564785478765e-07,1,1,live_lower,1
2026-08-20,028772a8-a31a-4b57-a4d9-e50a393154cc,2rKQGf2nqhptyeCREfGn5mocX3spy6SmMAziN7PsLFbE,2026-08-20T23:04:41.977742+00:00,2026-08-20T23:05:27.459359+00:00,3.678613375991847e-07,3.479676536064937e-07,-0.002703965,trailing_stop,0,0.46529295247395835,39022.90094957038,720.8416304510741,9,2,11,4.5,720.6328361503529,,99.1549382773166,1787267080000,117.096,42793.35444837097,10.809188094,37.21,26.34,622,5569.0,1.412,88.2,1,,-24.66,-24.12,trailing_stop,4.785199379210812e-07,1,1,live_lower,0
2026-08-20,63a3c5d8-09b6-4bf2-a8e7-9d5710195b9e,9zjRYWx9LZcuCwpKSRP3BfpeNZpi5GoEdPUHC7Hrpump,2026-08-20T23:05:08.566809+00:00,2026-08-20T23:05:27.636815+00:00,9.168491885099e-08,8.435012534291081e-08,-0.004,hard_stop,0,0.7875529744466145,9680.124908396334,17940.578423502666,201,126,327,1.5952380952380953,5400.264393250368,,87.0429097803668,1787267110000,121.28,6630.34739330943,26.553926412,155.44,141.09,560,25988.0,1.102,82.0,1,,21.19,28.91,hard_stop,8.435012534291081e-08,0,1,live_higher,1
2026-08-20,08553071-6edd-4c15-a08e-7dbf1471be22,BtyNYEE3qF3XroLWTcEPdYm2cNoUJz86e4gHihE4pump,2026-08-20T23:05:59.671419+00:00,2026-08-20T23:06:27.034398+00:00,6.344126259099421e-08,5.8365961583714676e-08,-0.004,hard_stop,0,1.030461787923177,5991.402124830994,10654.609126342923,145,117,262,1.2393162393162394,4145.008650712493,,97.2823428266619,1787267155000,116.649,5571.55659601373,15.237393959,107.52,92.32,393,17515.0,1.165,83.3,1,,-0.21,-0.21,hard_stop,5.8365961583714676e-08,0,1,live_lower,1
2026-08-20,e543e94f-00a6-46db-a9cf-c013cb32b3f9,ExZnXXP7ckHUGc6qXvJpeSiCANU549kEJzUVfdj2pump,2026-08-20T23:06:01.535448+00:00,2026-08-20T23:06:27.183261+00:00,1.512378240205225e-07,1.391387980988807e-07,-0.004,hard_stop,0,1.1137884033203125,9931.935448596605,9612.289620274916,125,49,174,2.5510204081632653,5496.616669382127,,71.6640314490599,1787267160000,120.565,13247.67266651117,42.446153668,137.63,99.85,373,20812.0,1.378,87.6,1,,0.05,4.17,hard_stop,1.391387980988807e-07,0,1,live_higher,1
2026-08-20,2439bfcc-d758-4fc7-bb21-65ada9f75947,AvG7yyqeX46vf4XGhUXrM88sfcUijck8pFGQK5BQbhcQ,2026-08-20T23:06:27.716976+00:00,2026-08-20T23:06:57.275867+00:00,5.008600379476054e-07,4.60791234911797e-07,-0.004,hard_stop,0,0.9234449869791667,25615.778248160783,3713.6131023671715,100,134,234,0.746268656716418,663.0896687763862,,96.3049960048005,1787267190000,123.895,26530.367267147954,10.642326433,58.33,49.67,723,9465.0,1.174,83.5,1,,65.45,62.09,hard_stop,4.60791234911797e-07,0,1,live_higher,1
2026-08-20,65a6f45d-297c-49db-9ea2-09fc6cb0b4fc,Cii6h4qW2yNP9UNsPa2PLt916yKikmJdYZo8nrNjpump,2026-08-20T23:06:26.961304+00:00,2026-08-20T23:07:57.176438+00:00,3.7793708392109796e-08,3.77842386742937e-08,-1.2528e-05,early_exit_no_green,0,0.9234449869791667,6281.456798268278,1648.278133011185,7,0,7,7.0,4266.301086926787,,100.0,1787267110000,43.967,3648.5723962545217,6.607560429,10.89,14.72,9,2244.0,0.74,62.8,0,mcap,-9.22,8.82,no_exit_within_window,,0,0,live_lower,
2026-08-20,c7d986e6-d408-43e5-94e8-36faa2828459,HMVwx6yZhB1P2EX4jwBRkBE5gw3oskinciF4Kb85kDi4,2026-08-20T23:06:34.290023+00:00,2026-08-20T23:07:57.390667+00:00,3.961571134587131e-07,4.989160435827019e-07,0.012969467,trailing_stop,1,0.8067783203125,39301.621735871326,2354.228503861225,67,71,138,0.9436619718309859,890.5709873134313,,95.2176654730035,1787267195000,121.538,42861.61542837423,10.837546213,75.76,64.94,998,12332.0,1.167,83.3,1,,-19.0,-18.32,trailing_stop,6.79350388665905e-07,1,1,live_lower,1
2026-08-20,01adb934-a2d0-4d5a-b9be-c3923d1b61b4,DmuqgM85gFa54sqqkVxgM8JGMNik9zoVZT4FCh7dpump,2026-08-20T23:07:07.551024+00:00,2026-08-20T23:08:57.196781+00:00,2.812880715625411e-08,2.8117923216887762e-08,-1.9347e-05,early_exit_no_green,0,0.7112079345703125,10984.332896564352,6192.206021670513,82,28,110,2.9285714285714284,5576.6270795408545,,100.0,,,,,,,,,,,,,,,,,,,,
2026-08-20,878d3d31-5686-4df8-a795-183bba4f3f26,2dg78ddMSGSPYNFmeWW1FsekzMT5E7XRKo2ZUx6gpump,2026-08-20T23:08:39.850455+00:00,2026-08-20T23:08:57.508649+00:00,6.022270243669962e-08,5.5404886241763647e-08,-0.004,hard_stop,0,0.7775738810221354,7625.889100482938,10913.400798115428,135,85,220,1.588235294117647,4626.80406132682,,84.0809570862327,1787267320000,122.921,5304.530101907852,14.140044197,91.95,86.69,382,15656.0,1.061,81.2,1,,-0.5,-0.3,hard_stop,5.5404886241763647e-08,0,1,live_lower,1
2026-08-20,219c531a-7015-4504-a623-293abcf266f5,GDP4ni6kuJW2Y78e5KuRZEptHFha13fZ7hvZEPcupump,2026-08-20T23:08:38.369912+00:00,2026-08-20T23:09:27.221310+00:00,1.4236545136794284e-07,1.3097621525850742e-07,-0.004,hard_stop,0,0.794240547688802,7119.232685772914,13308.088778540474,97,71,168,1.3661971830985915,4531.26425578371,,90.5057735796733,1787267320000,123.641,16723.915018445696,51.898171569,168.42,129.15,374,26079.0,1.304,86.1,1,,-25.39,-24.88,trailing_stop,1.8700863439156525e-07,1,1,live_lower,0
2026-08-20,c9b9c673-bf2e-4f3b-b34a-ea5e88ca7783,HDjdSyCmpLBdDGTM7pVXEgjJLsNYR4wekf9KVSEmpump,2026-08-20T23:10:12.814361+00:00,2026-08-20T23:10:27.521568+00:00,1.0125254930485722e-07,9.315234536046864e-08,-0.004,hard_stop,0,0.7283947184244791,5399.353412934567,14791.816164771588,138,97,235,1.422680412371134,3938.0305056553443,,79.7739077339581,1787267415000,123.329,8122.226949208743,27.378154387,109.17,96.18,378,17997.0,1.135,82.7,1,,9.25,21.39,hard_stop,9.315234536046864e-08,0,1,live_higher,1
2026-08-20,e88db3cc-62ef-43ba-95f1-d4ec2427b087,FYxinScJnNxZiqta2Za2kAYAGj8JHAFDwRuojb9Fpump,2026-08-20T23:00:32.438269+00:00,2026-08-20T23:10:56.812992+00:00,2.8048509022139414e-08,2.8004156405684872e-08,-7.9064e-05,time_stop,0,0.7655432698567708,7713.875685955525,5141.852958890858,67,39,106,1.7179487179487178,4684.841798595914,,100.0,1787266790000,79.128,2459.323615211942,3.863207382,38.45,41.4,151,6998.0,0.929,78.6,0,mcap;pool,-0.05,0.15,no_exit_within_window,,0,0,live_lower,
2026-08-20,cec48dea-c7c5-4c50-8ff1-13fbca4584f8,3HAF1E1GeJoXZCyjjYMGUMNAbUQRNgjohQoguMAspump,2026-08-20T23:09:38.573196+00:00,2026-08-20T23:11:26.999645+00:00,2.827955121963597e-08,2.7995260588910523e-08,-0.000502643,early_exit_no_green,0,0.6773084594726563,7789.269926624488,7248.253928578997,105,58,163,1.8103448275862069,4718.96533656031,,100.0,,,,,,,,,,,,,,,,,,,,
2026-08-20,d7a3065b-8651-4515-a783-6eb0e6e10ff3,8deGPA9APTTKVMsGYWFVwkfvSH4UzTY4gfprz9qqpump,2026-08-20T23:10:11.251583+00:00,2026-08-20T23:11:27.175115+00:00,1.2924371959856812e-07,1.677074714223989e-07,0.014880318,trailing_stop,1,0.578091182454427,6673.630107441072,5665.73858171463,60,20,80,3.0,4335.696732181902,,84.32053195469891,1787267410000,120.363,11534.936554431379,36.132413926,124.25,92.16,376,18966.0,1.348,87.0,1,,-1.8,-0.68,trailing_stop,1.7730460171167173e-07,1,1,live_lower,1
2026-08-20,fff37d12-b17b-4965-bc49-2d5a36202ae2,4YSwrPVSYWBTMnBp9kK5kfi716Fr9usRB2jvAFzMpump,2026-08-20T23:12:05.468438+00:00,2026-08-20T23:13:26.986239+00:00,1.1220055689853385e-07,1.216072958631772e-07,0.004191931,trailing_stop,1,0.5384023885091146,5370.59490855981,17823.973246975926,156,111,267,1.4054054054054055,3886.2579453397243,,77.01717557098121,1787267525000,120.949,9938.569655908914,30.41868208,183.94,153.81,590,29600.0,1.196,83.9,1,,-1.06,-1.04,trailing_stop,1.3696571094680161e-07,1,1,live_lower,1
2026-08-20,de9ef388-5de6-4a47-bd84-2ba116a0638b,Gf58wZr817pdnjthCD9bLwhxn4qumnCxqCQfZ3QBoA1Q,2026-08-20T23:12:33.143584+00:00,2026-08-20T23:13:27.140644+00:00,6.040697641999029e-07,5.557441830639108e-07,-0.004,hard_stop,0,0.8690335367838542,40306.81633481224,3026.8415053562335,98,131,229,0.7480916030534351,789.9727441073276,,98.5355219279294,1787267555000,122.363,93380.96961395929,16.607964799,75.2,59.08,853,11769.0,1.273,85.5,0,mcap,-43.31,-43.89,trailing_stop,1.0441961458429951e-06,1,0,live_lower,0
2026-08-20,bebcb23c-5b99-4689-9e48-8d38e33308d0,59M99AVNMwy6g6qDojPDHGqbPLBjvyFgXMnk1D3Apump,2026-08-20T23:13:59.632101+00:00,2026-08-20T23:14:27.166338+00:00,1.423934406611476e-07,1.310019654082558e-07,-0.004,hard_stop,0,2.0141839803059898,13652.776185289797,55355.52248304381,674,491,1165,1.3727087576374746,6317.551933315879,,67.4492968651368,1787267640000,120.805,9123.393770948956,33.027580459,346.15,323.2,1257,58661.0,1.071,81.4,1,,36.78,36.74,hard_stop,1.310019654082558e-07,0,1,live_higher,1
2026-08-20,1afbc67b-af2a-46e3-a28a-ec4eb5403e75,3mZWPfnfDPcaCddXZPN16BBMDDtc5NGEwekpTfSMpump,2026-08-20T23:14:14.241380+00:00,2026-08-20T23:14:27.342187+00:00,1.389908706904296e-07,1.2787160103519523e-07,-0.004,hard_stop,0,0.6184662068684896,7212.916518953344,10683.72462701644,98,63,161,1.5555555555555556,4504.81417408024,,75.4952672051462,1787267655000,121.793,10128.924815228176,36.572287102,127.23,101.23,362,20022.0,1.257,85.1,1,,20.26,22.61,hard_stop,1.2787160103519523e-07,0,1,live_higher,1
2026-08-20,eae6fdf3-03f2-449d-a144-def5e8bdfbb1,QreLaiUYJ4m15ab6PnjyNm1CcNQADcKK35v2M6Gpump,2026-08-20T23:14:33.377668+00:00,2026-08-20T23:14:57.280996+00:00,3.8453040056189893e-07,3.53767968516947e-07,-0.004,hard_stop,0,2.0274760213216148,36379.96780334688,50421.290327542956,424,344,768,1.2325581395348837,5855.060362416516,,67.95132488381591,1787267675000,122.882,31233.021234565374,72.435139768,365.94,293.63,924,57804.0,1.246,84.9,1,,7.9,7.77,hard_stop,3.53767968516947e-07,0,1,live_higher,1
2026-08-20,32c78b11-c666-42bc-85a2-68644b1a41c3,9Pwpcnq39ediQEAGEnmFVNdjn35eVDptEs7JY2h18eto,2026-08-20T23:13:56.010351+00:00,2026-08-20T23:15:11.973585+00:00,5.420199567417815e-07,7.156056455293101e-07,0.01601285,trailing_stop,1,0.6383440633138021,39081.84539283294,721.941764453148,9,2,11,4.5,721.7672106606822,,98.8835686546016,1787267635000,120.058,68194.12343704436,13.769020647,43.2,29.5,637,6372.0,1.464,89.3,0,mcap,-30.34,-28.97,trailing_stop,9.498903495608424e-07,1,0,live_lower,1
2026-08-20,40d6d5f7-71e8-48c8-84d1-31b39bd37e90,5aZyDkz9iSazrvANYsnPsgjCN7uNfnDcBboa5B1Dpump,2026-08-20T23:14:22.796514+00:00,2026-08-20T23:15:41.977561+00:00,7.465414041628355e-08,6.868180918298086e-08,-0.004,hard_stop,0,0.6349053181966146,6219.650825253841,8365.582547700797,126,59,185,2.135593220338983,4199.977465688471,,86.3315331974223,1787267665000,123.241,5791.704751968304,16.247019847,64.34,49.08,237,9940.0,1.311,86.2,1,,12.97,8.22,hard_stop,6.868180918298086e-08,0,1,live_higher,1
2026-08-20,60bd67e2-611f-49e2-9227-9c3830e6421d,5tLmqSBLmdAPK5va31Ejxqf1YLpspmErnE2TLWfSpump,2026-08-20T23:06:02.283353+00:00,2026-08-20T23:16:11.866472+00:00,0.000294812293368228,0.000294812293368228,0.0,time_stop,0,1.0137951212565104,47547.314255375786,18649.15737811452,68,13,81,5.230769230769231,39000.433801388026,,92.85058295207611,1787267165000,125.509,25703603.50804821,465.355799602,174.71,77.38,109,22094.0,2.258,70.5,0,mcap;vol_mcap,0.52,0.48,no_exit_within_window,,0,0,live_higher,
2026-08-20,7ff24cb1-8847-41b2-a30a-adcf2ddf689e,G3pNEduTBSoTAKvJG9DTJcXsvQsbsCjWU27bgknpjMSy,2026-08-20T23:17:14.721338+00:00,2026-08-20T23:18:42.354560+00:00,3.228511218880679e-07,3.557328857477781e-07,0.005092404,trailing_stop,1,0.8382046630859376,26473.054112445938,43086.152665495625,33,22,55,1.5,14309.409773496409,,98.27148659818651,1787267835000,121.41,25530.31662888434,162.689299568,174.35,99.0,139,23957.0,1.761,95.2,1,,10.83,9.02,hard_stop,2.9702303213702244e-07,0,1,live_higher,0
2026-08-20,d4b4e7e2-4773-4770-bbfb-7286307c0897,CRf8W1oZx4e8NHZEZUkgT9Bo1UY2V1srLRsGe2Cvw2wD,2026-08-20T23:19:44.284820+00:00,2026-08-20T23:20:12.730609+00:00,5.142512175466203e-07,4.7311112014289067e-07,-0.004,hard_stop,0,0.826640576171875,40297.92055856779,892.3523041637796,30,24,54,1.25,785.1498930272969,,98.8650388211968,1787267985000,121.913,50578.56295337328,11.751360571,34.64,22.84,605,5038.0,1.516,90.3,0,mcap,-10.89,-17.86,take_profit,1.2856280438665507e-06,1,0,live_lower,0
2026-08-20,c6dce248-1f87-45aa-b29a-25ab7012e504,FV4Z3PxZYh3wRfwzh9NRA3GkBfeTvDbwGE1nittgTdK5,2026-08-20T23:15:44.441828+00:00,2026-08-20T23:20:42.292951+00:00,5.246635061465743e-07,1.3116587653664357e-06,0.075,take_profit,1,0.7441551147460937,28825.03288097801,3369.6299764540427,44,11,55,4.0,25024.14272345102,,99.6840907977015,1787267745000,121.978,46257.69415284007,363.482291269,156.99,41.51,284,17397.0,3.782,100.0,1,,-0.6,-0.09,take_profit,1.3116587653664357e-06,1,1,live_lower,1
2026-08-20,6badd9ba-2ef1-45d4-a571-954e92dfcb7f,Bm97mFQzBSC5mLo3hBBpVba85GFEFmL2CFrPNjaMpump,2026-08-20T23:20:24.948897+00:00,2026-08-20T23:20:42.646525+00:00,9.779117361095378e-08,8.996787972207748e-08,-0.004,hard_stop,0,0.6853688842773438,8280.538008353935,5259.147480197278,78,25,103,3.12,4834.959447308499,,88.127455891136,1787268025000,121.332,7743.184853134693,24.722976962,101.3,80.97,404,15974.0,1.251,85.0,1,,10.68,11.32,hard_stop,8.996787972207748e-08,0,1,live_higher,1
2026-08-20,8e6f73af-2cb4-4455-ad53-ba01b3c6ccb3,3ogbYZA3BHdAeMPAYbXAj6s1uitLV6MBMdfMKUhMqkW7,2026-08-20T23:21:03.386576+00:00,2026-08-20T23:21:42.476289+00:00,6.648794113436203e-07,6.116890584361307e-07,-0.004,hard_stop,0,0.9520766886393229,42592.1373755443,7257.235558711318,50,11,61,4.545454545454546,7763.411136188589,,99.9976167913559,1787268065000,123.033,57597.73487923154,105.159775626,208.89,121.71,483,28974.0,1.716,94.3,0,mcap,1.17,1.17,hard_stop,6.116890584361307e-07,0,0,live_higher,1
2026-08-20,814c45df-6a6b-4a67-88a6-18075043fcdf,TKNZVNSj1Ne5Zi9BxUANpAmd64ax2eLGUoy5RYJRghk,2026-08-20T23:20:42.692405+00:00,2026-08-20T23:22:42.459143+00:00,2.840231015254779e-08,2.8038153173545055e-08,-0.000641069,early_exit_no_green,0,1.0245009195963541,8192.361748409208,2507.988529803472,45,9,54,5.0,4793.45200834852,,96.72215396579311,1787268045000,120.969,2464.9608817449393,0.089454895,33.42,36.14,130,6096.0,0.925,78.5,0,mcap;pool,0.98,1.59,no_exit_within_window,,0,0,live_higher,
2026-08-20,bab4bb52-a640-4f5d-a404-1a757eb5d2ae,H4akBpqX7gp2znozmnfVSSSyfLgY3S7TuhVpuPLEYxfj,2026-08-20T23:22:29.419058+00:00,2026-08-20T23:22:42.650231+00:00,1.9234896106968724e-07,1.7696104418411227e-07,-0.004,hard_stop,0,2.0255995198567707,17141.706396043486,73737.67873677373,819,776,1595,1.0554123711340206,7256.500708696381,,61.6814119972633,1787268150000,121.841,14844.095690170176,50.524033738,447.63,407.74,1630,74965.0,1.098,82.0,1,,13.56,13.33,hard_stop,1.7696104418411227e-07,0,1,live_higher,1
2026-08-20,fbc025fa-2334-4a43-9b84-0f9bb20a644b,DdVntuAE65Fk12rSB1vXvJoXfjV34W79kSyVNfZKpump,2026-08-20T23:22:46.012981+00:00,2026-08-20T23:23:42.355327+00:00,2.9813175593553107e-08,2.9788247838220944e-08,-4.1807e-05,trailing_stop,0,0.5535518229166667,5364.975595164854,3334.876235534476,46,14,60,3.2857142857142856,3886.6222203729685,,99.8677210648832,1787268165000,120.099,2696.466445766102,1.470729814,24.4,25.9,79,4408.0,0.942,77.1,0,mcap;pool,-3.1,3.27,trailing_stop,3.015218070345481e-08,1,0,live_lower,0
2026-08-20,38c99a05-d649-473e-bafd-246a96d30539,E6kHNzHXqAGsua9FKRCPCruTg6yyGDi7EZYGyhAipskr,2026-08-20T23:15:06.145590+00:00,2026-08-20T23:25:11.914384+00:00,4.3501816080771594e-07,4.3501816080771594e-07,0.0,time_stop,0,0.7525586588541666,26895.84916588679,12508.541465014236,189,53,242,3.5660377358490565,7371.635117147404,,96.48987100368433,1787267705000,119.815,36252.38255526144,74.180268939,261.56,201.84,1350,40612.0,1.296,85.9,1,,5.17,5.16,no_exit_within_window,,0,1,live_higher,
2026-08-20,a1b341de-336d-49f7-815e-8642c61bfb3a,9HV2WUrgHgSztHd7fJifYb54B2XzuPEAHEfXDctHpump,2026-08-20T23:24:56.106901+00:00,2026-08-20T23:25:12.660901+00:00,6.541041323073886e-08,6.017758017227975e-08,-0.004,hard_stop,0,0.9888103800455729,5369.548456862897,11894.424013849799,177,121,298,1.462809917355372,3889.7467266002304,,90.8980559239168,1787268295000,120.049,5323.682107503607,15.050185067,90.69,80.25,433,14982.0,1.13,82.6,1,,7.68,9.16,trailing_stop,1.1073717807620588e-07,1,1,live_higher,0
2026-08-20,9d116a02-74f6-40aa-9962-25513f47e259,9Lg3p6SCcabZJVg27rLsrVpWKPEsDE7bKoj5NURYb48,2026-08-20T23:15:42.876646+00:00,2026-08-20T23:25:46.874522+00:00,3.9162783037970034e-07,3.9162783037970034e-07,0.0,time_stop,0,0.7608217814127605,28382.083454904077,1063.446263574128,35,26,61,1.3461538461538463,726.0284778173473,,95.7215543356604,1787267745000,122.476,43777.089956203155,10.959289999,71.49,60.36,987,11556.0,1.184,83.7,1,,-21.6,-12.21,hard_stop,3.6029760394932436e-07,0,1,live_lower,1
2026-08-20,0082c67c-aed2-4c68-be89-6dfa6be4a263,57yXGMo6MEWkgNLUNc6YoudvJb7d2UVPq2TDW6gcdMt2,2026-08-20T23:25:15.663831+00:00,2026-08-20T23:25:47.385667+00:00,4.179010683459599e-07,4.128070646164995e-07,-0.000609475,trailing_stop,0,0.7371892659505208,25662.967491708496,2234.3422259881063,68,77,145,0.8831168831168831,647.1975604934377,,96.4205918630118,1787268315000,119.861,34808.35128994323,10.725783876,61.91,52.2,757,10001.0,1.186,83.7,1,,5.22,-0.44,trailing_stop,5.800349346409871e-07,1,1,live_higher,0
2026-08-20,198a3186-e244-44f2-8681-d55a95aefa05,DPaFTr5Q6WQKamcttjDweXK3cK2ME2Q67r9SE3gvpump,2026-08-20T23:25:33.257182+00:00,2026-08-20T23:25:57.113403+00:00,3.488739057097379e-08,3.2096399325295886e-08,-0.004,hard_stop,0,0.8208011555989584,7116.3335747943875,11274.288882017558,165,93,258,1.7741935483870968,4481.083439801321,,94.27451093511979,1787268330000,117.618,2822.3823215189245,2.300018292,93.04,93.81,454,16375.0,0.992,79.8,0,mcap;pool,8.33,8.59,hard_stop,3.2096399325295886e-08,0,0,live_higher,1
2026-08-20,0448a6c3-ddbb-4f04-a560-738e76ac0916,FHRE1hRcta6qr2qmwCAEktE7QD7RaKp8BYSw73fjpump,2026-08-20T23:26:15.256446+00:00,2026-08-20T23:26:27.169719+00:00,1.5504148164452141e-07,1.426381631129597e-07,-0.004,hard_stop,0,0.8990067057291666,11697.786263562912,23028.334681465738,273,203,476,1.3448275862068966,5740.979679725212,,78.70252168853136,1787268375000,120.963,13383.803010573363,41.118287765,203.95,166.84,769,32496.0,1.222,84.4,1,,1.52,1.91,hard_stop,1.426381631129597e-07,0,1,live_higher,1
2026-08-20,eabf8479-7658-41ba-b2ae-b85e068a8ede,7LsSsnZuooxgXnA44rLte89JqfXVwmqfThoQew8u3Sa2,2026-08-20T23:26:15.998427+00:00,2026-08-20T23:26:57.101710+00:00,4.900102719249446e-07,4.5080945017094905e-07,-0.004,hard_stop,0,0.8990067057291666,39321.940011780884,751.9337884503518,16,2,18,8.0,722.9348555452383,,99.0244359762522,1787268375000,121.252,43830.016041071845,10.96,24.13,13.14,426,3266.0,1.837,91.5,1,,-2.02,-0.75,hard_stop,4.5080945017094905e-07,0,1,live_lower,1
2026-08-20,e633bcca-fba0-4420-b1d8-d371a2783f31,5Zc6ZmFoh3yQyAUGtiFj9YceT2PBSDXpbBnd4Xd9pump,2026-08-20T23:26:27.792067+00:00,2026-08-20T23:27:27.172534+00:00,5.924686345654498e-08,7.116258799046094e-08,0.010055996,trailing_stop,1,1.041813895670573,5228.605300162029,21272.661839152424,178,239,417,0.7447698744769874,3837.644676762723,,98.6278891492579,1787268390000,122.4,6793.927577814687,19.953941555,146.79,131.78,512,24414.0,1.114,82.3,1,,-23.57,-21.92,trailing_stop,7.597043617364666e-08,1,1,live_lower,1
2026-08-20,869e96f3-4d03-4088-b17c-d9325246bb98,HTHbRBvpkJUULaJGYLNuhTC6NBtmabWJ2ppn9QKDAoSZ,2026-08-20T23:17:27.227782+00:00,2026-08-20T23:27:56.870470+00:00,4.821117207607101e-07,4.821117207607101e-07,0.0,time_stop,0,1.079712784830729,40074.377731248416,535.6764485014603,10,8,18,1.25,480.20535076309113,,100.0,1787267845000,119.442,42381.06066276827,9.548985218,10.32,0.76,41,971.0,10.321,71.7,1,,-0.3,-0.9,hard_stop,4.435427830998533e-07,0,1,live_lower,1
2026-08-20,44f41bc6-f99c-4f0d-ae26-07f8353f3ff8,EPkfUyf2XEXVCNqbLiwSX3Gt4rjwwahNCQwyuPUwbxVc,2026-08-20T23:27:04.031030+00:00,2026-08-20T23:27:57.209129+00:00,7.028726487331214e-07,1.4537070227092268e-06,0.053411836,trailing_stop,1,0.9721210896809895,41827.38421358147,1862.0239568155375,56,75,131,0.7466666666666667,862.3103977669306,,98.9613398860709,1787268425000,122.137,93657.80988903937,16.034818464,58.02,41.91,654,8758.0,1.384,87.7,0,mcap,-34.23,-34.03,trailing_stop,1.3610962565655533e-06,1,0,live_lower,1
2026-08-20,2de737d1-0619-4beb-8c74-8444dd87e5f0,C5H1ReA31j2dhqFqcjxpnqHyqZxKWT1JecP8oXiRpump,2026-08-20T23:28:05.684497+00:00,2026-08-20T23:28:27.403138+00:00,4.100669470475819e-08,3.772615912837754e-08,-0.004,hard_stop,0,1.0809621419270834,5896.642155488274,30668.721802853463,317,230,547,1.3782608695652174,4036.2280643878357,,96.828357394577,1787268485000,120.261,4037.1986542949708,8.507858294,202.49,198.99,681,35186.0,1.018,80.4,0,mcap,-10.98,-11.07,hard_stop,3.772615912837754e-08,0,0,live_lower,1
2026-08-20,f0c2c0c7-8720-4a1c-b6e2-ce81a14e005a,GAorWxvrco2WBBwbTs8otsgC45JhWrBM19yjV2nCx7fL,2026-08-20T23:27:57.231694+00:00,2026-08-20T23:28:37.156375+00:00,6.842703023655129e-07,6.295286781762719e-07,-0.004,hard_stop,0,1.1378670817057293,39353.46671251455,3715.4021854486487,153,140,293,1.0928571428571427,924.6135178396038,,95.76847259700371,1787268475000,118.71,58196.62653209213,13.060121486,63.69,50.96,819,10048.0,1.25,85.0,0,mcap,3.05,6.13,hard_stop,6.295286781762719e-07,0,0,live_higher,1
2026-08-20,7e70ed04-e946-43a8-a97a-12b6452aea7c,FMXmESYAa4AsqeQga4LwATsSrxN7J4XHrx6GjTnCpump,2026-08-20T23:27:36.680291+00:00,2026-08-20T23:29:06.973676+00:00,1.6387448697887994e-07,2.605268215515783e-07,0.029489744,trailing_stop,1,2.014481278483073,14206.666152978936,51975.18631451619,475,448,923,1.0602678571428572,6400.903061502379,,63.1071476808775,1787268455000,118.871,14563.083265939062,43.136802844,289.91,276.4,927,49631.0,1.049,81.0,1,,-1.38,5.03,trailing_stop,2.6964001947829583e-07,1,1,live_lower,1
2026-08-20,f916722a-22f9-44d7-8052-2e5a96988664,8Ru8Qhaiv4mB1r6QeE12H8pAkBk2djAK4FbMiaBqpump,2026-08-20T23:28:38.786247+00:00,2026-08-20T23:29:07.277825+00:00,4.2529448419209596e-08,3.912709254567283e-08,-0.004,hard_stop,0,0.9811479451497396,7873.740147120226,12957.72152896798,108,99,207,1.0909090909090908,4707.332743754377,,88.7253762051398,1787268520000,121.671,2712.3758312997447,10.184511079,124.47,127.91,449,22118.0,0.973,79.5,0,mcap,37.42,38.28,hard_stop,3.912709254567283e-08,0,0,live_higher,1
2026-08-20,201bb873-541b-4e7e-b040-4be4118e7291,3tEG5iKPkbnLW72yXtZQQEXNCE8iQEXSkAiWDSrmpump,2026-08-20T23:28:59.428397+00:00,2026-08-20T23:29:37.204498+00:00,7.152878840560272e-08,7.114691385656794e-08,-0.000266938,trailing_stop,0,1.0678690958658854,5753.384904637697,3368.7088331584387,54,23,77,2.347826086956522,4037.858230515504,,99.68695574019831,1787268540000,122.097,7181.233460596347,21.358085638,41.94,20.68,120,5488.0,2.028,100.0,1,,-12.71,-9.44,trailing_stop,8.030133262647671e-08,1,1,live_lower,0
2026-08-20,ff57528c-d050-444d-9272-bd3aa0c19d71,GMRygNgDVL3AmXjqn5TUW7hytjJXhSspkH1FpsTSpump,2026-08-20T23:29:32.168350+00:00,2026-08-20T23:30:07.257051+00:00,1.7076052469524647e-07,1.9292749513231818e-07,0.00649066,trailing_stop,1,1.0348318969726562,6589.292735017217,4849.727426939666,73,23,96,3.1739130434782608,4352.729378869459,,97.34196105071081,1787268570000,118.546,18950.514400054974,53.429531757,109.42,58.99,315,14759.0,1.855,97.1,1,,-21.03,-23.05,trailing_stop,2.1190671054374568e-07,1,1,live_lower,1
2026-08-20,be9b740b-1a8b-413b-a620-896807132996,DxRASX5AmVFgSaS5J7M6zKzpDKwDB5HMbrYzDWRupump,2026-08-20T23:29:46.715864+00:00,2026-08-20T23:30:07.430372+00:00,1.3317600115267992e-07,1.2252192106046552e-07,-0.004,hard_stop,0,1.0435634724934897,12969.849468315717,17908.785260120807,243,206,449,1.1796116504854368,6336.149157227615,,69.4290696503772,1787268585000,118.909,8979.464832770322,33.503718284,187.88,163.41,772,30787.0,1.15,83.0,1,,29.98,29.54,hard_stop,1.2252192106046552e-07,0,1,live_higher,1
2026-08-20,15f4bcad-7a1c-4849-84f2-af793eb0bf25,EiQtinRi7RgTkL34W9RMoTzDdrroDiEn2sbabC5mwXBk,2026-08-20T23:28:18.223945+00:00,2026-08-20T23:30:37.088720+00:00,3.8454316940745814e-07,5.173880894892179e-07,0.017273083,trailing_stop,1,1.1475835978190103,22710.381411532362,1152.0370024679428,75,2,77,37.5,1139.457678522549,,99.9968045833072,1787268500000,122.856,36144.595966353365,16.340213386,16.75,0.35,172,1499.0,16.75,84.4,1,,-6.76,-6.76,trailing_stop,6.156170325627336e-07,1,1,live_lower,1
2026-08-20,b470695d-84bd-49e4-a3ec-4e234b697b43,FLDHqLZoBXeRDMUCfEdKR5ej2fqX55o9588LXRr2pump,2026-08-20T23:31:02.050213+00:00,2026-08-20T23:31:37.409395+00:00,5.79469019422122e-08,5.331114978683523e-08,-0.004,hard_stop,0,1.008993778483073,6506.024441638159,1761.210688250518,38,6,44,6.333333333333333,4325.825224184882,,98.23437878723621,1787268660000,118.509,5278.369019396176,14.031063841,35.62,22.82,93,5121.0,1.561,91.2,1,,-3.79,-7.78,hard_stop,5.331114978683523e-08,0,1,live_lower,1
2026-08-20,dc3ecab1-0dfe-478c-8782-f31ad0f2d125,JhWmwzDEur7h3mRcZEkQj9BVZqkZ4ijjVxMaUDTpump,2026-08-20T23:30:31.356298+00:00,2026-08-20T23:32:07.120665+00:00,2.040162419933615e-07,2.577784652219628e-07,0.013175966,trailing_stop,1,0.9236789916992187,14260.432740398253,24359.90269681365,204,137,341,1.489051094890511,6647.338795935089,,81.5042313036567,1787268630000,119.727,18290.694839081378,52.992330754,274.95,227.48,875,44033.0,1.209,84.2,1,,-2.25,-2.78,trailing_stop,2.77769963807682e-07,1,1,live_lower,1
2026-08-20,03d06c79-7690-4b92-93a8-2085eed56ae8,9tiLg32Azjdbez39MnqUxJiNCSeDKrdEksH6H7oHpump,2026-08-20T23:31:55.914917+00:00,2026-08-20T23:32:37.257459+00:00,1.1370816850961305e-07,1.0461151502884401e-07,-0.004,hard_stop,0,1.2646114624023437,9570.32097641781,13114.521173485384,162,122,284,1.3278688524590163,5245.835886137342,,94.1182639642775,1787268715000,119.719,10280.700400361498,31.449825818,107.23,76.77,369,16126.0,1.397,87.9,1,,-3.07,-3.07,hard_stop,1.0461151502884401e-07,0,1,live_lower,1
2026-08-20,a9cf704a-fa08-48c9-a364-3effa03ebf0c,CRVUydHBTckrYaQqvUyeJAWSEUmT7MScgpmDbuRZGoF5,2026-08-20T23:32:13.526865+00:00,2026-08-20T23:32:37.436179+00:00,4.16943378569204e-07,3.835879082836677e-07,-0.004,hard_stop,0,1.520548885091146,41094.99138415593,6430.926451261166,71,84,155,0.8452380952380952,918.3928023819092,,95.8684188714625,1787268735000,122.387,40891.88816261953,10.683895696,55.31,44.74,235,8768.0,1.236,84.7,1,,-10.64,-8.69,trailing_stop,4.5725753536475506e-07,1,1,live_lower,0
2026-08-20,89340f95-4e1d-411f-9553-f7f8b7781eb3,A1rSs59e38hFsrS6KounMRLYRDHyQR3ZKHW1nDd6RNop,2026-08-20T23:22:50.571493+00:00,2026-08-20T23:33:06.987032+00:00,3.3728451648532953e-07,3.3728451648532953e-07,0.0,time_stop,0,0.5739395345052083,24563.179992744303,1348.0526156511253,36,34,70,1.0588235294117647,767.7777481483934,,95.9571349231843,1787268170000,119.408,30492.58897065474,8.721496193,57.47,48.9,765,9322.0,1.175,83.5,1,,-3.06,-0.86,hard_stop,3.103017551665032e-07,0,1,live_lower,1
2026-08-20,1dcfe874-7a30-4b0e-a0ec-562428c86a61,5gtnUqapFuscoXAPJsVr6Y5f2YRdqBaUti5aNi24pump,2026-08-20T23:31:32.351976+00:00,2026-08-20T23:33:07.126872+00:00,3.263955154632138e-08,3.263966157149088e-08,1.69e-07,early_exit_no_green,1,0.8431138061523438,5574.302464273762,6196.934089821817,61,39,100,1.564102564102564,4197.293009551656,,100.0,1787268655000,84.29,2861.695431537827,2.444150139,47.61,47.17,140,8307.0,1.009,80.2,0,mcap;pool,-0.04,13.64,no_exit_within_window,,0,0,live_lower,
2026-08-20,85f5eca7-b5b4-4d99-8303-56232f2a490d,5PFvEBJXRuuHCVj1aMUrND9zsUsDq3MsAPxTQd5csS5E,2026-08-20T23:33:03.396531+00:00,2026-08-20T23:34:36.989052+00:00,4.895834491766452e-07,4.633193831275875e-07,-0.002682287,trailing_stop,0,0.9628093017578125,29470.977663993595,999.5576638386879,27,20,47,1.35,728.3115850749793,,95.45300615849419,1787268785000,122.604,39946.204152225066,10.855485587,59.35,48.94,789,9490.0,1.213,84.3,1,,7.41,-2.08,trailing_stop,7.047187055893994e-07,1,1,live_higher,0
2026-08-20,6744724e-2bce-41f3-a416-0fe46e922bd8,5T7BisF6xpecuFC92bkxcgh646xU1orzqV1nH2HRpump,2026-08-20T23:33:57.089738+00:00,2026-08-20T23:35:36.975113+00:00,2.8376973545587998e-08,2.822556779115517e-08,-0.000266776,early_exit_no_green,0,0.5896115112304687,9074.04998351979,5066.104978761451,50,17,67,2.9411764705882355,5495.826915464748,,68.25044622341841,1787268840000,124.214,2450.3331628310148,4.2712e-05,85.88,87.86,190,15227.0,0.978,79.6,0,mcap;pool,1.49,,no_exit_within_window,,0,0,live_higher,
2026-08-20,53d71c9c-a6e0-4e8c-9fdd-74d9aed4068f,RfcNEfWfLzgfuHQmCfFgU1qwjhiAo3opkcwvvEv3pZV,2026-08-20T23:34:04.575223+00:00,2026-08-20T23:35:37.139377+00:00,1.040331914398571e-06,9.571053612466854e-07,-0.004,hard_stop,0,0.7237362589518229,42065.919800521435,1367.5376687030462,33,30,63,1.1,879.3727967783024,,98.7739282227023,1787268845000,120.672,95824.5873406139,19.148354131,75.04,58.73,809,11724.0,1.278,85.6,0,mcap,-4.85,-5.66,hard_stop,9.571053612466854e-07,0,0,live_lower,1
2026-08-20,ee76c5e4-7a38-4caf-994c-772bbef85960,7jfoyXmnZ6Px2nxNtzJoD43rDjGwdEK8vj7ngd5Upump,2026-08-20T23:34:54.219435+00:00,2026-08-20T23:36:06.983826+00:00,1.4571797658569057e-07,1.6286537299395345e-07,0.005883761,trailing_stop,1,0.5368515543619792,13026.29003296398,17667.088709373267,150,56,206,2.6785714285714284,6095.566191846585,,78.0261648290258,1787268895000,121.545,13211.397795674171,39.660035122,137.15,98.06,320,20613.0,1.399,88.0,1,,-3.34,-3.05,trailing_stop,1.772648353099211e-07,1,1,live_lower,1
2026-08-20,c2e77330-f552-4c94-8d17-41b109b8ea96,G7wAwSm6twi9eFLz1X3o6RzQUfk7g9UaeDPY9zmZr7Lm,2026-08-20T23:35:22.813642+00:00,2026-08-20T23:36:07.165294+00:00,7.542666322258389e-08,7.779666570435945e-08,0.001571064,trailing_stop,1,0.8566064778645833,9780.761328786239,10589.997048325591,98,79,177,1.240506329113924,5305.028734152522,,83.5747749673135,1787268925000,122.795,7313.457764840619,22.62700896,91.86,75.0,318,14624.0,1.225,84.5,1,,-9.61,-9.85,trailing_stop,8.177987915955964e-08,1,1,live_lower,1
2026-08-20,07ee0bd0-862a-46ec-a1bf-eb194ec99673,CUHYquEcsWaVL5XQNZDgjmBHiorWU6K3FD5dPqZZpump,2026-08-20T23:36:34.073092+00:00,2026-08-20T23:38:37.094755+00:00,6.074708483129973e-08,9.142085231611959e-08,0.025247111,trailing_stop,1,1.0770305989583333,6221.836818522881,6640.215668133478,94,44,138,2.1363636363636362,4396.366750729219,,91.9479610359196,1787268995000,122.06,5818.010013337871,16.227087984,45.99,32.73,171,6899.0,1.405,88.1,1,,-8.49,-14.08,trailing_stop,8.983935469884754e-08,1,1,live_lower,1
2026-08-20,b4ffa774-868f-4b25-9185-fdac02cbaaf7,HydDAEwsTurRC6tAbKjLDPcG4xVGQRwtefV4gJhDdSSp,2026-08-20T23:37:34.356838+00:00,2026-08-20T23:38:37.415991+00:00,5.299712156856899e-07,5.058941360689397e-07,-0.002271546,trailing_stop,0,0.7883521036783854,41063.91078098805,2285.5219535063025,49,12,61,4.083333333333333,1942.3137696102044,,99.9997085260184,1787269055000,122.485,48577.78503372852,24.181344112,44.03,20.84,276,5685.0,2.112,100.0,1,,-4.39,-4.38,trailing_stop,5.450668456663559e-07,1,1,live_lower,0
2026-08-20,dc12f33d-8deb-49d8-85d7-d0decb90726f,ANseH1zFV2mggST3JFA6ouJQzA2qGM4XbNhfUVyw93fQ,2026-08-20T23:37:52.900338+00:00,2026-08-20T23:39:07.214680+00:00,5.555905625845346e-07,6.265179541219565e-07,0.006383063,trailing_stop,1,0.654895926920573,43837.85381902695,10655.635330264291,124,38,162,3.263157894736842,6064.4611477192575,,99.6796892981222,1787269075000,122.529,53497.34717609775,59.90014405,219.16,165.53,811,33714.0,1.324,86.5,0,mcap,-8.98,-6.21,trailing_stop,9.27495701899104e-07,1,0,live_lower,1
2026-08-20,84c126fd-8309-439c-9dec-3076907e802a,5Tuz4k6GcFWjpu7i4jeejbQxp5j6QYwG1qaU9pKhTaAk,2026-08-20T23:36:59.655620+00:00,2026-08-20T23:39:37.005739+00:00,1.0269684649860328e-07,1.1822879478051426e-07,0.007562038,trailing_stop,1,1.178093798828125,8584.72067083767,6495.2177649798305,530,54,584,9.814814814814815,8008.727495846305,,99.83491823273529,1787269020000,120.628,8907.58572024773,94.590923878,82.13,73.98,1158,13682.0,1.11,82.2,1,,1.04,1.04,trailing_stop,1.2739765895416794e-07,1,1,live_higher,1
2026-08-20,c949f73f-3dcc-436b-bf3b-cad565552c55,8ih4NCh1WqNb2amQEX6bn5RdmSKA4pSQmYYS9qLavyg5,2026-08-20T23:38:58.682466+00:00,2026-08-20T23:39:37.489623+00:00,4.846729535140178e-07,4.4589911723289644e-07,-0.004,hard_stop,0,1.1965431803385416,40494.73966096387,5146.559552765284,194,189,383,1.0264550264550265,913.0813080353508,,95.16595013512719,1787269140000,122.285,47574.62195990898,11.877461294,59.81,48.27,766,9473.0,1.239,84.8,1,,-10.72,-8.33,hard_stop,4.4589911723289644e-07,0,1,live_lower,1
2026-08-20,70c5daed-9a4c-48cd-8fe0-12ea7b185e85,ARo3JnnrYQcV5QLN5hRvgyDkCngY4RFiS9yyL3cupump,2026-08-20T23:36:11.471622+00:00,2026-08-20T23:40:06.887550+00:00,0.0009750541221042649,0.0013443041890140442,0.01893485,trailing_stop,1,0.7673587565104166,45468.247066647586,20200.621509514574,44,7,51,6.285714285714286,35216.011758476176,,96.72544234099999,1787268970000,120.079,89322.51582195323,433.155243247,219.02,92.05,90,27263.0,2.379,100.0,0,mcap,-4.33,-4.91,trailing_stop,0.001354766983736006,1,0,live_lower,1
2026-08-20,fbb4e07a-852f-44a6-b18b-96177e5e2e95,JCLSQsJgFqaWVUSk4brSuxbX9MGzmg3fCtBh4GhvnSfH,2026-08-20T23:39:41.649096+00:00,2026-08-20T23:40:07.407556+00:00,6.133160333641393e-07,5.642507506950082e-07,-0.004,hard_stop,0,1.1744088623046876,45475.44366030238,2998.30937907463,97,28,125,3.4642857142857144,2019.559258130399,,99.9996913033513,1787269180000,119.088,53762.667025898045,25.846390836,43.93,19.49,280,5558.0,2.254,100.0,0,mcap,-0.02,-0.67,hard_stop,5.642507506950082e-07,0,0,live_lower,1
2026-08-20,d649e753-9363-49d3-af30-538efe75882f,6iebdFtr3fMrjCHwgv7i8FE9GQSjZii4LqNU1vWLpump,2026-08-20T23:39:40.135129+00:00,2026-08-20T23:40:37.013152+00:00,5.7779098191309785e-08,5.3156770336005004e-08,-0.004,hard_stop,0,1.122980517578125,8421.111978072717,22969.328840357375,252,236,488,1.0677966101694916,5669.061826217476,,83.81738751734859,1787269180000,121.181,5220.040490831835,13.787105838,164.31,155.46,687,28024.0,1.057,81.1,1,,-2.99,-3.81,hard_stop,5.3156770336005004e-08,0,1,live_lower,1
2026-08-20,0c9f6cc7-daba-4a79-8ce3-09d4f6e251e6,Gouvcb5mnDoruM79TaLSL7fSEoN8WMsBauUovGXspump,2026-08-20T23:40:49.478452+00:00,2026-08-20T23:41:37.022180+00:00,7.973828326585633e-08,8.397236956673538e-08,0.00265499,trailing_stop,1,1.107808915201823,6758.104146525015,13327.423592915591,147,102,249,1.4411764705882353,4675.923520602384,,94.7806068582037,1787269250000,121.659,8706.335003411697,26.611641422,103.45,83.82,429,16412.0,1.234,84.7,1,,-19.73,-19.98,trailing_stop,9.735518374422026e-08,1,1,live_lower,1
2026-08-20,cf03d5ce-752b-4d21-b9c4-6451d95b153a,DBvy4tehfsQ5eHLBF6TZXka41ZT8pAd5iobDr1NeZ4FB,2026-08-20T23:42:28.993721+00:00,2026-08-20T23:42:37.376797+00:00,4.77977288239506e-07,4.397391051803455e-07,-0.004,hard_stop,0,1.272360302734375,36280.28429224792,5814.601302607338,208,208,416,1.0,874.1562837724902,,95.5609889782304,1787269350000,122.372,44036.47409306351,11.360540643,68.19,57.05,851,10977.0,1.195,83.9,1,,-4.87,-4.34,hard_stop,4.397391051803455e-07,0,1,live_lower,1
2026-08-20,5df20743-7e3d-4402-92e1-8a22dc7f85b6,ZExy7krMikBNWHhs9YLpmvuk6CBz4JQn42TK5E2pump,2026-08-20T23:41:50.538393+00:00,2026-08-20T23:43:07.008947+00:00,9.331605818315633e-08,1.0657239730430553e-07,0.007102925,trailing_stop,1,1.1215316040039063,5973.631943639756,6874.977502223008,95,47,142,2.021276595744681,4236.157998358742,,89.9419129376926,1787269315000,124.889,8011.086258715497,24.690154473,50.83,33.01,186,7348.0,1.54,90.8,1,,2.09,0.98,trailing_stop,1.093418402288062e-07,1,1,live_higher,1
2026-08-20,052b3be8-04b8-4f66-98c0-9040632d0dbb,Am78mmoERLcLnG9eCHJnKovuQbwrWjwVZapDbsHipump,2026-08-20T23:41:59.060309+00:00,2026-08-20T23:43:07.195276+00:00,8.489784445127413e-08,7.81060168951722e-08,-0.004,hard_stop,0,1.1547257161458333,9144.053731380482,36132.14231137578,302,231,533,1.3073593073593073,5062.303188318832,,83.8145837869024,1787269320000,121.591,7544.248433387912,22.724730718,227.98,225.34,696,39729.0,1.012,80.2,1,,-1.38,4.03,hard_stop,7.81060168951722e-08,0,1,live_lower,1
2026-08-20,66049f1d-c5e7-483d-836f-78ba6bdbd692,67GhcJJh8i2AQLj7Jqtuc2QbAfZrLeeAnb1vZhve5jP7,2026-08-20T23:42:43.564885+00:00,2026-08-20T23:43:36.995326+00:00,4.305658056034383e-07,3.9612054115516323e-07,-0.004,hard_stop,0,1.2728910400390625,41858.918027859836,1775.6158504908944,103,90,193,1.1444444444444444,866.8341176514004,,98.9230262805615,1787269365000,121.923,38768.372002021926,10.396626176,35.9,25.56,681,5386.0,1.405,88.1,1,,-2.67,-3.85,hard_stop,3.9612054115516323e-07,0,1,live_lower,1
2026-08-20,08700db9-15f2-4a76-8d84-d9723e0179bc,BnBGSCuLwPSzGfWsKFztNs2NswHKiEoyfb9MtkLcpump,2026-08-20T23:42:48.098185+00:00,2026-08-20T23:43:37.142525+00:00,6.829086455499108e-08,7.509094181259202e-08,0.004978761,trailing_stop,1,1.2996088704427082,6956.498570785457,45428.29778893311,262,220,482,1.190909090909091,5065.801156328895,,83.4128877491611,1787269370000,122.335,6492.448669536164,18.848300248,274.74,262.78,563,47108.0,1.046,80.9,1,,-7.82,-8.18,hard_stop,6.28275953905918e-08,0,1,live_lower,0
2026-08-20,ce0f91d7-4b26-4ce3-a4ec-ac88f8cb7272,6pqqVXkbW4L79gyP7K8P1ctqirDyjayDtifPohFnpump,2026-08-20T23:43:26.139119+00:00,2026-08-20T23:44:07.217150+00:00,4.582226780753986e-10,5.238053958116266e-10,0.007156206,trailing_stop,1,1.022091796875,7324.548134033978,983.2218703251576,60,51,111,1.1764705882352942,2672.5167447140807,,100.0,1787269410000,125.263,93.66754562505865,0.011554052,8.05,8.1,210,1415.0,0.994,69.1,0,mcap;pool,-14.25,-13.62,trailing_stop,5.237003349643854e-10,1,0,live_lower,1
2026-08-20,5c5af978-d3b0-490a-abd0-2f3b557cc3af,4hxdBPRzKZTN2TGKyREN4f4bAqow1dgmuBkYgiiEpump,2026-08-20T23:44:11.945986+00:00,2026-08-20T23:44:37.498401+00:00,1.0221517189640163e-07,9.403795814468951e-08,-0.004,hard_stop,0,1.1325523681640626,8078.396778153776,7381.040538114852,73,35,108,2.085714285714286,4769.781194786077,,98.123188112926,1787269455000,123.811,9233.213442258251,28.235222841,74.14,48.9,159,10783.0,1.516,90.3,1,,-2.98,-4.24,trailing_stop,2.1916818189200544e-07,1,1,live_lower,0
2026-08-20,fec26d8a-c7d4-4250-aa14-41821b71fb62,577iS1eopQMaccq53onSLCQWe15Coj1MVxD5Svpkpump,2026-08-20T23:43:23.694628+00:00,2026-08-20T23:45:07.060322+00:00,2.8534167249366337e-08,2.835988923339328e-08,-0.000305385,early_exit_no_green,0,1.0554251302083333,5142.503673185941,2432.39047516856,45,13,58,3.4615384615384617,3852.3039901118655,,98.3664832420759,1787269420000,136.964,2476.5966312940773,0.160389313,24.03,25.11,113,4306.0,0.957,77.1,0,mcap;pool,0.97,1.05,no_exit_within_window,,0,0,live_higher,
2026-08-20,2aecc615-a470-4034-bd47-1c0f497b1f2f,7hitxQdbSbdKe45QyAaiUFehtp3bFtrW2t1eUtUspump,2026-08-20T23:44:48.597863+00:00,2026-08-20T23:45:07.525376+00:00,1.738148632891951e-07,1.599096742260595e-07,-0.004,hard_stop,0,2.0308930989583334,15023.848767979569,35908.66814273794,722,464,1186,1.5560344827586208,6552.701932180895,,68.5672903453241,1787269490000,123.124,13339.200620067711,40.817561345,228.6,189.94,1220,36681.0,1.204,84.1,1,,14.2,14.75,hard_stop,1.599096742260595e-07,0,1,live_higher,1
2026-08-20,3c02e1f6-3af9-4211-a431-f902c2ea34c9,7pVhPawz16nWttjRnX23sNHJaKDEmsM25MtcEDSDAGM5,2026-08-20T23:43:41.684446+00:00,2026-08-20T23:45:37.043893+00:00,1.0164338366368736e-07,1.0273852320275357e-07,0.000538717,trailing_stop,1,1.2824952189127605,8815.663115386256,11539.720078577988,208,152,360,1.368421052631579,8117.9669055728955,,99.98885397947424,1787269420000,119.262,8982.478101513681,94.446475854,158.24,149.51,843,26971.0,1.058,81.2,1,,-0.83,-0.83,trailing_stop,1.1683115420132193e-07,1,1,live_lower,1
2026-08-20,c46e4de5-4aee-45d5-9fef-ff7474b000b7,6Mdk3EisND53gePX9U175CCjZwG7AgyPQUzrFULSpump,2026-08-20T23:43:57.378081+00:00,2026-08-20T23:45:37.207795+00:00,3.0406870091330084e-08,3.022314659711456e-08,-0.000302109,early_exit_no_green,0,1.2160428588867187,8761.260242923996,20509.72859988443,319,186,505,1.7150537634408602,5038.828496807139,,83.7913668567947,1787269435000,118.6,2659.2422877621743,1.252751513,133.43,135.17,610,23540.0,0.987,79.7,0,mcap;pool,0.21,0.52,no_exit_within_window,,0,0,live_higher,
2026-08-20,e99f9ab9-d5d1-485d-be12-e3eec62928ee,J78fAvTc1iqbkC9SgBjNREGhTpXDampnTt1a9RR2pump,2026-08-20T23:46:08.930750+00:00,2026-08-20T23:46:37.255800+00:00,1.2372848462786594e-08,1.1383020585763667e-08,-0.004,hard_stop,0,1.1409078165690105,7025.1475799589525,6496.1057423960965,74,65,139,1.1384615384615384,2989.9986853057726,,100.0,1787269570000,121.667,810.875861546688,0.18770619,43.45,43.33,268,7605.0,1.003,80.1,0,mcap;pool,167.45,109.53,hard_stop,1.1383020585763667e-08,0,0,live_higher,1
2026-08-20,d7ee83f6-179d-4d50-b59e-08edaaa1005c,BicMq5CgVLCP4p4ywVERKTQagadmi1BJnNAWvwcUpump,2026-08-20T23:46:28.554157+00:00,2026-08-20T23:47:07.335059+00:00,4.816334644210908e-08,4.451686344602332e-08,-0.003785537,trailing_stop,0,1.3860366048177084,8785.857629752472,18433.962641280625,307,217,524,1.4147465437788018,5045.462191881705,,87.54833068424757,1787269590000,122.82,4733.1274575396355,11.737540544,140.46,131.77,725,23858.0,1.066,81.3,0,mcap,-10.82,-10.43,trailing_stop,5.2926345371848954e-08,1,0,live_lower,0
2026-08-20,3579afb9-5e3b-48a5-a030-e573e6d533fe,BVP8yTMsvaMqMKMAr1mX5roqow9sYDn2h11tBJVWpump,2026-08-20T23:47:47.034521+00:00,2026-08-20T23:48:07.384930+00:00,5.8539902605042055e-08,5.385671039663869e-08,-0.004,hard_stop,0,1.1992006713867187,10092.717645605031,10994.09587147338,159,109,268,1.4587155963302751,5401.931145153688,,89.03299905869319,1787269665000,118.959,4568.945021785478,13.734337907,105.51,98.5,451,17879.0,1.071,81.4,0,mcap,12.29,20.67,hard_stop,5.385671039663869e-08,0,0,live_higher,1
2026-08-20,3c5789e3-4d9f-47fd-9959-68ddcfe13c1c,8uzxAFGv27ewPNERz8wmRvRA8tdBRo8iqx5T4wqudTtr,2026-08-20T23:47:54.569721+00:00,2026-08-20T23:48:37.513888+00:00,1.70806006598746e-06,1.5714152607084634e-06,-0.004,hard_stop,0,1.249052628580729,39573.87451742931,27472.404523462046,197,62,259,3.1774193548387095,9222.123297322863,,89.5576891480233,1787269675000,120.813,158830.0526252929,197.465072333,377.33,201.47,676,50726.0,1.873,97.5,0,mcap,-5.75,-5.13,hard_stop,1.5714152607084634e-06,0,0,live_lower,1
2026-08-20,fba4e6f3-7a5b-417d-81b8-578af40a59ff,CoeNMYxa5Md22CF65AG8T8by6SJs9Uz3qN9ruCQHpump,2026-08-20T23:48:12.176389+00:00,2026-08-20T23:48:47.840074+00:00,8.08331782557937e-08,7.43665239953302e-08,-0.004,hard_stop,0,1.2495459879557291,8157.578854753408,25672.285075156542,306,297,603,1.0303030303030303,4790.359093603656,,91.2600501902559,1787269690000,119.209,5338.796565766167,20.483363537,179.5,170.69,753,30690.0,1.052,81.0,1,,32.69,36.85,hard_stop,7.43665239953302e-08,0,1,live_higher,1
2026-08-20,11fac8ab-8e69-433a-97c2-fce39694ac00,6apmQ7v76Tx9aXVRFc7FFUaPMFWhAMqNg9Uhocs7pEwg,2026-08-20T23:38:52.143234+00:00,2026-08-20T23:49:16.911666+00:00,6.674139799061786e-07,6.674139799061786e-07,0.0,time_stop,0,1.14601279296875,41053.78747282086,3498.541857846613,97,152,249,0.6381578947368421,917.4268469010945,,98.89172572851669,1787269130000,119.116,63530.846841082915,14.122194238,65.55,52.23,794,10323.0,1.255,85.1,0,mcap,-7.93,-7.85,hard_stop,6.140208615136843e-07,0,0,live_lower,1
2026-08-20,8000fb69-ef3c-4890-b597-f06e6df5a48d,HatNud686V39UEhwzwL7yai2cMhzwQH3ZiJe7Wsvpump,2026-08-20T23:49:37.902827+00:00,2026-08-20T23:49:47.409609+00:00,8.989317034194079e-08,8.270171671458553e-08,-0.004,hard_stop,0,1.134487333170573,8134.854889961592,15442.274043499012,243,142,385,1.7112676056338028,4792.1889325415705,,89.9578957705073,1787269780000,122.728,5061.7397771898795,30.535711182,154.61,147.91,716,26513.0,1.045,80.9,0,mcap,55.64,48.93,hard_stop,8.270171671458553e-08,0,0,live_higher,1
2026-08-20,3d56d090-3170-4daa-9f46-4b7be5b2ff76,CJieZh2EDi7xVw5J4uyp3MyQMn9M1tPovX46emHSpump,2026-08-20T23:50:45.017489+00:00,2026-08-20T23:51:47.501393+00:00,1.6162089398020789e-07,1.8676942170428684e-07,0.007780098,trailing_stop,1,0.8361863159179688,8764.722278849009,14888.79423669811,237,128,365,1.8515625,5161.349675921892,,66.8765991245754,1787269845000,120.8,15468.836810160241,46.157918408,162.07,122.17,695,24911.0,1.327,86.5,1,,-8.43,-8.43,trailing_stop,1.8496846047295802e-07,1,1,live_lower,1
2026-08-20,25b6715c-f3d1-4925-b550-e60af9ea536e,BhdtwqP1ALUPwG3vBwsXxNpLv3Nev9mmupafZFEqF9bo,2026-08-20T23:51:13.659898+00:00,2026-08-20T23:52:17.412451+00:00,4.1304602708253547e-07,3.8000234491593267e-07,-0.004,hard_stop,0,0.8795157958984375,38896.0970381002,52323.65024252575,39,23,62,1.6956521739130435,16288.895038044795,,92.43174735410025,1787269875000,121.979,31106.419288857916,176.929136832,189.35,97.41,169,25131.0,1.944,98.9,1,,16.37,16.27,hard_stop,3.8000234491593267e-07,0,1,live_higher,1
2026-08-20,6bed1095-848a-46d4-9925-3ccf2ed58636,FacZi7ok8SeCcPkw26ReMaMNuxyuqFhXHAtQpMQCpump,2026-08-20T23:46:50.132806+00:00,2026-08-20T23:52:47.074097+00:00,7.697078663313958e-08,1.309237964163895e-07,0.035047719,trailing_stop,1,1.1705412150065104,6198.1106670002055,2100.4864017958844,42,5,47,8.4,4217.371404334425,,95.4344064736907,1787269595000,106.308,6736.12828249798,19.740996178,23.86,4.42,52,2479.0,5.401,92.4,1,,0.14,-1.61,trailing_stop,1.4932917338955868e-07,1,1,live_higher,1
2026-08-20,fb4afd11-1e51-4b4a-b068-665538708830,6ZoSxWMinhAyTsPiCu119G71QoCaHZKAANxpnYWrpump,2026-08-20T23:52:16.511072+00:00,2026-08-20T23:53:17.306841+00:00,0.00019041307496391432,0.0002124081274423561,0.005775615,trailing_stop,1,0.6467976643880209,32297.909414233527,2215.420882019399,12,0,12,12.0,29919.696594214238,,98.24144222164803,1787269935000,119.47,16869798.22945557,427.473185922,130.54,19.2,55,13123.0,6.801,70.5,0,mcap;vol_mcap,-1.08,-4.24,trailing_stop,0.00021608533848434036,1,0,live_lower,1
2026-08-20,93449884-309c-4f26-8bb5-bf292cd31eb2,9rN3RYnSdSELFJGmsnKcfDSvJpqqgJWPpy54HQhYpump,2026-08-20T23:53:54.659388+00:00,2026-08-20T23:54:27.531069+00:00,4.69835147978063e-07,4.32248336139818e-07,-0.004,hard_stop,0,2.0157892578125,37701.44380123046,103427.0111745219,976,796,1772,1.2261306532663316,6162.540327671083,,57.97223076762663,1787270035000,121.473,38868.329517818216,72.260345189,659.94,567.6,1871,107582.0,1.163,83.3,1,,5.94,5.91,hard_stop,4.32248336139818e-07,0,1,live_higher,1
2026-08-20,71d257c8-3fa0-4fc2-9f25-61ea188fd86f,B7psiXfcyReHhnUbhFMst8jyyTKvjWpJ97EJMx7gsLT3,2026-08-20T23:53:17.549896+00:00,2026-08-20T23:54:57.176801+00:00,3.0708677565744105e-08,2.9640300126124833e-08,-0.001739537,early_exit_no_green,0,0.7230271402994791,8298.224202707266,7114.543213326952,118,57,175,2.0701754385964914,4838.968681511249,,94.9319494288202,1787270000000,123.935,2625.356945175121,1.052994343,72.05,76.0,485,12976.0,0.948,79.0,0,mcap;pool,2.51,2.55,no_exit_within_window,,0,0,live_higher,
2026-08-20,adc1031d-232e-48ba-a349-bab79a8118dd,HvtTVSKkcno8PVSuTWibMHhet8HWReiasLzCL8rgxuKq,2026-08-20T23:45:23.320294+00:00,2026-08-20T23:55:27.018349+00:00,8.359455951803188e-07,8.359455951803188e-07,0.0,time_stop,0,1.0125930419921876,43538.274199572275,3319.9555745428797,90,136,226,0.6617647058823529,949.2084957125211,,98.7543103675188,1787269525000,123.063,115194.25545411804,18.184462595,69.38,51.5,736,10594.0,1.347,86.9,0,mcap,-36.4,-36.41,hard_stop,7.690699475658934e-07,0,0,live_lower,1
2026-08-20,f97bc3ba-665c-4337-aaf8-9d4f255faa87,4dykUiePnJ5KTKYCwyJ8xFGrzTvKYN7JkupKnA1zeWtc,2026-08-20T23:53:51.152362+00:00,2026-08-20T23:55:27.279631+00:00,4.498883199197673e-07,5.111163868186878e-07,0.006804807,trailing_stop,1,1.0564467325846354,39221.54974584183,724.5735816501135,9,0,9,9.0,724.5735816501134,,98.9027579134969,1787270030000,119.921,41044.74474053325,10.58604384,28.28,17.65,499,4025.0,1.602,89.1,1,,-3.94,-3.61,take_profit,1.1247207997994182e-06,1,1,live_lower,1
2026-08-20,68ec7349-2e6f-4c4c-892d-981f2a0ab595,3mDFd7gP3ZbXtQHftwVNXLKjvEKSaJ9RHJxfRxzCjtS3,2026-08-20T23:55:23.003044+00:00,2026-08-20T23:56:27.144194+00:00,1.0282590551942913e-06,2.570647637985728e-06,0.075,take_profit,1,0.5916048583984375,38223.575009992026,1619.8072372930685,39,61,100,0.639344262295082,771.1614641166033,,98.9380256501848,1787270125000,122.473,62316.97241892793,17.12838518,77.86,64.66,903,12490.0,1.204,84.1,0,mcap,44.61,47.72,hard_stop,9.459983307787481e-07,0,0,live_higher,0
2026-08-20,fa5b9ab8-a002-4f02-bfa4-39793eb3c747,JAJgE1ZUb8uwEkSF8xtncSDkbzSXM2pcuBR3YkBcpump,2026-08-20T23:55:25.521186+00:00,2026-08-20T23:56:27.285318+00:00,2.3276549123788784e-07,2.1414425193885682e-07,-0.004,hard_stop,0,0.7247906290690104,19041.481262918973,12067.619673594,126,42,168,3.0,7315.233196366677,,54.8244854593117,1787270125000,120.02,22300.334387014766,61.945432158,206.11,147.58,510,30997.0,1.397,87.9,1,,-8.52,-9.51,hard_stop,2.1414425193885682e-07,0,1,live_lower,1
2026-08-20,a7764784-74d0-47ae-806e-6d57f0dc1ce4,FHChu8pTfq2D88Z8uPkSAEmGCbSxFTwaN8LUGXMXpump,2026-08-20T23:56:32.748368+00:00,2026-08-20T23:56:57.274648+00:00,5.009303017627209e-09,4.608558776217033e-09,-0.004,hard_stop,0,1.0890761800130209,11827.99703769661,4083.685652070023,65,53,118,1.2264150943396226,2739.6722176709436,,100.0,1787270190000,117.921,633.8009368017683,0.017629544,25.5,25.55,211,4474.0,0.998,78.4,0,mcap;pool,38.53,29.68,hard_stop,4.608558776217033e-09,0,0,live_higher,1
2026-08-20,e16dbaf6-a9cb-49ee-a957-6af19a6f2eb2,SmJ9byAxPk2vdWHz3qHfwwSrgPMzcREG2vd5K3dpump,2026-08-20T23:57:51.021118+00:00,2026-08-20T23:58:27.404704+00:00,6.729349677895808e-08,6.191001703664144e-08,-0.004,hard_stop,0,1.0271238525390625,5977.654969245483,3044.322754641822,42,19,61,2.210526315789474,4113.770746262121,,93.3759415997546,1787270275000,124.54,4258.039167865872,14.892999641,30.39,23.85,106,4754.0,1.275,84.8,0,mcap,38.51,40.86,hard_stop,6.191001703664144e-08,0,0,live_higher,1
2026-08-20,a9dc2c76-c0b5-4e73-aec6-b82c6f529ce3,39sZriyJKqCyH2oDRCnbUC4rQ4phhRqeGkWJSzwbmoon,2026-08-20T23:48:56.857605+00:00,2026-08-20T23:58:56.894870+00:00,3.5662046872260707e-07,3.6347913983981323e-07,0.000961621,time_stop,1,1.274521435546875,31227.551071143604,7569.2217627726395,9,1,10,9.0,7534.085151967725,,100.0,1787269735000,119.191,2741990.292474375,7545.117921,100.6,17.39,13,10341.0,5.785,67.0,0,mcap;vol_mcap,-98.86,-98.86,take_profit,8.915511718065176e-07,1,0,live_lower,1
2026-08-20,df77cfd3-fb3e-4140-8112-94c6a7255e50,6GADZeRisi3z6prqdbDPRWNVLvNEujxHBicSeGBnk7Vc,2026-08-20T23:56:11.215557+00:00,2026-08-20T23:58:57.075835+00:00,4.599442498705386e-07,5.847763869085084e-07,0.013570355,trailing_stop,1,1.0015815185546875,31473.56579978187,996.2047245265561,28,19,47,1.4736842105263157,756.567857972653,,95.5981796066882,1787270165000,115.074,40739.16634083655,10.598518108,58.65,48.1,722,9356.0,1.219,84.4,1,,-1.05,-1.0,hard_stop,4.2314870988089553e-07,0,1,live_lower,0
2026-08-20,dc3fa099-ec35-4efa-9f73-55ae1c9ab04f,5H6Pyb1qYWH5REDTmWZeHXhivDj2kbD1Xiztp8ZEpump,2026-08-20T23:58:47.787615+00:00,2026-08-20T23:58:57.494638+00:00,6.03299586455423e-08,5.550356195389892e-08,-0.004,hard_stop,0,1.0557366658528646,5484.937399232694,3479.6354152259164,40,51,91,0.7843137254901961,3868.1445170561924,,94.98828616688341,1787270330000,123.264,4616.600040771627,13.52470712,26.26,18.08,135,3885.0,1.452,85.7,0,mcap,14.53,14.97,hard_stop,5.550356195389892e-08,0,0,live_higher,1
2026-08-20,4e0c6535-b6ab-4b3e-bfd3-a0ce712bd665,ABMJTmm8HoyDXE891JHQRRFDNTAk5khQ1suhmSggpump,2026-08-20T23:57:37.510514+00:00,2026-08-20T23:59:26.939350+00:00,6.367593122807898e-08,6.365217555936108e-08,-1.8654e-05,early_exit_no_green,0,1.0099049153645834,5578.560373240179,851.0434965679433,20,10,30,2.0,2633.7939575655814,,100.0,1787270270000,133.035,11165.453455152128,0.049382719,3.95,4.89,31,774.0,0.808,63.5,0,pool,-0.04,0.11,no_exit_within_window,,0,0,live_lower,
2026-08-20,2719b8ef-df03-4c3d-ad38-d02b908d17bd,4cYH99Y2enVwCnLZoxHZofiGsjsS8vy3XkpsFTbqpump,2026-08-20T23:59:56.282638+00:00,2026-08-21T00:01:27.023906+00:00,1.235854897144943e-07,1.5791035126616146e-07,0.013887092,trailing_stop,1,0.832015498860677,6880.776993544982,16077.302073300165,199,152,351,1.3092105263157894,4406.387802304925,,89.3377267804606,,,,,,,,,,,,,,,,,,,,
2026-08-21,e76156e5-552a-4346-bebf-cadcf809fd84,3PiX1MSH12WeFtjHykZFpWJzpfsvBYNt1v1W2eRspump,2026-08-21T01:00:03.395366+00:00,2026-08-21T01:00:42.438403+00:00,2.845658816118729e-07,2.6180061108292306e-07,-0.004,hard_stop,0,12.408240783691406,26007.27995990166,157230.40937099833,2375,1941,4316,1.2235960844925295,4904.11907621767,,56.8695704275656,1787274005000,746.254,30495.03924057331,59.28067836,958.05,884.36,4448,173518.0,1.083,81.7,1,,-12.12,-11.68,hard_stop,2.6180061108292306e-07,0,1,live_lower,1
2026-08-21,9db68efa-bf53-49c2-948f-1aa0bcfd90ed,D8RHobSRJcvuxD5w24bM41WQHew4m32EJ9rWCSuWpump,2026-08-21T01:00:09.228678+00:00,2026-08-21T01:01:42.521774+00:00,1.6762999209692743e-07,1.9434818334450412e-07,0.007969395,trailing_stop,1,20.959127990722656,14739.00390281401,81377.09372506151,1473,901,2374,1.634850166481687,6471.78793890899,,73.49778724154811,1787274010000,1258.161,15447.817963798167,42.663233486,483.34,443.67,2384,87306.0,1.089,81.8,1,,2.2,2.17,trailing_stop,2.002330367047041e-07,1,1,live_higher,1
2026-08-21,7bfce27a-1a4e-42ea-a50f-fc3cb275f374,DaYGTZoSxNPEdHj3pZjHtp5q3oWRvLZSZzWSbWRmpump,2026-08-21T01:00:40.911799+00:00,2026-08-21T01:01:42.663212+00:00,3.164554375543136e-07,3.3343044607128816e-07,0.002682054,trailing_stop,1,8.501435990397136,27554.778320780642,73534.80788504492,759,794,1553,0.9559193954659949,8950.174810699193,,50.9650466213335,1787274040000,509.181,30363.164033492376,71.922460109,456.72,385.35,1318,79306.0,1.185,83.7,1,,-1.84,-3.45,trailing_stop,3.2905993575156337e-07,1,1,live_lower,1
2026-08-21,501315ea-36c5-4427-8cee-71e6ae2b56a2,H8fRH6Pmvr4Qmaur3HFEJSF9qLCzs7uaZDQLZejKpump,2026-08-21T01:01:22.010255+00:00,2026-08-21T01:03:42.782009+00:00,5.880856991965135e-08,1.4702142479912837e-07,0.075,take_profit,1,1.1176952270507812,11104.863618252122,20742.739192074976,183,129,312,1.4186046511627908,6353.404783289851,,92.8979568288731,1787274080000,119.766,6573.952307757611,18.947539093,181.17,166.77,547,32770.0,1.086,81.7,1,,-15.75,-13.79,take_profit,1.4702142479912837e-07,1,1,live_lower,1
2026-08-21,ca83b6bc-64fe-46b3-8576-03007a5e7cb8,E8EgDjqkXuZFbFCH57VYqf5AmY6EFEPa2mx9qBAVpump,2026-08-21T01:02:39.727451+00:00,2026-08-21T01:03:43.265259+00:00,1.658789162288024e-07,2.0753491383229517e-07,0.012556146,hard_stop,1,1.0267637736002604,15580.224493066327,34179.981940593076,351,227,578,1.5462555066079295,6725.7580407057485,,56.451384023829995,1787274160000,121.068,19776.462754274427,56.101971972,276.69,225.34,851,47282.0,1.228,84.6,1,,-21.0,-20.61,trailing_stop,3.320131110580524e-07,1,1,live_lower,1
2026-08-21,40b7f718-22bf-40fb-a10d-8c7f3d3531a5,4twizYMhEHgqipW3g85HL9fk229cBikyvxihjSPHpump,2026-08-21T01:04:32.105399+00:00,2026-08-21T01:04:42.947687+00:00,2.16216531974134e-07,1.989192094162033e-07,-0.004,hard_stop,0,0.9970760009765625,16627.391571387863,12230.45732838502,146,67,213,2.1791044776119404,6848.649352661004,,54.21023423006319,1787274270000,118.515,20537.98849312176,53.896969201,181.88,129.08,489,29286.0,1.409,88.2,1,,-0.85,-2.23,hard_stop,1.989192094162033e-07,0,1,live_lower,1
2026-08-21,3f416c82-26b8-4828-bf07-7ff5047a1f1c,G3NcfWQKxb1eKehMvgqBcXXMLL9rnSLFhyNrtqr7f9fH,2026-08-21T01:01:20.157131+00:00,2026-08-21T01:05:12.524201+00:00,1.0624052213687312e-07,1.3667351623914836e-07,0.014322687,trailing_stop,1,1.034950850423177,8394.320309142824,3754.1074552285636,161,41,202,3.926829268292683,7946.8305867842955,,96.13695421998756,1787274080000,120.746,10465.744042710114,97.572511149,69.67,57.31,563,11959.0,1.216,84.3,1,,-4.4,-4.4,trailing_stop,1.3894888283441343e-07,1,1,live_lower,1
2026-08-21,82642ff8-6bb7-4e96-8c73-44dad3530284,FA1mRCTqaWwbEzr2Sr6XwfXs8K5mVgnB97wULtVCKPvF,2026-08-21T01:02:05.777407+00:00,2026-08-21T01:05:12.855322+00:00,1.0294502781749821e-07,2.573625695437455e-07,0.075,take_profit,1,0.9800240356445312,8906.022650832632,11662.659190354541,185,137,322,1.3503649635036497,8147.119109506757,,98.78684511417956,1787274125000,119.964,9636.851710028102,95.692747058,213.54,204.75,960,39394.0,1.043,80.9,1,,0.61,0.86,take_profit,2.573625695437455e-07,1,1,live_higher,1
2026-08-21,33147898-b144-4e41-b1fa-7826c32d34f9,2bkD7M1Qy2GMEH434L2HxjX4fb14sakXtteCtEJSpump,2026-08-21T01:01:32.744984+00:00,2026-08-21T01:07:42.456812+00:00,5.817887920002665e-07,6.921603742371706e-07,0.009485537,trailing_stop,1,1.0039026611328126,48060.487412427196,19538.364385216948,68,18,86,3.7777777777777777,40123.133264289725,,93.11055883593764,1787274095000,122.523,55433.99675740631,472.196161141,183.33,89.36,127,25682.0,2.052,100.0,0,mcap,-1.16,-1.1,trailing_stop,6.913496850969587e-07,1,0,live_lower,1
2026-08-21,047dc3ad-fe84-40c1-ad04-2ca2c3d1a427,ErHxuczcsHaZWiYCXWfVejcgE84QAJkw9W6K16Gnpump,2026-08-21T01:07:04.391080+00:00,2026-08-21T01:07:42.626551+00:00,6.837149703741863e-08,6.290177727442515e-08,-0.004,hard_stop,0,1.4664060302734374,5776.81745695984,2876.279624991545,25,5,30,5.0,4311.246478892908,,96.9575279377099,1787274425000,121.941,6681.631627617204,17.788391127,29.53,12.16,44,3927.0,2.429,96.8,1,,-3.63,-6.57,hard_stop,6.290177727442515e-08,0,1,live_lower,1
2026-08-21,53bdd8c6-d6bf-420c-b3ce-a5f9fa751972,2jTjGe7CbUqSLwAS8JkfdJvnL58UDR2wb84Qjaky6UJf,2026-08-21T01:08:24.084299+00:00,2026-08-21T01:09:42.665656+00:00,3.9247640845505476e-07,4.2001695128347395e-07,0.00350856,trailing_stop,1,1.0212640014648438,30515.999646895674,1307.5415816758805,94,27,121,3.4814814814814814,785.2910871846711,,99.998643661745,1787274505000,121.667,38700.03486641006,10.108547317,8.09,6.5,278,1375.0,1.245,65.3,1,,-4.49,-4.49,trailing_stop,4.4879194901718515e-07,1,1,live_lower,1
2026-08-21,944c0250-0d7d-48e1-9b88-cad659d8dd94,12smmDMPW6Zkqj89ykqdbuDZCuFZTee1ZBWiB89Wpump,2026-08-21T01:09:21.755160+00:00,2026-08-21T01:10:24.457558+00:00,1.4615115108228455e-07,3.6537787770571136e-07,0.075,take_profit,1,0.7843509887695312,10880.19353805073,4592.126288036484,51,17,68,3.0,5646.321773160195,,81.8618365679078,1787274560000,118.699,13958.773955269591,39.072437614,47.86,9.07,90,5361.0,5.279,100.0,1,,-1.39,-1.3,take_profit,3.6537787770571136e-07,1,1,live_lower,1
2026-08-21,40047946-e518-41d7-8fa7-b877f72d241b,CWN9wFfoPRWnhurkoqKZZ8V9WD5wRswSPHNbzHQVpump,2026-08-21T01:10:25.550008+00:00,2026-08-21T01:10:54.210096+00:00,2.0589420648647692e-07,1.8942266996755878e-07,-0.004,hard_stop,0,4.193943717447917,20994.533446958874,72179.83982449464,774,738,1512,1.1689812835434168,4290.875423626886,,64.2607792656299,1787274625000,251.169,20466.096357514267,44.288386934,451.51,390.25,1548,79277.0,1.157,83.1,1,,-5.25,-5.3,hard_stop,1.8942266996755878e-07,0,1,live_lower,1
2026-08-21,33a58483-5522-47e5-9b83-cd0a4471f11c,GeViKNfbHaw22B3UcDj69oZg1w1KKUHW26izGU1opump,2026-08-21T01:08:30.815872+00:00,2026-08-21T01:11:53.965788+00:00,7.172475605996507e-07,1.7931189014991265e-06,0.075,take_profit,1,0.9873069661458334,19543.05410101145,23324.32438999151,179,90,269,1.988888888888889,7676.541716666452,,32.94412832862739,1787274510000,120.269,60916.80909758697,94.919989599,388.89,283.96,866,63369.0,1.37,87.4,0,mcap,10.89,9.29,hard_stop,6.598677557516786e-07,0,0,live_higher,0
2026-08-21,aa29bb13-3022-4838-9baf-1678127cea13,DLs5KFSVViUDV3AzzUR1viyKx5etLPurBJtaXaVgWLSU,2026-08-21T01:08:59.435135+00:00,2026-08-21T01:11:54.104263+00:00,4.6171602276239954e-08,7.046663115375517e-08,0.026309493,trailing_stop,1,0.3039736328125,22194.700569835954,9792.91003264701,50,19,69,2.6315789473684212,8363.335045589423,,98.9879127029848,1787274535000,104.12,4387.978772546968,12.389218335,250.03,231.61,614,45360.0,1.08,81.6,0,mcap,-0.9,-5.34,take_profit,1.1542900569059988e-07,1,0,live_lower,1
2026-08-21,b2bf023f-3d1f-4256-9f8b-df9162f20d47,E8EgDjqkXuZFbFCH57VYqf5AmY6EFEPa2mx9qBAVpump,2026-08-21T01:11:10.678275+00:00,2026-08-21T01:12:23.946228+00:00,2.771424601911327e-07,2.549710633758421e-07,-0.004,hard_stop,0,10.525462365722657,23571.999522875496,156998.8836847254,1877,1550,3427,1.0774810832271193,4637.6349617392325,,58.15811518697125,1787274670000,631.068,28497.974908677093,57.950474341,941.87,865.59,3454,170227.0,1.088,81.8,1,,-8.41,-8.66,hard_stop,2.549710633758421e-07,0,1,live_lower,1
2026-08-21,6f084c5b-6a49-4df3-86f5-eaeff35807ca,APvM3cJm7ciGtFULVCY1CPWgNCPZr7XTRhQhcQadBCkm,2026-08-21T01:11:57.685897+00:00,2026-08-21T01:12:54.287882+00:00,4.728765936057708e-07,4.3504646611730915e-07,-0.004,hard_stop,0,1.2587956990559896,25940.167322762092,4801.619172910392,143,217,360,1.3175137936881702,658.2359991434342,,97.2419755649129,1787274740000,144.672,47089.99895866836,10.98,49.1,38.03,595,8206.0,1.291,85.8,1,,-5.42,-5.44,hard_stop,4.3504646611730915e-07,0,1,live_lower,1
2026-08-21,8e3f58c1-0dbf-4655-924c-39f9a4da534a,2PYEXVLkuBtV513F2xHenLC3c9eqbrLNQfmc4iQypump,2026-08-21T01:11:56.719426+00:00,2026-08-21T01:13:54.243608+00:00,6.494593551332906e-07,7.798091629133537e-07,0.010035255,trailing_stop,1,4.884610571289063,47058.26046722932,111062.87117214443,925,744,1669,1.1629858003938462,7425.849332754929,,63.819721392115596,1787274715000,291.605,71847.73116567053,99.821259355,736.5,620.52,1772,127804.0,1.187,83.7,0,mcap,-14.87,-15.59,trailing_stop,7.476192030405299e-07,1,0,live_lower,1
2026-08-21,5c8d2713-66f5-4b10-8f18-33055a39d647,HjbvsrBbGtKaC96nQim5Vrmr4c9XXituEoT1eJhZ6EE8,2026-08-21T01:12:36.453637+00:00,2026-08-21T01:13:54.419938+00:00,3.753647067608095e-07,5.811419176566354e-07,0.027410304,trailing_stop,1,1.3512772379557292,28493.307296095336,7258.700807336418,220,280,500,1.2154667526448104,705.7023246804364,,95.9469709259355,1787274755000,119.557,44092.974830584004,10.793284985,78.71,68.05,924,13822.0,1.157,83.1,1,,-19.82,-20.66,trailing_stop,7.799674852803817e-07,1,1,live_lower,1
2026-08-21,b8e83270-1fd5-4e37-afdd-f20924c71755,8FhAXv2tfXUpyMbJsHDHX9zfiEb9PERzFWSY9sgLpump,2026-08-21T01:13:59.126522+00:00,2026-08-21T01:14:24.281199+00:00,1.0486280191065814e-07,9.64737777578055e-08,-0.004,hard_stop,0,15.570755639648437,9267.903698286704,80293.50949351097,896,855,1751,1.0635364319012464,5144.844432856263,,82.175221880553,1787274840000,934.698,9997.06286581997,28.454420558,466.91,441.45,1753,85550.0,1.058,81.2,1,,-1.21,-2.86,hard_stop,9.64737777578055e-08,0,1,live_lower,1
2026-08-21,9dbea331-c570-4760-aa21-d3c2d211436d,42ycK9ArByM4eYxuKubiWxrYpcFbsuXunpDxHZWAfDgm,2026-08-21T01:13:09.288629+00:00,2026-08-21T01:14:53.997475+00:00,9.06869481684534e-08,8.343199231497714e-08,-0.004,hard_stop,0,1.4421721964518228,6859.12495375538,10230.539210152936,114,78,192,1.4190371716417582,4421.726224011305,,86.853851002105,1787274795000,126.469,8455.128593602174,23.958109568,73.19,52.4,239,11828.0,1.397,87.9,1,,1.01,1.01,hard_stop,8.343199231497714e-08,0,1,live_higher,1
2026-08-21,d5b3f68a-bfab-4e0e-98e5-8a4913669029,21nmE4QzH2Xkx6NHhExBLcmzzgk6dmwfACvE3gW4pump,2026-08-21T01:16:08.043813+00:00,2026-08-21T01:16:24.457962+00:00,2.6267992818179945e-07,2.416655339272555e-07,-0.004,hard_stop,0,0.9035500325520833,14755.54985962441,11085.309049126812,155,56,211,2.0563460674798306,6479.673773304459,,44.037089046104896,1787274970000,122.581,19039.7397209564,57.801129011,186.81,137.13,530,30509.0,1.362,87.2,1,,29.93,27.74,hard_stop,2.416655339272555e-07,0,1,live_higher,1
2026-08-21,2639f71d-863a-481d-8bd7-b44da5a12afa,Gj5AR1wLJAA4ytR6azKmf6pXvFgzECExwVzkmYS6pump,2026-08-21T01:14:33.360734+00:00,2026-08-21T01:16:34.109870+00:00,0.000304980579657906,0.00032816195692494986,0.003800468,trailing_stop,1,1.0023804728190104,47152.763063118335,8753.503688148658,37,4,41,4.385805748913766,40922.32425112231,,98.08423161880191,1787274875000,122.335,28828592.934156284,495.894690314,118.5,23.97,78,13418.0,4.944,70.3,0,mcap;vol_mcap,-0.37,-0.43,no_exit_within_window,,0,0,live_lower,
2026-08-21,e3ecb741-d4f0-4e2d-a0b1-744515aaae04,AvazHsJ4BVMuXToQu9fRpYwptoK4hEdovHXWpUuoHhPP,2026-08-21T01:15:12.498969+00:00,2026-08-21T01:16:49.057452+00:00,1.2576857879903754e-07,1.1570709249511455e-07,-0.004,hard_stop,0,1.0664629557291667,9183.44182939688,11213.662327959875,226,146,372,1.1578527363704445,8371.432545490898,,90.35583151293856,1787274910000,118.591,12160.190056733267,105.4174509,180.07,160.24,947,32050.0,1.124,82.5,1,,-2.59,-1.86,trailing_stop,1.265341499647655e-07,1,1,live_lower,0
2026-08-21,47b632ba-ffac-4962-9d8a-a53cc19622ee,F5CGhJ6j2cToen84ArGZoccdz1cTW1Q1Kwz9xqsmgfpK,2026-08-21T01:16:39.900713+00:00,2026-08-21T01:16:59.028940+00:00,2.1610944685524445e-07,1.988206911068249e-07,-0.004,hard_stop,0,0.6558767537434896,40315.5153887769,2339.778075763133,56,71,127,2.278328103707891,912.490770441174,,95.7723526255543,1787275000000,120.372,33754.22834985765,9.461112356,78.6,69.22,852,13921.0,1.136,82.7,1,,-39.7,-37.95,trailing_stop,3.5123321069081006e-07,1,1,live_lower,0
2026-08-21,68e9daf6-4afe-473b-9dd9-998ef5212323,HUqMnQxWxRSAVYXk7zPAxbwRaXPEroYqprW5RL4GrJNV,2026-08-21T01:07:57.248201+00:00,2026-08-21T01:17:58.733419+00:00,1.826626546063646e-07,1.826626546063646e-07,0.0,time_stop,0,0.8515040364583333,41681.721606058025,2450.4568549162173,55,76,131,0.7236842105263158,922.9376515494095,,97.0473332275228,1787274475000,119.042,1.7509472666305588,0.728958391,56.08,50.09,751,10000.0,1.12,82.4,0,mcap;pool;vol_mcap,982406.39,3274344.18,hard_stop,1.6804964223785543e-07,0,0,live_higher,1
2026-08-21,0393803a-5a98-499e-9f8a-e34873ac3b59,2tc5bkUEcpGTD29T5o6DtqXUFCmTP8eCkFXWJQoMePbq,2026-08-21T01:17:38.982129+00:00,2026-08-21T01:17:59.054132+00:00,3.9811143186075113e-07,3.6626251731189105e-07,-0.004,hard_stop,0,0.6356983317057292,32721.994429637005,1140.1226576231998,32,32,64,5.3132706638290585,779.0380044094669,,96.7264799626104,1787275060000,121.654,31355.72331902296,12.018780553,57.07,48.01,811,9897.0,1.189,83.8,1,,19.58,16.1,hard_stop,3.6626251731189105e-07,0,1,live_higher,1
2026-08-21,73080ea8-4534-4c0e-ba6c-19bdf44db163,4cZPEPLWEzCu81r15FqMPjh8F9kznUdPYqhgNT3qpump,2026-08-21T01:18:45.925077+00:00,2026-08-21T01:19:28.831882+00:00,8.438772033588843e-08,7.763670270901736e-08,-0.004,hard_stop,0,0.46827001546223956,5795.225629619358,2947.3598345382443,41,12,53,2.4331190374041256,4098.352553984312,,93.0037448790856,1787275125000,118.112,8758.698823265604,24.920185988,46.03,24.18,160,6612.0,1.904,98.1,1,,-9.26,-7.01,hard_stop,7.763670270901736e-08,0,1,live_lower,1
2026-08-21,f0c93654-d470-42dc-8131-b6e50afd535d,AuxxLPyFVxZWrpCuc8hdxfVn9ECBk4VDwu2WAWC27PzB,2026-08-21T01:19:01.603248+00:00,2026-08-21T01:19:58.893967+00:00,2.4541353530896213e-07,2.926646190478817e-07,0.009626829,trailing_stop,1,0.5018231648763021,31165.555837892392,1122.0930076741538,25,25,50,4.969135200850406,799.4403647695452,,95.9479553107156,1787275140000,119.109,22785.93363902611,6.618813444,45.71,39.28,665,8004.0,1.164,83.3,1,,1.44,3.88,hard_stop,2.2578045248424516e-07,0,1,live_higher,0
2026-08-21,6ee6248a-596d-4ace-9249-668c3f2084d1,4R8poUfquSoPm4sQwWRCcRXQaA1jbZC2htiRPBAAy4H5,2026-08-21T01:19:48.630988+00:00,2026-08-21T01:20:29.066518+00:00,2.692357640893926e-07,2.476969029622412e-07,-0.004,hard_stop,0,1.213123787434896,28917.101372277368,2905.324000357068,104,102,206,1.6697838776337437,729.159086214253,,96.8245327109764,1787275190000,122.186,34403.72572078074,8.85540116,49.17,40.31,617,8428.0,1.22,84.4,1,,-26.3,-24.99,hard_stop,2.476969029622412e-07,0,1,live_lower,1
2026-08-21,a4cb09ec-7cd9-4412-ba81-538b3d10ab41,Ea7YdvLfxwiZsBfTCudLbQTRjr1jXLU4Z1WQCUQx273M,2026-08-21T01:20:19.022469+00:00,2026-08-21T01:20:59.022203+00:00,3.1094195178081714e-07,3.824548099735083e-07,0.01149939,trailing_stop,1,1.253522383626302,40617.65696205384,1789.182092451322,93,77,170,3.216010621732098,941.3416574648902,,96.9864979623314,1787275220000,122.143,47175.35679504371,11.075407086,36.39,25.36,610,5816.0,1.435,88.7,1,,-37.92,-37.38,hard_stop,2.8606659563835177e-07,0,1,live_lower,0
2026-08-21,cd21dab0-c74b-43f0-b1b1-a8e82d522bb2,2AP6yxzVvSQBRnmkB1ktrH6j2aep6ar88hXdCcUzoqcq,2026-08-21T01:11:29.221371+00:00,2026-08-21T01:21:58.802037+00:00,4.901902959656675e-07,8.214510132428652e-07,0.033788992,time_stop,1,1.2575601806640626,42400.06083251342,852.052325995526,16,6,22,41.28186194380524,812.0248914313156,,99.8280702979353,1787274690000,122.251,46474.74291914474,11.102163644,12.01,0.9,42,1216.0,12.013,74.4,1,,-0.66,-0.63,time_stop,7.990363856238751e-07,1,1,live_lower,1
2026-08-21,c94d91b6-4c4f-4e55-9ac2-b06582d56229,GPoEuxQ47D2cW9MdxVKvQrBpWtpXajd3Y1g5c8RLpump,2026-08-21T01:19:46.075443+00:00,2026-08-21T01:21:58.950048+00:00,1.0199411995031706e-07,1.4077060784984246e-07,0.019009178,trailing_stop,1,0.8249415364583333,12836.424859269622,31850.358623786044,277,178,455,1.2382810865565648,6041.973114485333,,75.9275358568097,1787275185000,120.005,9820.816611553848,27.944416531,239.72,231.54,839,44383.0,1.035,80.7,1,,-2.19,-2.52,trailing_stop,1.4218259794825618e-07,1,1,live_lower,1
2026-08-21,e28ee172-b92a-4c1f-88bb-a2eeaf516290,6awr4nA7MWco36RABwMvfKQXrWgrAT67NT2aD7pFoYgD,2026-08-21T01:21:54.296569+00:00,2026-08-21T01:21:59.135383+00:00,7.252927596875999e-07,6.672693389125919e-07,-0.004,hard_stop,0,1.4570953247070313,41696.687339758995,4931.183259167853,231,270,501,1.4647365190596882,931.9882636385028,,96.4052970467505,1787275315000,121.544,60061.42611221292,12.730055027,53.0,40.51,822,8807.0,1.308,86.2,0,mcap,13.73,15.19,hard_stop,6.672693389125919e-07,0,0,live_higher,1
2026-08-21,88b3d8be-42ab-4613-a5c6-8ba8681afdcb,BXsSW7SnETq53HQscXR68TLM1Gajk4t5J4QJFQpHpump,2026-08-21T01:23:25.544412+00:00,2026-08-21T01:23:34.116020+00:00,1.3664129411955642e-07,1.257099905899919e-07,-0.004,hard_stop,0,1.276313427734375,5176.38503728893,7023.6887798895,75,61,136,1.4208739110629856,3878.755014203517,,81.37532290774489,1787275405000,120.309,11888.670394846213,36.527343289,106.96,75.72,354,17205.0,1.413,88.3,1,,8.24,8.19,hard_stop,1.257099905899919e-07,0,1,live_higher,1
2026-08-21,49702f68-8b65-4458-b3aa-426d37a0e518,5qz1cj54gv6xN4eekPcKSjog8SFUHmtMKzjrAZXLpump,2026-08-21T01:22:49.392360+00:00,2026-08-21T01:25:03.813989+00:00,1.2056456099254422e-07,1.3124076260639927e-07,0.004427587,trailing_stop,1,1.1851120483398438,7187.441613118036,8384.748943048415,126,81,207,1.5744506664237206,4530.637202783286,,76.3576191233432,1787275370000,121.529,11205.055704301503,32.278291562,77.99,46.36,284,11712.0,1.682,93.6,1,,1.34,1.33,trailing_stop,1.353936817628626e-07,1,1,live_higher,1
2026-08-21,509f3369-ee1c-4cc7-ae7c-c20160403ced,2R7kEXkH6JjLiR9yyhjcU3HQD3Ctnu5uqxdJLcKKWmCN,2026-08-21T01:25:30.732351+00:00,2026-08-21T01:26:04.364620+00:00,4.27049164670407e-07,3.928852314967744e-07,-0.004,hard_stop,0,1.3025562540690103,35887.39810285852,6448.461817810517,199,247,446,1.2979281266660614,833.7290834063388,,95.3999163615614,1787275530000,119.849,47686.21927007976,11.050127038,71.35,60.15,856,12385.0,1.186,83.7,1,,-15.66,-15.71,hard_stop,3.928852314967744e-07,0,1,live_lower,1
2026-08-21,c58c0dd4-7510-4f65-8ed0-538c41b16056,46zwyNDT7D9UP2EdTSLFM7p4gx4kDvPHvpSpmhAXpump,2026-08-21T01:26:48.310524+00:00,2026-08-21T01:26:59.412524+00:00,2.953589393464343e-07,3.683696480095922e-07,0.012359658,trailing_stop,1,0.9995151936848958,19565.781241370143,12186.089523443323,259,232,491,2.304720162665772,7455.453196035541,,71.1502379884338,1787275610000,123.285,38522.199848644734,85.005359556,139.74,56.35,621,18468.0,2.48,100.0,1,,-27.79,-27.44,hard_stop,2.7173022419871957e-07,0,1,live_lower,0
2026-08-21,9896716f-b6c0-44f4-a160-9a0aaeff3b1a,4Bv89BKYKxQ6ZsLZoU9pHqutBw1qakVgiTHwaBCvpump,2026-08-21T01:27:25.225065+00:00,2026-08-21T01:27:34.411145+00:00,6.295573668199274e-08,5.7919277747433324e-08,-0.004,hard_stop,0,0.838681982421875,9051.638689773996,15542.362662135147,221,113,334,1.3721207356151306,5243.926832326478,,88.5656839364088,1787275645000,121.066,4834.213160827398,14.012370666,141.02,132.87,701,25794.0,1.061,81.2,0,mcap,22.65,21.98,hard_stop,5.7919277747433324e-08,0,0,live_higher,1
2026-08-21,a14d1c17-61cd-4266-b1db-6d1524f41e52,Er67puRBtqLTCAzzNisVdFmVuJKxu3x9Yz9qHrg6pump,2026-08-21T01:27:34.899585+00:00,2026-08-21T01:27:44.415297+00:00,3.026872252619446e-07,2.78472247240989e-07,-0.004,hard_stop,0,19.35234149983724,26288.44931135436,49358.157029662994,505,310,815,1.2872620053932504,4896.677788079078,,68.70545024902022,1787275655000,1161.15,26688.10314656944,53.263158411,324.73,255.92,833,54686.0,1.269,85.4,1,,6.82,6.37,trailing_stop,4.206815824660009e-07,1,1,live_higher,0
2026-08-21,4772d306-05fe-4adb-800b-22776cecd258,GCbxZL7rDPhF3YDgyiBXfZQJZFmub2M5Pha89jo6pump,2026-08-21T01:23:24.006574+00:00,2026-08-21T01:33:28.780827+00:00,3.0229824652730614e-08,2.793134747370344e-08,-0.003801671,time_stop,0,1.2929800944010417,7905.636203936278,9379.596346218652,136,113,249,1.5759696505113618,4753.491845611015,,100.0,1787275395000,111.447,2829.4830794284976,1.09816022,78.11,79.01,355,14798.0,0.989,79.8,0,mcap;pool,0.62,0.96,no_exit_within_window,,0,0,live_higher,
2026-08-21,6d133bc9-c02b-40ad-8526-313cb790066c,EATAvbkfdMpbDZgFvhSzLvkj9b9HKUa3ue1udtkwa72k,2026-08-21T01:33:47.874623+00:00,2026-08-21T01:33:59.468083+00:00,3.4126988327800493e-07,3.139682926157646e-07,-0.004,hard_stop,0,2.017638846842448,26810.51942912647,199317.07189545,2124,2182,4306,1.0724347495007271,6309.660766851617,,50.63148231964188,1787276030000,123.416,25536.868720061608,61.191191702,1234.87,1162.92,4602,225824.0,1.062,81.2,1,,25.86,25.44,hard_stop,3.139682926157646e-07,0,1,live_higher,1
2026-08-21,d4806b71-eea5-4685-9577-c33d4202abf9,G5EmS8SDcwumWBpmYpfPEUKDKjcWbxKpRgVQuTeB7Y2R,2026-08-21T01:24:02.240456+00:00,2026-08-21T01:34:28.793714+00:00,3.4403816609226e-07,3.4403816609226e-07,0.0,time_stop,0,1.186967012532552,23012.51321809535,5545.996765188554,167,222,389,1.2432739080996038,600.0817050468002,,96.2953517150717,1787275440000,118.702,43341.93277148649,10.533352818,74.44,63.92,865,13030.0,1.165,83.3,1,,-25.24,-23.68,no_exit_within_window,,0,1,live_lower,
2026-08-21,82453172-a446-439b-b7a4-683d0bddc5ab,AK4BEKVFbPTr8NJTqxcxbXQxh1hoJnzzFqzCYiRpdb2T,2026-08-21T01:24:12.868433+00:00,2026-08-21T01:34:28.964227+00:00,4.0666334233956525e-07,4.0666334233956525e-07,0.0,time_stop,0,1.187771065266927,33213.27652635617,1478.2491951993281,108,32,140,3.628637236802542,838.6888200597967,,99.9980634195381,1787275455000,123.275,41476.60678285531,10.622859571,8.52,6.78,293,1441.0,1.258,65.3,1,,-7.66,-7.66,no_exit_within_window,,0,1,live_lower,
2026-08-21,0ba69ce6-bb18-4251-94f3-21585683d86a,AkabWaLNNEirGqcfFQmjdJmunF6veKFaxJ3dD1vVKRLK,2026-08-21T01:34:00.891619+00:00,2026-08-21T01:34:29.464563+00:00,8.408947419886587e-08,7.736231626295661e-08,-0.004,hard_stop,0,0.7381786580403645,28637.90091501983,29781.212116144114,237,144,381,1.5440866417107602,9017.306458252173,,95.01828001225269,1787276040000,119.737,8135.56728699469,21.441129199,274.82,236.28,1165,48136.0,1.163,83.3,1,,-2.66,-2.65,hard_stop,7.736231626295661e-08,0,1,live_lower,1
2026-08-21,0fbe8dda-80a9-40f7-8dd4-29f3c8bcc6ca,BRbSXK6uwUKgztG6v4GBjzxnVDDQq52woYcXa8Gtpump,2026-08-21T01:24:56.004942+00:00,2026-08-21T01:34:58.829776+00:00,1.7224802256817347e-07,1.7203443815194995e-07,-6.1999e-05,time_stop,0,1.618968379720052,15254.984283805577,3941.798058250086,10,1,11,3940.9305675336936,6592.566413302627,,100.0,1787275490000,114.273,16228.079464341954,44.480735256,9.92,0.01,12,936.0,9.923,81.8,1,,-0.04,-0.17,trailing_stop,1.8723315755700948e-07,1,1,live_lower,0
2026-08-21,2d6cbb83-f2f6-4a6f-9367-e2535c44b07d,51q3FGz93TpBjxbcjcsB7CQuHwrhzW8dKogufhvrgQCH,2026-08-21T01:28:05.702551+00:00,2026-08-21T01:34:58.966520+00:00,9.049517188116856e-08,2.262379297029214e-07,0.075,take_profit,1,0.8859790405273438,5812.687990149604,6042.46744229237,52,3,55,1.0120698399840318,8758.757010845979,,99.36679849221416,1787275685000,120.364,8832.774277388227,78.17839503,49.12,35.93,211,8011.0,1.367,87.3,1,,-3.51,-3.51,take_profit,2.262379297029214e-07,1,1,live_lower,1
2026-08-21,39ae474a-291d-498c-8a06-76004a1005c6,AwbszCjqKwcnXm8aEcWVSiSuN5MdExi3gbNFcwDmpump,2026-08-21T01:35:09.370070+00:00,2026-08-21T01:35:28.995373+00:00,1.2507785398083633e-07,1.1507162566236943e-07,-0.004,hard_stop,0,1.1960794270833333,8727.2366713904,12343.153234760335,174,137,311,1.4695642663567434,5074.402291214514,,87.1289777419913,1787276110000,121.751,2660.2877423021628,30.534912333,122.23,124.08,527,23197.0,0.985,79.7,0,mcap,342.8,342.84,hard_stop,1.1507162566236943e-07,0,0,live_higher,1
2026-08-21,22bbde8b-60fa-4d70-8455-fe337f52b4a9,L4zQjf4jAbs9sE3Kmdgn92vCirP1qJmgYBTaPLAmfbJ,2026-08-21T01:35:37.008772+00:00,2026-08-21T01:36:28.937178+00:00,3.743294753820548e-07,3.9477874346178975e-07,0.002731453,trailing_stop,1,1.2566809326171875,29675.131087753576,15941.178422070465,215,60,275,1.911134253213885,6752.993492059371,,92.73379524666781,1787276135000,119.059,38224.23996926829,78.763040748,175.35,111.58,532,27023.0,1.571,91.4,1,,-7.77,-9.0,trailing_stop,3.977463916955077e-07,1,1,live_lower,1
2026-08-21,98f1b6fb-cb8a-4bef-82f4-8f21ca34678c,J3fCYm5tfQaW1ytqEeZ1uLj8TpYpd9bQkZViqrYXpump,2026-08-21T01:36:58.850683+00:00,2026-08-21T01:37:59.112719+00:00,7.878976050769139e-08,8.090945023036393e-08,0.001345156,trailing_stop,1,0.7919829345703125,9029.363371264633,11199.343422660893,152,65,217,1.5506906313611317,5594.368231926048,,93.4770838281743,1787276220000,123.48,7734.608087195489,21.77899392,125.79,107.34,456,21957.0,1.172,83.4,1,,-4.06,-3.81,trailing_stop,8.795084899322833e-08,1,1,live_lower,1
2026-08-21,e0b6aba0-bce3-43c7-ad1d-9ac3c32c5782,CjcjqrYdZrxKjww5YUYenMtTXmM21dR3tkJpdBbD8i7o,2026-08-21T01:35:06.803690+00:00,2026-08-21T01:38:28.851287+00:00,1.0660722814432989e-07,2.6651807036082473e-07,0.075,take_profit,1,1.2460794270833333,26903.742974005094,4750.761406573503,153,193,346,1.3303403846327784,674.3200226477059,,98.74780556855531,1787276125000,139.792,9884.681956766632,2.705618661,37.2,34.41,497,6744.0,1.081,81.6,0,pool,1.57,1.74,take_profit,2.6651807036082473e-07,1,0,live_higher,1
2026-08-21,d782a388-6496-4875-98cb-f8edc0c3d218,5hbgzhHSDAxPEj9PkdPfBRFGyg8cUUcFsbCAey4AZm7a,2026-08-21T01:37:29.116506+00:00,2026-08-21T01:38:29.304849+00:00,3.144102807462887e-07,6.205568014231056e-07,0.048685832,trailing_stop,1,1.0715805989583334,28544.37117115635,3357.352361314741,107,132,239,1.5271583605006687,717.7979501119813,,96.3805843961939,1787276250000,122.812,33626.3023189621,8.966990234,70.39,61.62,848,12433.0,1.142,82.8,1,,-11.94,-14.23,trailing_stop,5.503452321901154e-07,1,1,live_lower,1
2026-08-21,bbc9b9db-6355-4142-b8db-4e6a97cd7afd,HWRbZefpsX8wuBnn6Rgob8qc2WZHo9AjcXAKsysGpump,2026-08-21T01:38:10.639748+00:00,2026-08-21T01:38:59.197971+00:00,8.464971898734175e-08,9.325600381614291e-08,0.005083469,trailing_stop,1,0.8782152099609375,8505.992503881716,8574.125736869571,94,55,149,1.732138487794131,4954.156801200081,,86.0513336557183,1787276290000,120.732,9769.61785561533,27.796598287,78.17,55.38,251,12578.0,1.411,88.2,1,,-18.4,-23.7,trailing_stop,1.0165879696860291e-07,1,1,live_lower,1
2026-08-21,f68ade24-4b3d-4429-98bd-aea7b0afb05f,3hmBnKgUgynzpn4NbtwLG2tJHknESrDD1seHGoqgpump,2026-08-21T01:38:33.158968+00:00,2026-08-21T01:38:59.375242+00:00,5.393452639797198e-08,4.961976428613422e-08,-0.004,hard_stop,0,0.6611356038411458,9569.033957911608,9335.0233800286,80,33,113,1.7441120416055447,5294.830983174924,,99.7780554416599,1787276315000,122.368,5125.865535723569,11.85667736,158.99,150.1,312,29110.0,1.059,81.2,1,,-0.9,3.79,hard_stop,4.961976428613422e-08,0,1,live_lower,1
2026-08-21,e725a574-81e5-4f99-80f6-fd998d49e9e2,FTLYydxsZRUjbMddJyJQm5SwAD1PCq3pHn2gLd8Zpump,2026-08-21T01:38:41.806753+00:00,2026-08-21T01:38:59.521307+00:00,1.727744659819706e-07,1.5895250870341295e-07,-0.004,hard_stop,0,0.7780181762695313,14016.613945771787,9107.65092919291,112,42,154,2.34465644589688,6318.936605870089,,52.2293620212448,1787276320000,119.127,2733.602211257518,44.897577755,160.21,160.64,487,30218.0,0.997,79.9,0,mcap,495.25,495.29,hard_stop,1.5895250870341295e-07,0,0,live_higher,1
2026-08-21,060bea36-a4b0-4042-a954-0073c6cd5310,9W3eJxJL7mdtA6PUwnZLbRwDbD45V5x5hMmtQMrEfrHB,2026-08-21T01:35:49.160457+00:00,2026-08-21T01:39:58.807202+00:00,3.9300167799294854e-07,4.148475346155581e-07,0.002779359,trailing_stop,1,1.0566809326171875,34626.58462642955,24092.77421168788,74,30,104,1.5902636631967777,27450.909837753377,,99.8294106169602,1787276150000,121.411,36961.06001210647,314.171889614,96.32,31.01,164,11991.0,3.106,100.0,1,,0.14,1.12,trailing_stop,4.086984056777514e-07,1,1,live_higher,1
2026-08-21,b88a9acc-d9ac-4efc-9d1d-8337db0ebc67,DNSNAcSaTFRoBLZa1DeKPnpsY1yEanAd2ysNq2wgEx67,2026-08-21T01:37:27.403433+00:00,2026-08-21T01:39:58.981946+00:00,1.4344275021601563e-07,3.586068755400391e-07,0.075,take_profit,1,0.9047409912109375,21075.714356459488,2387.3389890060275,112,112,224,1.6085741679087304,556.5880585696066,,97.3628639052662,1787276245000,119.219,12852.883034066075,4.317207908,45.6,41.81,772,8232.0,1.091,81.8,0,pool,5.11,2.46,take_profit,3.586068755400391e-07,1,0,live_higher,1
2026-08-21,622c9397-d8ca-4235-be7e-af5f63a434bc,HDH2G4qA5zYksj1ZDVP47A8gR37hEXaTiUC2qwhFpump,2026-08-21T01:40:07.597941+00:00,2026-08-21T01:40:59.362318+00:00,1.0756235919690207e-07,1.3043346441677272e-07,0.010631556,trailing_stop,1,0.9737211995442708,6831.543325418278,12561.857613097272,94,63,157,1.3261568645315769,4413.812404338678,,78.2586416286131,1787276410000,123.702,10338.408991959439,29.443996542,90.24,75.61,255,15620.0,1.193,83.9,1,,-2.01,-5.16,trailing_stop,1.5934774280387728e-07,1,1,live_lower,1
2026-08-21,8a7c0809-9f10-43e9-b64b-25e14084c49f,FTfA7LVZdkJeJyMXZNcEBUgg3K62RKdNCtvEmDkApHDc,2026-08-21T01:39:04.144635+00:00,2026-08-21T01:41:29.040284+00:00,2.741012019140847e-07,3.0239649224031875e-07,0.005161468,trailing_stop,1,0.7078277791341145,19199.698003300018,904.3701212159269,46,14,60,8.60265202493352,716.1253633974151,,99.9838386415159,1787276345000,123.192,26225.93912190292,9.739907115,6.41,4.81,262,1056.0,1.332,69.0,1,,-1.57,-1.57,trailing_stop,3.06421950619243e-07,1,1,live_lower,1
2026-08-21,435d630f-dfb7-4eed-b29f-9e4c9abf163d,Bz5wALzvD7MNvqYDu6N417h7Q4nGGRuidSY67PzTpump,2026-08-21T01:39:56.833855+00:00,2026-08-21T01:41:59.049108+00:00,6.180452232077706e-08,5.6860160535114896e-08,-0.004,hard_stop,0,1.1403878662109375,5556.547586526894,19092.484758122413,145,106,251,1.1499089389485933,4778.012904279049,,82.6626132824432,1787276395000,119.02,5808.444740648249,14.556500815,115.4,101.13,265,20392.0,1.141,82.8,1,,0.21,0.17,hard_stop,5.6860160535114896e-08,0,1,live_higher,1
2026-08-21,22f037f5-f18d-4f76-8f56-f8d0a35fdf6e,858tkJMwLYkEdSoTPJBmh142EkSbtbKwzBMqjeqwMoMT,2026-08-21T01:41:09.516118+00:00,2026-08-21T01:41:59.352544+00:00,4.3434820815979444e-07,4.559711188624794e-07,0.002489122,trailing_stop,1,0.7513799763997396,32823.85762550973,1167.3743221863642,67,19,86,5.70542699710761,819.1864073257858,,99.9932587750324,1787276470000,122.006,42574.34377473385,10.852029792,8.28,6.33,292,1376.0,1.308,64.7,1,,-3.92,-3.92,trailing_stop,4.6036422217782116e-07,1,1,live_lower,1
2026-08-21,11f8962e-1c76-4761-bc9b-401e3be7c9c6,9XWmHuoR9yRxC4VaDU5US3tX6hMGqJWHF6vYQqHFpump,2026-08-21T01:42:19.477176+00:00,2026-08-21T01:42:29.299502+00:00,1.552867166841275e-07,1.428637793493973e-07,-0.004,hard_stop,0,0.889914990234375,9938.658320729875,16474.235840324232,173,127,300,1.3846997693128889,5556.695767280708,,75.5015380295047,1787276540000,121.77,12840.940117710103,39.072860271,198.71,167.46,663,34486.0,1.187,83.7,1,,13.89,13.72,hard_stop,1.428637793493973e-07,0,1,live_higher,1
2026-08-21,df5fe8aa-9a1e-4480-b534-e84cb533103a,GCysEz4A4vwhFoACzcDoZs4AEumAsAozh5HjZwTUpump,2026-08-21T01:40:24.353793+00:00,2026-08-21T01:42:59.003273+00:00,1.0332213747180722e-07,1.1255009125408042e-07,0.004465623,trailing_stop,1,0.883671484375,7213.933591686763,6044.506980304346,104,32,136,1.902527318056358,4547.4799429312525,,81.2279923171774,1787276425000,121.504,9709.11771216569,27.606438954,58.87,34.26,239,8770.0,1.718,94.4,1,,0.22,0.22,trailing_stop,1.2055986584883872e-07,1,1,live_higher,1
2026-08-21,6650115c-c817-4dfd-96ac-5332c2295f96,JAiYP5xBBFGbDu4BnA84nCk7NHFDneygnsn9jJKn3uU5,2026-08-21T01:42:44.153727+00:00,2026-08-21T01:42:59.453345+00:00,1.775013232892964e-07,1.6330121742615269e-07,-0.004,hard_stop,0,0.9115984619140625,10983.508442472697,12565.515867211947,161,71,232,1.2877174941161738,9109.187064920845,,90.40118752075189,1787276565000,121.969,15849.845761608549,122.519511712,310.7,275.27,865,55186.0,1.129,82.6,1,,5.47,6.59,trailing_stop,2.2777086149193946e-07,1,1,live_higher,0
2026-08-21,0e7bc244-409b-40d9-bb9d-a279c9ec381a,6CUnt73RqKoDmN3YMPpHhoLSZ9ubLYdwHmohWPYbpump,2026-08-21T01:42:33.517309+00:00,2026-08-21T01:44:29.122902+00:00,5.419154957580317e-07,4.985622560973893e-07,-0.004,hard_stop,0,0.9273568400065104,16746.530554555604,18745.516159568768,148,74,222,1.5730290660550894,6823.414710621254,,32.389736867783924,1787276555000,122.609,43003.082830840714,74.529914218,309.93,222.87,759,50179.0,1.391,87.8,1,,18.68,20.96,hard_stop,4.985622560973893e-07,0,1,live_higher,1
2026-08-21,7e3e80a7-326d-4f60-a646-d70097809c83,yDVxDppFEYZfvB1HPkEex8HBzf8QXRBhtEjjssvpump,2026-08-21T01:44:09.771146+00:00,2026-08-21T01:45:29.203434+00:00,6.086544077920625e-07,6.81420284244989e-07,0.005977602,trailing_stop,1,1.184926298014323,47428.21171829352,16513.788534552492,48,9,57,2.633996773689222,38156.555057855665,,94.62534857428754,1787276650000,121.175,57540.267019586274,461.520180963,183.76,70.33,90,23931.0,2.613,100.0,0,mcap,-0.38,-3.28,trailing_stop,6.948221205479583e-07,1,0,live_lower,1
2026-08-21,36598486-3f43-4ee0-8167-70a0b066bafa,H8Za4CLXLFM2A7oW89mVSgNVwycpq79yvfQxpdeQbRjy,2026-08-21T01:45:14.514090+00:00,2026-08-21T01:45:59.291526+00:00,3.1584718593826974e-07,4.2703486055381114e-07,0.017601498,trailing_stop,1,1.0609044596354167,30846.374134795038,4734.075831058399,153,176,329,1.380127399715074,785.5573941789552,,95.40051938107169,1787276715000,122.285,38736.71880702266,9.853966783,75.8,66.07,914,13361.0,1.147,82.9,1,,-23.21,-23.04,trailing_stop,4.0307904471100243e-07,1,1,live_lower,1
2026-08-21,97c31e7f-c183-46ed-8829-546bde0cb36d,47KCJfuCHtRVNHfzQEnHb4C1ABsV8DgLwFM9W9RUpump,2026-08-21T01:46:24.127947+00:00,2026-08-21T01:46:59.436231+00:00,2.303220015150951e-09,5.758050037877377e-09,0.075,take_profit,1,1.495588623046875,6121.197299644052,4262.10807375263,117,92,209,1.2555358028154662,3136.023377572822,,99.99999999999999,1787276785000,121.733,869.5514980950229,0.15915732,40.31,40.36,353,7598.0,0.999,80.0,0,mcap;pool,-50.11,-45.91,take_profit,5.758050037877377e-09,1,0,live_lower,1
2026-08-21,1467bc92-3df1-4fc6-92ce-1d7810969422,By1E4agYpYj4SyYe9xK9ruUZnQdqTNkztc4FyMLupump,2026-08-21T01:47:12.196066+00:00,2026-08-21T01:47:29.433932+00:00,5.377755098577124e-08,4.947534690690954e-08,-0.004,hard_stop,0,0.7951545043945313,6293.1347806342965,8497.940985768228,122,74,196,1.458270050976658,4281.836527881373,,98.7067230308934,1787276830000,118.49,5093.518202773592,11.724397781,64.2,56.92,272,11407.0,1.128,82.6,0,mcap,-0.56,4.54,trailing_stop,6.37939529934412e-08,1,0,live_lower,0
2026-08-21,41790094-f99c-42a9-9d94-a73b190d8d6a,BvfBJt8Du1R3P8VR38ix9FXrcpQzw52o7jKeWYvKpump,2026-08-21T01:43:46.139412+00:00,2026-08-21T01:47:59.262895+00:00,2.732678751978259e-07,4.835531650158745e-07,0.038476036,trailing_stop,1,1.485388016764323,15159.552714495994,11886.476570247092,172,134,306,1.9868331740619019,6651.119166694045,,59.9057887860274,1787276625000,119.474,25432.070433956946,64.039782326,113.39,50.83,371,15466.0,2.231,100.0,1,,1.2,0.16,trailing_stop,4.1373539127158476e-07,1,1,live_higher,1
2026-08-21,578cd5a8-35cd-45f4-a958-10083c6695bf,3DRF9H5diZ6EuQE7f1SWcQhzVcr4AKo6nJVJaXq7pump,2026-08-21T01:39:02.529137+00:00,2026-08-21T01:49:28.855743+00:00,2.873872534476718e-08,2.838176204939686e-08,-0.000621049,time_stop,0,0.7244944458007813,7564.724653879024,9396.591385246513,113,80,193,1.531516512477086,4630.033294697207,,100.0,1787276270000,48.627,2760.4938093968167,2.038168307,69.8,71.09,285,13269.0,0.982,79.6,0,mcap;pool,-1.95,2.56,no_exit_within_window,,0,0,live_lower,
2026-08-21,62d26f73-f576-45ad-855d-8ebf053d9539,FZ8VY5dbqC4WFFSSwPEpoakWL3mVSXsMVNxkVJPcpump,2026-08-21T01:48:13.565692+00:00,2026-08-21T01:49:29.434259+00:00,4.240768557962159e-08,7.430544295407257e-08,0.037608463,trailing_stop,1,0.7664115519205729,5615.848388404562,9586.684215057288,86,68,154,1.3289750031350331,4452.1610219150625,,99.987355886581,1787276895000,122.965,5884.035646563688,15.066078722,101.19,87.38,299,17760.0,1.158,83.2,1,,-32.12,-27.71,trailing_stop,7.859677288597564e-08,1,1,live_lower,1
2026-08-21,aad5fda1-9ff4-49b0-b8db-80b02249a3ec,B2B1WsRDtwKvmPSUSJN2vYXAM5kbXYUvpCEymx2kpump,2026-08-21T01:49:36.752087+00:00,2026-08-21T01:50:59.382935+00:00,7.701621203902503e-08,1.3939092440567436e-07,0.040494534,trailing_stop,1,0.5294643391927083,7655.265546787658,11293.365269984464,72,61,133,1.4279305330394916,4643.91270270897,,85.4025092564823,1787276975000,119.332,7445.724368822195,20.446916253,146.22,126.35,387,25671.0,1.157,83.1,1,,-2.58,-8.16,trailing_stop,1.4579839129607325e-07,1,1,live_lower,1
2026-08-21,384fade7-da62-40dd-892a-61f3a45bd629,5wsqPSb4DR3ew7z4Woavy4f3TivrUD7aNkAFkmkVCeBv,2026-08-21T01:41:50.710536+00:00,2026-08-21T01:51:58.868212+00:00,4.0045626488315025e-07,4.0045626488315025e-07,0.0,time_stop,0,0.9214041056315104,24638.8378623001,4261.798350940648,134,167,301,1.3463388648123376,628.6560441870132,,95.2665061400847,1787276510000,119.69,44203.63910147503,10.756561005,76.18,65.52,993,13345.0,1.163,83.3,1,,-14.68,-16.23,hard_stop,3.6841976369249824e-07,0,1,live_lower,1
2026-08-21,e84b0d08-8598-40f8-b3cb-d4b4d42d9f2d,3EEmu5XWiMAp8Ncx5Q2KvBHnSrrU7vvw1Vcv6vN1pump,2026-08-21T01:51:29.237340+00:00,2026-08-21T01:51:59.516276+00:00,4.0818082845371387e-07,3.755263621774168e-07,-0.004,hard_stop,0,0.3089017822265625,36928.78298126016,8888.151722116172,28,5,33,13.246523664443977,9851.519129961776,,67.3783778680396,1787277090000,109.673,39949.612466912746,75.153132751,395.64,309.65,596,66424.0,1.278,85.6,1,,-3.77,-0.11,hard_stop,3.755263621774168e-07,0,1,live_lower,1
2026-08-21,b5376859-0d9b-46d9-9d82-8d78fca3067e,FA2a8sa62ZvZ7ctLXJgB4rLiUn8h59houZ12uMnpEGnY,2026-08-21T01:49:55.710426+00:00,2026-08-21T01:52:29.206036+00:00,4.6813115378475575e-07,8.44155003365915e-07,0.040162233,trailing_stop,1,0.6738574422200521,29997.33354530957,733.0942996023109,7,0,7,733.0942996023109,733.094299602311,,95.8121692995614,1787276995000,121.005,44374.43098845284,10.772739086,40.64,30.03,562,6655.0,1.353,87.1,1,,-0.64,-2.2,trailing_stop,8.407923549538699e-07,1,1,live_lower,1
2026-08-21,4759fc04-4777-4549-9e0a-0e85bbe69416,AkVK1nboNFUGpYPDBWVoJwA31CuSQqfBQHoj527UqRH4,2026-08-21T01:53:30.507160+00:00,2026-08-21T01:53:59.306839+00:00,4.7544934744757623e-07,4.3741339965177014e-07,-0.004,hard_stop,0,0.8876333333333334,29081.905103506004,1248.6709010565332,37,31,68,3.7070667068590533,740.1078210939611,,95.58721633246721,1787277210000,120.988,36063.08593612211,10.146115874,57.29,48.1,709,9926.0,1.191,83.8,1,,24.17,24.71,hard_stop,4.3741339965177014e-07,0,1,live_higher,1
2026-08-21,6fe06133-c04f-486f-8084-ff83afe0294d,AqxFgBrBX4zkxyXmPM4eU24uVHK64tjkiyMDyYNvpump,2026-08-21T01:53:25.913778+00:00,2026-08-21T01:55:39.251099+00:00,3.1930095751728806e-08,2.9375688091590504e-08,-0.004,hard_stop,0,0.8545482706705729,6312.641045653702,3823.7118211504217,64,30,94,2.4778741385149554,4466.047462386533,,100.0,1787277210000,125.002,3019.0021822231697,2.122760472,46.78,44.66,251,8612.0,1.048,81.0,0,mcap;pool,-0.39,4.3,hard_stop,2.9375688091590504e-08,0,0,live_lower,1
2026-08-21,6eb0ec4e-f5fe-4e1d-89b5-ae9b73245558,CTGX5DPUtUdpXa9XCXCuPPa5nn1gXiUdRqcQjgNbUx1B,2026-08-21T01:46:05.516934+00:00,2026-08-21T01:56:08.871989+00:00,9.717239775666524e-08,9.717239775666524e-08,0.0,time_stop,0,1.2724908732096354,17239.091848397376,4020.9913948410385,115,167,282,1.26709506190098,474.11168299360503,,97.71173406142191,1787276755000,111.1,9147.55228100647,2.864240802,39.18,36.65,538,7142.0,1.069,81.4,0,pool,0.05,-80.57,no_exit_within_window,,0,0,live_higher,
2026-08-21,6da1abd5-2ed4-4640-a0fa-0047b24b7345,HVkwWWqvMMv3JZ3TLiqeUih8iLWLJhnPSSSGMjGjNgdj,2026-08-21T01:55:01.020431+00:00,2026-08-21T01:57:09.173363+00:00,1.3317459984935837e-07,1.5067664495257322e-07,0.00657109,trailing_stop,1,1.3346254353841145,10768.018549268856,7597.6861986128315,132,72,204,1.465184050529153,9014.108346302888,,96.74589100205921,1787277300000,119.97,12679.362387283496,108.617371697,88.55,66.36,363,14589.0,1.334,86.7,1,,-1.08,-2.98,trailing_stop,1.4856289559615883e-07,1,1,live_lower,1
2026-08-21,bb2165d6-601c-4dee-b183-5415cd032147,Qv8As5CLkejFafZCP9vqaWbGmGDKP6CR6FTPoxJpump,2026-08-21T01:47:33.186603+00:00,2026-08-21T01:57:38.851913+00:00,2.8472571600231126e-08,2.8005534778091734e-08,-0.000820152,time_stop,0,0.5286629353841146,10203.601276230718,6902.781654969077,79,28,107,2.141564851368631,5210.117609563052,,100.0,1787276850000,118.207,2653.067811300369,0.113089912,90.86,91.73,228,17196.0,0.99,79.8,0,mcap;pool,1.07,1.01,no_exit_within_window,,0,0,live_higher,
2026-08-21,73afe102-ab1c-48a4-8329-dbcee165b585,BRBpuK6xM5tkVT58YuprUeKh9nseVBMJtyEUS6JemFY1,2026-08-21T01:57:24.741451+00:00,2026-08-21T02:03:09.281345+00:00,1.1287697567525211e-07,1.579427764489122e-07,0.019962353,trailing_stop,1,0.9545055826822917,8555.221227027503,1949.0831530647208,102,19,121,1.8870828967281008,7949.4113436688585,,95.76043302800676,1787277445000,121.36,10761.118194451818,97.732122232,48.19,33.61,440,7704.0,1.434,88.7,1,,-1.21,-1.21,trailing_stop,1.6191722861197073e-07,1,1,live_lower,1
2026-08-21,430c552d-c26b-48c8-800c-f972140c7614,4H3KjxdCwZ5dKAtHy6uBukDEi4QAuVEnzq6mHR8NTRPY,2026-08-21T02:03:21.294569+00:00,2026-08-21T02:03:39.859715+00:00,4.67762507040946e-07,4.3034150647767034e-07,-0.004,hard_stop,0,2.0253408732096356,39051.50454388111,242706.16955728183,1246,771,2017,1.0753099352230535,9563.782833709218,,78.56369948107299,1787277800000,119.626,28761.284174582983,59.964578015,1528.81,1445.61,2236,280131.0,1.058,81.2,1,,53.17,53.59,hard_stop,4.3034150647767034e-07,0,1,live_higher,1
2026-08-21,e6e78e98-d701-4fc9-82b0-311a78d8be35,9C1A9nv93o6aNaboDeq9WrdCFZFfCtrr6og9FR8puW1L,2026-08-21T01:54:06.257359+00:00,2026-08-21T02:04:08.871133+00:00,4.5767830239631723e-07,4.5767830239631723e-07,0.0,time_stop,0,1.3522086181640625,42710.668586534295,7187.3607746597145,236,287,523,1.3020196699644635,952.3054901978455,,95.32856844859771,1787277245000,120.172,40901.92077089463,10.437575398,62.6,52.53,840,10843.0,1.192,83.8,1,,5.38,3.9,hard_stop,4.2106403820461184e-07,0,1,live_higher,1
2026-08-21,e4a26a9a-5743-4167-9e8c-5411332b47b0,AQ2FoVMXKqPKqDDcNtg3Ucz5ze6YxHo9LfJcXhVdpump,2026-08-21T01:58:00.200426+00:00,2026-08-21T02:04:39.113574+00:00,1.290994430634323e-07,1.7282776171043996e-07,0.016935905,trailing_stop,1,0.8054490844726563,11258.769355660059,22406.897362152464,115,69,184,1.3167992168490694,5778.949814667465,,67.72260725244,1787277480000,120.717,12129.98314191343,34.388935359,149.6,115.49,233,24967.0,1.295,85.9,1,,0.24,0.45,trailing_stop,1.391414077197583e-07,1,1,live_higher,1
2026-08-21,e18c7101-f4b5-4eb3-841d-6b9a158f4055,CSNbZqJCJcXYNGai4YYAnnA9ktVwE244Vn7xbn5xpump,2026-08-21T02:04:42.793533+00:00,2026-08-21T02:05:09.341418+00:00,6.062779837436079e-07,5.577757450441193e-07,-0.004,hard_stop,0,0.3918334228515625,34558.4435299459,8305.933766207272,37,6,43,17.21760279445936,10173.084838939356,,80.66882913614113,1787277885000,116.265,55293.499119733344,88.526816004,290.65,189.35,348,45207.0,1.535,90.7,0,mcap,3.27,2.8,hard_stop,5.577757450441193e-07,0,0,live_higher,1
2026-08-21,c48cd2ff-5439-4943-8fcd-d61f56a341ca,Db3fbpBo7k1umRzKqTwDmrubdG9h31z3C4mSgHpRpump,2026-08-21T02:05:09.466679+00:00,2026-08-21T02:05:39.316065+00:00,7.831469299172672e-08,7.204951755238859e-08,-0.004,hard_stop,0,1.760246464029948,6585.464516081138,4860.562343512342,80,38,118,2.0359818299190824,4315.483351752225,,91.5507905004273,1787277910000,122.109,9150.723216628092,26.405879067,43.81,19.86,134,5997.0,2.206,100.0,1,,-19.4,-22.14,hard_stop,7.204951755238859e-08,0,1,live_lower,1
2026-08-21,5edb6da0-163d-41e6-b9f2-dae7ff331c17,6rqCKfUQ9c2UzQaaqHCaXkCixf7kNPdDULoqnPe1W5Fg,2026-08-21T01:56:07.816867+00:00,2026-08-21T02:06:08.895574+00:00,2.52843795235803e-07,2.52843795235803e-07,0.0,time_stop,0,1.2814085611979167,20214.664894032372,5774.285991981125,162,260,422,1.203881939906638,578.3039521588622,,97.1957799610158,1787277370000,122.709,20768.89673434922,6.677064144,53.74,47.77,857,9560.0,1.125,82.5,1,,14.66,17.38,hard_stop,2.3261629161693877e-07,0,1,live_higher,1
2026-08-21,6d93e6eb-65cd-49a8-93b7-f9465670e9bb,42f3tEHg6pPCbx51CziSBzuiiEy73uNdXV1Lw2tppump,2026-08-21T01:56:14.428430+00:00,2026-08-21T02:06:38.887462+00:00,9.365541659676822e-08,9.117126982608724e-08,-0.001326216,time_stop,0,1.2644778564453125,8340.623254781154,610.5282154969025,14,9,23,1.00000000087667,2676.3107969354696,,100.0,1787277390000,137.483,17246.42291520927,0.049382718,2.49,3.42,23,557.0,0.729,50.6,0,pool,2.29,2.18,no_exit_within_window,,0,0,live_higher,
2026-08-21,cb6a0b17-392f-4130-a5eb-81da58cddc1c,DoeYmDz6NgUwpcz5tkZH5qe4tWMgXdqsmVCWzLaypump,2026-08-21T02:05:58.242042+00:00,2026-08-21T02:06:39.214696+00:00,6.906004609141581e-08,6.353524240410256e-08,-0.004,hard_stop,0,1.2105914672851563,5785.382231138022,6679.194382749382,76,61,137,1.533443658576629,4063.2330500986745,,99.27455263421331,1787277960000,122.845,6605.192825012701,17.514251909,51.51,36.24,182,8264.0,1.421,88.4,1,,-1.53,5.95,hard_stop,6.353524240410256e-08,0,1,live_lower,1
2026-08-21,5b7bef6e-514a-458b-8568-0c5a72834d5c,AKwDD8uauN9C3dzg19jNosywbGemNXWHoWJXw79Gpump,2026-08-21T02:06:59.250666+00:00,2026-08-21T02:07:09.032985+00:00,3.2485437811978005e-08,2.9886602787019763e-08,-0.004,hard_stop,0,0.9900637288411458,9879.708967173048,8635.569111697687,122,42,164,1.8847114584289852,5306.454313525748,,99.4836966344226,1787278020000,121.725,2793.3340487947125,1.092322282,141.52,141.61,524,26666.0,0.999,80.0,0,mcap;pool,9.53,9.63,hard_stop,2.9886602787019763e-08,0,0,live_higher,1
2026-08-21,7ef3bf83-4362-4e8f-a084-090b28892d7b,HK7aXw9LecGWsrYiWRxdGoPPBYuxFF3iAtZmUHCzpump,2026-08-21T02:07:55.531212+00:00,2026-08-21T02:08:39.102183+00:00,1.4045885994314675e-07,1.6438122693645207e-07,0.008515791,trailing_stop,1,1.5352209309895832,11444.447524605957,13491.761871630624,219,111,330,1.5654263643873734,5732.137011909905,,78.3612857579684,1787278075000,120.411,13122.379109100793,37.135232546,133.8,99.82,551,22002.0,1.34,86.8,1,,0.81,-2.07,hard_stop,1.29222151147695e-07,0,1,live_higher,0
2026-08-21,cd461c70-24e3-4955-bc2c-d87f992b8720,GUDxW89Ypnmu8xXzGdKVPcHXjiH1QnidyVjqKgBxoss,2026-08-21T02:09:08.554433+00:00,2026-08-21T02:10:09.564592+00:00,4.96666689435675e-07,4.56933354280821e-07,-0.004,hard_stop,0,1.3837964721679687,29985.77892257364,7747.270126386531,239,300,539,1.2114427542946784,743.0746670788383,,96.12981364612551,1787278150000,123.148,48062.07796156687,11.070565556,80.27,69.01,969,14059.0,1.163,83.3,1,,-2.68,-0.91,hard_stop,4.56933354280821e-07,0,1,live_lower,1
2026-08-21,b8e37f14-db76-4967-bb30-31b404a7df13,DiTXF2J2dkemKvb4grp26Hby3jVP4zYW3kpbboqDMQgh,2026-08-21T02:10:23.510855+00:00,2026-08-21T02:12:39.536058+00:00,1.0692620878498487e-07,1.1562204115919394e-07,0.004066277,trailing_stop,1,1.4856949625651041,9793.994116553027,4103.682696253381,56,39,95,1.7314833333211952,8589.216323291193,,96.5597669745229,1787278225000,122.285,10021.503091545906,94.703410824,44.64,33.86,251,7393.0,1.318,86.4,1,,0.49,0.49,trailing_stop,1.1817496073941977e-07,1,1,live_higher,1
2026-08-21,4ea2b0c4-ab3f-4725-86be-305bc0c60b67,6cjgjGcCWSvucCVUacupEoNUmtPwNqfK7kgEvY1Vpump,2026-08-21T02:09:38.276917+00:00,2026-08-21T02:13:09.298792+00:00,4.128515280269644e-07,1.032128820067411e-06,0.075,take_profit,1,1.5112850626627605,28722.855331349096,21787.56093429961,284,110,394,1.8292553405698984,9275.038339794479,,37.7637329655619,1787278180000,122.63,41507.1838823421,72.472486451,231.72,144.09,674,35394.0,1.608,92.2,1,,-6.32,-6.32,trailing_stop,8.064905459635236e-07,1,1,live_lower,1
2026-08-21,a4ff8dc6-c932-49d2-9581-abfda02d3fb1,2iCFTFFSXH6SuuoRheFaqiJwQwNzaxKBXzMSggDEpump,2026-08-21T02:12:44.547108+00:00,2026-08-21T02:13:39.341641+00:00,1.2160195937260512e-07,1.3367961658607157e-07,0.004966062,trailing_stop,1,1.377328194173177,16209.264911569056,25096.738266328724,277,216,493,1.4384916089917823,6937.716676600847,,75.7939414518144,1787278365000,121.954,10739.790350825777,32.458364681,204.79,178.21,758,36071.0,1.149,83.0,1,,6.64,4.92,hard_stop,1.1187380262279672e-07,0,1,live_higher,0
2026-08-21,7f6382d5-4ca7-4d52-b282-44aff409d84e,hhyWJ1r83YPiDqca3UZDjpEE8R9fme4UifHBrsZpump,2026-08-21T02:03:57.992909+00:00,2026-08-21T02:14:08.861610+00:00,8.557713797436265e-08,8.532992499912221e-08,-0.000144439,time_stop,0,1.9533406290690105,7587.168560286791,1198.2253758767124,17,9,26,1.0004668763479023,2668.910540120546,,100.0,,,,,,,,,,,,,,,,,,,,
2026-08-21,2a6b628b-ca02-42fe-87b0-cf62f790b9b9,HKf9paYQxWTQrRzK7d7fCm8PrhKPP7V2DDFDLmYsbonk,2026-08-21T02:13:42.389945+00:00,2026-08-21T02:14:09.525467+00:00,1.3938182935997033e-07,1.282312830111727e-07,-0.004,hard_stop,0,1.7398934204101562,11680.279157559486,820.7445837095486,56,4,60,1.2629903646032803,3406.573163553467,,56.6089044220029,1787278420000,119.506,13093.978369630435,39.380307891,3.63,1.43,75,476.0,2.538,78.3,0,volume,0.25,0.25,hard_stop,1.282312830111727e-07,0,0,live_higher,1
2026-08-21,c78452c5-7703-4400-ae8b-7a255c8fb8d5,6FVQ8mxt6Pz2kwqq5pqTbHQ6fcNRGktoPUArm59Vpump,2026-08-21T02:14:21.323350+00:00,2026-08-21T02:14:39.373027+00:00,6.281262661233173e-08,5.778761648334519e-08,-0.004,hard_stop,0,1.8021711344401041,5739.426777720884,2090.9230905657287,33,7,40,4.960992020951806,4060.9184239662977,,99.458454346046,1787278460000,119.862,5334.949302720682,14.550876957,18.53,7.81,44,2481.0,2.374,92.4,1,,10.89,14.31,hard_stop,5.778761648334519e-08,0,1,live_higher,1
2026-08-21,f4708ccd-32ae-458e-82a4-5a18e4274b4c,9K8GzcKb9WgkNaJwWzd2V3ruVmgXZU9U9Eg9fqbepump,2026-08-21T02:15:21.847254+00:00,2026-08-21T02:16:39.637005+00:00,5.259222062103063e-08,8.100146841888748e-08,0.027008983,trailing_stop,1,1.5028666381835938,6460.734237687039,6382.131187519808,103,59,162,1.7376931524256218,4420.309573918388,,97.2526830049917,1787278520000,118.652,5114.649725845106,11.82981392,41.1,33.24,199,7001.0,1.236,84.7,1,,-3.16,-3.41,trailing_stop,9.635468492027276e-08,1,1,live_lower,1
2026-08-21,3f365438-263f-487b-9384-bc56221bf75c,FYSqLJ2x4E1t7AYV27rZYC924c2FQpT541ZwNVRSH2u,2026-08-21T02:07:35.963470+00:00,2026-08-21T02:17:38.920226+00:00,7.753681684354205e-07,7.753681684354205e-07,0.0,time_stop,0,1.336323270670573,49428.97173228059,17018.18689903769,287,68,355,4.163845014492369,14982.600528609382,,95.86439971507899,1787278055000,119.568,71092.8307351232,199.487701224,221.81,75.94,760,28042.0,2.921,100.0,0,mcap,2.72,2.07,no_exit_within_window,,0,0,live_higher,
2026-08-21,ebb5342d-1f03-4cb8-b41f-628a51707d84,5BoHgYBiqc2U6KCDm1npffBWno9pMjmEgRHaxW4qoqZ6,2026-08-21T02:16:56.277089+00:00,2026-08-21T02:18:09.290901+00:00,1.1136970882426784e-07,1.1515517819775771e-07,0.001699506,trailing_stop,1,1.1172966186523436,8726.242719329646,2939.359003412602,150,27,177,1.560490390881638,8081.282543372145,,96.1602330872089,1787278615000,120.369,10328.205321905758,97.575617644,47.33,35.11,405,7764.0,1.348,87.0,1,,1.55,1.55,trailing_stop,1.3270270662012588e-07,1,1,live_higher,1
2026-08-21,c48762af-26a0-400e-95e3-3cdbe91e3c81,4TdSPaqu72c7Rtq9mYZPHVfdf8V3ChocFFdnWBmepump,2026-08-21T02:08:16.207239+00:00,2026-08-21T02:18:38.848890+00:00,6.07315059510656e-08,6.013636053865371e-08,-0.000489981,time_stop,0,1.4459594278971355,5445.696745338622,4172.319244640555,28,34,62,1.406914433382686,757.3690464631811,,100.0,1787278070000,95.475,501803.6821008667,661.55852,2220.08,1821.94,68,380678.0,1.219,84.4,0,mcap,-98.86,-98.86,take_profit,1.5182876487766398e-07,1,0,live_lower,0
2026-08-21,971d8e7a-c558-499f-b0d7-2e7b52d46e50,4jAS8ubhqHZhNNCyW9uyS3YLxtvUSzTBhpXvhiThpump,2026-08-21T02:17:59.246550+00:00,2026-08-21T02:19:09.217535+00:00,7.159331532695304e-08,6.58658501007968e-08,-0.004,hard_stop,0,1.6063513753255207,6092.541874031434,18731.35053532081,250,150,400,1.174763515799138,4180.971465372178,,87.4981992508297,1787278680000,122.275,6502.42096744305,17.143159709,122.09,107.91,466,21661.0,1.131,82.6,1,,3.69,5.6,hard_stop,6.58658501007968e-08,0,1,live_higher,1
2026-08-21,1b422985-3ec2-4155-b947-a4ac64638027,A3BGKmbxPwazMHUuoM2gPFWyKWgz5p4hfpnYzM6Upump,2026-08-21T02:19:16.211295+00:00,2026-08-21T02:19:39.192572+00:00,1.9784940462017738e-07,1.8202145225056318e-07,-0.004,hard_stop,0,1.2855189086914063,10762.645939497965,15893.251486038374,241,96,337,1.383880348611459,6163.11806333626,,68.4652400965607,1787278755000,119.542,19974.36947685271,52.626182009,158.95,109.33,570,25266.0,1.454,89.1,1,,-6.71,-6.94,hard_stop,1.8202145225056318e-07,0,1,live_lower,1
2026-08-21,09b4de65-00cf-47b5-9f9f-4ca5f6dea38a,59HXKxRCc9vK3ATdT1kQYwCTVdx1fWwWixhwRQDmmkpk,2026-08-21T02:19:27.127740+00:00,2026-08-21T02:19:49.153481+00:00,3.783111019731515e-07,3.480462138152994e-07,-0.004,hard_stop,0,1.102185575358073,33918.31424086643,4815.36178538077,145,177,322,1.424916240705007,838.8545502314311,,95.7923307827847,1787278765000,119.333,38992.45481565063,10.162632506,54.47,44.75,751,9344.0,1.217,84.3,1,,-8.63,-11.19,take_profit,9.457777549328788e-07,1,1,live_lower,0
2026-08-21,24386872-e263-4c18-af09-29e85e3b84c4,DDbmJfjxbgu7BtSH8vLnSqZrvYVzpdTNGD9Cxhj5nuUn,2026-08-21T02:20:03.498820+00:00,2026-08-21T02:21:19.318643+00:00,3.225319871172221e-07,3.5604381405680507e-07,0.005195117,trailing_stop,1,1.1361883504231771,26158.76891016969,3931.3984709531014,155,174,329,1.3984957306975236,653.1783593752639,,95.7704173087049,1787278805000,122.581,30413.949859789715,8.299810186,58.4,50.29,850,10236.0,1.161,83.2,1,,-0.12,-5.16,trailing_stop,4.757408354836083e-07,1,1,live_lower,1
2026-08-21,8c106e8f-60cd-4fa4-899e-0152718a0332,CRCPWSANo3ZgGhVZvLKUfwYK6cfTQF1L4Ri2WXo6pump,2026-08-21T02:20:55.932244+00:00,2026-08-21T02:21:29.345921+00:00,7.799637383629206e-08,7.17566639293887e-08,-0.004,hard_stop,0,1.3220163452148437,6936.143776708146,24194.401768452422,208,134,342,1.15957139078919,4553.458278898873,,86.16061494460409,1787278855000,119.48,7188.722151248591,19.865121318,155.27,155.7,442,29287.0,0.997,79.9,1,,2.18,3.57,hard_stop,7.17566639293887e-08,0,1,live_higher,1
2026-08-21,b2423c45-a096-4257-aaf0-dcd6066cd95b,HqXuXwAVXkYD1NqR9YqYwxCgUi5d8qHH9QW9ZJ4gpump,2026-08-21T02:22:10.768814+00:00,2026-08-21T02:22:59.489701+00:00,3.3824511915894793e-08,3.756684739816178e-08,0.005531987,trailing_stop,1,1.3139798950195312,5341.389166827614,15918.512378391024,208,148,356,1.1685465863001303,4726.889556057638,,99.93482220242909,1787278930000,119.721,3782.281248600011,7.130881586,111.41,108.66,455,20726.0,1.025,80.5,0,mcap,-15.78,-15.86,trailing_stop,4.1195479146726154e-08,1,0,live_lower,1
2026-08-21,ce350e82-ccba-445c-9c64-b935b11f1f84,5jjHH7nG7s2TrmmhyoNuRMVAihAD8vFCjYadZHoVpump,2026-08-21T02:13:12.574824+00:00,2026-08-21T02:23:28.876588+00:00,5.8807520455547e-08,5.8675337646924304e-08,-0.000112386,time_stop,0,1.3493123453776041,5223.109418313939,1020.045218978317,14,5,19,1.0033481146698986,2677.4083603075715,,100.0,,,,,,,,,,,,,,,,,,,,
2026-08-21,3a3eb754-c278-4618-b672-7bb91695e3c1,6suUkuQR5sECNb7heoaZMPNsENhRwPhFieH1ZqKcdWHM,2026-08-21T02:15:08.131507+00:00,2026-08-21T02:25:28.886699+00:00,1.7679744893593673e-07,1.7679744893593673e-07,0.0,time_stop,0,1.7361999715169272,18175.464681370402,8932.898087987809,335,397,732,1.075536561420929,495.7791785187747,,96.3520177075783,1787278510000,123.371,24797.490994619668,8.401309659,68.05,61.11,992,12164.0,1.114,82.3,1,,-32.85,-30.98,trailing_stop,2.5803292816656693e-07,1,1,live_lower,0
2026-08-21,edbe9ef3-d177-486e-ac33-75ba239d630f,CzeYh6zKRwRXmNwrb7PdQTCmd2upRSRH1iyh65bhpump,2026-08-21T02:22:57.424897+00:00,2026-08-21T02:25:29.184856+00:00,1.797401044201929e-07,3.9171606231396946e-07,0.058967351,trailing_stop,1,1.2485781697591145,7783.301318980359,9228.589205728797,99,75,174,1.5955737237529395,4794.052362188875,,76.12791912260657,1787278975000,119.492,15881.767310389396,46.107257046,103.87,65.19,351,15922.0,1.593,91.9,1,,6.59,5.74,trailing_stop,4.1546120659779114e-07,1,1,live_higher,1
2026-08-21,f00da6b7-d056-49e7-ba2d-ff667e56fbc4,HXF8oCe82aCLuf45CTQhLpoZJR2ZsFJ3gkFgJPFWpump,2026-08-21T02:26:07.128564+00:00,2026-08-21T02:26:59.472185+00:00,3.1617993335503866e-07,2.908855386866356e-07,-0.004,hard_stop,0,1.2849634236653646,22942.974917133233,16009.119494422004,232,90,322,2.0023921831995573,8123.694027349196,,44.5074303432582,1787279165000,118.402,27447.86382972541,71.987199625,193.93,128.06,569,30325.0,1.514,90.3,1,,8.49,7.94,hard_stop,2.908855386866356e-07,0,1,live_higher,1
2026-08-21,eff5ebb5-fbd5-4c2b-8a16-7e8d1b843b25,72j2Tk64W7LXHZoZcya8XJRTWY6hN1BAoxLCvMsTxg5q,2026-08-21T02:26:13.795508+00:00,2026-08-21T02:26:59.626212+00:00,1.4937296188095933e-07,1.629986818297959e-07,0.004560973,trailing_stop,1,1.4512543863932292,11064.468649428705,18692.959422459608,323,167,490,1.1981490473335725,9181.582999813769,,86.41475283578896,1787279175000,122.028,14949.264323853964,115.249098202,215.63,183.22,884,37564.0,1.177,83.5,1,,-5.9,-5.89,trailing_stop,1.6041943339201033e-07,1,1,live_lower,1
2026-08-21,74f7db19-a78b-46b1-b296-8037cf1fcc64,FDYoc6roSvjskuwcQ4cWRSzedFSEFrCWEPCJ3nRpaGgP,2026-08-21T02:23:56.477758+00:00,2026-08-21T02:27:09.095002+00:00,9.678738157199151e-08,1.0253467307553917e-07,0.002969029,trailing_stop,1,1.1544181193033853,8030.746409456067,2225.009047942035,38,25,63,2.0714034605880594,7213.981806939443,,99.9068716442256,1787279035000,119.823,9148.877384233154,84.270660136,28.33,16.73,102,4244.0,1.693,91.6,1,,-0.37,-2.51,trailing_stop,1.0140123367343911e-07,1,1,live_lower,1
2026-08-21,74a10d5c-e4aa-480a-ba50-bee3a9fee306,GPunAbJ5TMcW4tdBfyyjc5mfkbN5h919mrkWZDYSf8Tv,2026-08-21T02:28:18.080307+00:00,2026-08-21T02:28:29.279639+00:00,3.776548361014188e-07,4.633750172969606e-07,0.011349011,trailing_stop,1,0.6424825520833334,26543.9214228522,2069.308420572537,55,71,126,2.041611727242027,682.8525980041735,,95.98422393023561,1787279300000,122.854,38085.5926291387,10.684601642,76.62,67.01,982,13526.0,1.143,82.9,1,,-6.61,-8.95,take_profit,9.441370902535471e-07,1,1,live_lower,1
2026-08-21,5aff1686-2d73-4a19-8e1f-3b03942530f3,Gvy78vExHhKPVNNZXwLUV6PxM6337FtQLfQSNBLWpump,2026-08-21T02:28:32.683137+00:00,2026-08-21T02:28:49.169448+00:00,4.993402080981436e-08,5.567449405963755e-08,0.005748058,trailing_stop,1,1.1817892822265625,6179.505437293011,20120.69660391131,194,235,429,1.165070637325265,4209.3151009463,,99.1674646545565,1787279315000,122.869,4965.712290924992,13.387541491,134.25,127.99,502,24697.0,1.049,81.0,0,mcap,-5.29,-4.06,hard_stop,4.593929914502922e-08,0,0,live_lower,0
2026-08-21,7d92a240-3a31-42b0-b35a-3202db4276d3,1PW2E63DSCMVPnA52CsRQLdmGYUpSMg1Aqc88Vjpump,2026-08-21T02:29:14.951401+00:00,2026-08-21T02:29:24.445192+00:00,7.003115368260379e-08,6.442866138799549e-08,-0.004,hard_stop,0,1.3595607177734375,11439.335316349689,23426.85081663511,259,208,467,1.295519633228094,6061.460506014488,,92.0624314894577,1787279355000,120.484,5240.280501323323,15.273067446,168.79,159.47,654,30916.0,1.058,81.2,1,,25.86,25.28,hard_stop,6.442866138799549e-08,0,1,live_higher,1
2026-08-21,cdc3d9cd-7e2a-4b38-8b40-2f45818286bb,Ds6QVSQfGc3LpTKn1gqgM2bEU45Hc8LUsYNzzdYF9RDZ,2026-08-21T02:28:44.218008+00:00,2026-08-21T02:29:34.340434+00:00,9.885874839811499e-08,1.1899106205975079e-07,0.010182363,trailing_stop,1,1.2822417928059895,8449.157233607657,13225.75854483778,339,176,515,1.069567444186865,8010.319592519703,,99.72903372863131,1787279325000,123.19,9363.261040921147,93.374665739,180.21,172.82,1156,33248.0,1.043,80.9,1,,-0.56,0.19,trailing_stop,1.3442642838774292e-07,1,1,live_lower,1
2026-08-21,545e065b-49dc-4736-9617-ba3b55a8db85,3HeT5PXFvW63CSNBe3LHL5jYgRFn9wFmDfBqvsdrpump,2026-08-21T02:30:16.539018+00:00,2026-08-21T02:30:24.823273+00:00,5.3815811341971295e-08,4.951054643461359e-08,-0.004,hard_stop,0,1.2461774169921875,10792.494929669403,2228.2599766892813,70,49,119,1.000461305625498,2690.6345812414834,,99.99999999999999,1787279415000,119.614,1391.654155462249,0.134663253,13.43,13.48,162,2534.0,0.997,72.5,0,mcap;pool,628.4,634.16,hard_stop,4.951054643461359e-08,0,0,live_higher,1
2026-08-21,6a8008f9-a992-4cda-887f-5e222159081e,FoJtQFmk4i9aYWceMHuvHTqbomt3YDmpxFtvuK47pump,2026-08-21T02:20:35.178052+00:00,2026-08-21T02:30:38.949727+00:00,2.8771969044942097e-08,2.790974426156978e-08,-0.001498376,time_stop,0,1.3137042561848957,14597.279987507532,15225.267911700368,171,64,235,1.6668627830857494,6566.396796246374,,100.0,1787278830000,115.654,2708.714982213647,0.433395818,126.15,126.71,319,23814.0,0.996,79.9,0,mcap;pool,0.04,0.06,no_exit_within_window,,0,0,live_higher,
2026-08-21,09731b58-dfed-48f5-9ac7-7132baa88a11,F7446YJnKKhTPo2bTAqcrCT2M4T3AQyHaGSMnU7fXP3D,2026-08-21T02:30:37.869815+00:00,2026-08-21T02:30:44.451019+00:00,1.2284715386346275e-07,1.1301938155438574e-07,-0.004,hard_stop,0,1.4940744466145834,10881.163465864322,15878.143348709867,287,103,390,1.2106786224335282,9092.380466817393,,99.9951988988052,1787279440000,124.269,10959.106378133685,101.51740482,236.4,221.37,990,43112.0,1.068,81.4,1,,5.57,5.78,trailing_stop,1.4530208075838874e-07,1,1,live_higher,0
2026-08-21,a93780ee-5d63-4a7f-847b-ec136bdb4415,RJMYJKZe1DR69XwznGAfWx5QueMmXQ4uPt1Fuphpump,2026-08-21T02:29:35.589869+00:00,2026-08-21T02:30:54.187482+00:00,3.713818689843262e-07,4.5151526665827096e-07,0.010788545,trailing_stop,1,1.200796142578125,21993.015414603506,9964.989507486654,94,30,124,3.2547991956656164,7954.5878837719865,,91.29675441826492,1787279375000,121.339,35066.22785620327,63.347078346,108.76,42.62,209,14257.0,2.552,100.0,1,,-0.26,-1.25,trailing_stop,4.4064142068495994e-07,1,1,live_lower,1
2026-08-21,3f219d1a-b683-424b-bf4d-7cb49918faa1,EfdNJu6EjYqXJasM8JstDvz2AWBK4tTVgt8m3z7gFefR,2026-08-21T02:31:32.173155+00:00,2026-08-21T02:31:44.541622+00:00,2.6028788081644785e-07,3.272520139447108e-07,0.012863475,trailing_stop,1,1.1786881266276041,31266.675957954983,4399.179910977059,164,177,341,1.4100450128802877,779.40580207276,,96.7565130207246,1787279490000,119.209,29543.33465817989,8.083671043,66.76,58.81,842,11827.0,1.135,82.7,1,,-17.02,-17.73,take_profit,6.507197020411196e-07,1,1,live_lower,1
2026-08-21,5f2f8824-b1ec-43d3-a9a4-d11c12e5a568,E4hk6uJQQtXrHVFMPqdM5j4MfkSV7H62wmasQoNtpump,2026-08-21T02:31:59.590623+00:00,2026-08-21T02:32:04.721587+00:00,6.400618373713527e-08,5.8885689038164445e-08,-0.004,hard_stop,0,0.9454504842122395,21268.425447171623,42386.91528018171,483,392,875,1.2740323763496304,7785.496668992245,,88.81844343635831,1787279520000,121.235,5776.3204776024095,14.550870698,408.11,396.97,1874,75823.0,1.028,80.6,1,,4.36,6.06,hard_stop,5.8885689038164445e-08,0,1,live_higher,1
2026-08-21,ef2def89-71a3-4cc8-9254-662817f90a65,BL1nf3tkgWy9eZAP3Xscear3geH5DE9DFGGt4ogbn8DZ,2026-08-21T02:31:57.994346+00:00,2026-08-21T02:32:54.445820+00:00,1.252414662654132e-07,1.1522214896418014e-07,-0.004,hard_stop,0,0.8454236612955729,9392.788948888277,7528.935945236607,139,91,230,1.2581683942047754,8429.68181880221,,93.57559865747801,1787279520000,122.97,11390.238465741237,103.353980942,174.38,157.55,901,31261.0,1.107,82.1,1,,3.56,3.56,hard_stop,1.1522214896418014e-07,0,1,live_higher,1
2026-08-21,f3c4031a-47c8-45af-8640-ce5e6a4e841f,8JfhkBpdfPrvFQPL7tmHaKG8AkZGL3PNFfgc9Kwtpump,2026-08-21T02:33:11.012236+00:00,2026-08-21T02:33:24.617261+00:00,1.0453977124297009e-07,1.092284374044495e-07,0.002242527,trailing_stop,1,1.2237643636067708,9501.458554206438,12719.9178890627,86,67,153,1.5009354167363627,5228.106646486815,,65.8450398555827,1787279590000,120.319,10482.862379352187,29.875618263,93.53,64.27,186,14861.0,1.455,89.1,1,,-6.08,-6.04,trailing_stop,1.0908053866813701e-07,1,1,live_lower,1
2026-08-21,81b3cee7-1c06-4346-b353-60667018eabc,4m2kfr8dz1789p6L6e2ZrG6U7YHadPUJ4Em8nPGhpump,2026-08-21T02:24:13.078691+00:00,2026-08-21T02:34:13.945450+00:00,3.05686743054151e-08,2.831548483130222e-08,-0.003685455,time_stop,0,1.325803047688802,29591.296389533843,7079.100862162766,67,15,82,25.159481437763215,9217.905595284667,,100.0,1787279055000,123.157,2857.3608809386656,1.250983741,63.15,76.72,122,13173.0,0.823,76.5,0,mcap;pool,0.76,0.88,no_exit_within_window,,0,0,live_higher,
2026-08-21,d6bcee83-ffa9-4331-8aae-159b33d65f41,BhT7FKRj978c3uBK2ScFicJHfD3mYvtkJUjVXaQdpump,2026-08-21T02:35:00.122369+00:00,2026-08-21T02:35:14.649817+00:00,5.002023539063601e-08,4.601861655938513e-08,-0.004,hard_stop,0,1.027808565266927,5962.9941516326235,16956.310283440253,224,159,383,1.1886572127972925,4141.1442358537315,,96.3858697128524,1787279700000,121.773,4746.547879159505,10.836818471,163.43,156.8,733,30159.0,1.042,80.8,0,mcap,-0.75,-1.24,hard_stop,4.601861655938513e-08,0,0,live_lower,1
2026-08-21,9321fe12-99b8-4638-9301-a34496448e82,D6CAPufsJA9A18HobT3GkFxjasHy1dS5wb4Dd6M5pump,2026-08-21T02:31:25.715413+00:00,2026-08-21T02:37:14.281534+00:00,0.0009297491376773699,0.001131610644714116,0.010855697,trailing_stop,1,1.2201989217122395,49040.576994779374,14921.818487532775,61,13,74,2.784642225683468,40687.77489543336,,93.57689456216667,1787279485000,121.06,88132.15301107352,460.472946035,145.62,62.34,105,19585.0,2.336,100.0,0,mcap,-0.64,-0.93,trailing_stop,0.0011369410542064215,1,0,live_lower,1
2026-08-21,fdd91195-24b9-4d49-9b7e-5f400a9a48f7,Cx8TaqVoxmrpKxKqTCzB55x2MTvGCCaMQuZwavhppump,2026-08-21T02:33:52.849106+00:00,2026-08-21T02:37:44.313390+00:00,1.67148218273594e-07,1.7782076008384916e-07,0.003192538,trailing_stop,1,1.5982214070638021,14254.255491282642,4908.273224188953,45,8,53,7.511710803195321,6466.298515491584,,98.19415662632491,1787279635000,122.702,15569.66112537504,42.949232244,51.71,8.96,69,5714.0,5.771,100.0,1,,1.11,-0.39,trailing_stop,2.1768290298530646e-07,1,1,live_higher,1
2026-08-21,bc8ac0ce-518e-435d-9569-5ae6f74ebf90,9SnVVFYcAxMZEQyaYqvUEqrgXLqibCAPagE8omYwQbE3,2026-08-21T02:35:57.120633+00:00,2026-08-21T02:38:14.304713+00:00,1.0687731104026656e-07,1.240126890187745e-07,0.008016378,trailing_stop,1,0.8626315999348958,8436.00384524975,1863.6630140238763,61,19,80,1.738623140548862,7980.379701830575,,96.5362864733535,1787279755000,118.718,10670.048864196106,97.490945985,49.11,35.31,235,7951.0,1.391,87.8,1,,-5.66,-4.45,trailing_stop,1.344848522839709e-07,1,1,live_lower,1
2026-08-21,fb7f6aec-ef2b-4184-8610-563637972dc2,FdDMxg1yL3NQNQUm7domeCWFh4CwCBSkiKo3pMNZpump,2026-08-21T02:39:26.062785+00:00,2026-08-21T02:39:54.710114+00:00,1.3734707430204067e-07,1.263593083578774e-07,-0.004,hard_stop,0,2.020709102376302,12581.676150656202,14588.059550525228,153,122,275,1.5974158066224284,6708.065503272324,,79.15768075132479,1787279965000,120.285,11964.557074612281,36.614919879,100.35,66.6,289,15723.0,1.507,90.1,1,,8.11,9.91,hard_stop,1.263593083578774e-07,0,1,live_higher,1
2026-08-21,9ad2017f-b8ad-4188-b591-5a81ebf8761f,9Ae1SYzPXwjJfB2Wc3yLo8m3rJq2gFjPY6AP6CEUpump,2026-08-21T02:30:03.767252+00:00,2026-08-21T02:40:24.013531+00:00,2.81362494474639e-08,2.8012575524665735e-08,-0.000219777,time_stop,0,1.101806319173177,13281.679109825367,12858.300038584777,150,59,209,1.7737119645691697,6127.219256439742,,100.0,1787279390000,107.772,2653.9645834803773,0.118178796,94.94,95.81,264,17966.0,0.991,79.8,0,mcap;pool,-0.15,-0.08,no_exit_within_window,,0,0,live_lower,
2026-08-21,e935b4d5-c908-41bf-a00c-224859cace50,4NLQKUEgV5KubazyH2szTDdCaYeXfh29UhZaRm5Rpump,2026-08-21T02:38:05.199332+00:00,2026-08-21T02:40:24.575052+00:00,1.367962403227927e-07,1.6712826322387964e-07,0.01108657,trailing_stop,1,0.3944209431966146,35073.61451628858,8868.214124121308,95,23,118,5.112515256855184,6986.2235016111135,,66.90775013934628,1787279885000,113.378,13304.109359478049,32.27266175,176.26,130.53,493,28894.0,1.35,87.0,1,,-3.16,-3.35,trailing_stop,1.4630660859907127e-07,1,1,live_lower,1
2026-08-21,f58c35df-aec1-4a69-81da-3107d7a7ea89,2PBb4eUwBp5d2rkVWtPMMRtJ5kPKJLdANufafhXipump,2026-08-21T02:40:19.347897+00:00,2026-08-21T02:40:54.397745+00:00,6.516088783136584e-08,5.994801680485658e-08,-0.004,hard_stop,0,2.025238016764323,5713.132946520905,3025.160345896702,88,18,106,2.667057887212667,4070.031975662288,,94.35601794769012,1787280020000,121.972,6283.236824604961,16.341795906,24.57,9.24,109,3184.0,2.659,94.6,1,,-2.33,-5.78,hard_stop,5.994801680485658e-08,0,1,live_lower,1
2026-08-21,74913b3d-a097-4a27-9f67-5fb3b8255ebc,FvbR1K8FfyUU7bJyoZWiG93aPrA1NAv3NM8YTyaRpump,2026-08-21T02:40:37.017240+00:00,2026-08-21T02:40:54.572203+00:00,7.488815557656855e-08,6.889710313044306e-08,-0.004,hard_stop,0,2.020631660970052,5672.471453443428,8504.243730193615,61,46,107,1.3814778633619593,4055.94966761127,,99.8542265089535,1787280035000,118.945,6440.240792472401,19.676648458,58.71,44.76,125,9745.0,1.312,86.2,1,,9.51,8.38,hard_stop,6.889710313044306e-08,0,1,live_higher,1
2026-08-21,6903a4cf-6638-4ba8-8a7d-92a68aa76ef3,6iujYBwvrKWJGR78V78TmzZSmVKUBF268MRCAo9w8X31,2026-08-21T02:40:48.803025+00:00,2026-08-21T02:42:54.454174+00:00,1.0407496127253629e-07,1.1303145112078752e-07,0.004302903,trailing_stop,1,2.0161605346679687,9315.540892905205,5940.623375251484,172,65,237,1.3131955228685908,8429.115093884135,,99.72505074440652,1787280050000,121.575,9951.00934363946,95.656934111,44.3,34.43,285,7414.0,1.287,85.7,1,,-1.5,-2.57,trailing_stop,1.1475039764157481e-07,1,1,live_lower,1
2026-08-21,34e95a37-0fb1-4ad2-84ef-efa63f98ddf2,32upPzfFjwqSsU6YVkgpwndyut1C2jKgCCsN9yAMTaKJ,2026-08-21T02:41:50.570975+00:00,2026-08-21T02:42:54.637069+00:00,4.6206137730536863e-07,4.2509646712093916e-07,-0.004,hard_stop,0,1.4441388264973958,43573.5276680543,6936.253770233177,233,262,495,1.330618044335127,858.0093171815494,,94.6948932364535,1787280110000,121.147,48937.036077487704,12.475545215,71.53,60.23,867,12409.0,1.188,83.8,1,,-11.08,-12.65,hard_stop,4.2509646712093916e-07,0,1,live_lower,1
2026-08-21,5f9ff37b-6b1d-4404-a20f-24cdf399d7ed,5JgMtVwcXanzFf7c1f98kh27J6XCoEPp38nsmmWoogxT,2026-08-21T02:33:06.265936+00:00,2026-08-21T02:43:24.163406+00:00,3.922854123973564e-07,3.922854123973564e-07,0.0,time_stop,0,1.1236067423502605,35446.78416506974,5159.683511134573,149,196,345,1.382593630012046,888.1059560656762,,95.279656600226,1787279585000,119.666,0.7985799641389981,10.98,73.48,63.54,864,12905.0,1.156,83.1,0,mcap;vol_mcap,4626292.07,4626790.9,hard_stop,3.609025794055679e-07,0,0,live_higher,1
2026-08-21,9c8c5736-e105-4d4f-a15f-a05d845a8a70,5b6uAKhfGKB9o3QFeutfZcLBZmustPvhAs1s931Upump,2026-08-21T02:43:09.548474+00:00,2026-08-21T02:43:54.221728+00:00,1.4096826590625204e-07,1.6057631205766983e-07,0.006954773,trailing_stop,1,1.5573543090820312,12156.791431678752,9112.30111186781,125,48,173,2.0974529826211508,5923.477115404205,,77.4918655607907,1787280185000,116.784,13229.582669745612,37.244105054,76.88,39.95,213,11003.0,1.924,98.5,1,,0.35,-2.41,trailing_stop,1.584779725834358e-07,1,1,live_higher,1
2026-08-21,9d08bfba-ffdd-4c8e-ad03-ce89e24f0d39,sq9JyjtT8Gttr51fg6SSo1pQk5wAzwfMTJzJSxhpump,2026-08-21T02:43:34.145109+00:00,2026-08-21T02:43:54.400527+00:00,5.278202110097145e-07,4.855945941289374e-07,-0.004,hard_stop,0,0.15692704264322915,33601.70793212049,7167.579246692676,13,0,13,7167.579246692676,9868.510498412346,,65.72835304880223,1787280215000,100.657,57603.866557672176,89.643143303,418.42,315.19,532,69092.0,1.328,86.6,0,mcap,-13.7,-3.14,hard_stop,4.855945941289374e-07,0,0,live_lower,1
2026-08-21,b58eb290-3979-46f8-b74d-b63530344cc6,ECSF3gbbX8JrKGgNZmqesRk47wPpwABG8yNZRuwJpump,2026-08-21T02:44:19.043324+00:00,2026-08-21T02:44:54.170774+00:00,4.876343835839025e-08,4.486236328971903e-08,-0.004,hard_stop,0,1.8338714029947916,5217.097462297814,19637.901777227,231,197,428,1.1324564168681723,3908.6380983067174,,96.8950368509103,1787280260000,121.436,4653.694549636504,9.978094197,114.13,109.25,451,21038.0,1.045,80.9,0,mcap,-1.31,2.52,hard_stop,4.486236328971903e-08,0,0,live_lower,1
2026-08-21,cbd0f856-6f2f-4ded-a94a-fecc70adb108,GYvPjYJtNFbjUvyurrVTr8ocmvSg644rD5owbxHwpump,2026-08-21T02:44:39.636684+00:00,2026-08-21T02:46:09.136741+00:00,4.3266194700772335e-08,5.960228288206253e-08,0.018878582,trailing_stop,1,1.5839682250976563,8239.050103259808,15120.677358419078,202,140,342,1.3347897322265012,4960.971787573366,,95.5042603724228,1787280280000,120.575,4607.3001011927945,9.682990854,110.48,103.8,489,20181.0,1.064,81.3,0,mcap,-11.56,-11.78,trailing_stop,5.672241891722338e-08,1,0,live_lower,1
2026-08-21,714694be-d03c-4b06-b17b-cacbf4c1c10d,8nsA3pUGg5ZWZKSoHK23VPZBh5y5esvn1EzjLDZJpump,2026-08-21T02:45:20.489321+00:00,2026-08-21T02:46:39.180134+00:00,6.705360769297666e-08,1.0341370737014298e-07,0.027112709,trailing_stop,1,1.9760030110677083,5979.816310732742,13666.090821659885,201,150,351,1.2408799567721727,4160.093259097719,,95.9463414099863,1787280320000,120.302,7375.147108575791,20.2072564,86.85,68.12,365,14595.0,1.275,85.5,1,,-14.37,-14.51,trailing_stop,9.830396686823204e-08,1,1,live_lower,1
2026-08-21,daa43ced-4e00-4351-bc38-815d0d28d207,nMJN6DxSNKsTsBaxKHb9HJQ4vapoKNAntnCbG9Rpump,2026-08-21T02:46:05.717212+00:00,2026-08-21T02:46:49.224847+00:00,8.485122500973534e-08,7.806312700895651e-08,-0.004,hard_stop,0,1.8564696411132813,7386.7030657980795,11140.452907724968,64,62,126,1.4420605881920934,4708.201232492243,,99.73913830914469,1787280365000,120.247,8021.552382102406,22.361292415,58.76,51.21,131,10357.0,1.147,82.9,1,,-0.38,-0.19,hard_stop,7.806312700895651e-08,0,1,live_lower,1
2026-08-21,d3d16cb9-eb20-4d15-8e2c-d0bf030f385f,9bXYn9H8D2QuAYQ79FLJN7dVHweD26UcUmy4q1ZkU6pc,2026-08-21T02:46:36.889115+00:00,2026-08-21T02:46:49.542212+00:00,5.711401597877415e-07,1.1510151790912131e-06,0.050764686,trailing_stop,1,1.5925708536783854,34126.19152600503,6760.640944910336,237,287,524,1.277619779086941,824.1364920662081,,95.09438191831279,1787280395000,118.637,74104.11466167937,15.292903664,64.9,49.76,772,10798.0,1.304,86.1,0,mcap,-27.41,-28.68,trailing_stop,7.710982413298554e-07,1,0,live_lower,1
2026-08-21,dcef03bb-c773-4f74-8837-4aaf6f80c75c,D4GqNAfzZZ5Rcx2bSyowt2xUhK52VKg9e3WDgEWbqDKu,2026-08-21T02:46:29.260630+00:00,2026-08-21T02:47:49.136487+00:00,2.385221814286381e-07,2.740854688682639e-07,0.007454922,trailing_stop,1,1.7259041870117187,32336.486751036304,6653.901231513989,230,282,512,1.2721593924002572,886.2699854547632,,96.77501635720111,1787280390000,121.85,20968.7112665253,6.771820487,56.44,50.82,781,10102.0,1.111,82.2,1,,7.13,8.3,take_profit,5.963054535715952e-07,1,1,live_higher,1
2026-08-21,3669fd07-9b45-4922-a739-808b5b86d51b,4f1aEwkTVcbaFG6ffxZjTJf9Q4X7SfUZJcABu72fpump,2026-08-21T02:47:34.668685+00:00,2026-08-21T02:47:49.266431+00:00,4.40185865367366e-08,4.049709961379768e-08,-0.004,hard_stop,0,1.514280810546875,7362.415320858439,11839.503198789404,144,132,276,1.386959987696137,4607.221843381996,,99.143890355883,1787280455000,120.433,3433.1640684063236,4.665941006,82.84,80.64,342,15396.0,1.027,80.5,0,mcap;pool,20.75,19.13,hard_stop,4.049709961379768e-08,0,0,live_higher,1
2026-08-21,f3aa9c95-af1a-456f-bb22-e948c6c3ffd4,Dd1GtEMtQ6Fc16Ne9bngTj4hQuo1JAzRaGRJ3fh5pump,2026-08-21T02:38:04.497119+00:00,2026-08-21T02:48:19.015858+00:00,2.84497741686372e-08,2.844099026197449e-08,-1.5438e-05,time_stop,0,0.8683914957682292,15626.295659805864,12434.062758059474,152,70,222,1.9667204332472414,6725.925737592572,,100.0,1787279885000,121.491,2690.771760681149,0.326310443,165.72,166.38,526,31278.0,0.996,79.9,0,mcap;pool,-0.42,0.04,no_exit_within_window,,0,0,live_lower,
2026-08-21,2a044fc9-9789-4496-bfb2-a06223ff2cb9,8nbTadgxdC9sowP7DjXBVyqsr7d97gzQcAzhUT6uJyHa,2026-08-21T02:49:03.109656+00:00,2026-08-21T02:50:19.136954+00:00,3.5090298885114676e-08,5.8883227438708726e-08,0.033902431,trailing_stop,1,1.3197790893554688,6185.871891683778,28947.83386066207,187,166,353,1.1125759054928699,4866.228821640461,,99.9151851551613,1787280545000,122.683,3299.4058505998923,3.591038478,189.33,197.6,492,36440.0,0.958,79.2,0,mcap;pool,0.16,-0.12,trailing_stop,5.675240722764849e-08,1,0,live_higher,1
2026-08-21,082fef89-dabd-4331-bcbb-e544244e6255,AGPHMv6mifgTYt2eCdY3WcesgTW4sXQArhc4inqkpump,2026-08-21T02:51:24.179060+00:00,2026-08-21T02:51:49.188308+00:00,1.1586029607832047e-07,1.0659147239205483e-07,-0.004,hard_stop,0,1.6346836181640625,12497.648946120798,17831.226281940173,210,174,384,1.4565924034345212,5999.758135775972,,85.3871995694277,1787280685000,122.339,9210.14766370349,30.186664593,129.65,110.46,473,22613.0,1.174,83.5,1,,18.48,18.06,hard_stop,1.0659147239205483e-07,0,1,live_higher,1
2026-08-21,aaace371-4fda-424e-968b-f67038edffea,FSvk6Z1ubBwWGo7CvSzPfkUzWKbSFFn4H3Y6w3ZEUwiM,2026-08-21T02:48:06.314942+00:00,2026-08-21T02:52:19.032885+00:00,5.5948707635825066e-08,1.0578585374426649e-07,0.044538246,trailing_stop,1,2.026101924641927,6620.244819977925,118914.92834770776,1078,1111,2189,1.0620052138307376,1739.9847247472394,,87.55974908783091,1787280485000,121.039,5649.349358473,15.353384241,686.26,662.23,2239,127001.0,1.036,80.7,1,,-6.73,-7.31,trailing_stop,9.45615908954014e-08,1,1,live_lower,1
2026-08-21,b92d576d-3109-4542-93f7-e262003bf04d,CxwmhwVBnsNAfMjH7meVwVnDE8ds5D5NxEXEPNQRpump,2026-08-21T02:52:53.964066+00:00,2026-08-21T02:53:18.978320+00:00,6.232496323109324e-08,5.7338966172605784e-08,-0.004,hard_stop,0,1.0168910847981771,8361.58474686709,22025.700323541045,222,167,389,1.2295809981978654,4951.778289826989,,91.85899523966958,1787280775000,122.017,5606.310830827598,14.947296648,228.04,218.12,808,42019.0,1.045,80.9,1,,4.7,-2.82,hard_stop,5.7338966172605784e-08,0,1,live_higher,1
2026-08-21,952858ad-0141-4317-8807-e877835ad042,CZ53Yc5aknpRRPgwunyU5xmGWfohunwv61quVU61pump,2026-08-21T02:52:58.461453+00:00,2026-08-21T02:53:49.031006+00:00,5.90426512791869e-07,6.114570482868313e-07,0.001780961,trailing_stop,1,0.25002095540364583,36711.77241307954,7650.1626417242205,36,2,38,313.617443730954,10286.190225000111,,78.43236265437706,1787280780000,107.137,56334.52052588471,100.029808567,362.68,260.35,452,58677.0,1.393,87.9,0,mcap,-1.29,-1.41,hard_stop,5.431923917685195e-07,0,0,live_lower,0
2026-08-21,5e6baebd-22db-4a1a-a5c1-6c632e75916a,9XLiHNN2VxBFqsDkqbWwD4w22KiJoUJPuad58pd7wp7G,2026-08-21T02:53:33.101119+00:00,2026-08-21T02:54:19.429483+00:00,2.967312537445023e-07,2.729927534449421e-07,-0.004,hard_stop,0,1.0013355875651042,24090.660872261353,3502.7806043939554,113,144,257,1.4070001723635168,641.5467929181792,,96.2188122267453,1787280815000,123.911,27303.83950020544,9.782831982,72.41,64.91,924,12932.0,1.116,82.3,1,,2.35,-4.1,hard_stop,2.729927534449421e-07,0,1,live_higher,1
2026-08-21,526beb6b-694f-4880-b6c7-df81dcc789e6,vrdUBbCgJDJ9Kyj1WAbfh9ST2QJdSgiSSezt7LQHWhk,2026-08-21T02:53:32.323731+00:00,2026-08-21T02:54:49.377575+00:00,1.8329065386474915e-07,2.2321808211389026e-07,0.010891834,trailing_stop,1,1.102753780110677,15770.213130944272,1611.0000354853757,125,42,167,2.7956388712600044,762.3260530355326,,99.8714524494364,1787280810000,118.783,16087.347250028675,10.55188501,13.49,11.34,348,2339.0,1.189,75.8,1,,7.3,10.81,trailing_stop,2.2683658373368925e-07,1,1,live_higher,1
2026-08-21,67897a49-ffcc-49b3-9428-3ea1af0791b4,3xnytQBnr3WriLoppqsxh7yG1BPQQ1awPFJsTHM4hJMg,2026-08-21T02:55:36.457096+00:00,2026-08-21T03:02:19.463226+00:00,9.52709478931442e-08,1.149483339793078e-07,0.010327065,trailing_stop,1,1.069682568359375,8036.724342341525,1991.7710886215896,22,4,26,1.2928304606197507,8481.555740486443,,99.47032927082596,1787280935000,119.624,8824.91229875976,90.25186011,40.71,36.31,283,7253.0,1.121,82.4,1,,1.67,0.45,trailing_stop,1.0302986439202249e-07,1,1,live_higher,1
2026-08-21,9140d7e3-47a6-4c73-9270-9534d7fb685c,AtHC7imEK4VWcA7k4rVNM6pnHKorNcEYoiZRaiB29HK8,2026-08-21T02:53:07.131879+00:00,2026-08-21T03:03:19.040284+00:00,2.026205695178528e-07,2.026205695178528e-07,0.0,time_stop,0,0.9009676188151041,10922.554054580902,6163.013756619741,200,46,246,1.5575806026632764,9310.61645920982,,76.0116055261824,,,,,,,,,,,,,,,,,,,,
2026-08-21,45ac564f-f54b-4b09-af6e-d25cceb9e905,DXGfaq4ajxPPWgFLfvZ1toTJD7TEHbfxY6cQ28aTpump,2026-08-21T02:53:16.675905+00:00,2026-08-21T03:03:19.211369+00:00,0.0009478582731081596,0.0009478582731081596,0.0,time_stop,0,1.0847949584960936,47462.33815444641,17321.195233580213,58,13,71,2.3036404106806896,39313.86480312206,,93.84888687333334,1787280795000,118.966,87979.35078952773,451.289425347,161.95,73.51,104,22176.0,2.203,100.0,0,mcap,1.47,1.43,no_exit_within_window,,0,0,live_higher,
2026-08-21,d1257ae9-5e28-4f24-bc54-b224ed69e991,FN8MBkwwBNQ2Ht53f2QJfW9m5jvnbJXRCP7hebYqpump,2026-08-21T03:04:03.095218+00:00,2026-08-21T03:05:19.826810+00:00,5.233567671869741e-07,4.814882258120162e-07,-0.004,hard_stop,0,1.3144154825846355,26631.98016766014,18004.78447497863,221,90,311,2.0190711804801604,8754.172142175155,,38.09723761068025,1787281445000,122.503,44372.98516207279,80.549215796,280.33,189.12,739,44213.0,1.482,89.6,1,,11.08,11.08,hard_stop,4.814882258120162e-07,0,1,live_higher,1
2026-08-21,90e2bea8-17e0-4aa4-9819-f4c79316aa8b,SKiLLAutoNX72GnhEmXVNZbGYFUMAGRLY7pNmWUjFoW,2026-08-21T02:55:31.794658+00:00,2026-08-21T03:05:49.107162+00:00,6.984434298322083e-08,6.984434298322083e-08,0.0,time_stop,0,1.1363492350260416,5713.846363425086,1690.3524968824706,23,4,27,12.602211262123522,1441.1676531417734,,100.0,1787280875000,63.922,6638.018643485027,17.820001344,11.4,1.38,30,1204.0,8.285,88.6,1,,-0.91,4.47,no_exit_within_window,,0,1,live_lower,
2026-08-21,2df40144-8368-4022-9bde-0ebf24a7275d,Hnfo6aX8ruRYHsWApjCs46FaHjfC9kR5DcUEBh8puCJ6,2026-08-21T02:56:07.074709+00:00,2026-08-21T03:06:19.211123+00:00,1.1037169146962763e-07,1.1037169146962763e-07,0.0,time_stop,0,1.1877214680989583,9453.030050424668,6100.0076698819885,165,61,226,1.3385474378481212,8469.403071228477,,98.22363812618889,,,,,,,,,,,,,,,,,,,,
2026-08-21,de2ef024-e47b-420f-a427-b663d8973421,8P3ZzctUEeMuW5na4iTmGCdfc9RiPGVTvzoaPTHc5zxd,2026-08-21T03:05:43.235363+00:00,2026-08-21T03:06:49.427237+00:00,9.623279303653956e-08,8.85341695936164e-08,-0.004,hard_stop,0,1.0842548461914063,11123.058896647888,11676.38466224132,150,83,233,1.6819227458744157,5644.525814453367,,89.6691904790239,1787281545000,122.997,8306.021763591443,25.971988917,126.57,108.23,480,22114.0,1.169,83.4,1,,9.12,15.01,hard_stop,8.85341695936164e-08,0,1,live_higher,1
2026-08-21,2ac1db99-dddb-48f4-89f4-47752c0988a2,9dfHzFsh5c7smj6puGnL74ExhZ1rBrR8eUdngga3pump,2026-08-21T03:03:23.706961+00:00,2026-08-21T03:06:54.047634+00:00,7.507470962637828e-08,6.906873285626802e-08,-0.004,hard_stop,0,1.6307594401041667,6670.1597287521145,1936.541805170437,49,3,52,15.76589872993732,4381.15187010177,,98.60499854959589,1787281405000,121.903,7081.730753943191,19.2334739,15.6,1.34,59,1595.0,11.671,89.8,1,,-0.16,-0.75,no_exit_within_window,,0,1,live_lower,
2026-08-21,50ac8d54-9ad3-4e94-9e20-8beb06e2900d,BVb5w8ZMfCxEZqKtbp1xvM9PP4hz1z37LbRk6ENzpump,2026-08-21T03:06:21.748934+00:00,2026-08-21T03:07:24.438967+00:00,7.810307736348337e-08,7.18548311744047e-08,-0.004,hard_stop,0,1.241206551106771,6069.857724341482,3939.379842839678,39,21,60,2.2400181897071554,4183.704305442652,,98.8592087008332,1787281580000,118.607,7355.637284412908,20.140804537,30.34,14.05,76,4181.0,2.159,97.5,1,,0.0,-0.2,hard_stop,7.18548311744047e-08,0,1,live_higher,1
2026-08-21,0ea34f07-9214-4fb4-bcb9-77bc3a76f842,59i7euueyTJDXAenfmQiQ141Naok1wCeNhDXbXXKGMC8,2026-08-21T03:06:17.183144+00:00,2026-08-21T03:08:24.233335+00:00,1.3104766468955663e-07,1.7443254833024604e-07,0.016553093,trailing_stop,1,1.240841121419271,9126.569603047414,6478.108027450107,233,44,277,1.273291056412651,8379.23280326374,,94.07425721095589,1787281575000,119.082,12561.358393568407,108.284759097,104.78,83.04,618,17688.0,1.262,85.2,1,,-1.75,-1.75,trailing_stop,1.7467842647759728e-07,1,1,live_lower,1
2026-08-21,5a63280e-f386-43a3-813f-31bb775e822c,Dv6cvJERmeuNHndsKk4G8uH45ACDBDBsEKgquKXnpump,2026-08-21T03:07:51.687171+00:00,2026-08-21T03:08:24.853102+00:00,3.568051366706995e-08,3.282607257370436e-08,-0.004,hard_stop,0,0.9935817911783854,10341.317871635587,16773.489534988545,277,137,414,1.3934325454034802,6058.640337850486,,99.53802914591111,1787281670000,119.614,3115.8624259596963,3.619683624,142.6,141.96,749,26800.0,1.004,80.1,0,mcap;pool,7.85,7.86,hard_stop,3.282607257370436e-08,0,0,live_higher,1
2026-08-21,eeb61f93-b8ee-4a5d-865d-40014ce9d30f,GPiudnajiwsVCp27t3gh6HaVfNsXeDHMj1frT8Ucpump,2026-08-21T03:07:50.174515+00:00,2026-08-21T03:08:34.395562+00:00,3.69127843928266e-07,3.395976164140047e-07,-0.004,hard_stop,0,1.0102484578450521,34439.04100035518,7466.441024066322,56,11,67,76.60135537708618,9943.830550190107,,90.86354730589346,1787281670000,121.149,33372.51368410665,61.706689627,89.29,54.75,232,13566.0,1.631,92.6,1,,4.17,2.59,hard_stop,3.395976164140047e-07,0,1,live_higher,1
2026-08-21,76ba0c4d-f8a4-4f19-949d-bb0c9be403b7,5SyZLRJRMtvfUN3Foc7aMcTi2dvPCEh6e7sSGQKzY2BF,2026-08-21T03:08:36.934744+00:00,2026-08-21T03:09:14.412504+00:00,1.240574932600815e-07,1.2510437286281522e-07,0.000421933,trailing_stop,1,0.7050115152994791,8432.38363107021,1512.5284273517527,55,13,68,1.9355216891398033,7858.437061447362,,92.37955028183644,1787281715000,120.371,11953.787279070635,103.693723623,97.15,77.2,549,16421.0,1.258,85.2,1,,-2.26,-0.53,trailing_stop,1.2438640392625302e-07,1,1,live_lower,1
2026-08-21,d8a6ad70-06c9-4226-be5d-97b9dacded3a,7osS6iATtXw7yUPjJ5p8g7mSDmj6os6h93pzQR9Gpump,2026-08-21T03:08:57.505289+00:00,2026-08-21T03:09:14.809491+00:00,6.542619010264625e-08,6.019209489443455e-08,-0.004,hard_stop,0,0.8733275349934896,7929.201593500478,11688.163235232547,148,106,254,1.4417442182437037,4799.567393829465,,97.4567165504268,1787281740000,124.132,5688.588506632602,14.959138437,101.88,90.79,464,18145.0,1.122,82.4,1,,8.32,8.08,hard_stop,6.019209489443455e-08,0,1,live_higher,1
2026-08-21,8af06f0e-ebe1-4490-80fa-10c2faff3a0f,6MWPSMsuwESmDXmQJfer8e4veKw3yyrHoVvMRYiEqYEa,2026-08-21T03:09:42.454863+00:00,2026-08-21T03:10:14.615159+00:00,1.9411179265668752e-07,1.7858284924415252e-07,-0.004,hard_stop,0,0.6423060099283854,19366.655351872967,2410.6030393472724,37,75,112,1.550426818983342,882.4708218509761,,97.9263638837044,1787281780000,119.284,19752.299632343093,5.596331781,60.81,55.08,778,10914.0,1.104,82.1,1,,-7.45,-3.58,hard_stop,1.7858284924415252e-07,0,1,live_lower,1
2026-08-21,7e768193-128a-4957-a596-51888b49fff8,5kWh6oHBPKG4CZNGvT5Ze4Uj37SKpM36XcuH1rVJpump,2026-08-21T03:08:38.553517+00:00,2026-08-21T03:10:44.386267+00:00,1.597607801417115e-07,3.6920519724651015e-07,0.065549385,trailing_stop,1,0.6716781819661458,6438.463834814861,8720.632396309995,129,86,215,1.4523014582680136,4771.487864354273,,79.0741160056142,1787281720000,122.884,20681.460183218427,55.311548429,215.1,163.02,910,35612.0,1.319,86.4,1,,-27.25,-28.08,trailing_stop,2.9339838680899756e-07,1,1,live_lower,1
2026-08-21,96fc29da-edcd-4974-97d3-f1565e3899ba,72QXLTeN9j2ZFrafgQ9rviihtpoH24svULdE5upvpump,2026-08-21T03:10:47.200600+00:00,2026-08-21T03:13:14.387494+00:00,1.8662050993399963e-07,4.6655127483499907e-07,0.075,take_profit,1,1.1541162963867186,12310.142689641812,13518.417644141626,136,24,160,1.64666991486014,6220.9627651985,,48.922108415965994,1787281845000,118.463,18912.196941491045,50.925896488,169.18,118.8,356,27122.0,1.424,88.5,1,,-7.07,-9.17,take_profit,4.6655127483499907e-07,1,1,live_lower,1
2026-08-21,e8db272c-9a4e-4dc8-9cf6-610fafd4ab8c,CARSh8KFk9rgrHBaMbD2PXYCeX3dNGRaZ9WsZ7gYDGXH,2026-08-21T03:03:48.427038+00:00,2026-08-21T03:14:14.036590+00:00,2.8153248907288916e-08,2.8142861436872715e-08,-1.8448e-05,time_stop,0,1.3977578491210938,5236.794266244461,1700.5999950212467,37,11,48,5.94357989304617,3886.770688379479,,99.99999999999999,1787281430000,122.786,2645.288032427558,0.068906119,8.86,16.4,68,2378.0,0.54,62.9,0,mcap;pool,0.23,0.26,no_exit_within_window,,0,0,live_higher,
2026-08-21,e7e01fde-f60b-4154-9a4d-69ab69a09472,9URnFgnwTSUG587bXkSSDdk8YHuh7spozNRCH4PRpump,2026-08-21T03:11:15.339598+00:00,2026-08-21T03:15:14.425909+00:00,0.00096494101071111,0.0011531604363341048,0.009752898,trailing_stop,1,1.1393830403645833,46029.813715071476,20772.275607112322,64,16,80,1.800480048195439,39186.40698347873,,94.96650427533332,1787281875000,120.713,91674.75027408666,467.873633357,193.3,99.51,115,27577.0,1.943,98.9,0,mcap,-0.87,-1.82,trailing_stop,0.0011528796317351432,1,0,live_lower,1
2026-08-21,6e4048ad-c9d0-41e1-8659-8a963642979a,47CAuCwKerx3t2yyWKMagjuapDMfU1iSRhspKpA37xLR,2026-08-21T03:06:53.470240+00:00,2026-08-21T03:17:14.039528+00:00,8.529459758897105e-08,8.727365245297687e-08,0.001160129,time_stop,1,1.5931473999023438,7642.750310285171,1867.6377592292638,40,3,43,1.047830451141113,7597.63167615494,,99.9977102523343,1787281615000,123.437,8083.247284109904,85.324796641,11.85,11.3,133,2180.0,1.049,72.5,1,,-0.62,-0.62,no_exit_within_window,,0,1,live_lower,
2026-08-21,8aaa8df1-af52-4f58-bd2b-2fa11889ef49,ExNdySWemp1sD4WVzDomKbtJVWmYvaCYyMYrtDzfpump,2026-08-21T03:15:29.699248+00:00,2026-08-21T03:17:44.446033+00:00,9.663050339375946e-08,1.3730448925033143e-07,0.021046142,trailing_stop,1,1.2176875203450521,8602.407189073823,1104.315807891512,37,21,58,1.0029094445214484,2675.6136612524583,,100.0,1787282035000,26.131,18180.516062833085,0.077015786,6.11,6.19,57,1158.0,0.987,68.2,0,pool,0.11,-0.08,no_exit_within_window,,0,0,live_higher,
2026-08-21,62490c94-8d1b-45b3-ba45-bdc72e09e81e,8Qs5Di5df2u3SnxofQ7hfN4DkvfXLKok2qrziqwbpump,2026-08-21T03:17:56.935632+00:00,2026-08-21T03:18:14.877762+00:00,9.069218740337515e-08,8.343681241110514e-08,-0.004,hard_stop,0,1.150134415690104,7225.887586880603,15012.86818569226,205,156,361,1.2864446939505652,4683.144145761353,,89.13713962522371,1787282275000,118.079,7718.581404147486,26.62811406,123.47,105.11,523,21527.0,1.175,83.5,1,,10.66,8.99,hard_stop,8.343681241110514e-08,0,1,live_higher,1
2026-08-21,bbaaa1be-e0f4-496a-ba90-721e97decb81,EdhQ3wmv36yEx7HhrAqVsX66RC1LG8GybyagUKQdwGsb,2026-08-21T03:15:18.964273+00:00,2026-08-21T03:18:44.368035+00:00,3.4532447972358104e-08,3.7675032421884594e-08,0.004550191,trailing_stop,1,1.1325261596679688,5415.807266282039,20094.409750747487,379,236,615,1.1332628530268762,3944.453010014865,,99.5040451322331,1787282120000,122.516,3107.2178411136247,2.6058876,121.38,119.66,711,22701.0,1.014,80.3,0,mcap;pool,4.67,-2.49,hard_stop,3.176985213456946e-08,0,0,live_higher,0
2026-08-21,a695c644-7f6a-4831-9c7e-14fa02574cff,AL1tMnHKFivDi73MJZhU43eZsFnZWuZYCSvGQMgxpump,2026-08-21T03:18:33.639870+00:00,2026-08-21T03:20:44.690322+00:00,1.4734319450066438e-07,1.3555573894061124e-07,-0.004,hard_stop,0,0.9104268432617187,13139.086908274265,7741.4617509659865,127,156,283,2.6435611979907545,6158.164925754948,,79.2665366157307,1787282310000,117.501,14146.15678597443,39.534506946,67.29,29.25,310,9092.0,2.3,100.0,1,,-1.9,-2.38,trailing_stop,2.3340112561559611e-07,1,1,live_lower,0
2026-08-21,5a091e56-0b36-4cf0-9331-cccdf98b056e,5ksqjQSp7ByartmY3ERAhH2S1VDV4WazjygL2sRENb9o,2026-08-21T03:10:59.780427+00:00,2026-08-21T03:21:14.112361+00:00,9.948316056158758e-08,9.948316056158758e-08,0.0,time_stop,0,1.289125272623698,8395.239885818091,11016.865380547879,269,133,402,1.084053619912901,8018.999896225167,,99.99674754111649,1787281860000,121.1,9380.577017888594,94.897069056,156.67,149.27,951,28814.0,1.05,81.0,1,,-0.12,2.1,no_exit_within_window,,0,1,live_lower,
2026-08-21,f8eed785-c176-4f5e-b974-5f14ad6cceec,FUXtAuiqmxCKfH1xXqfhDZ1GvTbvNUtLTMEHBkFjpump,2026-08-21T03:21:12.047586+00:00,2026-08-21T03:21:44.801536+00:00,4.409880181891638e-08,4.057089767340307e-08,-0.004,hard_stop,0,1.1129429077148438,6532.665269828961,15026.956777087855,222,160,382,1.2478729122115606,4473.514437087625,,98.8647349091274,1787282470000,118.708,3957.921716791953,7.517973095,113.72,109.94,538,21064.0,1.034,80.7,0,mcap,4.93,4.95,hard_stop,4.057089767340307e-08,0,0,live_higher,1
2026-08-21,0a1d4702-ca0a-45e2-879e-262e1a8a0f72,6CVZvkaaNCGLd68K5dm6daSZ4nPibRvE81He64bbeALA,2026-08-21T03:19:22.099633+00:00,2026-08-21T03:22:44.525139+00:00,1.046034807817877e-07,1.44293906075885e-07,0.018971847,trailing_stop,1,1.1469119303385418,8229.492189534483,6523.136514732242,301,55,356,1.1024205373252187,7877.593208098734,,99.7266127305322,1787282360000,118.9,9898.895620953379,95.688491176,97.92,88.15,759,17524.0,1.111,82.2,1,,-0.48,-0.48,trailing_stop,1.4203721942768884e-07,1,1,live_lower,1
2026-08-21,b4c7446d-9815-4896-86e0-905ee4539346,d2poSesCQ8DvJ96gie91HpHyz5ExtZJiM5mhhKxpump,2026-08-21T03:22:23.399561+00:00,2026-08-21T03:24:14.670778+00:00,8.103062364278326e-08,7.454817375136061e-08,-0.004,hard_stop,0,2.027078055826823,7213.819928894501,784.3518223760439,74,4,78,1.39531411334781,2027.0557185097887,,56.508142637903205,1787282545000,122.909,7387.7239583419,22.396069182,2.14,1.06,80,301.0,2.025,80.3,0,volume,3.3,2.29,hard_stop,7.454817375136061e-08,0,0,live_higher,1
2026-08-21,0dc6ffc9-7b13-4c7a-9376-623dd263b18e,VymRukHU4f5EaLAZW9soESz9q7Aavh5mVSDJxuTpump,2026-08-21T03:23:24.722927+00:00,2026-08-21T03:25:44.628514+00:00,1.0546333524502092e-07,9.702626842541926e-08,-0.004,hard_stop,0,1.4716444132486979,8705.508703671307,21087.92764668897,180,104,284,1.2475030841187074,4996.548778597593,,77.0523734705703,1787282605000,121.105,9420.210247171293,28.379559337,132.42,107.67,302,22612.0,1.23,84.6,1,,5.44,6.6,hard_stop,9.702626842541926e-08,0,1,live_higher,1
2026-08-21,63f85192-7327-4d34-b6ac-905a67330f25,G5DdEh9C7hnymnGh5GBYuHV59ogrynfiwSsJJRjxcR6h,2026-08-21T03:15:47.561236+00:00,2026-08-21T03:26:14.178027+00:00,1.0723440148792858e-07,1.0723440148792858e-07,0.0,time_stop,0,1.2996877482096354,8684.949276978072,11444.642057224088,299,133,432,1.1055431449912132,8157.791202946988,,96.5891211238769,1787282150000,124.13,10489.001806234231,97.957102623,170.56,157.82,1033,30927.0,1.081,81.6,1,,-3.71,-3.72,no_exit_within_window,,0,1,live_lower,
2026-08-21,1767fb06-391a-40da-a262-0d343b402b7c,6ohyncSeV9r1yGY1hGevjF4c2DAaj1ARqqK26k9Upump,2026-08-21T03:24:58.537633+00:00,2026-08-21T03:26:14.673801+00:00,1.41454220769371e-07,2.0061363261958407e-07,0.020911151,trailing_stop,1,1.414381396484375,12188.926715932721,20007.812623452406,217,150,367,1.3859436850440034,5907.883827898259,,82.2321449229289,1787282700000,122.928,14051.515831903796,39.301515889,150.3,113.09,445,24807.0,1.329,86.6,1,,-5.19,-7.84,trailing_stop,1.986097105855061e-07,1,1,live_lower,1
2026-08-21,0d196d98-7848-4830-9f73-d61bc9b9bca0,EyJXABYUabvefsdTqmaXRvc4sxUAB9KTYydCWgULpump,2026-08-21T03:17:17.824760+00:00,2026-08-21T03:27:44.201160+00:00,1.0332693359074639e-07,1.0301472467324131e-07,-0.000151078,time_stop,0,1.3523281778971354,9207.24359206417,569.6218717803814,31,23,54,1.0023331906527548,2678.126209920458,,100.0,1787282215000,97.364,19429.136764205745,0.000105637,3.13,3.2,54,595.0,0.978,54.7,0,pool,0.17,0.17,no_exit_within_window,,0,0,live_higher,
2026-08-21,a433a36b-6a45-4650-a4a9-ec51b7fd103e,6ES9ksxpNtnvwcWqPCbePXFHv3ym2DmJwM5HSzh6pump,2026-08-21T03:26:14.654636+00:00,2026-08-21T03:27:44.507991+00:00,2.35307376957815e-07,2.1648278680118982e-07,-0.004,hard_stop,0,1.123709025065104,19867.551803223814,6974.845114672626,54,16,70,4.144455926382866,8212.950308135036,,97.5759824791598,1787282770000,115.938,22143.15618631073,56.996325015,37.75,25.2,120,5929.0,1.498,90.0,1,,0.08,-2.97,hard_stop,2.1648278680118982e-07,0,1,live_higher,1
2026-08-21,e81d471a-f148-4b0f-a1be-57c283adc27c,6uayq1XY5vHPKFY4qSvPvLdPv42qA5tKn5GHRMBopump,2026-08-21T03:27:17.391392+00:00,2026-08-21T03:27:44.642652+00:00,7.65550803404481e-08,7.043067391321225e-08,-0.004,hard_stop,0,1.324726611328125,11702.719771264861,16282.719659643384,198,157,355,1.475828062884218,5811.451397199967,,94.5067384766017,1787282835000,118.98,6748.1348496890505,19.717302336,146.47,129.68,553,26008.0,1.129,82.6,1,,6.84,5.67,hard_stop,7.043067391321225e-08,0,1,live_higher,1
2026-08-21,65ccfb12-d67c-43d7-b71a-4d8b502026b7,BBAi5phg6opTj6AKYFrXFondMbBH2uMR9k3CqkJJZhKG,2026-08-21T03:28:55.389014+00:00,2026-08-21T03:29:14.767033+00:00,2.0475053463994888e-07,1.8837049186875298e-07,-0.004,hard_stop,0,2.027283671061198,34147.188981894134,121975.39777606886,1342,1083,2425,1.1312173377397603,6428.125819119522,,51.9952698134331,1787282935000,120.749,21373.994106498638,49.799095149,780.2,726.95,2704,141943.0,1.073,81.5,1,,-9.78,-12.17,hard_stop,1.8837049186875298e-07,0,1,live_lower,1
2026-08-21,6d4db9ec-3c8a-4170-b182-f91330022cb6,HrqRJ1MSHEXAPxbWyDdWLrpQWheyQ53mWtgNiEMU1NGA,2026-08-21T03:29:14.584853+00:00,2026-08-21T03:30:14.622644+00:00,9.862959264341588e-08,1.2411724781492894e-07,0.012920897,trailing_stop,1,1.0383286946614583,8617.145021223112,3732.023576919952,36,29,65,1.3560446669352424,7951.782157497325,,97.24108497101503,1787282955000,121.565,9471.81570687188,94.258870913,110.25,101.53,329,19946.0,1.086,81.7,1,,-1.93,-4.59,trailing_stop,1.252318017741926e-07,1,1,live_lower,1
2026-08-21,5fb9b804-1943-4995-94ed-36809dfe75f9,7XtfcFz3ABBsYaPBLTerJ7vFcg8o69uwqVj4LPPDpump,2026-08-21T03:21:19.755293+00:00,2026-08-21T03:31:44.191932+00:00,1.501811663844218e-07,1.4988477721921902e-07,-9.8677e-05,time_stop,0,1.0630238159179688,13377.458096330212,1232.8336552841422,16,5,21,1.0000000002890175,2672.500564052456,,99.99999999999999,,,,,,,,,,,,,,,,,,,,
2026-08-21,ee06b47c-3bf6-4018-8a7c-bc3608afa1cc,8izopqfGYDaRvF2f4XgYwWbCGJJ2gTG6XBM72ppCpump,2026-08-21T03:29:47.323546+00:00,2026-08-21T03:31:44.727921+00:00,0.0007695759169178241,0.0008161850864485141,0.003028237,trailing_stop,1,0.9266039388020834,48975.003866426974,23031.018773584274,62,13,75,1.9327826645890627,39941.856413903144,,92.45633207325,1787282985000,118.893,74114.25568011391,480.347276828,281.01,166.22,141,42121.0,1.691,93.8,0,mcap,-2.21,-2.14,trailing_stop,0.0008187467415277438,1,0,live_lower,1
2026-08-21,39856fbb-a8b0-4fcc-8a16-b57b70d25036,HEFHUk5HhJ7S42HMSx8w7mYXxWvaAQFevz5gHhJgpump,2026-08-21T03:31:46.501490+00:00,2026-08-21T03:32:44.679798+00:00,1.7838358980754237e-07,1.912934033126418e-07,0.003618554,trailing_stop,1,2.028506555175781,15810.094905969197,47021.18054151017,481,473,954,1.1891737112487282,6742.721067983638,,74.1095288936596,1787283105000,119.556,15814.360210143746,45.008310578,281.64,244.05,971,49509.0,1.154,83.1,1,,6.23,6.23,hard_stop,1.64112902622939e-07,0,1,live_higher,0
2026-08-21,2925eca7-6aef-42a6-8989-dc9523877d1f,3KugHseWcY6cQ7ZxG2Ldo4MiDBdSj7tmi13MnPRA9rk6,2026-08-21T03:33:16.692354+00:00,2026-08-21T03:36:44.681393+00:00,3.9261803917738454e-07,5.709469732397419e-07,0.022710232,trailing_stop,1,0.9727534423828125,35484.837152648564,15165.099337122141,54,56,110,0.6781704675205706,9231.573844411207,,30.9300939157736,1787283195000,120.052,38309.126563094804,38.343924848,97.43,129.52,232,21373.0,0.752,75.0,1,,-3.48,-3.53,trailing_stop,3.9862968816981205e-07,1,1,live_lower,1
2026-08-21,36700397-56de-42c1-bced-b1e60e56b220,5putkx7PtSXACfJsK2PkQpU4c25g7pt3cdbqf2qzcvvd,2026-08-21T03:28:15.052735+00:00,2026-08-21T03:38:44.189242+00:00,2.614666403184469e-07,2.614666403184469e-07,0.0,time_stop,0,0.9761756306966146,26474.73971866481,3218.380814216961,92,114,206,1.5421142210788241,686.3226493280615,,96.764222928639,1787282895000,121.292,27038.228892384705,8.784512264,60.79,53.38,807,10752.0,1.139,82.8,1,,-8.93,-9.01,hard_stop,2.405493090929712e-07,0,1,live_lower,1
2026-08-21,867dcfef-cf3e-45de-af07-18ff2311f682,FqQCMcuXKbk48S3ZA4MBZNj8vJ9aRiE9VZUjZuHfpump,2026-08-21T03:28:30.753495+00:00,2026-08-21T03:38:44.374004+00:00,2.8051594219833305e-08,2.8056919107244524e-08,9.491e-06,time_stop,1,1.0545555948893228,12932.486604463907,17784.626108404784,149,77,226,1.4698610580235727,6130.039063091698,,100.0,1787282910000,120.021,2642.272479207968,0.05176239,115.4,120.29,280,22197.0,0.959,79.2,0,mcap;pool,-0.01,0.14,no_exit_within_window,,0,0,live_lower,
2026-08-21,ce1356e9-4051-435d-911e-0ffb108e0a84,FHCqLwH3jTTCzxroij6ngoKAkQE7LyRaREH4sfXMpump,2026-08-21T03:36:46.522820+00:00,2026-08-21T03:38:45.005570+00:00,5.519126393399256e-07,8.305064461637602e-07,0.025238941,trailing_stop,1,1.4293167805989584,30667.118478792934,21684.12698016338,241,116,357,1.8951028476386205,9384.266499190637,,39.397902136656846,1787283405000,120.288,53384.40217239066,90.910603804,277.53,177.7,708,42874.0,1.562,91.2,0,mcap,-2.63,-3.95,trailing_stop,8.454553591810937e-07,1,0,live_lower,1
2026-08-21,92524e30-d0b3-4631-b39b-9cc418ab0e67,BzHBHPwtSiufbkCbuXive7vFVWZVbknYEUiW5KAuvxQ7,2026-08-21T03:38:56.735831+00:00,2026-08-21T03:39:44.556590+00:00,1.2379555750720292e-07,1.1389191290662669e-07,-0.004,hard_stop,0,1.0926323038736978,9506.222856344752,12451.303967420256,234,148,382,1.1571260608239309,8511.23030854677,,94.34643711549816,1787283535000,118.717,11965.756633911125,105.691114845,195.36,175.94,946,34969.0,1.11,82.2,1,,-2.56,-2.56,trailing_stop,1.2451095232009408e-07,1,1,live_lower,0
2026-08-21,8094132b-eba2-4cca-9575-1607840bd434,2XaA4mRUL2GJgTiJZEJmShhTQfLPahVEYyxMV49Gpump,2026-08-21T03:39:01.851626+00:00,2026-08-21T03:39:44.897667+00:00,2.1721855016571873e-07,1.9984106615246124e-07,-0.004,hard_stop,0,1.0092989705403645,10224.156936355646,18253.20276599558,122,110,232,1.3520475624257409,5411.2537972938535,,74.7299680286832,1787283540000,118.703,20549.49378688464,54.2848202,212.55,162.75,519,35346.0,1.306,86.1,1,,-0.45,-4.94,hard_stop,1.9984106615246124e-07,0,1,live_lower,1
2026-08-21,19a4dbd8-d21c-4d0a-bdd9-a1e5a67b626f,9hCzz8ZmBDe8x1D8mUCuqet7vfEEPkfvikx1jZZZpump,2026-08-21T03:30:41.632953+00:00,2026-08-21T03:40:44.183295+00:00,2.8281763244121174e-08,2.83362177476807e-08,9.6271e-05,time_stop,1,0.6396343831380208,14089.432819483432,8720.289765969581,104,33,137,2.4833958353416654,6394.9073983721755,,100.0,,,,,,,,,,,,,,,,,,,,
2026-08-21,4d57f666-4d38-443d-af6c-9d4664229b92,EhooJ1c6ZLHcDZVBnxcMX6htZkX3p488jsGLapmcpump,2026-08-21T03:40:50.757555+00:00,2026-08-21T03:41:34.834814+00:00,7.920758017480722e-08,7.287097376082265e-08,-0.004,hard_stop,0,1.6313618204752605,8169.915358366076,23700.30293604443,186,155,341,1.2016053205892585,4842.350759724945,,93.72640537143711,1787283650000,120.818,7329.269786054279,20.050854912,128.92,133.87,379,24749.0,0.963,79.3,1,,1.78,6.74,hard_stop,7.287097376082265e-08,0,1,live_higher,1
2026-08-21,c917df7f-1fc8-4dd6-8f2d-617813cd0328,AjJoUEJD2CGCdxb4RgFx6dNNYaXdN3v4Tfo9dZrxpump,2026-08-21T03:42:00.119907+00:00,2026-08-21T03:42:15.253617+00:00,4.2945865418309466e-07,3.951019618484471e-07,-0.004,hard_stop,0,1.3276958862304689,25908.842318732888,6220.973635804888,63,16,79,44.78558144132691,8635.219710653102,,97.2738162823508,1787283720000,120.879,34754.93955828674,71.370293035,51.24,21.03,135,6806.0,2.437,100.0,1,,16.38,16.09,hard_stop,3.951019618484471e-07,0,1,live_higher,1
2026-08-21,d8215ccd-dd79-4163-9148-0882b4a45605,pmoatNzpPCk5QiDvwkybXc1Sfata8uCiEFsyfV1pump,2026-08-21T03:41:51.511993+00:00,2026-08-21T03:43:14.724005+00:00,6.173998525269279e-08,5.680078643247737e-08,-0.004,hard_stop,0,1.3942502604166667,7000.692902502417,11388.279185723295,54,20,74,1.3534170000720194,4582.356284457212,,95.7760074902581,1787283710000,120.183,6139.244376129672,15.807712613,90.13,75.34,107,15584.0,1.196,83.9,1,,-5.29,-7.52,hard_stop,5.680078643247737e-08,0,1,live_lower,1
2026-08-21,36dfd4d3-dd88-4844-9186-542836cf0224,F4i53Knx9g3ymxCnXisxRnBQ9MRkr3DDFKV4ib2apump,2026-08-21T03:33:31.653109+00:00,2026-08-21T03:43:44.142740+00:00,1.0472062086911923e-07,1.0499777155527774e-07,0.000132329,time_stop,1,1.157044921875,9522.961883902437,2673.336132661384,14,3,17,0.9999920379873829,2679.3158249286344,,100.0,1787283165000,74.127,19777.82858812618,0.214703254,12.25,14.97,17,2564.0,0.819,66.8,0,pool,-0.27,0.17,no_exit_within_window,,0,0,live_lower,
2026-08-21,a646e4a5-1c77-4457-b743-2b9852c8c755,14YM66zHD4Uv8T6ok8puooQQkRdodN7oqNV7oy2Ppump,2026-08-21T03:43:42.111728+00:00,2026-08-21T03:44:14.574162+00:00,3.9978141589227304e-08,3.677989026208912e-08,-0.004,hard_stop,0,1.0291203287760418,5588.99139603442,7953.46419670822,77,55,132,1.401230874284849,4005.110818448611,,100.0,1787283820000,118.87,3403.87012720466,4.80273184,56.16,56.45,178,10605.0,0.995,79.9,0,mcap;pool,10.61,14.97,hard_stop,3.677989026208912e-08,0,0,live_higher,1
2026-08-21,4d435c7c-34a6-4fb2-a6ff-3e8a92cda555,8Cc8WrXRrCRJWHVi9X4JKQj6fAX3cw8Kkj3xFuLQpump,2026-08-21T03:44:02.590245+00:00,2026-08-21T03:44:15.001672+00:00,4.1156249535064835e-08,3.786374957225965e-08,-0.004,hard_stop,0,1.0619082967122395,6490.837583770447,4444.867377644683,98,40,138,2.1552250002191373,4303.4981082221475,,99.3143619324825,1787283845000,124.608,3369.5375462157085,7.971676712,53.41,53.27,264,10047.0,1.003,80.1,0,mcap,15.03,22.29,hard_stop,3.786374957225965e-08,0,0,live_higher,1
2026-08-21,9f343a57-de0f-4c73-a4b9-133f8a3105e7,D9DREb7MDb46AKMA7qCf1qFqBoj9X5fVqTzYdz8Qp2QC,2026-08-21T03:44:32.421772+00:00,2026-08-21T03:45:44.783137+00:00,1.7221182584005895e-11,1.5843487977285424e-11,-0.004,hard_stop,0,0.8123539469401042,26937.90059504097,2593.4879398174066,91,96,187,1.7060240280939265,872.8746993817304,,94.90738117294445,1787283835000,83.88,1.131031628783273,0.008642145,24.42,14.61,244,3676.0,1.672,89.5,0,mcap;pool;vol_mcap,43.4,218.88,hard_stop,1.5843487977285424e-11,0,0,live_higher,1
2026-08-21,9689b131-9099-4070-b77a-384801188335,DvmWFuPB9EoFcqKLXjKhQ8CT47YGPkkNKcWfpk5Awko2,2026-08-21T03:45:52.333402+00:00,2026-08-21T03:46:14.803295+00:00,1.3123708145527296e-07,1.2073811493885113e-07,-0.004,hard_stop,0,0.8381561604817709,20597.743990875202,2450.16239959638,68,90,158,1.5683747680627567,679.7802346622115,,97.2256193536877,1787283950000,118.559,12440.068101203366,3.674703254,48.44,44.78,798,8780.0,1.082,81.6,0,pool,-0.64,3.8,no_exit_within_window,,0,0,live_lower,
2026-08-21,36297d59-b799-4ce6-9b06-d6d3be540e4f,6LVLssjTw8CQe9c7RnFNjHctEFrCfL2Lnwm56YxFpump,2026-08-21T03:38:58.217051+00:00,2026-08-21T03:49:14.196104+00:00,2.8067555089365295e-08,2.802674804592461e-08,-7.2694e-05,time_stop,0,1.006941573079427,5668.35857153429,2534.883528456574,18,7,25,3.0125844549928367,3950.7597836879763,,100.0,,,,,,,,,,,,,,,,,,,,
2026-08-21,816d5503-55a3-4833-a6c6-eeb09be2419d,6V1LDUQbBQ4J3kqD1ymua2DRRfWBvypPc6rokwoipump,2026-08-21T03:39:49.018825+00:00,2026-08-21T03:50:14.150168+00:00,1.1771050043001708e-07,1.1745837041629604e-07,-0.000107098,time_stop,0,0.7515412882486979,10498.590934420245,3679.1218768331773,7,1,8,1.0000000000485534,2679.6577433922876,,100.0,,,,,,,,,,,,,,,,,,,,
2026-08-21,9d2db9e0-298e-484f-ac91-7470eaa3fefe,5T34DHXXQ7qFJLksGP7WmkBSHWdBA6PcC8FxTaYFpump,2026-08-21T03:50:39.282377+00:00,2026-08-21T03:50:44.955800+00:00,9.100481599649262e-09,8.372443071677322e-09,-0.004,hard_stop,0,0.9145291259765626,6193.278487911276,5651.472832967576,67,58,125,1.0272902829549422,2752.251389085634,,100.0,1787284240000,123.194,393.16311408802676,0.161989601,50.41,50.38,274,9493.0,1.001,80.0,0,mcap;pool,335.99,185.71,hard_stop,8.372443071677322e-09,0,0,live_higher,1
2026-08-21,a29e0ae4-eb72-4fe1-af73-517621188323,FM9tt46La5ADEr7DJQCU6kRZV9spdx4PGc2eFxsfHbG6,2026-08-21T03:51:14.144276+00:00,2026-08-21T03:52:44.958449+00:00,1.9504970846180132e-07,2.1037537413891357e-07,0.003928656,trailing_stop,1,1.46810712890625,15679.950364502583,2179.2414075472307,181,63,244,2.0713516423307943,799.1497466159974,,99.98152419775559,1787284275000,121.948,18481.90052385375,10.016219611,14.38,12.65,384,2546.0,1.137,75.4,1,,-0.61,-0.61,trailing_stop,2.1836302335573326e-07,1,1,live_lower,1
2026-08-21,a0e2ec25-06e5-43b6-90d9-c7233e570686,G8qSC5z7VXGVy1iwocbvW5yB7Rsg2rfETEWUeBzGpump,2026-08-21T03:53:06.792998+00:00,2026-08-21T03:53:14.794559+00:00,4.429104091981682e-08,4.074775764623148e-08,-0.004,hard_stop,0,1.2935222290039063,5865.650857387019,14961.920465865654,111,89,200,1.1493967063019543,4140.908802504362,,100.0,1787284385000,119.869,4124.014224260566,7.544058938,83.26,81.71,219,15537.0,1.019,80.4,0,mcap,1.15,12.09,hard_stop,4.074775764623148e-08,0,0,live_higher,1
2026-08-21,506ca941-1b19-4e8f-93e8-04eb83247ed7,9u8vwvBnVccBDNfstjE4umcZCCiew1fgsJT8Xw13pump,2026-08-21T03:43:43.922880+00:00,2026-08-21T03:53:44.168293+00:00,8.102495138814052e-08,8.081428025632318e-08,-0.000130004,time_stop,0,1.012453662109375,9817.625606086867,3944.220204150065,28,24,52,1.0048459976737139,2685.5997641450194,,100.0,,,,,,,,,,,,,,,,,,,,
2026-08-21,16bccdbb-5654-4792-ab33-51de585ca7f9,FLcMhh6qmswDercM5MKuC2gUwXodBMAUgJ4i5tmspump,2026-08-21T03:54:09.536936+00:00,2026-08-21T03:54:44.997842+00:00,2.7831282571861592e-09,6.957820642965398e-09,0.075,take_profit,1,0.6746672119140625,5447.795253003906,2993.064874306128,48,31,79,1.0326232301208522,2722.479341031978,,100.0,1787284450000,121.33,1358.9900576916777,0.283642067,19.1,18.94,198,3582.0,1.008,75.9,0,mcap;pool,-61.43,-58.11,take_profit,6.957820642965398e-09,1,0,live_lower,1
2026-08-21,4ab98df0-18d7-4870-91c2-997277caa24a,4CfxEKwb4DdGiDf5DgxpJambucf1DWGxSBKPv135Ezjd,2026-08-21T03:53:16.366399+00:00,2026-08-21T03:56:14.960361+00:00,1.078937482337535e-07,2.2845305772885966e-07,0.05586946,trailing_stop,1,1.3002083455403646,9169.392304249232,18542.77721110386,356,218,574,1.0857821835815695,8358.291965747709,,98.3036569102525,1787284395000,120.222,10459.565639971477,99.314169062,214.36,201.65,1129,39180.0,1.063,81.3,1,,-2.85,-4.74,trailing_stop,2.4572046276005647e-07,1,1,live_lower,1
2026-08-21,f31e4a92-2b50-4f99-874e-65158d99ca2c,4FQsvUTRtBtBMefAF22KfGSbkJEWzBEhGymegZwbpump,2026-08-21T03:46:15.162199+00:00,2026-08-21T03:56:44.139925+00:00,2.9325759161432674e-08,2.8335466443022215e-08,-0.001688435,time_stop,0,0.8892486490885416,15748.16237115334,13954.847822756994,164,65,229,1.8187333626709539,6731.348962138678,,99.9812120947154,1787283975000,119.983,2695.1404642577454,0.703784866,200.96,201.6,570,37913.0,0.997,79.9,0,mcap;pool,2.48,1.82,no_exit_within_window,,0,0,live_higher,
2026-08-21,ed2c7824-8f67-41ed-a075-8ee5853e6d08,4fLBduBe5TFkqmW81WfFCDXoo4vF7u98uW2j3Yj8pump,2026-08-21T03:46:36.914245+00:00,2026-08-21T03:56:44.343278+00:00,2.823523931601288e-08,2.7972348262791726e-08,-0.000465537,time_stop,0,0.872584053548177,8661.69429742621,12948.420745162224,179,137,316,1.4170798068281674,5000.855404345073,,100.0,1787283995000,119.023,2640.8752657929094,0.043815808,81.6,83.56,391,15554.0,0.977,79.5,0,mcap;pool,0.69,0.98,no_exit_within_window,,0,0,live_higher,
2026-08-21,c3fe15bd-af5a-405b-8782-1495df6aaf04,HTyb3xkNx5K7o2CgAXfMDijgN8Cahavxc5CndS36Bdg7,2026-08-21T03:56:27.105499+00:00,2026-08-21T03:57:14.661369+00:00,1.4590177401755509e-06,1.342296320961507e-06,-0.004,hard_stop,0,1.1102162963867188,42564.435358470415,1908.439793128999,61,56,117,3.007770823902753,956.4474831694132,,94.33564012906669,1787284585000,118.652,211307.89100084454,23.212739428,61.21,37.93,611,9337.0,1.614,88.8,0,mcap,-34.97,-34.04,hard_stop,1.342296320961507e-06,0,0,live_lower,1
2026-08-21,ae86d592-aae4-4289-9ed0-140373b641b7,4iif9TofdJE9DEyvYHA7KccxxnAK6bEpsPEgqbbwpump,2026-08-21T03:58:01.998905+00:00,2026-08-21T03:59:15.069970+00:00,8.950643923344692e-08,1.0701252818540463e-07,0.009779234,trailing_stop,1,0.9417073445638021,8378.133016649603,5516.323548193412,80,28,108,2.335195645830091,5214.567620438159,,84.824515644825,1787284680000,118.726,8279.594842523094,25.974507054,59.7,36.65,186,9074.0,1.629,92.6,1,,1.81,-1.83,hard_stop,8.234592409477117e-08,0,1,live_higher,0
2026-08-21,20c8e4e4-eefc-4449-9415-ef029e7984f3,CegpUaVQsVzSSvfYsofqnkvpEjTcfKQkuWj5HhEVt7im,2026-08-21T03:49:17.005151+00:00,2026-08-21T03:59:44.200646+00:00,1.0807506068926073e-07,1.0807506068926073e-07,0.0,time_stop,0,1.4754016723632812,15371.39207867671,7790.169789594856,240,310,550,1.1177827055933602,729.5641724738942,,97.78995308587511,1787284155000,118.925,9707.901205971519,2.933501329,67.01,64.21,939,12358.0,1.044,80.9,0,pool,4.85,5.0,hard_stop,9.942905583411987e-08,0,0,live_higher,1
2026-08-21,d6f1918d-119d-4451-a430-8fb4c320651a,FykVHkvrZsTh8xLT6MK5xWuT1CpBPVckNxAuvvHzXWVH,2026-08-21T03:59:22.898084+00:00,2026-08-21T04:00:44.820279+00:00,5.160810747089744e-07,5.546522891588406e-07,0.003736934,trailing_stop,1,1.3492294921875,45168.611592575995,51184.92426103828,92,84,176,1.1909775439209032,40170.73788076,,99.72241618364399,1787284765000,122.746,47769.84626067651,454.447965995,123.38,71.56,165,18359.0,1.724,94.5,1,,1.75,2.53,trailing_stop,5.508738384785977e-07,1,1,live_higher,1
2026-08-21,60b03a25-7908-4367-a1bc-fcf235e4a837,4G6Fdh2QChr4AVCHMuHDi6e9PxFMLNM6nUk4ZAXYqqNv,2026-08-21T04:00:39.365376+00:00,2026-08-21T04:01:29.596354+00:00,1.9749167696290848e-07,1.816923428058758e-07,-0.004,hard_stop,0,1.5853421061197916,16826.499628565933,1818.8616934871159,154,44,198,2.643802500523439,879.9564387931275,,99.986355663188,1787284840000,121.731,18768.685328085685,10.236916106,10.38,8.48,305,1776.0,1.223,74.8,1,,-0.9,-0.9,hard_stop,1.816923428058758e-07,0,1,live_lower,1
2026-08-21,76f2880f-de12-49d9-90a7-971d427b77e7,ABRvq4oGyfLWp412jkxW16524PZ9MhbyRuzXzvZHpump,2026-08-21T04:00:49.029372+00:00,2026-08-21T04:01:59.677988+00:00,3.9889514369885773e-07,5.696928376681952e-07,0.021408846,trailing_stop,1,1.519046044921875,20733.85046887984,24031.090706205872,294,138,432,1.5201920915989438,7766.224755738223,,37.47081975534603,1787284850000,121.712,46323.09936598974,79.025076455,259.91,167.54,769,40258.0,1.551,91.0,1,,-18.9,-19.07,trailing_stop,5.499320313953948e-07,1,1,live_lower,1
2026-08-21,7d9fb13f-ae4a-4786-815d-4ca662bdb749,7vr6QCY8sJxqdM2QvaFVuympoAGYQv5JDPgYn2wroUTt,2026-08-21T04:03:11.444368+00:00,2026-08-21T04:03:29.811520+00:00,2.2794019473520192e-07,2.0970497915638577e-07,-0.004,hard_stop,0,1.2101356567382813,29144.727963124467,5243.417987574794,153,188,341,1.327044212157764,822.1461119792694,,97.33141749394619,1787284990000,120.23,18185.54710763915,6.10707443,68.68,63.32,850,12432.0,1.085,81.7,1,,18.05,25.01,hard_stop,2.0970497915638577e-07,0,1,live_higher,1
2026-08-21,c49a3202-d8aa-42c5-bebf-79cf2571d673,45aFA78nCKaYvfcxNbvxMXKjEFMGe2dszmcQxbMUpump,2026-08-21T04:03:38.788627+00:00,2026-08-21T04:03:59.741645+00:00,1.370372869742922e-07,1.2607430401634883e-07,-0.004,hard_stop,0,1.4589956624348959,12064.377764501556,4094.988256877834,55,8,63,8.77855678583425,5911.830854019835,,99.095362208679,1787285020000,122.39,2724.1794610838615,36.854861767,44.2,43.79,102,8287.0,1.009,80.2,0,mcap,373.76,373.9,hard_stop,1.2607430401634883e-07,0,0,live_higher,1
2026-08-21,e9d2d11f-b356-4aa3-a16c-9e4991e81bc7,5yCwXacwJZ25UNXWQjpu5ku2VTNxcsqehyTHUU9s1UgU,2026-08-21T04:02:12.720962+00:00,2026-08-21T04:04:29.727123+00:00,3.119198721722403e-07,3.402312395709068e-07,0.004538244,trailing_stop,1,1.1188884236653647,26662.381935181915,93894.14911448218,49,44,93,1.0786627624767262,21831.356577898867,,99.19957698110552,1787284935000,123.472,28038.207737946723,246.692346067,89.04,40.55,121,12205.0,2.196,100.0,1,,4.77,4.94,trailing_stop,3.2916631652020137e-07,1,1,live_higher,1
2026-08-21,314239ba-9cda-4be9-90bf-ab3d6ddd97f6,4mttQarv3JCUHWCduJr2TnMHvfgi2RhdXHgvaBhbmoon,2026-08-21T03:55:27.746426+00:00,2026-08-21T04:05:34.173230+00:00,3.052618952941044e-07,3.092781457196345e-07,0.000657837,time_stop,1,1.0140807332356772,27342.353753211635,6736.276241880445,26,1,27,1348.8429768775136,6726.2515570609685,,99.97016327690591,1787284535000,128.166,2574445.8015350103,6724.511488,285.36,26.79,29,29398.0,10.653,76.9,0,mcap,-98.88,-98.88,take_profit,7.631547382352611e-07,1,0,live_lower,1
2026-08-21,69110f1e-63f3-4dcc-86a8-4cb5d82dbc35,8nYT4BGpR5TZSd6752bpVxSGBwNyU7UsuRVc2nkbpump,2026-08-21T03:57:50.246598+00:00,2026-08-21T04:06:04.354914+00:00,0.0007397355988688483,0.000856189594198501,0.007871326,trailing_stop,1,0.8734896443684896,48060.21197158739,15325.42527965834,76,16,92,2.4982491697226665,40193.85872901542,,89.079081461125,1787284670000,121.443,70240.58204559976,474.39330281,187.09,89.29,174,26029.0,2.095,100.0,0,mcap,-0.81,-0.14,trailing_stop,0.0008559140450247363,1,0,live_lower,1
2026-08-21,2ddd0c8d-00f3-4b4f-a7bb-59acd933f15f,Gpqm7M5hrDPUYQK4Daicr9bqHkZb8pjNB4YuLPRSwGwi,2026-08-21T04:04:04.402172+00:00,2026-08-21T04:06:04.572869+00:00,1.2486210729670554e-07,1.6366819678798898e-07,0.015539578,trailing_stop,1,1.833905008951823,11081.438310081287,16204.863418562607,505,102,607,1.2362914742165338,9164.262915039362,,92.7948307760622,1787285045000,122.231,11649.824066841062,104.055746916,132.31,114.44,812,23239.0,1.156,83.1,1,,0.94,0.94,trailing_stop,1.77835470453086e-07,1,1,live_higher,1
2026-08-21,29bef4a0-3b3c-40f0-a894-c00b9e3492ed,58Hm4qv5bbsy3HR9KraprZW97hoAsVhgdYDonqzcKvcL,2026-08-21T04:05:44.613827+00:00,2026-08-21T04:06:54.364302+00:00,1.3871650322992297e-07,1.2761918297152913e-07,-0.004,hard_stop,0,2.029188700358073,12244.189211414157,33726.99143413805,714,282,996,1.1340750506037978,9708.942774465228,,89.60650724919711,1787285145000,121.391,12963.87226906462,109.354990641,226.08,202.33,1124,40347.0,1.117,82.3,1,,0.77,0.38,hard_stop,1.2761918297152913e-07,0,1,live_higher,1
2026-08-21,24294268-bddb-402a-910c-591befd96d04,DHTNvHNQ68CMo39P5UdGauQyZArUeWwqoQU4A5fTpump,2026-08-21T03:57:36.542602+00:00,2026-08-21T04:07:54.173423+00:00,6.433124021123018e-08,6.441765374991158e-08,6.7163e-05,time_stop,1,1.0229503295898437,5756.892544543985,1048.3103934528476,12,6,18,1.0027812803280995,2682.7768733925095,,100.0,1787284595000,59.84,12114.901118074906,0.026067049,3.61,5.86,18,892.0,0.617,60.0,0,pool,0.02,0.07,no_exit_within_window,,0,0,live_higher,
2026-08-21,6f279fdb-1cb9-4805-bc3b-613c07e740b8,Anqfj4zgKQQxURkZYugTyZNekmFPNp1CLwmZjT2SBeax,2026-08-21T04:05:52.144903+00:00,2026-08-21T04:07:54.322953+00:00,1.1534424126756772e-07,1.7263204852179175e-07,0.024833406,trailing_stop,1,2.0077612630208335,10680.568334933832,21218.51483071909,419,177,596,1.1557127318675753,8990.90423683608,,94.107108201215,1787285150000,118.715,10481.073409934395,98.401275003,136.15,122.65,667,24374.0,1.11,82.2,1,,3.65,3.64,trailing_stop,1.7532360282018613e-07,1,1,live_higher,1
2026-08-21,5293a5a2-0311-42c7-8acd-677aa317fa73,CXdRBoRWmWWeUDHkFgmH6D566sFFccaTsrgCGaGSpump,2026-08-21T04:08:14.461135+00:00,2026-08-21T04:08:24.139481+00:00,1.4862924085693865e-07,1.3673890158838358e-07,-0.004,hard_stop,0,1.4392703084309897,12781.462748858532,3450.158267734329,56,9,65,102.44744440001728,6060.943461884476,,92.89639009727367,1787285295000,122.261,6891.35673815356,18.575428241,45.9,28.38,92,6997.0,1.617,92.3,1,,103.12,103.22,hard_stop,1.3673890158838358e-07,0,1,live_higher,1
2026-08-21,979ca5df-8da2-4091-9605-157189b66b42,62qFbfeMYpo5R15DA1jBFTNMC3uMaMZ8DdTQJmKnpump,2026-08-21T04:09:15.324925+00:00,2026-08-21T04:10:24.180279+00:00,1.455177593932506e-07,3.637943984831265e-07,0.075,take_profit,1,0.8448666300455729,11467.491263886155,4577.74998741551,33,9,42,5.077294752722183,5750.143072918909,,99.98376392046491,1787285360000,125.596,16498.37145403645,45.093385442,33.22,12.81,74,4335.0,2.592,98.0,1,,-16.93,-17.64,take_profit,3.637943984831265e-07,1,1,live_lower,1
2026-08-21,fc44d251-1a0e-4ce2-ad62-d0d934ee6c5a,46SY6zvXqDmsZUcoWm2yJfPyDj4hiffyFuzLWk6qpump,2026-08-21T04:09:16.912769+00:00,2026-08-21T04:10:24.362483+00:00,4.0373278400402165e-08,3.714341612836999e-08,-0.004,hard_stop,0,0.9948351236979167,8712.735871763149,16482.327043078847,176,165,341,1.323288867567066,5123.09031534564,,99.07693463082451,1787285355000,119.428,4289.750075344422,8.335921768,159.91,153.62,621,29528.0,1.041,80.8,0,mcap,-11.36,-4.61,trailing_stop,4.46374503486678e-08,1,0,live_lower,0
2026-08-21,b84b348b-e0d2-47d4-93b4-713407029dc1,HTdwVBwgMk4hEdAohhcnJvuB6h6NHmxsv9N5MV1uMEME,2026-08-21T04:09:50.274664+00:00,2026-08-21T04:10:24.575354+00:00,1.4493232928639295e-07,1.333377429434815e-07,-0.004,hard_stop,0,0.9720829427083333,7697.337995522351,11844.548165736753,150,78,228,1.4149941895870781,4712.043915156785,,75.6239699930509,1787285390000,120.899,13284.233338222288,37.934750642,119.18,91.8,475,19870.0,1.298,86.0,1,,2.75,2.89,hard_stop,1.333377429434815e-07,0,1,live_higher,1
2026-08-21,0c9f9586-e798-47e3-8c1f-094d339f86d1,9eEePSVLVYpCKQjS7ZMWcjDZQmwmh62pjXa373MmgCuA,2026-08-21T04:10:54.884836+00:00,2026-08-21T04:11:24.999879+00:00,3.615399505611784e-07,9.038498764029461e-07,0.075,take_profit,1,0.429524755859375,44744.95821859158,982.2826743213961,8,0,8,982.2826743213961,833.0449167872927,,97.527383941024,1787285455000,116.855,44151.409866609036,11.00345518,69.4,58.71,822,12066.0,1.182,83.6,1,,-22.88,-22.76,hard_stop,3.3261675451628416e-07,0,1,live_lower,0
2026-08-21,f5cda800-ae71-42ae-83ed-991b4a77cdb6,GmuhNbvCR71xC3DEnLbPHqM9xuBABqV5ijQCYBhJpump,2026-08-21T04:11:15.333578+00:00,2026-08-21T04:12:54.473819+00:00,1.0036586470663386e-07,1.2484957508549421e-07,0.01219723,trailing_stop,1,1.251692159016927,7305.1918255974015,14455.367796002334,87,50,137,1.3028933402929628,4577.777611509303,,85.658562916125,1787285475000,121.32,9466.172831982847,26.900856712,95.85,73.84,170,15981.0,1.298,86.0,1,,-0.14,1.63,trailing_stop,1.2492946236829096e-07,1,1,live_lower,1
2026-08-21,b6b6243e-87d7-4292-93e6-8fe6120b8e3c,A9bh4MNcJKLGJLPjdLbpJN1u8bepecmgp4f1wrGApump,2026-08-21T04:12:21.200460+00:00,2026-08-21T04:12:54.714835+00:00,6.155895406743475e-08,5.663423774203997e-08,-0.004,hard_stop,0,1.2060212443033853,10422.148455813707,15571.700855833536,145,105,250,1.4349752424874826,5536.04584561724,,98.510925723184,1787285540000,119.828,6332.997934170141,17.851886108,125.8,112.28,393,22422.0,1.12,82.4,1,,-8.45,-8.82,hard_stop,5.663423774203997e-08,0,1,live_lower,1
2026-08-21,af1844be-88e4-4b73-9fac-f5fdc60dc89b,oW6jSvHLEqk54WHq88bpQjbYB9ZoKbkoNqN3j1npump,2026-08-21T04:12:45.395842+00:00,2026-08-21T04:14:54.478097+00:00,6.114142275617119e-07,6.604718209703862e-07,0.004011813,trailing_stop,1,0.5039558878580729,36326.29698613597,7537.401582973228,21,0,21,7537.401582973228,10213.085597898591,,98.94635905166308,1787285565000,119.991,59196.76302145946,87.578957481,42.36,7.17,147,4665.0,5.911,99.0,0,mcap,-2.73,-3.12,trailing_stop,7.150534902163653e-07,1,0,live_lower,1
2026-08-21,1f4b65cb-cbfa-462f-96dc-9c2e464bd707,2ticWeqhVUosQAtxFKYvibNbDcgnETtiR24RwGsvsTUT,2026-08-21T04:13:22.110560+00:00,2026-08-21T04:15:54.515121+00:00,9.214101505934065e-08,1.34390558968043e-07,0.022926567,trailing_stop,1,1.804085009765625,8521.09675528795,22815.455446776294,567,299,866,1.0441123994676071,8076.030749234836,,99.96304841812261,1787285600000,118.675,8998.330733344801,91.210030863,167.11,161.58,1120,30956.0,1.034,80.7,1,,-3.56,-4.31,trailing_stop,1.3137657405223341e-07,1,1,live_lower,1
2026-08-21,38caf433-2d7c-4eee-bcef-54d8d6022f89,48vPVoBAivjq7zWcHsErf6RjAkDEWjfbKD32QVVQpump,2026-08-21T04:13:25.771920+00:00,2026-08-21T04:15:54.745004+00:00,5.896751413380795e-07,9.000424284492478e-07,0.026316803,trailing_stop,1,1.0339309977213542,38729.91243464491,9541.999613285128,76,19,95,9.895000228476924,8723.018710555545,,86.03276339024592,1787285605000,119.735,34552.307429519555,73.572386955,133.56,103.69,307,22345.0,1.288,85.8,1,,60.73,73.51,hard_stop,5.425011300310331e-07,0,1,live_higher,0
2026-08-21,379c1132-9451-4533-8270-7be26db2c70c,Fv3LZubr9UTMcnqSggx4zeYrLAts7QTtcnw9Sw73Yqi2,2026-08-21T04:14:58.572173+00:00,2026-08-21T04:16:24.619373+00:00,5.999374772389182e-07,6.293068364518322e-07,0.002447702,trailing_stop,1,1.6800523356119792,48957.82855962071,17662.172211433033,204,98,302,2.260586760034548,8268.567422041671,,98.4496372645693,1787285700000,121.668,53614.322883118395,93.908637406,178.89,100.68,443,26330.0,1.777,95.5,0,mcap,5.39,7.24,no_exit_within_window,,0,0,live_higher,
2026-08-21,bd73a817-18f6-4841-bbfb-c256988a1436,4ZYPfHBRVvDtyXTo4g8X7hS3KBCFy6MBjxzamrewpump,2026-08-21T04:16:23.516589+00:00,2026-08-21T04:18:24.850159+00:00,9.057216347244412e-08,1.2114410336216823e-07,0.016877117,trailing_stop,1,0.8938220540364583,8526.428315599902,13851.679239031528,161,82,243,1.3933765144770003,4948.589920098755,,85.9638179657164,1787285785000,123.369,8526.665358489732,23.984707836,102.77,88.66,406,18029.0,1.159,83.2,1,,0.04,-1.07,trailing_stop,1.2080021955450048e-07,1,1,live_higher,1
2026-08-21,3679d220-9195-4f95-85fc-0b6ef2841514,RsCEWZ4L8YjJ4Y8U2Eiehp5pMUc71vHQe8ArMw2xJ9o,2026-08-21T04:12:31.751203+00:00,2026-08-21T04:19:24.399550+00:00,1.1612877364761691e-07,1.9448788434321313e-07,0.033738026,trailing_stop,1,1.2071957438151042,9104.457831523494,1942.209713400618,215,16,231,1.6971026760923564,8562.513976072247,,97.42088894409771,1787285550000,118.578,10852.27929097195,102.816883048,35.14,23.23,576,5497.0,1.513,90.3,1,,0.78,0.78,trailing_stop,1.9239823229113835e-07,1,1,live_higher,1
2026-08-21,2f13d4de-3b9e-46c2-a95b-78344c7edba3,HZZtkz62vvz2T6sbjAsJas68zRL1b8MT8H14Ae4pump,2026-08-21T04:10:54.089424+00:00,2026-08-21T04:20:54.228253+00:00,1.247462801658001e-07,1.2470276368204836e-07,-1.7442e-05,time_stop,0,0.7000944010416666,11119.401800408275,1652.7601589791575,33,33,66,1.000010594241347,2689.941270963276,,100.0,,,,,,,,,,,,,,,,,,,,
2026-08-21,da3a7fe1-0b59-43f8-bcac-45701ba2f114,FSzi7Kv5mB9PEBYMTc7Qpuui22iC1PgA19NN2tVTpump,2026-08-21T04:20:23.792439+00:00,2026-08-21T04:21:54.796977+00:00,1.3738471061846517e-07,1.4421362992809127e-07,0.002485327,trailing_stop,1,2.0147236775716144,13231.677426085362,37540.50853357565,539,294,833,1.2049059091437375,6356.61569212137,,75.3097860181817,1787286025000,121.864,10046.476259802059,30.936421111,249.26,222.64,949,44444.0,1.12,82.4,1,,28.79,32.64,hard_stop,1.2639393376898798e-07,0,1,live_higher,0
2026-08-21,ad5099c9-a7f0-417c-99bb-5e7e14cd06dc,78ZhsHeGdo2QxZT9xJsyvyhC1RZro8fGGuAkgokCA5ga,2026-08-21T04:19:29.497218+00:00,2026-08-21T04:22:24.506820+00:00,3.7609807697469277e-07,5.800352050410384e-07,0.027112227,trailing_stop,1,2.026758194986979,33193.32177320504,21246.870756505166,213,117,330,1.6824097117145973,6740.502545421484,,98.1918143066077,1787285970000,122.104,37312.48803330375,77.794609435,158.78,96.01,359,23996.0,1.654,93.1,1,,-5.07,-5.4,trailing_stop,5.952393842778488e-07,1,1,live_lower,1
2026-08-21,80bb56db-647e-47b3-b2fb-974806bb25ac,57RZioYFeZx6eCo3PymNTKxBsLhAitK8Kg2xFekUxYRT,2026-08-21T04:18:12.723792+00:00,2026-08-21T04:22:54.449231+00:00,1.3399936482517087e-07,2.5356253345806693e-07,0.044613334,trailing_stop,1,1.8848758666992187,11411.652143131887,12141.919268430269,189,106,295,1.3287697247965464,9315.550932870477,,97.0283848219304,1787285895000,123.414,13500.545431368093,110.72955941,99.23,73.61,366,16278.0,1.348,87.0,1,,-6.52,-5.92,take_profit,3.3499841206292717e-07,1,1,live_lower,1
2026-08-21,239501ab-d564-4785-89d3-8a75237d852e,9QzYUC5sHczPXJ61jhmvKUhfDRb7aTptUXy4t3dWEHDA,2026-08-21T04:24:48.986885+00:00,2026-08-21T04:26:24.560679+00:00,4.754090610177936e-07,9.575271741083237e-07,0.050705608,trailing_stop,1,1.578950740559896,34248.33963713017,7571.35393527608,281,349,630,1.2414064283830593,953.6599151339673,,96.0914259613502,1787286290000,122.106,55460.203849003134,12.044333996,61.89,49.85,926,10523.0,1.241,84.8,0,mcap,-19.27,-20.34,trailing_stop,1.0928632711405558e-06,1,0,live_lower,1
2026-08-21,a0f4d0fe-e918-4c3a-adcb-f0d705e1697b,8MrsFYcKMtpfA2Xu2rex9HedGyFQL1FAFnnptsZDpump,2026-08-21T04:17:32.190348+00:00,2026-08-21T04:27:54.204780+00:00,1.649693611038786e-07,1.6501474568082933e-07,1.3755e-05,time_stop,1,1.340153983561198,11022.972036310115,2411.12055991582,54,41,95,1.0074755443012937,2680.872753066778,,100.0,1787285820000,88.796,31059.611269327343,0.167944264,13.92,13.98,133,2628.0,0.996,72.8,0,pool,0.05,-0.01,no_exit_within_window,,0,0,live_higher,
2026-08-21,d0a3c15f-4ec8-402f-bb58-f02a7e3417f3,2VVBKWfWTpAwdkDFLCz5SsAeZDxFrzmsKHvchLc5pump,2026-08-21T04:26:18.748307+00:00,2026-08-21T04:28:54.491265+00:00,1.0853371266588058e-07,2.2677546808363335e-07,0.054472363,trailing_stop,1,1.6653753946940104,10662.219516444957,17874.46228698753,166,129,295,1.380872447385383,5652.8221785466485,,75.89500609724,1787286380000,122.198,10525.761460163103,31.069901982,124.94,98.04,356,21001.0,1.274,85.5,1,,-2.89,-2.04,trailing_stop,2.332908346074193e-07,1,1,live_lower,1
2026-08-21,1f0ae0da-00bb-435b-b01a-4db4977775e1,FpBfhCcGRzT58NJNXZPfUqirW3XSDac5msdyYbUnpump,2026-08-21T04:27:59.651388+00:00,2026-08-21T04:28:54.696257+00:00,1.09737087881947e-07,1.0095812085139124e-07,-0.004,hard_stop,0,1.7601280558268229,9798.754239451737,33315.899934818895,453,334,787,1.1703542215889877,5553.345326666104,,77.0905241389277,1787286480000,121.921,9789.91199067996,30.550743489,223.86,201.52,932,40062.0,1.111,82.2,1,,5.57,5.29,hard_stop,1.0095812085139124e-07,0,1,live_higher,1
2026-08-21,e4dcb2be-8e85-44b3-9eb3-c317c9ae87c4,E5tmebsRUpy96HExAYbe6HLz6LbWF1dDGqs8i8Z1pump,2026-08-21T04:28:39.729303+00:00,2026-08-21T04:31:24.414271+00:00,1.4597772435316217e-07,1.342995064049092e-07,-0.004,hard_stop,0,1.9642853393554687,12839.024000106076,4074.698147117054,57,5,62,11.063728908297675,6069.645478981569,,98.2825974886141,1787286520000,121.148,13068.164077828136,36.832611983,42.71,5.98,67,4586.0,7.142,98.8,1,,5.2,3.03,hard_stop,1.342995064049092e-07,0,1,live_higher,1
2026-08-21,d7c14119-94d8-4051-8744-0d94e7a7e184,Dov3PgaEuPyzFhD2kZBvBzeLMithgKH2Wh6cCUYzwiKE,2026-08-21T04:21:41.200992+00:00,2026-08-21T04:31:54.345149+00:00,2.2777092768433304e-07,2.2777092768433304e-07,0.0,time_stop,0,0.64758076171875,27995.28508613936,1417.749858071206,56,52,108,2.914667938224021,737.549433203559,,98.0332699924814,1787286100000,119.765,21182.599407740356,6.101475361,53.32,47.25,865,9472.0,1.128,82.6,1,,1.27,3.43,no_exit_within_window,,0,1,live_higher,
2026-08-21,58d440cd-1e54-47c2-882e-1a8dd6316fdb,86SfYpgrYzyUnXZckXrhZRVk2FaDY7opYgFBb9Mr1SV2,2026-08-21T04:30:21.074697+00:00,2026-08-21T04:31:54.702814+00:00,1.2850799408215487e-07,1.5457465247956245e-07,0.010142038,trailing_stop,1,1.3435818725585937,10544.815725115672,20153.85818256333,388,210,598,1.1493160747728735,8964.580082867611,,90.59206353319101,1787286620000,119.583,12322.298580897124,107.64682954,228.87,207.82,1094,41127.0,1.101,82.0,1,,-1.78,-3.46,trailing_stop,2.586017377995474e-07,1,1,live_lower,1
2026-08-21,c55de596-cdd7-4210-a2a6-9370dcce2feb,8PyYEBhmWzXNw74TRH8MJEn4eMpivt78efkuWiJGbwZh,2026-08-21T04:30:24.491877+00:00,2026-08-21T04:32:24.427871+00:00,5.600164743157255e-07,6.569448852747849e-07,0.008654068,trailing_stop,1,1.276915205891927,46016.293204947324,48430.23767163747,86,77,163,1.2225623859494539,40451.4142974806,,99.35551035994779,1787286625000,120.419,54539.99650579592,483.225188828,153.71,70.48,182,21114.0,2.181,100.0,0,mcap,-3.3,-3.1,trailing_stop,7.1404312157469e-07,1,0,live_lower,1
2026-08-21,092e737b-e426-4e10-bf89-3a2ba9b7f269,7bM1tgDa9cE9Fgu839f37NAurnituXdMBTS5GE8Vpump,2026-08-21T04:31:38.807439+00:00,2026-08-21T04:32:24.609647+00:00,3.293119568129075e-08,3.0296700026787497e-08,-0.004,hard_stop,0,1.2722790486653646,7323.886814681839,5604.329188418685,82,44,126,2.0349769505896598,4579.9075087144665,,100.0,1787286695000,117.258,3103.5454601203155,2.574506399,49.62,50.05,190,9387.0,0.991,79.8,0,mcap;pool,-0.07,8.87,no_exit_within_window,,0,0,live_lower,
2026-08-21,cbce0c8d-b897-4dfd-b62c-dd822b7157d3,ERtZSUFkTZsLXPtwN6yRRosMfmd1uxKekwxHDCV1BjsK,2026-08-21T04:32:13.413273+00:00,2026-08-21T04:32:54.771918+00:00,1.9409951936662945e-07,1.785715578172991e-07,-0.004,hard_stop,0,0.9818710083007812,17593.323628775463,1302.3798171362348,82,21,103,5.165332460596122,879.8949550594511,,99.9873358986395,1787286735000,122.78,18911.06426127552,10.075119516,11.98,10.0,301,2070.0,1.198,75.2,1,,-3.34,-3.34,hard_stop,1.785715578172991e-07,0,1,live_lower,1
2026-08-21,2eb00425-b059-4eb7-9f24-215a47f15ccc,DgDH1G3gfLbJzpP5W8U6kf4ac6DjcokD5ZrbbYzaDdpb,2026-08-21T04:32:48.070751+00:00,2026-08-21T04:32:54.914534+00:00,6.809700255516933e-07,6.264924235075579e-07,-0.004,hard_stop,0,1.4430727172851563,37782.976459135265,5929.753393516195,208,280,488,1.3436893117291888,868.7162100030865,,96.00546296901929,1787286770000,122.57,64034.04715715718,13.146983772,59.32,46.42,817,9959.0,1.278,85.6,0,mcap,0.16,1.96,hard_stop,6.264924235075579e-07,0,0,live_higher,1
2026-08-21,3961bd76-8203-48e7-8139-325e74eb53c0,uaPxCo56PhuFTmoYJkujKCMMyfMVe3MPoo3Guohpump,2026-08-21T04:31:56.760764+00:00,2026-08-21T04:33:34.329955+00:00,9.20240475012189e-07,9.57189283910128e-07,0.002007563,trailing_stop,1,0.888409228515625,38370.07699321333,9764.72206845248,74,15,89,8.673078496501107,10074.980669379847,,87.01355807028055,1787286715000,119.402,74650.05518274315,110.6474753,149.16,85.43,326,22094.0,1.746,94.9,0,mcap,16.1,17.23,hard_stop,8.466212370112139e-07,0,0,live_higher,0
2026-08-21,44edd44c-b77a-4d54-b6c9-d5100046c1e7,AtCLtfEAT7a1e3bfgmPUuPAeCfFdshLBHbRGA1AuaezT,2026-08-21T04:33:49.928137+00:00,2026-08-21T04:34:04.713697+00:00,4.4625114594302474e-07,4.105510542675828e-07,-0.004,hard_stop,0,1.8183319376627605,30153.260787141142,9752.509658111223,290,359,649,1.1621158204928952,854.0137799944856,,95.9125686777283,1787286830000,121.387,34583.97582141206,10.467243986,76.03,67.07,832,13478.0,1.134,82.7,1,,21.52,20.23,hard_stop,4.105510542675828e-07,0,1,live_higher,1
2026-08-21,a75b2494-4e80-40c9-956c-46150a39d440,24mFREMG4vCXn3QuLT3HTb1dqqZ7SZN4WAgdBCWypump,2026-08-21T04:33:14.224035+00:00,2026-08-21T04:34:34.544812+00:00,9.535081746473616e-08,1.107482091455269e-07,0.008074074,trailing_stop,1,1.8910439371744792,8347.427700810911,4162.66777614742,71,22,93,3.2982887905542335,4891.3212027248055,,99.1447894221366,1787286795000,122.277,10348.376543164615,29.472645412,40.19,11.01,99,4822.0,3.649,99.5,1,,-13.22,-11.06,trailing_stop,1.0768113200574774e-07,1,1,live_lower,1
2026-08-21,eeec338e-a125-46bc-b0c0-ae465ccb3bd2,2XeFL4zN52MfKzhgrDaGPqx9jQsasWPunaAeEuU2pump,2026-08-21T04:34:38.613251+00:00,2026-08-21T04:35:34.555749+00:00,4.269348021216342e-07,4.308063523555975e-07,0.000453412,trailing_stop,1,0.8339555460611979,35070.99358038433,8228.093844843603,100,18,118,16.934439146782285,10010.09658180394,,98.86348091269086,1787286880000,122.415,40100.30810458382,69.372913597,92.12,20.33,235,10591.0,4.531,100.0,1,,0.27,0.23,trailing_stop,4.82257946126918e-07,1,1,live_higher,1
2026-08-21,d2449ba3-3caa-4b8e-9d4d-adad18b5d628,92ZBHDX5UT4Yqa8ca6U7qd76CyctgX36D53DrJHGyd5D,2026-08-21T04:35:41.601508+00:00,2026-08-21T04:36:04.805229+00:00,2.025673761331008e-07,1.8636198604245275e-07,-0.004,hard_stop,0,2.028431221516927,18236.927989648488,2484.584200985708,210,76,286,2.169238365521534,917.9462272389745,,99.9866589485038,1787286940000,119.69,18363.53374523858,10.095578393,12.05,10.39,315,2114.0,1.16,74.5,1,,3.89,3.89,hard_stop,1.8636198604245275e-07,0,1,live_higher,1
2026-08-21,9be76f8f-02c8-4d7b-9f01-fe5b7d4ab86a,6Wqm1YK1gYkPQGZu4KJUCZpY2ACpzNVHqH94LFWgpump,2026-08-21T04:35:00.355467+00:00,2026-08-21T04:36:34.558429+00:00,9.505961703867943e-08,8.745484767558509e-08,-0.004,hard_stop,0,1.973848319498698,8307.435298747112,5935.594781861077,63,26,89,2.0625011339473533,5030.105854027965,,97.42542461089229,1787286900000,120.747,8973.244617201193,25.380375868,46.3,21.93,93,6426.0,2.111,100.0,1,,-0.23,-0.23,trailing_stop,9.998520438059774e-08,1,1,live_lower,0
2026-08-21,73b040b2-e058-40f4-873a-f5107b28929c,FaeYA3nN2NyCgkWNF4ioK9VdvPmMdyU15zCEXFcVpump,2026-08-21T04:35:06.835970+00:00,2026-08-21T04:37:14.577434+00:00,6.104707084511183e-08,7.719757381269426e-08,0.01322791,trailing_stop,1,1.8571816528320313,5855.495788451392,3244.8547714935685,58,21,79,2.595423140642636,4112.718788805059,,98.3604639456422,1787286900000,113.548,5761.370960092354,14.375582322,25.21,12.02,82,3506.0,2.097,95.5,1,,-0.21,-0.43,trailing_stop,6.809657804386029e-08,1,1,live_lower,1
2026-08-21,1a43749d-eac2-4179-8656-a236797bf129,FpKzTxp2G9NxpwFfYHed9jENkQknh7HxJ54zbMXFpump,2026-08-21T04:36:42.794707+00:00,2026-08-21T04:37:14.930262+00:00,7.927340662439657e-08,7.293153409444485e-08,-0.004,hard_stop,0,1.833357694498698,17884.986584323397,27848.031683772395,411,275,686,1.3841055937933229,7159.520221509429,,77.5590484894331,1787287005000,122.431,8028.288271495666,27.504084246,216.43,197.04,934,38941.0,1.098,82.0,1,,-7.0,-6.56,hard_stop,7.293153409444485e-08,0,1,live_lower,1
2026-08-21,7690d141-8add-4f05-ae06-ea51a08ffc06,54Nt7zszqaFrQfFUDEoHSAxw3N5QoTokLY7kuubM1Y5M,2026-08-21T04:37:57.479055+00:00,2026-08-21T04:38:44.731207+00:00,1.4488976114527264e-07,1.3329858025365084e-07,-0.004,hard_stop,0,1.7436593343098958,8505.90659282034,14138.708737069728,141,84,225,1.3824292101735716,4943.926582483193,,80.17397346213019,1787287075000,118.357,13240.148830719707,38.696244864,117.72,86.45,296,19228.0,1.362,87.2,1,,3.06,3.05,hard_stop,1.3329858025365084e-07,0,1,live_higher,1
2026-08-21,88a5fc35-252a-47ab-9bbc-04b521720fa3,8fieGqM61s5FUYoJzHvk1oeNsJKXVkBtpFzARE9xpump,2026-08-21T04:29:41.441158+00:00,2026-08-21T04:39:44.245741+00:00,2.825986756933264e-08,2.8023990728385138e-08,-0.000417335,time_stop,0,1.4095141479492188,15479.964361335187,4081.8480035875727,62,12,74,89.66432707656301,6664.723764652634,,100.0,1787286590000,130.099,2640.05419280662,0.039144951,34.61,49.39,133,7911.0,0.701,74.0,0,mcap;pool,0.81,0.88,no_exit_within_window,,0,0,live_higher,
2026-08-21,833495ba-4496-4273-97d7-a1aab5026f93,GZNJGkiFeqrfcuA2ABiwFN9cs8wHGnrHHvUNGp6nq5j6,2026-08-21T04:36:19.171395+00:00,2026-08-21T04:40:14.368926+00:00,9.823306110456558e-08,1.190415028471618e-07,0.010591364,trailing_stop,1,1.7078079142252605,7908.144156151811,8823.59062274715,143,83,226,1.23161451813369,6829.05718742965,,94.8274580291166,1787286980000,122.42,8703.139562693825,80.565030643,78.04,66.02,317,13568.0,1.182,83.6,1,,6.3,3.83,trailing_stop,1.2108771993867952e-07,1,1,live_higher,1
2026-08-21,889cbcb0-eeb1-4365-8fda-c2956dd35259,8QAaT7P7TA3YjVh4MthBPQmLwyrGs7wEqLEnUh1jZDkX,2026-08-21T04:40:21.006100+00:00,2026-08-21T04:40:44.581932+00:00,5.506894022921693e-07,5.066342501087958e-07,-0.004,hard_stop,0,0.9768311401367188,38241.096900260614,4425.437112858253,118,154,272,1.4944436367131837,901.5395331013077,,95.1643051989036,1787287220000,120.234,29321.254996488464,11.572167153,70.19,61.43,788,12395.0,1.143,82.9,1,,76.88,77.54,hard_stop,5.066342501087958e-07,0,1,live_higher,1
2026-08-21,75df774f-5658-41b2-985b-9c960abfd641,ENkVmH4atdVSXvBaoCZkxAhe2Ny3acJwXrbeLEf9pump,2026-08-21T04:40:30.569470+00:00,2026-08-21T04:40:44.792272+00:00,1.92293279328668e-07,1.7690981698237455e-07,-0.004,hard_stop,0,2.013505839029948,13529.157397784482,30169.334631249752,622,332,954,1.2673022962464433,6439.650526057518,,77.5466500571615,1787287230000,119.697,19967.13198930099,54.300224266,208.44,158.4,1031,34549.0,1.316,86.3,1,,-9.3,-9.62,hard_stop,1.7690981698237455e-07,0,1,live_lower,1
2026-08-21,8af6521e-8557-4448-a7e0-341232dd70e4,5KdAHAC2CknbyivUEhpUJZhqk3hP9GNy2DGtQjgxXXJd,2026-08-21T04:41:43.318822+00:00,2026-08-21T04:42:44.761442+00:00,2.8658836799970426e-07,3.398634670398918e-07,0.009294707,trailing_stop,1,2.0274038614908854,25709.541724017105,215120.27189464535,101,95,196,1.0308335254456804,21290.412249032182,,98.72968263786832,1787287305000,122.887,26049.894290034656,237.699791867,96.11,56.86,116,14407.0,1.69,93.8,1,,3.61,3.13,trailing_stop,3.0537721486055244e-07,1,1,live_higher,1
2026-08-21,ad4b33d9-febf-4bd1-95c3-ea2abe3ccd08,8Yb5xmLfqipYJxKXN8qgHGmXzRhYZoZohzy1TXXhy4qy,2026-08-21T04:32:55.636634+00:00,2026-08-21T04:43:14.238205+00:00,2.657540995431913e-07,2.657540995431913e-07,0.0,time_stop,0,1.6705727661132812,23364.92591653771,173020.69956553727,85,78,163,1.0262251092528598,19835.495211225152,,98.35517859379883,1787286775000,119.282,26356.398998337045,239.251579626,67.12,26.13,120,8782.0,2.569,100.0,1,,-5.04,-4.26,no_exit_within_window,,0,1,live_lower,
2026-08-21,4e194c1c-8866-486d-9b2d-14b17e069dcf,Ek1Ebx4Kczb8L9zPUGZAPofjL2B3hMPXLhEQkVxqpump,2026-08-21T04:43:00.023621+00:00,2026-08-21T04:43:14.755661+00:00,6.418270228373168e-08,5.9048086101033145e-08,-0.004,hard_stop,0,2.020602022298177,6750.3307617306245,8220.564409730385,114,75,189,1.5312870690179714,4401.518422164896,,95.0079263115983,1787287380000,121.249,6298.496273363228,16.398034554,53.81,40.41,195,8873.0,1.332,86.6,1,,-4.03,2.74,hard_stop,5.9048086101033145e-08,0,1,live_lower,1
2026-08-21,6ac7ed0d-3f33-4bc7-b6bb-4e09b012b38b,FE7JyZ7aGBoPUVU6wSqDSsD48oKX4h4m4y4g1KeHBYDc,2026-08-21T04:44:10.350007+00:00,2026-08-21T04:45:44.854876+00:00,7.965824586616341e-08,1.0661482951275844e-07,0.016920146,trailing_stop,1,1.5764368123372396,7580.025872427765,15871.160074010088,260,186,446,1.28904477066471,4849.4756080728075,,89.7733033781415,1787287450000,120.369,8779.275760571116,28.462208159,121.95,100.14,558,20916.0,1.218,84.4,1,,-14.55,-14.85,trailing_stop,9.135368703928322e-08,1,1,live_lower,1
2026-08-21,c6de81f8-d869-4bb4-b6b0-97f708a70865,HiXMPbH7q1nH1vnQNfd5zxH5uNYM3Lc2Y63YggH3pump,2026-08-21T04:44:52.419194+00:00,2026-08-21T04:46:14.849329+00:00,3.608605065774056e-07,5.074460037761883e-07,0.020310549,trailing_stop,1,1.4029049072265625,23321.515459235463,10644.992705181852,121,48,169,3.143345110156292,8173.88907513319,,99.5824439192374,1787287490000,118.876,38696.6943126851,85.005359292,118.83,48.64,243,15772.0,2.443,100.0,1,,-12.17,-14.18,trailing_stop,4.3879544146699226e-07,1,1,live_lower,1
2026-08-21,8b4f5513-55ea-40da-bd24-27213a07ae30,J9QmCqDamBvETeHAqadZpogUZkNd4uvvqWRqGtfVpump,2026-08-21T04:46:23.820339+00:00,2026-08-21T04:48:14.873685+00:00,5.679151862797803e-08,1.0077436787004519e-07,0.038723079,trailing_stop,1,2.0174312540690105,12623.399816730509,29026.62451850793,329,263,592,1.2523510590136766,5930.104527582154,,87.78537697496131,1787287585000,121.43,8119.662519283589,22.680530052,202.35,183.67,887,36355.0,1.102,82.0,1,,-34.13,-33.85,trailing_stop,1.0176532422639145e-07,1,1,live_lower,1
2026-08-21,baca2bae-487f-49a4-8abd-a597f6410b8e,BSpdBG1kZ1RbwNydDSke3tXbZ8K6emhXon3c8VBdpump,2026-08-21T04:39:41.233547+00:00,2026-08-21T04:49:44.328205+00:00,8.777539071970488e-08,8.760103825190488e-08,-9.9317e-05,time_stop,0,2.025288944498698,7816.588386241321,546.5889860697446,40,21,61,1.0000775592238695,2673.1497221132613,,100.0,,,,,,,,,,,,,,,,,,,,
2026-08-21,9413085d-e0df-4128-836f-6cc9c9b7db55,BEvnAonFF6cNvnd7GDqLLu6mQi4LCKwS9dDSkw7RZyom,2026-08-21T04:49:18.285135+00:00,2026-08-21T04:51:14.965215+00:00,1.8300157584361044e-07,4.095474028683775e-07,0.061897234,trailing_stop,1,2.025098583984375,20286.47371747718,11503.097263772866,366,462,828,1.0960088637983203,563.9881388040783,,97.9472186241053,1787287760000,123.33,22143.770015810038,6.178284546,73.93,67.59,917,13329.0,1.094,81.9,1,,-22.17,-21.12,take_profit,4.5750393960902607e-07,1,1,live_lower,1
2026-08-21,943213e0-0f19-4759-ac26-70ab061e82d7,9yjtzAJQ3qmjnvGKeGcziZ3AhugH1tMLzpJxeNS7KYy2,2026-08-21T04:41:19.765587+00:00,2026-08-21T04:51:44.209510+00:00,2.593011467143968e-07,2.593011467143968e-07,0.0,time_stop,0,1.9737012776692708,26274.234459664855,11079.423302315285,310,390,700,1.13065885152268,922.4760870593632,,96.31610374381029,1787287280000,122.214,15787.976508661402,6.887252995,75.08,70.36,850,13698.0,1.067,81.3,1,,54.68,51.41,hard_stop,2.385570549772451e-07,0,1,live_higher,1
2026-08-21,1b2223bf-082e-49a8-ae5e-6eaddc530416,H8TYNyUmC7pqhvWPisGLxTt1HHc3QCwfrBxSvn8npump,2026-08-21T04:51:15.710158+00:00,2026-08-21T04:52:14.889413+00:00,7.138162966497818e-08,9.79933328569014e-08,0.018640442,trailing_stop,1,2.014153869628906,6885.700820926393,28669.29697812015,473,327,800,1.131884902261559,4453.046993764314,,83.72777787816149,1787287875000,120.042,6899.784187701275,18.62548362,171.68,154.5,826,30720.0,1.111,82.2,1,,-2.57,-1.76,trailing_stop,9.854551561578636e-08,1,1,live_lower,1
2026-08-21,7ca2de77-14ec-4260-88ff-456d24155e26,HGiwDSaVvrPA1arBVqunmebVytehSZBXFPs7azUBpump,2026-08-21T04:52:06.012299+00:00,2026-08-21T04:53:14.733350+00:00,8.088386517511944e-08,1.1384579453609249e-07,0.020376084,trailing_stop,1,2.021753926595052,7049.1613403106,7719.1250110077035,97,65,162,1.6010035332695582,4541.086089623648,,94.99746437748239,1787287925000,119.661,7416.88305435298,20.819730257,53.03,35.68,170,8355.0,1.486,89.7,1,,2.71,-0.56,trailing_stop,1.141764089923998e-07,1,1,live_higher,1
2026-08-21,93c07824-09e9-4780-8def-35548f4759f9,9uByc1a4aqKkSqxReE1y9TuA1YB1ERpsccR447jdSKzp,2026-08-21T04:43:35.718375+00:00,2026-08-21T04:53:44.251429+00:00,9.475313221359211e-08,9.475313221359211e-08,0.0,time_stop,0,1.9654291341145833,8199.137987400447,17231.056140186876,657,262,919,1.0371412157790652,7999.773350381841,,99.98799353903337,1787287415000,119.858,9091.656420136507,91.478367212,115.42,109.54,1065,21186.0,1.054,81.1,1,,-1.85,-1.84,no_exit_within_window,,0,1,live_lower,
2026-08-21,08588ac5-6a24-4e95-943c-04894d2d6ad5,GMrn5rdGBYhUTAPPsZuZFNuZF1R14nfmnc6qgrWQpump,2026-08-21T04:55:41.211065+00:00,2026-08-21T04:56:14.711705+00:00,1.5386119281564896e-07,1.4155229739039705e-07,-0.004,hard_stop,0,2.0242808227539064,13753.042440166,49210.48965780319,403,294,697,1.1582447228415167,6292.381218784014,,62.0812757543696,1787288140000,119.651,15689.30877558946,44.576746108,301.08,259.63,724,52808.0,1.16,83.2,1,,-7.64,-7.71,trailing_stop,1.6325677001568986e-07,1,1,live_lower,0
2026-08-21,10d8a03d-eb6b-4043-b84e-dbfe9549ad60,9zLDop7HYzTXZAAM9aNZhngqku1M2mVohUvYG7M2w2km,2026-08-21T04:46:24.506813+00:00,2026-08-21T04:56:44.374468+00:00,9.860395740508095e-08,9.860395740508095e-08,0.0,time_stop,0,2.0174312540690105,8538.667586970989,8399.291815558243,368,102,470,1.1470156550089414,8024.199640144284,,99.93727893049312,,,,,,,,,,,,,,,,,,,,
2026-08-21,0a4d7353-7ab2-4401-b07a-f3832c77e9be,8mKMcie8MNYQKFU67z318MVAMZ48B6aU7hhP1fxD6m9e,2026-08-21T04:56:18.826565+00:00,2026-08-21T04:56:44.756042+00:00,2.516361547058417e-07,2.3150526232937435e-07,-0.004,hard_stop,0,1.9344943318684895,15651.603575226552,8903.86833971132,327,419,746,1.098922035793357,505.0964359419803,,96.2700171855569,1787288180000,122.02,17380.85128362249,6.185909844,61.99,56.86,886,11193.0,1.09,81.8,1,,36.35,40.62,hard_stop,2.3150526232937435e-07,0,1,live_higher,1
2026-08-21,8c2dc6c7-1c0d-43be-a0c6-7b08700cc386,51NL5P2K298tQW8xyG4zPNoBjk2m95ARBjWKwmbxpump,2026-08-21T04:49:46.362801+00:00,2026-08-21T04:58:14.331815+00:00,7.515538313392626e-08,6.914295248321216e-08,-0.004,hard_stop,0,2.0269779052734376,6462.677958380863,1882.157971963026,34,5,39,16.26423933200166,4345.081058073499,,99.91282574089149,1787287780000,114.494,7222.635327062302,19.68542274,10.06,1.22,39,1062.0,8.222,88.2,1,,-2.0,2.13,trailing_stop,7.5155899559578e-08,1,1,live_lower,0
2026-08-21,2fafb259-0ffb-49a6-aab6-edc76c325e19,DdW2GtkekpgyQHUJm7xqnzcLy4eJo6gbqv5FPsgupump,2026-08-21T04:56:56.132537+00:00,2026-08-21T04:58:44.448455+00:00,1.365820115199419e-07,1.4026921444446435e-07,0.001349813,trailing_stop,1,1.677246561686198,11308.870475873271,3960.7463896709655,38,4,42,7.550460182298958,5800.875580913049,,98.7851613011109,1787288215000,120.337,12586.029527425237,35.588170739,42.16,6.67,56,4599.0,6.321,98.8,1,,2.2,0.07,trailing_stop,1.4061845491019672e-07,1,1,live_higher,1
2026-08-21,4bfedd43-4361-4dce-a494-9e4a683cec06,9fjsD52Qw4ibT9sKqMWRXPWYTVAZex4d9b6bp3nFNsBx,2026-08-21T04:57:32.260824+00:00,2026-08-21T04:58:44.628016+00:00,4.1410043934340917e-07,8.775239993616881e-07,0.055955454,trailing_stop,1,0.8009005045572917,41497.775835427856,2753.3416339535675,73,88,161,2.1076915571363304,894.1758270582859,,95.8757423519401,1787288250000,119.25,47537.704143137424,11.010134281,59.26,48.17,626,10118.0,1.23,84.6,1,,-17.96,-17.76,take_profit,1.035251098358523e-06,1,1,live_lower,1
2026-08-21,adbf6064-1663-4d12-95f7-aefac1cb42cd,D5CFeSHpkmdbHkVh9JVZxaCHUJQeUu2w88Egb6sNpump,2026-08-21T04:59:27.839076+00:00,2026-08-21T04:59:44.610547+00:00,5.683738629238759e-08,5.229039538899659e-08,-0.004,hard_stop,0,1.5410589192708333,5264.745283866818,13366.703822448504,173,130,303,1.248715927264928,3897.3733126162024,,98.4289732935659,1787288370000,122.499,4723.256426263474,11.904165089,84.38,76.2,341,15123.0,1.107,82.1,0,mcap,13.33,12.23,hard_stop,5.229039538899659e-08,0,0,live_higher,1
2026-08-21,80d48c73-5846-43ce-b68f-cc8670d44a6e,idiofKa885Nkg2ydcLn6ZSQz6y2GneagRfR3ijZ4kgY,2026-08-21T05:00:03.969069+00:00,2026-08-21T05:00:29.774278+00:00,9.923749386879345e-08,1.2505978622682388e-07,0.013010351,trailing_stop,1,1.8532169311523436,10670.308196851793,33592.086611998704,478,242,720,1.1840164193438238,5546.181540878155,,75.37350839873082,1787288405000,122.078,9490.184344241034,27.965416,203.97,186.92,838,36814.0,1.091,81.8,1,,-1.52,-1.52,trailing_stop,1.4398465367818922e-07,1,1,live_lower,1
2026-08-21,0bf8c8df-206f-4b62-8fba-1203464c1c77,EMEa9kGDYDQBaSimq8HyS5yU12Pvr25wPaBT11wu5Ae2,2026-08-21T04:56:53.646282+00:00,2026-08-21T05:00:49.275861+00:00,8.71226261350268e-08,1.1350353458976347e-07,0.015140102,trailing_stop,1,1.4509005045572916,7867.960606615502,3016.715882402753,191,35,226,1.0785538719778092,7717.920990620386,,99.1023072794476,1787288215000,122.737,8412.262085553419,87.220075507,37.18,34.95,370,6794.0,1.064,81.3,1,,-2.46,-0.4,trailing_stop,1.1133055294756022e-07,1,1,live_lower,1
2026-08-21,060885e6-3121-439c-a78d-353bb3262898,GJPofeb3r5V611A1aa2GG4QJCQGPUtSmcfUk6GffsRbL,2026-08-21T05:00:55.739069+00:00,2026-08-21T05:01:19.659101+00:00,7.780897588368068e-07,1.76390195738538e-06,0.063348231,trailing_stop,1,1.398337723795573,35013.17911185338,5946.680997719708,237,283,520,1.3241277377432008,863.8681424553397,,96.2375197111302,1787288455000,120.131,85297.51619745871,16.237680398,63.8,48.93,909,10617.0,1.304,86.1,0,mcap,-14.09,-12.93,take_profit,1.9452243970920173e-06,1,0,live_lower,1
2026-08-21,c0f7c7aa-77c7-4549-8bd5-d11af40c1041,5kNaJDmPFpm1rudepQ2ijcrKg4UyQvEiGRKgyLZQAtdU,2026-08-21T05:01:56.557687+00:00,2026-08-21T05:02:04.740569+00:00,6.796542609025435e-07,6.2528192003034e-07,-0.004,hard_stop,0,1.5773749267578125,41691.3669126549,7576.940383720052,261,316,577,1.2708064288277585,936.7942167699374,,95.2401785450897,1787288515000,121.366,48890.79348536681,12.607991052,66.61,55.31,856,11482.0,1.204,84.1,1,,30.92,27.1,hard_stop,6.2528192003034e-07,0,1,live_higher,1
2026-08-21,3e53a697-01eb-40db-9ff3-f728b8840d81,21iNU1nQAZakj7ePkNfHwBYrReWrQ4RccL9dQfzN7sDB,2026-08-21T04:59:23.331114+00:00,2026-08-21T05:02:34.368386+00:00,1.152499364945755e-07,1.0602994157500947e-07,-0.004,hard_stop,0,1.6243922526041668,10277.819134918902,21982.200455692626,360,247,607,1.1226845519634225,8853.861357209142,,95.71539017125082,1787288365000,122.772,10641.842415596575,98.909728293,164.13,150.73,844,29654.0,1.089,81.8,0,creator,2.0,2.0,hard_stop,1.0602994157500947e-07,0,0,live_higher,1
2026-08-21,18f2db80-13d6-44db-9ef1-201100e20da7,DZ87Nn5mizyrYnHx8SFKgTTLPJQk6pktDuWpTzDoZKXM,2026-08-21T04:59:29.352438+00:00,2026-08-21T05:02:34.636040+00:00,6.255374504389936e-08,5.754944544038741e-08,-0.004,hard_stop,0,1.5243922526041667,7230.256636060255,2813.2171052958925,23,9,32,2.2767215964830134,1093.7077703966388,,99.95220847489954,1787288260000,11.251,8160.894056977091,0.372823975,0.0,0.0,4,0.0,0.001,7.1,0,pool;volume;vol_mcap;buy_sell;score,-27.81,-27.81,no_exit_within_window,,0,0,live_lower,
2026-08-21,e60080c2-9fb2-48f0-924f-ae2192bf9d7e,4LXoxGZ3qgEDsxPRapCMpjToskWfuaPjenj7XWJHpump,2026-08-21T05:01:54.532209+00:00,2026-08-21T05:02:34.815543+00:00,7.342113615457612e-08,1.159226902598416e-07,0.028943678,trailing_stop,1,2.0277924397786458,5425.375649277231,47404.18357725497,559,414,973,1.0499548021016263,4040.5246244477567,,96.9974226996662,1787288515000,122.474,5923.748770217071,19.453349509,277.52,265.52,1005,51144.0,1.045,80.9,1,,16.73,18.67,hard_stop,6.754744526221004e-08,0,1,live_higher,0
2026-08-21,bbb0ff0b-37e9-4d4a-97e6-7522e4f10fd6,Dnjs56dBH96Z6qL38wQeoQSBFFvxY6nH7Ke18e9rpump,2026-08-21T05:04:42.288592+00:00,2026-08-21T05:06:04.391071+00:00,1.9953243387069738e-07,2.5480803213631746e-07,0.013851282,trailing_stop,1,1.8890213826497395,22409.398086885652,9071.82951344826,110,48,158,3.877423278221599,8036.11245730231,,97.46836683547289,1787288680000,119.045,21865.18541095922,56.448552896,63.18,30.83,178,8854.0,2.049,100.0,1,,-14.06,-14.54,trailing_stop,2.639750400277258e-07,1,1,live_lower,1
2026-08-21,5c7edf84-9db8-4fca-9b21-80dbb126373a,EtxBh8EExEYmdw5mDfzC59EVEyFp8AnMER2CyVAUgtom,2026-08-21T05:06:06.086142+00:00,2026-08-21T05:06:34.461371+00:00,5.178723296177808e-07,4.7644254324835833e-07,-0.004,hard_stop,0,1.1940229899088541,41912.269651081275,4614.5300016656665,180,197,377,1.5090810277404194,936.1640691185825,,95.371123287479,1787288765000,120.074,40988.21749949696,11.206642239,62.58,52.25,846,10815.0,1.198,84.0,1,,18.99,23.97,hard_stop,4.7644254324835833e-07,0,1,live_higher,1
2026-08-21,96eaa3c8-71d4-447d-9ca8-cc3b4ceca573,B3zosPWagKk3pbDhZRs9qX21DTV7zYTtAv7LSNXCpump,2026-08-21T05:06:33.844861+00:00,2026-08-21T05:07:04.879906+00:00,2.081064497539868e-07,1.9145793377366786e-07,-0.004,hard_stop,0,1.9185247314453124,17286.211118513187,35615.043559121434,361,255,616,1.279646612523362,7037.1308982815135,,70.5046025112088,1787288795000,122.981,17456.934262943378,53.733999365,227.03,186.7,683,38965.0,1.216,84.3,1,,12.27,12.48,hard_stop,1.9145793377366786e-07,0,1,live_higher,1
2026-08-21,650d9610-3c7b-4bd8-91ff-76e0783eb174,8ffXKcLgP8Gjyip9zRBKg2qZHgQPVJXRTA8g6iK92fMh,2026-08-21T05:05:41.035509+00:00,2026-08-21T05:07:34.290381+00:00,2.466169637981001e-07,6.165424094952501e-07,0.075,take_profit,1,1.7273793986002604,21924.97371249643,1910.513517787414,90,77,167,2.809878241101038,907.684184424694,,99.99968983227281,1787288740000,121.068,23276.98586059268,10.258739519,9.71,7.46,211,1617.0,1.303,75.9,1,,-0.22,-3.58,take_profit,6.165424094952501e-07,1,1,live_lower,1
2026-08-21,7f91cc97-5513-4548-9d0a-fc725fbdfb5a,5aaCoePkGsezqVstvNRXHYos7HasxSBTRcQSoSSGCQ2C,2026-08-21T05:06:32.008325+00:00,2026-08-21T05:07:34.461666+00:00,2.1861530009097952e-07,3.279975830749201e-07,0.025017069,trailing_stop,1,1.648047452799479,30181.837413550904,8132.282443774669,259,304,563,1.2018041631507872,745.2543388460456,,96.6057176009328,1787288790000,118.688,23620.595985622822,7.116450706,68.18,61.5,821,12213.0,1.109,82.2,1,,-12.83,-11.79,trailing_stop,4.939038862839114e-07,1,1,live_lower,1
2026-08-21,dc6c3b05-5186-4588-812f-3df6f7217bd4,VVKXKdLC7y4bUoimBXzA4NsqsNDpQcVt3duMB5ujU5J,2026-08-21T05:06:43.469534+00:00,2026-08-21T05:07:34.655287+00:00,4.362298716113175e-07,4.013314818824121e-07,-0.004,hard_stop,0,1.9112903767903646,40507.82498829299,7593.29648921111,355,407,762,1.275014355671545,919.2675220262965,,96.1398121968678,1787288805000,123.09,44897.18289691946,10.731167383,53.8,43.07,917,9124.0,1.249,85.0,1,,-8.49,-8.36,hard_stop,4.013314818824121e-07,0,1,live_lower,1
2026-08-21,519987be-60f4-4f80-87b1-5f89801d6675,B54h8297FkSRK3BfKy2WehkttRz7QoVN2BpoeuBuuUuL,2026-08-21T05:07:08.327350+00:00,2026-08-21T05:08:04.380966+00:00,1.2742367873666772e-07,1.4543227945822524e-07,0.007066426,trailing_stop,1,1.9563626953125,12220.148806832103,20083.439475662744,576,120,696,1.2306933036392547,9995.163141476893,,92.2993586319098,1787288830000,123.047,12756.175648519553,108.959800816,150.08,127.41,837,26134.0,1.178,83.6,1,,-5.92,-5.92,trailing_stop,1.451704390444087e-07,1,1,live_lower,1
2026-08-21,dcc66fa9-73b5-4804-a9cc-bf4c79a9e0b1,FtSknfttg6qWLqm4oyer29JpWndyEkpQ2FjooBKxpump,2026-08-21T05:07:36.128055+00:00,2026-08-21T05:08:14.330778+00:00,1.6623063017335917e-07,1.5293217975949045e-07,-0.004,hard_stop,0,2.022482421875,15031.03186601249,30994.97561019155,417,190,607,1.2856053442612116,6594.816528406591,,70.1967855188025,1787288855000,120.46,14731.583297543633,43.718138539,199.65,163.63,671,34213.0,1.22,84.4,1,,6.27,6.27,hard_stop,1.5293217975949045e-07,0,1,live_higher,1
2026-08-21,6c1c3a24-a962-47e0-8c2a-c6ce93b1eff8,8Q4XpdTvu2zBZ2sU485JSd43gwY6nKBjgXZadUEgbonk,2026-08-21T05:07:51.984386+00:00,2026-08-21T05:09:44.332050+00:00,9.386038705829639e-08,1.1140165607558467e-07,0.009344341,trailing_stop,1,2.0184671427408856,8407.13956167414,809.3106260143313,61,5,66,1.1266008788901092,2329.649849567906,,57.5224253955124,1787288870000,118.503,8846.643935087735,26.827095797,3.16,1.88,73,475.0,1.687,80.2,0,volume,-0.08,-0.08,trailing_stop,1.0190267263491178e-07,1,0,live_lower,1
2026-08-21,ac66f355-409b-4597-b38e-cfa4e9a4848d,91UqR3U5LjySkSykDg3vDAMKjkaAj8S8hVtq19Zre6Kh,2026-08-21T05:09:52.866565+00:00,2026-08-21T05:10:14.344490+00:00,2.6873908900503735e-07,2.472399618846344e-07,-0.004,hard_stop,0,2.016901794433594,25223.96053463901,5226.693537220281,162,204,366,1.2787449128795996,640.034041565819,,96.2192653281494,1787288995000,122.803,24554.408662320326,7.782953931,38.76,31.95,455,6660.0,1.213,84.3,1,,3.08,6.08,hard_stop,2.472399618846344e-07,0,1,live_higher,1
2026-08-21,34de6d83-986b-4c71-bdc6-f71770ac408b,3ep8exkQohRh3yavgnEU6kLUASxgjDCfSsfbgYGxxS37,2026-08-21T05:10:12.031184+00:00,2026-08-21T05:10:44.377780+00:00,1.670421894588746e-07,1.5367881430216465e-07,-0.004,hard_stop,0,2.019290979003906,14837.729529900547,57577.979370248446,672,318,990,1.1406256129929073,8254.520256524931,,85.527500631607,1787289010000,118.93,15789.958753688989,95.814977908,374.4,331.86,1080,66515.0,1.128,82.6,1,,-0.37,2.24,hard_stop,1.5367881430216465e-07,0,1,live_lower,1
2026-08-21,71a4ddc3-7b2d-4541-b8ad-ce248b7c931a,7izmd86iBkLyUN1vxvbLLamY7Az1NVh3f9gsQVbHpump,2026-08-21T05:10:45.998911+00:00,2026-08-21T05:11:24.309446+00:00,1.1343578661442754e-07,1.0436092368527333e-07,-0.004,hard_stop,0,2.0153250732421877,10963.201167121993,19222.78841039327,289,171,460,1.361585363974459,5626.140292603306,,77.87084080194279,1787289045000,120.149,10048.632850733371,29.913553052,119.17,95.56,469,20223.0,1.247,84.9,1,,6.32,5.61,hard_stop,1.0436092368527333e-07,0,1,live_higher,1
2026-08-21,b4f39585-82a4-481b-817e-5a76477b5e23,C7twuEqJKN2NpSR6KhAWk9K18DV8P4EfPPsUVCXxS4ee,2026-08-21T05:11:11.652238+00:00,2026-08-21T05:11:24.510004+00:00,2.2782174205598218e-07,2.3326410118103155e-07,0.001194434,trailing_stop,1,2.013727958170573,18546.99444983002,11751.798111785327,398,507,905,1.0872157861325304,491.14092606905587,,96.56902896114461,1787289070000,118.353,19941.084547247436,6.784864883,73.84,68.03,983,13362.0,1.085,81.7,1,,7.6,3.04,hard_stop,2.0959600269150362e-07,0,1,live_higher,0
2026-08-21,bfa9f008-dcf9-4fcc-bac4-29970dda22d5,Bqg7sh6Sq1GYv6QmDwW91x9j4GxzX1d6uY9CfuMdpump,2026-08-21T05:12:49.645223+00:00,2026-08-21T05:12:59.824532+00:00,1.4272086023023265e-07,1.3130319141181405e-07,-0.004,hard_stop,0,2.0223407185872397,14108.926004213146,34414.872828685315,407,275,682,1.2402172856254055,6383.868589078109,,68.4983732506889,1787289170000,122.141,12226.565976196898,36.798761597,219.63,189.92,735,38572.0,1.156,83.1,1,,9.94,5.89,hard_stop,1.3130319141181405e-07,0,1,live_higher,1
2026-08-21,f1a3808f-9988-411a-a513-6d14796cf17c,FYrcY3jq5DXZ8GGQwwMsZ24Zxv6HdmZizD4Xy6LH6xnR,2026-08-21T05:13:13.374706+00:00,2026-08-21T05:13:29.582155+00:00,4.6662739752606926e-07,4.2929720572398377e-07,-0.004,hard_stop,0,2.0248267700195313,27899.126049808914,11330.769759288907,335,448,783,1.1296785274355114,835.5856734714698,,96.15379162059439,1787289195000,122.542,44792.662818008306,10.602624357,76.8,66.03,885,13452.0,1.163,83.3,1,,-1.89,-0.96,hard_stop,4.2929720572398377e-07,0,1,live_lower,1
2026-08-21,a8c50b28-19a3-4616-828f-94e8a0bc6702,4dJHPEJLUH5btuUMXkmzM8xE8Mo7VAh4Xx6MkybBuwPB,2026-08-21T05:13:15.311493+00:00,2026-08-21T05:14:29.711716+00:00,3.347204872640304e-07,3.850963133161349e-07,0.007525059,trailing_stop,1,1.75798486328125,23117.09688568386,2135.9139393362457,72,63,135,2.675169019579836,973.625449241904,,99.8782883811032,1787289195000,122.088,33012.54731626033,13.673064715,15.69,10.72,175,2488.0,1.464,81.7,1,,-4.51,-11.02,hard_stop,3.0794284828290794e-07,0,1,live_lower,0
2026-08-21,be353101-b578-4a62-bff8-93c56a57fdee,Http7TpsWxzRgh58hhss655Tqm7DYrvVFFkjFW96pump,2026-08-21T05:17:14.048696+00:00,2026-08-21T05:17:59.900643+00:00,6.523233392578691e-08,6.001374721172396e-08,-0.004,hard_stop,0,2.020575964355469,5971.242411522564,23425.831764416347,267,170,437,1.133103482052538,4149.075730140972,,93.556194472156,1787289435000,121.446,6685.377594474028,17.801785302,117.41,124.61,451,22793.0,0.942,78.8,1,,-8.1,-8.5,hard_stop,6.001374721172396e-08,0,1,live_lower,1
2026-08-21,78e398a0-f721-460e-8b5e-f246316a1b4c,FqYYHr8qP5ysPKDKEU8cSk155UQAAm2BFJsimrjNshDD,2026-08-21T05:15:32.302011+00:00,2026-08-21T05:18:29.659304+00:00,1.3478908077489939e-07,1.2400595431290744e-07,-0.004,hard_stop,0,2.0249640950520833,11741.280506720206,41218.862657973346,706,316,1022,1.1042107991417844,9671.758460470408,,91.98673614148369,1787289330000,119.096,12959.998129289113,109.612611432,258.02,234.22,1089,46359.0,1.102,82.0,1,,-2.05,-0.86,hard_stop,1.2400595431290744e-07,0,1,live_lower,1
2026-08-21,87a10229-3748-429e-9050-a8b41ea4b6a0,5xTcP4jvmeFZUUgSV91Pda4hPc3EyJV7rpnm9tXgpump,2026-08-21T05:18:45.453435+00:00,2026-08-21T05:18:59.935875+00:00,5.517556507184344e-08,5.076151986609597e-08,-0.004,hard_stop,0,2.0284655517578125,6023.244882130929,14470.43244496852,158,131,289,1.2256180301375263,4719.4790948152995,,92.311519622246,1787289525000,121.302,3250.564219430452,8.275248753,90.41,89.73,334,16966.0,1.008,80.2,0,mcap,59.86,61.72,hard_stop,5.076151986609597e-08,0,0,live_higher,1
2026-08-21,03b732ef-6c39-4546-9707-fd1b0bb902a9,3cKCvi1Fjvcy4RB69Mbi2UowqhJZ3288ZnvDrNJ4t1s5,2026-08-21T05:19:04.102550+00:00,2026-08-21T05:19:30.171237+00:00,2.927579681824731e-07,2.6933733072787527e-07,-0.004,hard_stop,0,2.021488728841146,20336.875906727877,10624.99629798173,371,462,833,1.1057324172208656,533.7607012387662,,96.61450939273381,1787289545000,122.191,27735.373425235386,7.567373295,68.92,61.34,927,12267.0,1.124,82.5,1,,-0.59,0.66,hard_stop,2.6933733072787527e-07,0,1,live_lower,1
2026-08-21,58314462-b730-429e-bf34-6144a8b5208b,DR35GqBbWyhDN6gcsbinfTJok6wS4X1yznSG8ttGpump,2026-08-21T05:11:21.403801+00:00,2026-08-21T05:21:29.350773+00:00,6.303278416046457e-08,6.272951247063511e-08,-0.000240567,time_stop,0,2.025511629231771,5638.562921421693,970.7243949067254,11,7,18,0.9999167485513716,2682.272659207771,,100.0,,,,,,,,,,,,,,,,,,,,
2026-08-21,e0639832-92e9-4cf9-8bc6-50cc7f460725,9rhXDDm2FXNHpSZzCefEeP2qzzf3PXcSWMzfMb1hhFYL,2026-08-21T05:19:38.714365+00:00,2026-08-21T05:21:30.121876+00:00,4.79882167894867e-07,9.130031173575111e-07,0.045127844,trailing_stop,1,2.016360538736979,34396.77635340844,6133.570200233509,384,400,784,1.3070205957139653,945.1526043352408,,95.8384071951211,1787289580000,122.086,46385.07706187929,11.086024904,41.95,30.97,837,6868.0,1.354,87.1,1,,-2.56,-4.19,trailing_stop,1.114831769137294e-06,1,1,live_lower,1
2026-08-21,52d341b9-3bc6-4bb4-b477-b54ee0802a6d,5jPD51YHpZ6V6HhqDKnR7tN5EEFTxzsdTm9dak8GDhhH,2026-08-21T05:12:00.427951+00:00,2026-08-21T05:22:29.319019+00:00,1.4693785399714485e-07,1.4693785399714485e-07,0.0,time_stop,0,1.6757980224609375,12529.565114046036,28392.952411612732,509,227,736,1.167161783206729,9788.347621967656,,89.5327433177037,1787289120000,120.788,13935.658817414846,113.149100554,248.28,220.49,1066,44148.0,1.126,82.5,1,,-0.7,-0.32,no_exit_within_window,,0,1,live_lower,
2026-08-21,81249466-8914-4aa6-9e83-b97efcf9be65,2L3n4kh5RAr2Kzv4boxeGkQu5qsbHbq6FrUNVykDpump,2026-08-21T05:13:43.524256+00:00,2026-08-21T05:23:59.383318+00:00,6.035369653139754e-08,5.847067193534344e-08,-0.001559991,time_stop,0,2.026928963216146,5401.989952954315,900.678985541866,6,4,10,0.9999657913584171,2682.4340702944482,,100.0,1787289125000,23.172,11012.586499221448,1.982436201,3.08,5.04,9,765.0,0.612,55.8,0,pool,3.23,3.05,no_exit_within_window,,0,0,live_higher,
2026-08-21,f5bc0c85-4810-4f9c-8315-f25349e233b9,D5rbWynnc1rSxYGRVJg9Nu9hLjUMWnkzzhZpC67qpump,2026-08-21T05:24:10.886498+00:00,2026-08-21T05:24:59.875702+00:00,1.6330515107930334e-07,1.7135902219245633e-07,0.002465896,trailing_stop,1,1.6097106770833334,10767.61959328573,17900.37659904215,241,161,402,1.3848118372425675,5750.096439036728,,74.3604155803991,1787289850000,120.232,17182.482754275363,47.335259936,137.07,93.4,537,21705.0,1.468,89.4,1,,-10.49,-10.43,hard_stop,1.5024073899295907e-07,0,1,live_lower,0
2026-08-21,d03cc8ec-4fb7-48b6-bc1b-f8c2d9a59928,EZT3VTgZQ7N5wRd81j9HcQ3YRr1VFGvmezNmcdhFpump,2026-08-21T05:21:35.873869+00:00,2026-08-21T05:25:29.480349+00:00,9.76628291227937e-08,1.3027814642450644e-07,0.016697918,trailing_stop,1,2.0306606526692708,9082.866554855,5413.894084293268,88,31,119,2.65424171631528,5099.1052873265835,,92.2765507271635,1787289695000,121.321,9519.732771760093,27.04183975,44.78,18.03,124,5916.0,2.483,100.0,1,,-3.38,-3.58,trailing_stop,1.232316438582124e-07,1,1,live_lower,1
2026-08-21,5feeb427-1dab-40de-8108-82222b3433e3,E1gQwSwwUFmh9MmKFdZBxSq1QExxCE8Z8hwAwVLkBKfx,2026-08-21T05:18:38.866517+00:00,2026-08-21T05:26:29.328423+00:00,1.1513954812143357e-07,2.167936725054548e-07,0.044143878,trailing_stop,1,2.018179382324219,10146.982906403247,7373.998498280274,171,64,235,1.4061004480549015,8743.451450325398,,97.6133787292952,1787289520000,122.014,10561.474465581114,98.407229083,52.06,38.76,257,8553.0,1.343,86.9,1,,2.67,2.67,trailing_stop,2.1356458433315317e-07,1,1,live_higher,1
2026-08-21,9df200d7-0acb-4f2d-86f8-291483e0491a,A64xwZ9LjANe7DrB3pxiFG8p6oVEJHZzteNGm34Epump,2026-08-21T05:25:17.380250+00:00,2026-08-21T05:26:29.825757+00:00,6.795850010671483e-08,6.252182009817765e-08,-0.004,hard_stop,0,1.3876027872721355,5476.902620481806,3233.0189253685917,74,24,98,2.3292812087550896,3985.6485273222165,,95.8458369346566,1787289915000,118.758,6376.538584878241,16.684599961,24.03,11.79,121,3373.0,2.039,95.1,1,,0.37,-0.46,hard_stop,6.252182009817765e-08,0,1,live_higher,1
2026-08-21,06486555-29fd-45a9-8020-e67dd862e3c1,HT6ZTPhLUXawA7TpRucxkL6S6CYybtyex4gPZh6gr5Mb,2026-08-21T05:25:34.271617+00:00,2026-08-21T05:27:29.585097+00:00,6.500303250326837e-07,1.2110284778175892e-06,0.043151691,trailing_stop,1,1.3893778361002604,39262.95715276593,6896.83921756147,252,301,553,1.3009808874503728,901.9931276381373,,95.18822261856,1787289935000,121.283,44029.064685569334,14.509611888,69.88,59.15,964,12152.0,1.182,83.6,1,,39.04,38.87,hard_stop,5.98027899030069e-07,0,1,live_higher,0
2026-08-21,3014b88e-edc6-460c-ae33-0bfefceb84f5,DnAJknBPSYH5by25njqspAvhrSpgrFiLGs531BWAUant,2026-08-21T05:29:30.875142+00:00,2026-08-21T05:31:00.115491+00:00,3.8886289614764486e-07,3.577538644558333e-07,-0.004,hard_stop,0,1.568738435872396,28340.907399578795,8300.266620662354,264,323,587,1.187093086388191,709.7549925086088,,96.531164857124,1787290170000,119.939,35383.47811845817,9.273317818,73.68,64.58,896,13022.0,1.141,82.8,1,,3.5,1.85,trailing_stop,4.3201041121623515e-07,1,1,live_higher,0
2026-08-21,f9aaad5a-f6b8-4afb-83ec-90a71af253de,29FCYXXnnYCAzPjwXKo9BhuQCV92PNUkhWUoWGGzpump,2026-08-21T05:21:37.861653+00:00,2026-08-21T05:31:59.320863+00:00,1.1260441487709191e-07,1.128100933026478e-07,9.1328e-05,time_stop,1,2.046079768880208,10119.530729908642,2430.118520979693,21,5,26,1.010150208414593,2705.159566830458,,100.0,,,,,,,,,,,,,,,,,,,,
2026-08-21,de70b1d6-1111-44f7-bea3-dac430a701dd,91R4m2osMWFWJJqL8wAHH6cFFYLAbEyeEk4HQ7n9gZEn,2026-08-21T05:31:58.315505+00:00,2026-08-21T05:32:29.803518+00:00,6.714978970950342e-07,6.177780653274315e-07,-0.004,hard_stop,0,1.3913878540039062,43365.89354302709,7172.714089136848,222,271,493,1.317625334068204,956.3212395063545,,94.6005317620568,1787290320000,122.488,69990.6471957967,14.361102905,83.1,69.6,949,14382.0,1.194,83.9,0,mcap,-9.64,-4.14,hard_stop,6.177780653274315e-07,0,0,live_lower,1
2026-08-21,bcfb326b-fe5f-4be6-a3e5-01f6829dc095,4jX36reX3iSATdNWpNmpu8CxSAu7bdjp4cy1XTYVpump,2026-08-21T05:32:52.752087+00:00,2026-08-21T05:33:00.123660+00:00,1.0704906398923225e-07,9.848513887009368e-08,-0.004,hard_stop,0,2.015290242513021,9885.255455835448,17871.735190429106,308,216,524,1.3494301691624624,5486.424096329926,,83.132448787052,1787290375000,122.498,7236.781487200315,26.723920861,118.19,100.25,578,20573.0,1.179,83.6,1,,39.31,38.77,hard_stop,9.848513887009368e-08,0,1,live_higher,1
2026-08-21,d5792c86-cea1-4d3b-af5b-8a772b98f3a7,8cRfE6sF64GNs2inzM7oFJNfr369EJWhjhrCDQJZSu5F,2026-08-21T05:23:20.470162+00:00,2026-08-21T05:33:29.338220+00:00,1.2763731611162793e-07,1.2763731611162793e-07,0.0,time_stop,0,1.490630782063802,13093.704004433275,25147.20277053462,418,195,613,1.2082616445991052,10013.929374889081,,92.31893272623739,,,,,,,,,,,,,,,,,,,,
2026-08-21,9b69b2d9-cea0-4156-8283-b7cc197f1a01,DX2aSC7C5xCYD3prXNnZyFgyHp2WeEG4Mg8EQRQ3zzjJ,2026-08-21T05:32:12.722707+00:00,2026-08-21T05:33:29.799404+00:00,4.7430808099214545e-07,4.3636343451277383e-07,-0.004,hard_stop,0,1.9528639485677084,41621.0859242169,9271.200283726253,311,424,735,1.2244624213546136,935.7783007830113,,95.86803859326268,1787290340000,128.673,47328.25298619866,11.000558576,58.39,47.27,771,9951.0,1.235,84.7,1,,-5.62,-5.42,trailing_stop,4.924791667708079e-07,1,1,live_lower,0
2026-08-21,603cf78d-4e0e-4d88-bcba-6c21837d5408,8dnjKJibLGc1SMER6kdWzQLy3rLaQ6hW1gWKdXFUJzcQ,2026-08-21T05:33:18.408050+00:00,2026-08-21T05:35:19.676019+00:00,1.0994472658976902e-07,1.1041677992577821e-07,0.000214678,trailing_stop,1,1.7435964965820312,10786.798474422558,20942.070790168727,332,85,417,1.1535589433877669,9120.377408650214,,99.8718912455008,1787290400000,123.386,10173.86304134006,96.114805683,129.44,118.31,455,23333.0,1.094,81.9,1,,1.78,1.78,no_exit_within_window,,0,1,live_higher,
2026-08-21,61e7b95d-e9e8-4813-a38b-23507912621b,4JgF54x6PGGfLJM6rnSUftmniwy3fW7r92NKG8NBNhHn,2026-08-21T05:34:25.237220+00:00,2026-08-21T05:35:49.684384+00:00,7.242032666033938e-07,6.662670052751224e-07,-0.004,hard_stop,0,1.0544268310546876,43127.776888360386,4077.138353270592,130,139,269,1.6358162681392472,908.5639424012112,,95.1798107299394,1787290465000,121.019,64463.05659933702,14.527301296,70.6,57.67,795,12080.0,1.224,84.5,0,mcap,5.81,6.68,hard_stop,6.662670052751224e-07,0,0,live_higher,1
2026-08-21,661ab5d2-71ae-4612-bb8b-19b1f57ac082,9HLhhbN4uAEmFyw8xrszyGQ9PptWh5LZNQmzN6rrpump,2026-08-21T05:37:44.855689+00:00,2026-08-21T05:37:49.912862+00:00,5.375965051380342e-07,4.945887847269914e-07,-0.004,hard_stop,0,1.1666871012369793,38597.01051949071,8025.155254455691,67,12,79,89.1869229082616,9499.844303272916,,88.9675171306813,1787290665000,120.982,37900.62535728234,71.659626947,93.47,57.78,227,14245.0,1.618,92.4,1,,33.59,51.76,hard_stop,4.945887847269914e-07,0,1,live_higher,1
2026-08-21,d45bb934-9fe0-4186-9b7c-c8397574f3bf,BdeJJ2Skx22TCdGDaZcXim1rvkTFhCshizTrUh4qmoon,2026-08-21T05:28:50.675367+00:00,2026-08-21T05:39:19.453519+00:00,3.5619345532983347e-07,3.5663844480900944e-07,6.2465e-05,time_stop,1,1.5313613240559896,31887.47440250451,7869.559538982633,28,2,30,76.6312140786078,7666.734775360799,,99.9269896914945,1787290130000,120.52,3008808.729353887,7677.101305,317.59,100.89,32,39413.0,3.148,77.9,0,mcap,-98.89,-98.89,take_profit,8.904836383245837e-07,1,0,live_lower,1
2026-08-21,745baa6f-5521-4cfe-aa52-8252de6af81f,D6tVGuFDCEKGMMVjeZFCg5K1shgUdNzTd4FU3w3opump,2026-08-21T05:29:02.279672+00:00,2026-08-21T05:39:19.623519+00:00,1.0623433784457103e-07,1.0588526849489752e-07,-0.000164292,time_stop,0,1.5317436279296874,9524.069050419876,3981.0384633903227,16,10,26,1.0058097290380759,2700.4796728914475,,100.0,1787290075000,54.169,20035.902557580852,0.12575825,19.34,22.14,25,3907.0,0.873,74.2,0,pool,-0.13,-0.09,no_exit_within_window,,0,0,live_lower,
2026-08-21,05ba9306-7efb-4f1b-b865-65468f492189,7JHNqz5dsMZUKzFAMT71UjvQSLbMtHoWAnNbdA6Mpump,2026-08-21T05:39:41.245636+00:00,2026-08-21T05:41:19.904486+00:00,2.54786347709533e-07,2.3440343989277036e-07,-0.004,hard_stop,0,2.025049735514323,22921.708765401385,6663.435080360642,67,10,77,9.72085888858354,8362.312054354705,,97.3651811011259,1787290780000,119.31,23683.12011296151,60.165713726,33.35,7.36,78,3834.0,4.534,96.5,1,,1.32,1.43,hard_stop,2.3440343989277036e-07,0,1,live_higher,1
2026-08-21,180513e6-1df8-4483-b5c7-52827d1c056f,3w9fmLeLpPLrDDgcJ3DocxG7jMAqQXDEVR2mmPyS8Nuc,2026-08-21T05:40:41.138472+00:00,2026-08-21T05:42:19.777824+00:00,9.5632226382007e-08,1.1011893203226911e-07,0.007574176,trailing_stop,1,1.85214501953125,9159.63338904425,20579.19533621541,480,252,732,1.0773095858885378,8400.3853950067,,99.7599965064507,1787290840000,119.994,8920.147935663574,91.235513898,153.56,148.46,955,28444.0,1.034,80.7,1,,0.97,0.43,trailing_stop,1.262634774828687e-07,1,1,live_higher,1
2026-08-21,be06f9ad-cdcf-46c3-97f9-cc742c6ef8e6,2Jf4ytXydCrbatT1CEasrweCHtqf1CMCNSMo4P8Qpump,2026-08-21T05:42:32.546590+00:00,2026-08-21T05:43:50.002187+00:00,8.152624127671715e-08,9.588812023137695e-08,0.008808133,trailing_stop,1,1.7106480997721354,7114.422643599603,1399.9437775262616,19,3,22,1.3149069952672043,1923.929050363964,,55.9552664305496,1787290975000,143.774,8044.79357386322,22.224509202,2.97,0.02,23,282.0,2.97,76.8,0,volume,-4.56,-6.84,trailing_stop,8.371095458044123e-08,1,0,live_lower,1
2026-08-21,73b9399b-c58f-4cb8-b145-481157dd4ea7,6538R5SffYthLG89EGK2hEmcoDCGRWQQyRhCYYTW3ufd,2026-08-21T05:36:23.141722+00:00,2026-08-21T05:44:49.392533+00:00,1.0773127962465094e-07,1.7187123495752947e-07,0.029768492,trailing_stop,1,1.7369010335286459,9410.913296164545,5862.62125254342,114,42,156,1.3525796213018517,8450.970377851982,,96.6620806915226,1787290585000,122.559,9958.373760049502,95.349403108,48.85,38.36,219,8213.0,1.273,85.5,1,,1.89,1.89,time_stop,2.008236466874285e-07,1,1,live_higher,1
2026-08-21,4b91c717-8ec2-423c-ba46-d24f21b02e85,CHFd6Z9tBGY75XbGUwJB5ua9qkiXcVCFP18Vy4X3pump,2026-08-21T05:44:02.927470+00:00,2026-08-21T05:44:50.267340+00:00,5.9332968493910056e-08,6.870925412064812e-08,0.007901413,trailing_stop,1,1.8689627522786458,5610.736329770247,10459.473678576422,149,102,251,1.2926104551598607,4036.3745611702698,,93.8433652493011,1787291045000,122.266,5924.2795668388,14.998591308,61.49,52.41,276,10727.0,1.173,83.5,1,,-5.68,-6.42,trailing_stop,6.164572069974542e-08,1,1,live_lower,1
2026-08-21,d31ca53a-4b9f-4c63-90f0-65b1404cdc7e,7Z3D9R9bQoXie4ytivXMGTn5fyju6XidDkX9PND2VG4V,2026-08-21T05:45:41.208974+00:00,2026-08-21T05:46:25.096094+00:00,4.037435949662265e-07,8.205883031453418e-07,0.051622455,trailing_stop,1,1.8587907592773438,43721.35652412132,9498.245824109712,340,417,757,1.2320255860775746,988.1322823936546,,96.1170984557615,1787291140000,121.096,37751.31398191801,9.909829056,64.2,54.24,907,11154.0,1.184,83.7,1,,0.72,0.93,trailing_stop,7.933012337854413e-07,1,1,live_higher,1
2026-08-21,bd256dfb-1f36-40c1-8b6f-146297b40a94,FMVNVxZbBBQEDeE2V1W3kJFBbP1rzdTY6hPNuUMNpump,2026-08-21T05:46:58.182479+00:00,2026-08-21T05:47:50.108777+00:00,1.3320346199324988e-07,1.464528919203222e-07,0.00497338,trailing_stop,1,2.0196552775065104,12018.106112489426,3857.378055975273,60,6,66,10.728886621528746,5901.924318105139,,98.90387525573941,1787291220000,122.788,12576.9395410363,35.564481651,39.16,3.7,68,4037.0,10.588,97.1,1,,-0.25,-2.63,trailing_stop,1.4475926895428693e-07,1,1,live_lower,1
2026-08-21,dd0aff36-3e68-4614-acb6-4de05f7f5b5d,E4tNphuXzm5zXD3kyzfKdYHjFM9tadTCBcGyiE8tJ3Eu,2026-08-21T05:48:06.263732+00:00,2026-08-21T05:48:34.912933+00:00,4.036544188066293e-07,3.7136206530209894e-07,-0.004,hard_stop,0,1.9089112955729166,42282.43383686887,10554.41020947546,352,425,777,1.195819981768699,949.9780335380483,,95.49304887138629,1787291285000,119.939,45181.991758615666,10.889396239,75.85,65.02,919,13268.0,1.167,83.3,1,,-15.86,-15.6,trailing_stop,4.7014601745002497e-07,1,1,live_lower,0
2026-08-21,70422bce-3527-4cb1-8379-182c5142320e,Buc15NKkghMaFjQZUhxqkwHWziNPJ1sDRsyoed8j9LP7,2026-08-21T05:39:03.570136+00:00,2026-08-21T05:49:04.386498+00:00,4.828435948304781e-07,4.828435948304781e-07,0.0,time_stop,0,2.0295798502604168,40307.84133169843,9902.855939408397,389,492,881,1.2025000449334817,910.681082687956,,95.7487096427776,1787290745000,122.704,35067.77645295944,9.259717901,63.99,54.97,965,11204.0,1.164,83.3,1,,29.68,34.22,hard_stop,4.442161072440399e-07,0,1,live_higher,1
2026-08-21,ec45fbe6-1609-48a6-b6b0-e3a313931541,Gt8H1untLQ7EwgBTTRpbUopzMBF6wtPr2rZunC5tpump,2026-08-21T05:48:52.854357+00:00,2026-08-21T05:49:05.087337+00:00,5.953840032863698e-08,5.4775328302346026e-08,-0.004,hard_stop,0,1.9357047729492187,5381.969047741884,3849.2914033896677,63,29,92,1.9610064147792425,3959.8457634666975,,99.7096409072828,1787291335000,122.787,5018.017503801535,11.414004978,26.04,16.88,95,4042.0,1.543,88.0,0,mcap,11.74,11.69,hard_stop,5.4775328302346026e-08,0,0,live_higher,1
2026-08-21,85160322-9a1e-43d6-9159-0a547840d685,C7tJ5PAFnq1V3jr6F9ot4u238JRsPq7DzGzmPc3npump,2026-08-21T05:39:06.161282+00:00,2026-08-21T05:49:34.370782+00:00,5.70088119925655e-08,5.66330546236762e-08,-0.000329561,time_stop,0,2.024413749186198,5123.9228229580585,801.1425727282419,7,2,9,1.0000000006718333,2691.32227370799,,100.0,,,,,,,,,,,,,,,,,,,,
2026-08-21,f83b673d-96d8-4236-9cee-8153aee38b8b,3R42zEghqULGHDXpnt1dGrwe2eh3y4pE98jZbCYws3TX,2026-08-21T05:49:15.087119+00:00,2026-08-21T05:50:34.961482+00:00,1.5390823789415772e-07,1.716803685261971e-07,0.005773613,trailing_stop,1,1.8442971435546875,12344.807075965766,34082.198704777475,551,260,811,1.132374619752111,9789.796639841561,,89.23733815567489,1787291355000,120.472,15069.886595628634,118.706675871,260.71,228.4,1049,46064.0,1.141,82.8,1,,-3.81,-5.72,trailing_stop,1.7540760858085868e-07,1,1,live_lower,1
2026-08-21,e947e30d-a0e4-4e2d-a925-f4d53ff95512,51np46m1K1SjpxxcB3mfDPdepu9T1pjnzwBj7dHPpump,2026-08-21T05:41:23.733593+00:00,2026-08-21T05:51:34.483162+00:00,5.7009054483080064e-08,5.494537258037862e-08,-0.00180996,time_stop,0,1.7916369873046876,5125.196140741255,620.2316306713928,8,8,16,1.0000000002897407,2695.7463135001635,,100.0,1787290990000,228.385,10411.774731080579,0.049382716,2.52,3.45,16,563.0,0.731,53.8,0,pool,3.14,2.96,no_exit_within_window,,0,0,live_higher,
2026-08-21,45a15854-a027-40e4-af2d-4a817db1d2b7,8jMAJhGFzmCrf4u36fFytWisRBN4u1hRB7cDQ8W36FqH,2026-08-21T05:51:02.837064+00:00,2026-08-21T05:51:34.978520+00:00,6.968847880305752e-08,6.411340049881292e-08,-0.004,hard_stop,0,2.016810693359375,5723.818238807553,7294.025705886284,137,100,237,1.296611332898399,4688.2898476359405,,99.9068436213495,1787291465000,123.121,5963.979549771997,51.894646433,48.34,37.9,259,8122.0,1.275,85.5,1,,10.05,10.05,hard_stop,6.411340049881292e-08,0,1,live_higher,1
2026-08-21,5e36a42a-4362-4040-bcdb-8c02fa891d51,CtvJrH482LnTqpzRWc2gsYWWD8pqha8vMHvbDztGp7gu,2026-08-21T05:45:00.682477+00:00,2026-08-21T05:55:04.350301+00:00,1.1200014242155736e-07,1.1200014242155736e-07,0.0,time_stop,0,1.698816796875,10165.765195611943,23682.000174125686,415,252,667,1.1034790974093789,8808.955677623337,,95.6872068453248,1787291100000,119.64,10386.652382784454,98.249438947,175.3,163.05,883,31866.0,1.075,81.5,1,,1.56,0.97,no_exit_within_window,,0,1,live_higher,
2026-08-21,cf0f076b-ccc8-4334-b30c-405cf0f0554d,5NfV2sy8DqXamLvYEE4LcTWzGqZc5Emv4bqqhVDWpump,2026-08-21T05:54:35.176938+00:00,2026-08-21T05:55:34.974495+00:00,6.844206311140489e-08,6.29666980624925e-08,-0.004,hard_stop,0,2.023115995279948,6205.454016281715,21480.16887984299,269,170,439,1.1542046408344626,4246.461983609088,,94.5741816926637,1787291675000,120.886,7118.9676451741525,22.081441275,127.49,113.16,459,22665.0,1.127,82.5,1,,-9.45,-8.2,trailing_stop,7.407717447728466e-08,1,1,live_lower,0
2026-08-21,35dd3632-bb3a-47ef-bb52-dfc94ded6cf3,GVWtecykPwL8Z4Wmg4CqUxqU9ivAmYe8DqrBaBEdpump,2026-08-21T05:55:46.884008+00:00,2026-08-21T05:56:04.918626+00:00,6.596338844652516e-08,6.068631737080314e-08,-0.004,hard_stop,0,2.0194449462890627,6083.302307663882,21534.270445416216,284,173,457,1.1503238210178977,4218.538007078171,,91.34604865051031,1787291745000,120.342,7162.78067405288,19.964450924,130.85,114.37,475,23095.0,1.144,82.9,1,,-13.27,-12.6,hard_stop,6.068631737080314e-08,0,1,live_lower,1
2026-08-21,b33ceb08-0137-461d-9b4e-ad1fd27f8836,3pyLbkrGgwghbnqUupXeGmwaVzh7xpeJsA1boPxrrPJ3,2026-08-21T05:55:48.562602+00:00,2026-08-21T05:56:05.116437+00:00,7.080087514554897e-07,6.513680513390505e-07,-0.004,hard_stop,0,1.330005342610677,41574.406444525106,8413.321444113577,263,315,578,1.2516243667029228,954.0674577429162,,94.8282597500688,1787291750000,124.175,54901.64319411459,12.427053079,84.8,72.81,1034,14844.0,1.165,83.3,0,mcap,21.45,22.58,hard_stop,6.513680513390505e-07,0,0,live_higher,1
2026-08-21,d2279f06-c220-4683-acdb-57d326e8d551,HuLexvkJ4uByV52CSUEzqEFoodCGTnquY6jgeki8ebkk,2026-08-21T05:54:06.511747+00:00,2026-08-21T05:57:29.700203+00:00,4.4560292086366494e-07,5.545760766695831e-07,0.012227608,trailing_stop,1,2.0279611450195314,39481.73145863051,19364.6281690281,177,105,282,1.9096191169633705,7405.920567378835,,98.1020170302716,1787291645000,119.736,41406.903010338116,83.456114965,145.66,78.77,303,21137.0,1.849,97.0,1,,1.35,-0.46,trailing_stop,5.53405193589575e-07,1,1,live_higher,1
2026-08-21,80083b49-6dab-41e5-8504-289c58118a07,A3g7VbCqCzgYazgpus1kiV5YeAoJRiAX2U1qF5yymoon,2026-08-21T05:49:07.445628+00:00,2026-08-21T05:59:09.413215+00:00,3.528970816910627e-07,3.618691842261376e-07,0.001271207,time_stop,1,1.9776304768880208,31936.005287831027,7675.684371379072,28,0,28,7675.684371379072,7675.70693066573,,99.917437398505,1787291350000,123.376,3010898.149447426,7681.51097,230.11,0.0,28,21672.0,230.111,74.3,0,mcap;buy_sell,-98.9,-98.9,take_profit,8.822427042276568e-07,1,0,live_lower,1
2026-08-21,08c94e3f-f9a5-4c24-95a5-85fe7cbf6715,HW7bCrCYtMSqEVfsuQZ7TdGKacEB3vUZzp8P2gSvwyYk,2026-08-21T06:00:03.583059+00:00,2026-08-21T06:00:24.925093+00:00,1.2021149834521886e-07,1.1059457847760136e-07,-0.004,hard_stop,0,2.0259628865559898,10252.938943088875,28861.88349463164,469,291,760,1.096413988798222,9017.006480448961,,98.80913958246103,1787292005000,122.7,10878.244758678804,101.171896654,185.15,170.6,869,33504.0,1.085,81.7,1,,4.07,4.07,hard_stop,1.1059457847760136e-07,0,1,live_higher,1
2026-08-21,edafcd16-7b50-440c-8af6-0601a2e46ba4,AgpG8mRVLEc1fLY41ZkpA51TorpmzBXt5RDi62kE6c1H,2026-08-21T06:00:20.800848+00:00,2026-08-21T06:00:34.939679+00:00,2.9735090020964593e-07,4.325534364983424e-07,0.022734509,trailing_stop,1,2.024892590332031,34105.489553026564,8570.054821519992,267,316,583,1.2074077261471745,804.2411967901346,,95.9111473755701,1787292020000,120.221,32105.39090976168,8.766428147,57.02,48.58,644,9946.0,1.174,83.5,1,,-12.77,-7.52,take_profit,7.433772505241148e-07,1,1,live_lower,1
2026-08-21,50f0e0c9-669c-4762-9a3c-e81dbb4bc3bd,2i6gotrFz6R7wnczVs16zRRCHvev5ZkTkGBP4xtHohCs,2026-08-21T05:51:14.422840+00:00,2026-08-21T06:01:19.421274+00:00,1.1167188857651123e-07,1.1254554251490318e-07,0.00039117,time_stop,1,2.0281559407552083,10106.697773868696,23396.61317792966,420,254,674,1.1029331418746733,8844.706228678522,,94.70582294650438,1787291475000,121.736,10538.142382510488,97.896750153,138.65,125.79,691,24905.0,1.102,82.0,1,,-0.2,1.14,time_stop,1.1406519832142758e-07,1,1,live_lower,1
2026-08-21,231aa6bb-90e7-4f20-a4c5-728077e95e32,3NRVHbgjzCtfSCUEJHqZ2tB4bW2XXH3MJ7Qz3khhEfiu,2026-08-21T06:00:50.476764+00:00,2026-08-21T06:01:19.937465+00:00,3.64892901273664e-07,3.357014691717709e-07,-0.004,hard_stop,0,2.02797978515625,24419.374556509323,10702.237549486617,273,378,651,1.1022770506263735,601.3597592448207,,96.03027330192161,1787292050000,121.523,36888.87064147328,7.589986962,70.14,62.4,726,12483.0,1.124,82.5,1,,-6.84,-12.43,trailing_stop,3.838510642242919e-07,1,1,live_lower,0
2026-08-21,b33cba6e-3c61-427b-a07f-8175853c28e4,5oes9GhCaVgyDYedsJt4CS675bfk9W3nk9L41kfAELPM,2026-08-21T06:01:34.158670+00:00,2026-08-21T06:01:54.810771+00:00,5.793831634250279e-07,5.330325103510257e-07,-0.004,hard_stop,0,1.588161201985677,42141.07819174921,9514.09237294881,299,358,657,1.2210486263560465,945.9877248338867,,94.6921487962284,1787292095000,121.967,56414.963128029165,13.040903508,81.89,69.73,980,14279.0,1.174,83.5,0,mcap,-3.28,-5.5,hard_stop,5.330325103510257e-07,0,0,live_lower,1
2026-08-21,00f2ea6f-cf93-476f-8268-551d2ea97224,g9erp6LsDV6wi6zrakSyRjJukerg8XvjcmNpnJvv7DB,2026-08-21T06:02:06.821658+00:00,2026-08-21T06:03:24.781350+00:00,6.707468039171741e-07,8.661339203897899e-07,0.014564894,trailing_stop,1,1.9173677693684896,41600.55799199057,9168.638534311085,351,432,783,1.2272642835635306,951.2676338497128,,96.1223377436079,1787292125000,118.795,42439.859430546785,14.031653808,62.43,51.89,883,10767.0,1.203,84.1,1,,48.85,49.42,hard_stop,6.170870596038002e-07,0,1,live_higher,0
2026-08-21,06ba6450-ea07-4e3a-b3af-7a36dcb213f7,6XWXwLoT27rM5XNssMDd1sAzx3TBuHbPiqUfRCAUpump,2026-08-21T06:03:51.773618+00:00,2026-08-21T06:04:54.889231+00:00,7.709502082484885e-07,8.286736545142806e-07,0.003743656,trailing_stop,1,0.1279456258138021,34075.29551872918,7244.73443920199,15,0,15,7244.73443920199,9954.52390194807,,73.36551710586625,1787292230000,96.349,74516.62274333584,105.526038789,350.42,232.76,444,54924.0,1.506,90.1,0,mcap,-2.56,-3.78,hard_stop,7.092741915886094e-07,0,0,live_lower,0
2026-08-21,341f2df9-681d-490f-961d-851d021a19cb,2pmp3d3Roy1nJ75CiLWrm4a3cpUh63iPy8ndPDcN1Frb,2026-08-21T05:57:02.253387+00:00,2026-08-21T06:07:24.433784+00:00,4.2020736978906796e-07,4.2020736978906796e-07,0.0,time_stop,0,2.0237998982747394,34258.2421954256,10592.245849290912,317,427,744,1.1676376095627423,823.4812102129486,,95.77098195759639,1787291820000,118.869,38375.19910919943,10.802813459,68.39,58.75,806,11975.0,1.164,83.3,1,,3.13,1.04,hard_stop,3.8659078020594255e-07,0,1,live_higher,1
2026-08-21,ff5fe17e-0a95-4211-aa96-20bed7d5b09d,3SKwcdikFmSYqwF9gVdk39BHT65kBMRbhwDFMnPApump,2026-08-21T06:04:09.281489+00:00,2026-08-21T06:07:24.788064+00:00,7.427693235841458e-08,7.900051736840184e-08,0.003179712,trailing_stop,1,2.0267405232747397,6753.67270213138,4687.362679277363,60,30,90,2.2111165461687934,4483.185923790101,,98.8750585528379,1787292250000,122.089,7180.508154875397,19.540311775,32.27,16.19,90,4564.0,1.994,98.6,1,,-2.58,-4.49,trailing_stop,7.548835954771302e-08,1,1,live_lower,1
2026-08-21,fc022ffe-2785-4080-bd7d-b1313f59b0fa,J8Z9cCfWnr3NmRdLirPoMXvh8sNcJyyxZ2x1yj4b35wo,2026-08-21T05:57:28.223220+00:00,2026-08-21T06:07:54.430408+00:00,4.91782350228844e-07,7.477348917145517e-07,0.026022949,time_stop,1,2.0185992146809895,44541.563274879736,1088.2660706780982,27,12,39,22.926254838467756,997.082556192787,,99.8553177265393,1787291850000,123.321,46242.998465773024,10.717037175,11.64,0.92,42,1183.0,11.643,73.9,1,,0.16,-0.01,time_stop,7.438802356961318e-07,1,1,live_higher,1
2026-08-21,6dd49bce-dd3b-4588-8441-3cf3085f7f7e,2uwaR5ocxdRz9JRLTdfvNYxvVA8Xs2f3AAP51n4FvDv3,2026-08-21T06:05:28.187502+00:00,2026-08-21T06:07:54.613370+00:00,1.1197978508740757e-07,1.167856420097385e-07,0.002145859,trailing_stop,1,2.0206604939778647,9994.436372137932,7796.08622944112,212,78,290,1.3267573818538974,8764.96111941048,,98.55015930956591,1787292330000,122.921,10996.738654022238,99.685049311,56.97,42.17,338,9337.0,1.351,87.0,1,,-4.1,-3.76,trailing_stop,1.1442773286198548e-07,1,1,live_lower,1
2026-08-21,839189f6-7ce6-44d4-bb1b-1ef39f5217ee,H8hg19wmSoKpJMbrgocKi5DiBPCdsw4cCySs8UPE1kse,2026-08-21T06:06:00.922469+00:00,2026-08-21T06:08:24.406035+00:00,1.2155583437340475e-07,1.3627234912470666e-07,0.006053397,trailing_stop,1,2.0178121785481773,10645.431014875698,58932.409247886055,837,323,1160,1.0474726123143827,9193.708600315102,,96.60728013324274,1787292360000,119.419,11441.340104039062,105.524915815,375.01,357.46,1301,68984.0,1.049,81.0,1,,0.06,0.06,trailing_stop,1.3052460170413716e-07,1,1,live_higher,1
2026-08-21,6abdbc4b-6c44-4d4a-a205-d3cb385bc0e0,8x5jxEYfsCVYiFrfP124uv7ZZXudNnq7ctjjC8Gepump,2026-08-21T06:10:44.552349+00:00,2026-08-21T06:11:09.703860+00:00,1.4834833466487692e-07,1.3648046789168677e-07,-0.004,hard_stop,0,2.0131869140625,12882.992367958313,22111.980847929986,287,227,514,1.3643825262835805,6151.252901217584,,77.0842272095937,1787292645000,121.165,14845.41966999033,41.339373438,147.63,109.39,552,24206.0,1.349,87.0,1,,-5.89,-5.69,hard_stop,1.3648046789168677e-07,0,1,live_lower,1
2026-08-21,af783a53-722a-4a73-81ca-250856b56d51,94wtp6BVqrkxzfrXxe2gNXXww64aeFZRYXKabur86iUy,2026-08-21T06:09:51.315716+00:00,2026-08-21T06:11:24.412201+00:00,1.129004230346407e-07,1.0386838919186945e-07,-0.004,hard_stop,0,2.0215960205078125,9723.715429112508,26441.36833277104,453,300,753,1.0760773418629876,8797.507257531188,,97.61794348198792,1787292590000,119.916,10899.392452359503,100.913579449,174.63,160.01,852,31516.0,1.091,81.8,1,,-2.44,-2.44,trailing_stop,1.1341478638723193e-07,1,1,live_lower,0
2026-08-21,8de9cf6b-6787-4fb1-ab9c-f8c1323f56a9,GTsoXyUvyZzvod9dFGTE9eus5HdwqEmDp8rkBRH7pump,2026-08-21T06:12:32.137341+00:00,2026-08-21T06:12:54.787495+00:00,6.059377318756781e-08,5.574627133256239e-08,-0.004,hard_stop,0,2.0215618326822917,5497.051296314908,8493.260849477525,232,141,373,1.363201280711877,4032.1660937010265,,98.9757451690748,1787292750000,118.428,5626.674722235508,15.311240968,53.87,41.02,387,8937.0,1.313,86.3,1,,1.42,0.15,hard_stop,5.574627133256239e-08,0,1,live_higher,1
2026-08-21,8de1719a-f527-468f-9c9b-35b857c62276,ADdrRii3DnyqzynBzg3Z3x9XzyiH8NU3HDCcdNnyu3Sg,2026-08-21T06:10:10.924789+00:00,2026-08-21T06:13:54.413487+00:00,1.4411482900063724e-07,1.3258564268058625e-07,-0.004,hard_stop,0,2.019895088704427,14985.636530330505,89681.877577671,475,306,781,1.0721048892892613,10871.836965575947,,99.4012688947533,1787292610000,119.867,14370.295598529447,118.612000769,560.4,530.15,863,102708.0,1.057,81.1,1,,-5.55,-5.55,trailing_stop,1.4953163820937413e-07,1,1,live_lower,0
2026-08-21,1f83ebbf-2823-48c5-826c-89a5d95e5135,13idfYmvMXKX6pjaR6fxQSyg3Ft4UBQuE3HJaqZvpump,2026-08-21T06:12:33.914074+00:00,2026-08-21T06:14:24.618174+00:00,5.773373120120539e-08,5.311503270510896e-08,-0.004,hard_stop,0,2.032332442220052,5369.867496652522,4061.7313129852873,73,31,104,1.8648995397872388,3952.8577455374,,94.7669991287776,1787292750000,117.829,5328.227511453227,12.756486878,28.58,16.46,105,4242.0,1.736,92.5,1,,2.05,0.99,hard_stop,5.311503270510896e-08,0,1,live_higher,1
2026-08-21,3b10c43a-d341-4367-a35d-418d9b401afa,D2a2nkwGmVh6GMaDLBtW8CWe13Edf2PHhZWpsXJnKFfD,2026-08-21T06:13:38.681746+00:00,2026-08-21T06:14:24.797806+00:00,1.210211294446463e-07,1.2293279986542695e-07,0.000789809,trailing_stop,1,1.9136871907552084,10860.484248346447,25736.359268718585,283,289,572,1.120455285865837,9182.678699611246,,95.55501851639367,1787292820000,121.746,11673.380596309797,105.765250056,185.35,167.23,686,33206.0,1.108,82.2,1,,-2.36,-2.96,trailing_stop,1.2146860238844433e-07,1,1,live_lower,1
2026-08-21,09937596-1409-4048-8d04-84bfff330713,CBdR2CdsxAvamKWWzSh9tCBGKwb8MBAU8SqDB3mcpump,2026-08-21T06:15:35.085881+00:00,2026-08-21T06:15:54.870674+00:00,7.073580103129483e-08,6.507693694879125e-08,-0.004,hard_stop,0,2.0213961832682292,5144.077689109607,18495.24262750375,250,159,409,1.1315900919437334,4248.589700750228,,90.530181695439,1787292935000,121.072,6365.5849844485765,18.525390994,112.78,101.13,436,20146.0,1.115,82.3,1,,4.65,5.39,hard_stop,6.507693694879125e-08,0,1,live_higher,1
2026-08-21,3600a53a-27aa-4bdb-a0b8-7289a483f533,CRARL8p94PKayTpfQKZdvRKfsrht7QJVhfm1oW4prXzv,2026-08-21T06:14:19.339907+00:00,2026-08-21T06:16:24.600423+00:00,4.331162626519491e-07,1.0532263908843455e-06,0.071587029,trailing_stop,1,1.6088973795572916,37615.739239348535,8206.82859172768,259,314,573,1.2391503099655174,875.8323612407922,,95.5304821322455,1787292860000,122.283,44617.891610308565,10.710880292,75.11,64.38,884,13137.0,1.167,83.3,1,,-8.58,-8.04,take_profit,1.0827906566298728e-06,1,1,live_lower,1
2026-08-21,fb567097-e368-46a9-91b1-cd985988a9b0,GPRsiA8ocy6u97e6wo985pFYxNnGPnDAYXetMdq6doQN,2026-08-21T06:14:51.072073+00:00,2026-08-21T06:16:54.644434+00:00,9.771031206974915e-08,1.1116031651746969e-07,0.006882592,trailing_stop,1,1.770242626953125,8780.972665252266,20197.399888847634,481,245,726,1.0568084217995128,8269.33350502537,,99.9676932249479,1787292890000,120.262,9092.067352327831,92.848406225,159.6,153.61,1002,29498.0,1.039,80.8,1,,1.21,1.21,trailing_stop,1.4097870294413282e-07,1,1,live_higher,1
2026-08-21,2d70b07e-77ff-4c50-a60c-a16c24ce41b3,CD1XQJchxz3hvV3MheafCZpiEX1LEefdCMEGu3Nauwb5,2026-08-21T06:16:41.431596+00:00,2026-08-21T06:16:54.956347+00:00,2.4479681638891355e-06,2.2521307107780047e-06,-0.004,hard_stop,0,1.0827851684570313,43166.13285265154,5463.798125804197,161,235,396,1.4460566413192824,995.7023112964382,,94.6079404509827,1787293000000,119.989,152717.42001103624,24.361434232,96.99,77.12,909,16397.0,1.258,85.2,0,mcap,50.96,53.18,hard_stop,2.2521307107780047e-06,0,0,live_higher,1
2026-08-21,6b99510a-da95-470e-8abe-b6b69e39e63a,DzrGNBwxhu9LoWreVxYbBDE77Jg286yKBzev8AYc7kJ7,2026-08-21T06:17:14.180662+00:00,2026-08-21T06:17:54.725422+00:00,3.0697236377557195e-07,7.674309094389299e-07,0.075,take_profit,1,1.0663758707682292,42933.02756233988,4189.344948874373,116,145,261,1.5896863560849608,953.8006527369625,,95.26270042510849,1787293035000,121.975,44718.19807022393,13.308886583,64.3,53.52,757,11096.0,1.201,84.0,1,,-35.35,-35.92,take_profit,7.674309094389299e-07,1,1,live_lower,1
2026-08-21,b505205a-850c-428d-bdf7-04776cf012f9,yCoAYHQyU4DmjcHuQc7zMY5Kj2G9cuM6jDXj4oX9fGA,2026-08-21T06:16:39.859188+00:00,2026-08-21T06:18:54.676461+00:00,3.9115745982720265e-07,4.5852634343666125e-07,0.008611479,trailing_stop,1,2.017876200358073,34975.31842944437,2016.3680590566476,205,59,264,2.5387265033415307,876.1146723010576,,99.9987508359733,1787293000000,121.348,39117.545683213604,10.180156326,8.11,6.44,287,1371.0,1.26,65.3,1,,-5.82,-5.82,trailing_stop,4.627709531455208e-07,1,1,live_lower,1
2026-08-21,fdf975f0-4d46-47f2-962e-fa163c72fd0d,C6U8w6fW1vVcspfTZZpZaacFaDp9UekBWDYFcohghfeE,2026-08-21T06:17:57.912571+00:00,2026-08-21T06:18:54.865472+00:00,3.077476731875436e-07,2.8312785933254014e-07,-0.004,hard_stop,0,0.9543241048177084,25274.329497520856,2850.160365071503,85,42,127,2.168653003264202,1051.0613940251565,,99.1786129556183,1787293080000,122.946,29319.33380769445,12.199691991,28.94,24.69,313,5051.0,1.172,83.4,1,,-1.14,-1.15,hard_stop,2.8312785933254014e-07,0,1,live_lower,1
2026-08-21,754697fa-09f6-444b-8dc4-030d404ca961,EyRq2gLVDTsvxETPTNipKLTgjvctWWYCYCundvtdpump,2026-08-21T06:18:40.383062+00:00,2026-08-21T06:19:24.688532+00:00,8.927421104752685e-08,8.21322741637247e-08,-0.004,hard_stop,0,1.3342017578125,8210.225842138689,4056.311366891975,69,16,85,3.376098021582598,4924.492307102219,,96.5215332999314,1787293120000,121.679,8642.923158939766,24.351492125,41.99,17.94,139,5644.0,2.341,100.0,1,,-2.72,-3.71,hard_stop,8.21322741637247e-08,0,1,live_lower,1
2026-08-21,8daa066a-972e-4be5-8b92-48d0f8de1973,GA1JU9E561kawUtkY9MstgCXNYHmQWxGpW8K1Wrvb4bz,2026-08-21T06:12:01.450420+00:00,2026-08-21T06:20:24.530684+00:00,1.1579747540991863e-07,1.8563313575335983e-07,0.030154224,trailing_stop,1,2.0273541137695315,10630.848559921444,12046.136330865898,390,106,496,1.25520815308414,8970.71020758478,,95.88112582705037,1787292720000,120.163,10743.331777835896,98.699776601,79.22,64.98,537,13581.0,1.219,84.4,1,,1.51,1.51,trailing_stop,1.6238147329220747e-07,1,1,live_higher,1
2026-08-21,9b3d6c51-bb7c-4f53-a302-16b60dd00f6d,H8yKDhRYrNw15dSMs22WdX17dKWn9kL7wcLYicRvXXpV,2026-08-21T06:20:00.562692+00:00,2026-08-21T06:21:25.069282+00:00,3.7882792649599714e-07,7.768238864967589e-07,0.052529913,trailing_stop,1,0.953195361328125,33002.308422067865,3262.9058103644556,88,108,196,1.6504154669595246,800.6703483803292,,96.1144619794685,1787293200000,119.349,44737.98986412164,10.593526902,73.66,62.91,779,12862.0,1.171,83.4,1,,-20.25,-17.67,take_profit,9.470698162399928e-07,1,1,live_lower,1
2026-08-21,d7f272ff-7069-443c-b8b4-4b482181a35b,FTtpgH7kGRedcaT7S9gYr4Y1DXSem8xNJpMaGVD3MSw1,2026-08-21T06:21:33.336796+00:00,2026-08-21T06:22:34.980150+00:00,5.653117513978583e-07,1.4132793784946459e-06,0.075,take_profit,1,0.83429775390625,44277.590032614266,1653.9237722179942,46,48,94,3.9241937646345852,982.0496802942248,,95.7042439865782,1787293295000,122.253,48079.92407697676,13.75601024,60.97,49.82,747,10434.0,1.224,84.5,1,,10.73,10.29,hard_stop,5.200868112860297e-07,0,1,live_higher,0
2026-08-21,1d4b5a0b-ecab-43f5-82a0-221cb6aaa913,FgHBr7WBtyMzsBhSeFTCbntdMm6CVoQ1hMxeJSTz9f3k,2026-08-21T06:21:44.888748+00:00,2026-08-21T06:22:35.162502+00:00,4.028429978481362e-07,4.4974052544942446e-07,0.00582082,trailing_stop,1,2.019273291015625,34572.03335985339,2111.858075541093,217,68,285,2.4018559328272904,869.7784272667437,,99.9986865593004,1787293305000,121.418,39335.88364931031,10.220959194,8.38,7.04,314,1452.0,1.19,65.3,1,,-3.55,-5.42,trailing_stop,4.383953974066235e-07,1,1,live_lower,1
2026-08-21,14a18991-e4e0-4ce1-be4e-58f8b1079013,3NQcporBGYhuBRF7fX4hiNvDUcgQZSca85bFS65Fpump,2026-08-21T06:22:35.950562+00:00,2026-08-21T06:24:04.986166+00:00,1.8388855103477337e-07,1.691774669519915e-07,-0.004,hard_stop,0,2.0303636759440105,16593.648257298257,33442.04271528629,372,264,636,1.2897702817969134,6950.2369879584985,,70.7567041006487,1787293355000,120.48,14485.987591915387,41.131802848,187.93,170.56,663,33762.0,1.102,82.0,1,,19.55,19.84,hard_stop,1.691774669519915e-07,0,1,live_higher,1
2026-08-21,94a6180e-f160-4e13-a83b-7d7d3783caf2,F2CvEpoSEPoyzxAEnU7YuviwYyn1y4DhAqSpftnkAaaG,2026-08-21T06:24:12.114938+00:00,2026-08-21T06:25:04.920304+00:00,5.069079758243482e-08,5.125875395062606e-08,0.000560216,trailing_stop,1,2.020098128255208,5591.969976300608,18074.77531637982,133,126,259,1.1482864203595318,4467.457466117853,,94.70574721600671,1787293450000,118.621,4441.83862387976,10.407703277,102.72,99.69,274,19063.0,1.03,80.6,0,mcap,7.48,9.16,hard_stop,4.663553377584004e-08,0,0,live_higher,0
2026-08-21,8a4f5999-7b4e-4990-b9bb-68c9b1b8acef,EyD4qwK1X6rTSvVDHCXDZDCMX7rUzgvnuwuuM1upump,2026-08-21T06:24:52.847082+00:00,2026-08-21T06:27:05.005324+00:00,7.40562516932419e-08,8.49032891821945e-08,0.007323512,trailing_stop,1,2.016383976236979,6668.5737099453545,6126.379612727129,99,54,153,1.738286536336385,4358.3306322808385,,95.6368824317232,1787293490000,118.094,7781.849195473991,21.585649354,46.32,24.75,158,6693.0,1.872,97.4,1,,-10.37,-8.0,trailing_stop,8.461187868361504e-08,1,1,live_lower,1
2026-08-21,057a2627-3e95-4952-8188-54b158117779,AhZ661yNivsmPf7m2BLzYtX3KJB6YCChgdL5u5qhpump,2026-08-21T06:27:13.926555+00:00,2026-08-21T06:28:05.108809+00:00,8.879438644302303e-08,8.169083552758119e-08,-0.004,hard_stop,0,2.0190284627278645,7670.299333371228,9212.871176950435,183,100,283,1.5693929079186453,4740.483900957956,,89.7207424411735,1787293635000,121.422,7603.108960604113,23.391326319,61.61,43.38,299,9888.0,1.42,88.4,1,,9.99,8.34,hard_stop,8.169083552758119e-08,0,1,live_higher,1
2026-08-21,abbc7f7c-0e12-4e7d-adb3-b744ca283055,4Ecjqn3Qbkv3eC1mo5iKteaL9tndqkofTnK9L2yBmoon,2026-08-21T06:19:46.140339+00:00,2026-08-21T06:30:04.477317+00:00,3.5394031818314826e-07,3.6239999130802807e-07,0.001195071,time_stop,1,0.846703515625,32068.761947053517,7719.293291971708,25,1,26,865.2733005615736,7701.658664534114,,99.93467214148771,1787293185000,120.238,3024629.334108806,7710.452286,277.05,27.58,31,28690.0,10.045,75.7,0,mcap,-98.9,-98.9,take_profit,8.848507954578707e-07,1,0,live_lower,1
2026-08-21,507dcd53-bb48-43a9-99aa-8191aca289cb,DaCvuh5NfnsuJCneoeix3koYUKt339DUrWaG6eC4pump,2026-08-21T06:19:55.425438+00:00,2026-08-21T06:30:04.619875+00:00,0.0005642202087853213,0.0005642202087853213,0.0,time_stop,0,1.053195361328125,44082.84595246921,35122.93184469206,77,22,99,1.4134314665178551,37291.074682545324,,95.0365622435117,1787293195000,121.137,53465503.721518375,443.056133505,272.18,173.96,131,42018.0,1.565,61.8,0,mcap;vol_mcap,-0.61,-2.33,no_exit_within_window,,0,0,live_lower,
2026-08-21,6b3250a0-922e-4efb-bbfe-65ca5a812e1e,7tNuF81XZNNkfFshRQgCwgRBdDBLZdvfb1LxUy4zJQ31,2026-08-21T06:19:57.995729+00:00,2026-08-21T06:30:04.805133+00:00,4.959481363705887e-07,4.959481363705887e-07,0.0,time_stop,0,1.003195361328125,32071.923903808147,4482.259150809312,152,194,346,1.418042655113463,893.70013759741,,95.94366468280239,1787293200000,122.683,71889.69057875054,13.733833101,65.97,52.28,891,11137.0,1.262,85.2,0,mcap,-35.03,-45.78,trailing_stop,7.480558161730253e-07,1,0,live_lower,0
2026-08-21,56301a48-da6b-453b-a853-1cd08b37b985,D8jDZUUVxw7MJNksYHFUXbBxNk6pFmHmuWxgcmnUpump,2026-08-21T06:28:13.987495+00:00,2026-08-21T06:30:34.735336+00:00,9.678024421701312e-08,1.1879309122781139e-07,0.011372593,trailing_stop,1,2.013362683105469,8614.886292347868,4887.883965186703,104,29,133,2.7995861791597774,5128.007089879708,,97.6132870942902,1787293695000,121.717,9218.836049691638,26.133121196,40.2,14.36,135,5139.0,2.799,100.0,1,,-1.13,-1.26,trailing_stop,1.213848318464554e-07,1,1,live_lower,1
2026-08-21,394950ee-eb51-4919-b3eb-e87f28e6ef1e,BrLXqwNWnWXzVGswThm33pWXSX4FUNe9UpconxCTuMV4,2026-08-21T06:26:00.671976+00:00,2026-08-21T06:31:04.566853+00:00,9.805696382903698e-08,1.0781237353902467e-07,0.004974358,trailing_stop,1,2.0287804443359376,8911.296500183691,4905.9941760767615,171,67,238,1.2873736198281844,8270.858677483651,,99.94296941974403,1787293560000,121.253,9251.026494269301,92.616657871,33.49,26.99,263,5696.0,1.241,84.8,1,,-0.17,-0.17,trailing_stop,1.0759717292466906e-07,1,1,live_lower,1
2026-08-21,279b4371-4a9d-4499-bf6b-960272f93a92,9gsZDtQc1Z8vLkv2eX9kz6jgywkLeXEU9ovNyZkUpump,2026-08-21T06:31:49.615772+00:00,2026-08-21T06:33:04.481489+00:00,1.0592484014229964e-07,1.26872999893891e-07,0.009888219,trailing_stop,1,2.0285797729492185,9542.267469637423,5300.464397509602,63,25,88,2.922912654019597,5295.445024094215,,94.0376009664432,1787293910000,121.692,9943.654179932775,30.055758032,44.95,16.75,94,5811.0,2.683,100.0,1,,0.33,0.97,trailing_stop,1.2342447876659925e-07,1,1,live_higher,1
2026-08-21,f3db4dd8-03b3-4952-b2ab-c447916670bc,FpENLDFtFAqbH9cFt1EwykB4DmmXpDciLRiNBwkdpump,2026-08-21T06:32:23.750382+00:00,2026-08-21T06:33:34.477247+00:00,1.4433180298320768e-07,1.4500865701584306e-07,0.000234478,trailing_stop,1,1.9649756795247395,13019.922771963411,4811.124430735521,65,12,77,6.074355255157983,6147.562389731227,,98.36851700248049,1787293945000,122.198,13936.990042682062,39.018519697,46.69,7.77,83,5128.0,6.011,100.0,1,,-2.47,-2.63,trailing_stop,1.450228311937611e-07,1,1,live_lower,1
2026-08-21,499a75fb-de14-4f7c-a16a-a97197a3f744,bNd5B5qQrBqwGmpoWRjHSTgtUHbNfeZ3Wx8CYjrpump,2026-08-21T06:33:39.316574+00:00,2026-08-21T06:34:34.764775+00:00,5.955664199696709e-08,5.4792110637209725e-08,-0.004,hard_stop,0,1.7747678181966147,5129.406862021406,22735.86953809425,243,192,435,1.1061977993464789,3848.82089010431,,94.61588138830142,1787294020000,122.107,5275.076959631246,13.771300166,119.68,122.22,448,22781.0,0.979,79.6,1,,6.33,7.02,hard_stop,5.4792110637209725e-08,0,1,live_higher,1
2026-08-21,84baef2c-6bc3-40bb-86a4-a60e96224d9d,3p1GkrXeEPskw9TWY5xdHr75AE34gxkP5NGkSyJJpump,2026-08-21T06:33:43.844602+00:00,2026-08-21T06:35:04.737357+00:00,6.435288147365979e-08,6.643432580915212e-08,0.001617211,trailing_stop,1,1.6914344848632812,5817.978904420382,13391.650966147548,180,104,284,1.2324035072508324,4099.980195902782,,89.9455177317459,1787294025000,122.14,6262.88753160498,16.26669234,81.94,68.67,304,14185.0,1.193,83.9,1,,-3.23,-3.43,trailing_stop,6.516914186635038e-08,1,1,live_lower,1
2026-08-21,f10a376e-a43a-45c1-a306-e4b7cc8366fe,6Aq45PS9BvatHhhT6EqDH7ps5qUZ2gNcKHfAMERrcGt9,2026-08-21T06:34:18.537922+00:00,2026-08-21T06:36:04.691365+00:00,1.871076335513107e-07,1.7213902286720584e-07,-0.004,hard_stop,0,2.0281299275716145,16882.290478467734,733.163061018505,10,4,14,183.95720040308274,725.2351397543348,,100.0,1787294070000,132.697,18600.988360730837,8.459961597,0.49,0.07,18,53.0,0.492,55.4,0,volume;vol_mcap;buy_sell,-5.26,-5.1,no_exit_within_window,,0,0,live_lower,
2026-08-21,dcd04348-35f5-49a7-aa4b-b2bd05dc470d,FhQuLtNJHZ4DCorrhFBBbsM3wQmaE5MGwMXrfJuaUege,2026-08-21T06:35:09.742662+00:00,2026-08-21T06:37:04.842245+00:00,5.20569955027423e-07,7.024965404201321e-07,0.017473788,trailing_stop,1,2.0167467692057293,46895.137931678866,101813.95502291611,230,156,386,1.1044380566852243,41270.2069720731,,98.76442714400207,1787294110000,121.1,49525.12307338988,460.230202444,132.62,72.39,253,19307.0,1.832,96.6,1,,-1.01,-1.0,trailing_stop,6.731292868419824e-07,1,1,live_lower,1
2026-08-21,b1f417e0-ddff-4666-a35d-df0c40eaa3e0,AxkdQX6YmoztkUoqzSGwPj9ecmQQ6SPowPq7KCJcpump,2026-08-21T06:37:40.729134+00:00,2026-08-21T06:38:34.918860+00:00,6.377020094954648e-08,5.8668584873582765e-08,-0.004,hard_stop,0,2.0168440185546874,5781.041356147785,10886.061387208167,140,87,227,1.2931353105419017,4100.661575055942,,97.75743763538809,1787294260000,119.97,4824.873772887294,14.283997012,66.19,58.58,235,11752.0,1.13,82.6,0,mcap,24.48,27.22,hard_stop,5.8668584873582765e-08,0,0,live_higher,1
2026-08-21,9fb13c9a-0664-46a2-99e0-6b0be73b75ea,7uHi984PMc4DdNqZxLoJoG14ZwuHQpVMWzLTs4NL3dFb,2026-08-21T06:32:44.216294+00:00,2026-08-21T06:39:04.456105+00:00,1.1072822338681152e-07,1.3015730020180777e-07,0.008773317,trailing_stop,1,1.8093678955078125,9722.290044226433,9500.314794945938,240,86,326,1.2320754758127828,8667.514849185349,,98.42731682662468,1787293965000,121.882,10398.433377471667,97.662686283,72.07,60.02,426,12441.0,1.201,84.0,1,,0.29,-0.88,trailing_stop,1.116543891881908e-07,1,1,live_higher,1
2026-08-21,6e4c5976-11fa-410c-ab6b-e07d50575d4f,7AcjsQ97DcD7Rhi7PdFrQ9ZnCkx2S5HxCCojaZcUbxqW,2026-08-21T06:34:27.127506+00:00,2026-08-21T06:39:34.504984+00:00,4.908307783221302e-07,4.515643160563598e-07,-0.004,hard_stop,0,2.0228500651041665,44209.9291226805,1119.040240714896,28,10,38,13.558333925723703,993.108216882896,,99.8072550911712,1787294065000,118.927,46412.40264522168,10.998657526,11.85,0.84,41,1196.0,11.852,74.0,1,,-0.4,-0.54,hard_stop,4.515643160563598e-07,0,1,live_lower,1
2026-08-21,5f382dc7-02e5-4385-ab86-11a73e0a79bc,DcxbyhYrYddcjnG4e3RqKQTdq6Kqk7WeCWCscpd5xusc,2026-08-21T06:38:28.451134+00:00,2026-08-21T06:40:04.631598+00:00,5.182246778763938e-07,4.767667036462823e-07,-0.004,hard_stop,0,0.8116447062174479,43815.054197371384,2635.1050438026004,76,81,157,2.204751059106879,991.0728695574967,,95.1703841464564,1787294310000,122.653,51870.658903382864,11.548601122,62.17,50.59,816,10620.0,1.229,84.6,0,mcap,-5.91,-5.12,hard_stop,4.767667036462823e-07,0,0,live_lower,1
2026-08-21,2a302735-7cb9-4426-806d-44a96bff3b9f,DYTLQ6L1YVDH3bnh1pb8YmUh7Yv1ULnMFi5ZNcAppump,2026-08-21T06:41:25.834859+00:00,2026-08-21T06:41:34.889545+00:00,7.345589124260643e-08,6.757941994319792e-08,-0.004,hard_stop,0,2.0184651082356773,7233.873243122071,7992.138860847692,156,85,241,1.6533800616861152,4664.194503887745,,88.00966629425099,1787294485000,119.638,6719.623213038937,17.924060354,52.07,37.15,258,8403.0,1.402,88.0,1,,2.95,4.73,hard_stop,6.757941994319792e-08,0,1,live_higher,1
2026-08-21,85088979-33f7-49ba-9e57-9375cbf4245c,CBjUovp1xoK6Pn4Nh18wcYHrL5kZwaLtGj2gtoHGpump,2026-08-21T06:41:19.297809+00:00,2026-08-21T06:42:04.807688+00:00,7.233300536413362e-08,6.654636493500293e-08,-0.004,hard_stop,0,2.024990116373698,5660.9214374444355,4456.588900310653,104,29,133,1.9282825192244886,4450.316446774632,,94.59466719408991,1787294480000,122.221,6810.8291857850045,18.248202697,36.7,18.45,146,5194.0,1.989,99.8,1,,0.02,2.21,hard_stop,6.654636493500293e-08,0,1,live_higher,1
2026-08-21,34bed607-3f4c-4c96-b40b-6ef4a2eaca41,4MhaGS1igGEH9yKod4NWxc3DFc4Unxa1AYDWhGUrEXpo,2026-08-21T06:41:31.394115+00:00,2026-08-21T06:42:14.821014+00:00,3.8259328087986413e-07,4.924406544454806e-07,0.014355633,trailing_stop,1,2.027625179036458,32233.438848944435,12750.142030759014,403,485,888,1.1317207985948468,848.2701186391946,,95.5017193028785,1787294490000,119.993,35488.5041733495,9.761749592,78.82,69.68,941,13985.0,1.131,82.6,1,,1.53,4.27,trailing_stop,5.598232123119466e-07,1,1,live_higher,1
2026-08-21,6037d75b-c3ea-49f7-9566-310f9fe7e855,9BThmdzH1YPYJX3yCorcgE3wjy7BKwAPHT6gNFs14rho,2026-08-21T06:41:46.968364+00:00,2026-08-21T06:42:24.825038+00:00,1.314658111263688e-07,1.209485462362593e-07,-0.004,hard_stop,0,2.019993115234375,11521.748220185147,27226.76449006654,487,293,780,1.1396302143751922,9453.420881743921,,93.92946710610673,1787294505000,118.623,12338.234805654292,106.220776622,172.99,152.02,836,30609.0,1.138,82.8,1,,0.35,0.35,no_exit_within_window,,0,1,live_higher,
2026-08-21,0d18914d-45d5-44d5-b32c-ffe27068c3c4,DcbnMUtzvd4CgKJDBLWDo4LQFmNEwFKTWddqsdaRuNkD,2026-08-21T06:42:06.544056+00:00,2026-08-21T06:42:54.808062+00:00,1.5973584039921602e-07,1.6360662890823732e-07,0.001211622,trailing_stop,1,2.0169989217122395,14408.787222686207,39559.984851756526,682,298,980,1.165938270666786,10561.41482325032,,90.5309695517945,1787294525000,119.663,14960.330525599904,117.561926322,268.0,236.1,1101,47476.0,1.135,82.7,1,,0.56,0.56,trailing_stop,1.7207413533591664e-07,1,1,live_higher,1
2026-08-21,a469605e-532f-4001-af3e-cc8512dffdfd,J1jvH7vMWHXeP6kmqdeFWSzGpwagJFVak8QhbxMMpump,2026-08-21T06:44:19.364691+00:00,2026-08-21T06:45:24.974299+00:00,8.346705675367262e-07,7.678969221337882e-07,-0.004,hard_stop,0,0.3237306599934896,37009.29992915592,7916.547170402826,53,5,58,58.603651405400896,10368.973287427907,,87.10226311883197,1787294660000,109.755,73064.85498793978,107.891510976,259.94,143.29,372,37976.0,1.814,96.3,0,mcap,7.59,7.95,hard_stop,7.678969221337882e-07,0,0,live_higher,1
2026-08-21,6e3f22e3-3cbb-4633-867c-3c6ee05fa747,7m5igAtGFqiVbYcXxAGkgMAbHHV8UB6G59jvUhNjw7mW,2026-08-21T06:35:42.455849+00:00,2026-08-21T06:45:54.524101+00:00,9.375347569930956e-08,9.375347569930956e-08,0.0,time_stop,0,2.0271553263346354,8352.04838223815,26621.517392118774,621,335,956,1.027846786645894,8090.427651536093,,99.83847064606101,1787294140000,119.236,8988.394392723383,91.122083752,159.99,154.52,1045,29620.0,1.035,80.7,1,,-1.77,-1.77,no_exit_within_window,,0,1,live_lower,
2026-08-21,9bf9d0ea-e52a-4d58-9d1b-8294ea501cbc,33uSNYgmtgWjF1JBSjfodBGkFw9X6CKP1KEGry2xpump,2026-08-21T06:44:25.879646+00:00,2026-08-21T06:45:54.831085+00:00,9.53451167710879e-08,1.3519981776424664e-07,0.020900232,trailing_stop,1,2.0194482096354167,8617.016599027347,9444.255236212926,100,65,165,1.4382586236394759,4995.2198499252845,,94.4387406781972,1787294665000,119.719,11480.872367407841,32.642429086,66.6,36.96,170,9754.0,1.802,96.0,1,,-21.79,-21.68,trailing_stop,1.3226573824885204e-07,1,1,live_lower,1
2026-08-21,935b15b5-2a89-4d41-a273-f8d2c1a33b3e,6ZBiGGnw3RVdSWhqHeTP3t87HnZAC2CDQWSb1n171MN2,2026-08-21T06:45:44.054692+00:00,2026-08-21T06:46:24.944010+00:00,1.250083228928155e-07,1.3170793276938639e-07,0.002679666,trailing_stop,1,2.0204140665690105,10706.778260484623,21861.565104876798,412,249,661,1.1402788177360905,9089.541511099354,,96.20945426235605,1787294745000,122.316,12197.33859868248,106.023669543,152.08,131.76,768,26732.0,1.154,83.1,1,,-3.48,-4.04,trailing_stop,1.269207030659953e-07,1,1,live_lower,1
2026-08-21,d18ff762-aa2c-45c1-b4cc-b09b75479047,BqQ2Tz7KJggQ1wcMnuMxwHNbqbwVEPTW6xd69piLpump,2026-08-21T06:46:48.802252+00:00,2026-08-21T06:47:25.138866+00:00,9.817597569445584e-08,1.000748421310571e-07,0.000967073,trailing_stop,1,1.8992606201171875,7937.7252037292155,3303.3809837020526,58,9,67,4.665013689598607,4838.428348764878,,98.84928547998369,1787294810000,122.35,9615.475527600911,27.327965424,33.73,6.5,74,3789.0,5.187,96.4,1,,-3.84,-3.68,trailing_stop,1.0005485259130274e-07,1,1,live_lower,1
2026-08-21,bbab3dde-a3e8-4dca-8df1-26bc5f38e522,9v44ybLaGAje3c5STXzSxZmbWQftwPXPZEQ8aNm6moon,2026-08-21T06:41:13.668257+00:00,2026-08-21T06:51:24.578856+00:00,3.5424366005450235e-07,3.6410339756378457e-07,0.00139166,time_stop,1,2.0295402872721353,32006.204206129416,7743.337900247308,28,1,29,286.1693297299271,7689.271757322171,,99.9379220092395,1787294475000,122.613,3019532.846785214,7699.718065,265.52,26.84,30,27534.0,9.894,75.5,0,mcap,-98.9,-98.9,take_profit,8.856091501362558e-07,1,0,live_lower,1
2026-08-21,a4e0fdec-59e7-49e4-8a4d-5874fdb16e2f,GTqeknRmpqSNJR95YMKzzT76DYn8AoCnLW8zuWE5pump,2026-08-21T06:52:25.393068+00:00,2026-08-21T06:52:55.169311+00:00,6.399825496489901e-08,5.887839456770709e-08,-0.004,hard_stop,0,1.7405876871744792,6833.304339383848,4121.565399157106,69,16,85,2.466059542525248,4456.950326024139,,94.4296581876115,1787295145000,120.54,6308.426140178088,16.434594441,35.55,20.13,102,5245.0,1.766,95.3,1,,-4.46,-7.64,trailing_stop,6.564299869796692e-08,1,1,live_lower,0
2026-08-21,5477f652-70dd-446c-a459-ac49fd05ced3,EkMsqiCnJmry1CwfDcAQzLCs1vrhaE2615uKLjWUxM5L,2026-08-21T06:44:44.487591+00:00,2026-08-21T06:54:54.585601+00:00,4.863699605188498e-07,4.863699605188498e-07,0.0,time_stop,0,2.0294433553059896,43743.20708802747,969.0803265589724,22,17,39,22.73380757500398,886.2305580064111,,99.9379320018403,1787294685000,121.772,45936.235480866584,10.205753275,10.66,0.45,43,1046.0,10.658,71.8,1,,-0.28,-0.4,hard_stop,4.4746036367734187e-07,0,1,live_lower,1
2026-08-21,30941b7c-ecbf-4ef6-b07d-5f9b371b01af,9QFGeGKjmWLFBdgGuhGz5TrtZ6zXV7f9gq5mmbPopump,2026-08-21T06:51:14.851816+00:00,2026-08-21T06:58:24.640210+00:00,1.4327940959129988e-07,2.047953670241386e-07,0.021467131,trailing_stop,1,1.4826473388671875,12993.907175059223,4322.922152709046,62,6,68,8.737334773693064,6142.643096477395,,98.5523807662598,1787295075000,120.669,13990.696216816808,39.151373223,46.44,7.39,80,5070.0,6.284,100.0,1,,-3.55,-6.06,trailing_stop,1.4830296611010532e-07,1,1,live_lower,1
2026-08-21,f31968d0-2589-48e9-8864-c65c494e7a53,CwiJhhgYiwJnDLAyPWjZKzYCauhHgM1vAQUdRnAux2Kh,2026-08-21T06:48:34.638375+00:00,2026-08-21T06:58:54.529821+00:00,1.329490353203361e-09,1.329490353203361e-09,0.0,time_stop,0,1.9790783325195314,19842.233292023593,9247.248177155747,366,447,813,1.1225630378327187,531.7719990977564,,96.2358948353034,1787294915000,121.935,0.8228716800690439,0.005041389,59.77,49.87,834,10326.0,1.199,84.0,0,mcap;pool;vol_mcap,15116.39,15128.05,hard_stop,1.2231311249470921e-09,0,0,live_higher,1
2026-08-21,6e2b7d51-dabf-4630-b1da-f6c435f2ddb9,B6SgZJnRR74beaTCGuAoEAxG2cjr9AmBU6cwdoa6gHHU,2026-08-21T06:53:23.068923+00:00,2026-08-21T06:59:24.677440+00:00,1.0844072591727425e-07,1.6425923913408162e-07,0.025736877,trailing_stop,1,1.8209279622395833,9662.484089871765,7734.033872952628,295,64,359,1.2975801968108773,8596.896929997429,,97.20057160541764,1787295205000,122.629,10212.058241726721,96.175112969,58.63,46.88,460,9937.0,1.251,85.0,1,,0.01,0.01,trailing_stop,1.8137550099103242e-07,1,1,live_higher,1
2026-08-21,c35cea0d-f532-4ae3-80d2-fb417e669326,FV9yW7HVYArSj4wxtFbsoY4LXgUdcFqV3dv4PaiXpump,2026-08-21T06:59:04.537838+00:00,2026-08-21T07:00:24.904170+00:00,1.3969675152075427e-07,1.6313184711556791e-07,0.008387846,trailing_stop,1,1.661906424967448,11712.69095820343,19406.01706869225,260,181,441,1.4753395522124393,6109.747255837061,,81.8165099827497,1787295545000,121.516,14698.264534281196,40.878444168,133.18,94.28,534,21423.0,1.413,88.3,1,,-10.49,-10.49,trailing_stop,1.8943221910048206e-07,1,1,live_lower,1
2026-08-21,cbbd02fe-1f77-4702-860c-ddc4f403b9bd,3v41Rpqmt18QKukQoH4yCFaMsUZextgNt9Z1TXgpz4mo,2026-08-21T06:59:29.198334+00:00,2026-08-21T07:00:25.081696+00:00,4.0151784317237276e-07,4.6328322688946645e-07,0.007691487,trailing_stop,1,0.7947565795898438,38594.162154536076,2655.959970766441,76,90,166,2.013409901301579,893.4818918920314,,95.2778285981796,1787295570000,122.353,44536.90136855869,10.763356782,58.61,47.87,808,10029.0,1.224,84.5,1,,-15.09,-12.52,trailing_stop,4.63433460832316e-07,1,1,live_lower,1
2026-08-21,c0710871-4ed9-4e67-a7c2-5931f9784a87,4V9Nrsy7iEVgh5cXbDoZ1BviFBRD3pVGJcSontowouZS,2026-08-21T07:00:43.462965+00:00,2026-08-21T07:00:54.797688+00:00,3.20933322767062e-07,2.9525865694569705e-07,-0.004,hard_stop,0,1.526551590983073,26002.441128706927,4485.082081763641,140,200,340,1.340889331955393,653.05137914854,,96.33136017081699,1787295645000,123.176,27511.19549221333,7.537886686,42.24,34.77,649,7253.0,1.215,84.3,1,,9.87,10.31,hard_stop,2.9525865694569705e-07,0,1,live_higher,1
2026-08-21,d0fc4f8b-2c8f-4d8f-8f0c-286f26560d3f,24xSWX2GM3zxkUnSfVrdaddbJh9CpYPo7A8bXjW8pump,2026-08-21T06:51:51.618042+00:00,2026-08-21T07:01:54.484190+00:00,6.931885006497678e-08,6.920605353042855e-08,-8.1361e-05,time_stop,0,1.4949884399414062,6250.191507407878,800.3257514454053,20,12,32,0.9999344612041104,2702.348737024753,,100.0,1787295185000,194.735,13023.957385647987,0.001094232,4.35,4.45,32,829.0,0.978,67.0,0,pool,0.25,0.26,no_exit_within_window,,0,0,live_higher,
2026-08-21,71b1023b-a849-41b0-9b4d-725313ca425a,7n4ttMLH9FDFmhM5vsvPQXnsLy5EFBKwdDX9768puCQk,2026-08-21T07:01:31.080549+00:00,2026-08-21T07:02:54.660753+00:00,2.096063450423573e-07,1.9283783743896872e-07,-0.004,hard_stop,0,0.81035419921875,29015.252002904635,3000.663237870934,98,129,227,1.6318782834391221,800.6066531829241,,96.0650312537294,1787295690000,119.986,20942.283336873184,6.967302519,76.2,70.14,991,13782.0,1.086,81.7,1,,-5.74,-8.32,hard_stop,1.9283783743896872e-07,0,1,live_lower,1
2026-08-21,0379b516-9cf0-4fbe-bc4c-85174dd20d5b,21eot7hPYYbZAFksjfwr7oqj6CMVGQKL9dEbXCiqAFqF,2026-08-21T07:03:06.194860+00:00,2026-08-21T07:03:55.026091+00:00,1.5425942575856545e-07,1.4191867169788023e-07,-0.004,hard_stop,0,1.3708214477539062,7459.403383661706,12164.707085845686,147,98,245,1.3865298330074656,4675.388885755769,,81.68825163709471,1787295785000,120.332,14445.095892923693,41.373872586,106.47,73.2,358,16922.0,1.454,89.1,1,,0.57,-0.94,trailing_stop,2.3586295140652254e-07,1,1,live_higher,0
2026-08-21,e9bd16f0-2626-4cec-9aca-26d3a6c58076,2z7B3q4N8FUnWoYPLn2Dpnvyt5e2W4oUYUS3Z2nLpump,2026-08-21T07:03:23.649990+00:00,2026-08-21T07:04:25.045112+00:00,1.0589829710693222e-07,1.264037420075603e-07,0.009681669,trailing_stop,1,2.0163211385091144,9226.330267510093,22062.554700302597,279,256,535,1.3391994718973168,5357.565739702452,,85.2310199301881,1787295805000,121.749,9368.346068712057,27.556050294,129.27,105.68,566,22128.0,1.223,84.5,1,,6.46,27.85,hard_stop,9.742643333837766e-08,0,1,live_higher,0
2026-08-21,6c088d54-9979-46b8-b417-8facf6ab32e3,BNDNB1PYdjQsSLxhb2QrHGVExcm95YhDtTSf5RT3pump,2026-08-21T07:04:12.416992+00:00,2026-08-21T07:04:55.075543+00:00,5.5395889438871794e-08,5.0964218283762055e-08,-0.004,hard_stop,0,1.5249624348958333,6482.360023198067,4219.306954912522,64,14,78,2.2700889098242465,4340.279484395316,,92.1571607233293,1787295850000,118.352,5384.567478955043,12.899927422,37.88,25.99,105,6016.0,1.457,89.1,1,,-3.11,-5.31,hard_stop,5.0964218283762055e-08,0,1,live_lower,1
2026-08-21,7fcd741c-4d0f-466d-a31a-82c2782a8aab,9m17VJyphvcc2JomLViu42n8X2nZ7nfSMAz9Enfxpump,2026-08-21T06:55:06.099387+00:00,2026-08-21T07:05:24.484045+00:00,5.255352362460014e-07,5.255352362460014e-07,0.0,time_stop,0,2.0259799641927083,46854.414747925184,11273.987671729294,76,21,97,2.521322450399995,41350.57129690002,,95.7949865778277,1787295305000,120.353,49369.49624658587,460.62255351,93.23,37.06,103,12270.0,2.516,100.0,1,,0.25,0.89,hard_stop,4.834924173463213e-07,0,1,live_higher,1
2026-08-21,5961a93b-ec85-45ec-aecb-3dba6aeab510,GiNo1MkFZ6N7zTh4t9cQGBwp6HEDJWhq6H26nKMGvkRe,2026-08-21T07:05:41.464696+00:00,2026-08-21T07:06:24.868371+00:00,3.1727032868846145e-07,3.6003346861470304e-07,0.006739228,trailing_stop,1,2.0288345255533855,27699.61030496247,11318.838457243528,425,503,928,1.1289724833844847,687.0417085671974,,95.841252100471,1787295940000,120.01,40200.8829741938,9.819262377,73.01,63.03,998,12812.0,1.158,83.2,1,,-25.67,-25.53,trailing_stop,4.1831456057241366e-07,1,1,live_lower,1
2026-08-21,dbb5b393-3938-4851-8183-68002e0e149e,HC4aTPmdXMaTWXXzyZPyXk7hdwtr694YCzLp4xTZvtY4,2026-08-21T07:01:50.814988+00:00,2026-08-21T07:07:54.613209+00:00,1.0779701336100073e-07,1.3054168576090616e-07,0.010549769,trailing_stop,1,0.6430105550130208,8981.116206096198,1399.6744316647007,8,3,11,1.8224735498092732,8055.810191283786,,98.17337364317741,1787295710000,119.48,10210.767855299395,96.280164168,49.19,38.03,322,8214.0,1.294,85.9,1,,-0.57,-0.57,trailing_stop,1.1328680176041387e-07,1,1,live_lower,1
2026-08-21,f7bab18a-a9f2-4436-8744-a943b479478c,GTSTb9GLocQnP1wC9xDs2hsnPmMHrnRFXqEqxiPhFYzz,2026-08-21T07:08:06.289506+00:00,2026-08-21T07:08:25.011955+00:00,1.6465724804577582e-07,1.5148466820211376e-07,-0.004,hard_stop,0,1.3131949340820313,21377.964926436063,21534.98212019509,305,201,506,1.6356548529995738,7908.608268808295,,71.10285427113429,1787296085000,119.334,15632.30526408333,44.841508866,180.56,140.43,715,30231.0,1.286,85.7,1,,-0.8,1.28,hard_stop,1.5148466820211376e-07,0,1,live_lower,1
2026-08-21,23c3f0bd-dd7e-4b54-bf0f-d1ac5cb98cbb,14EG5S3JsCyodgxymWsChKhgjzHY45Ptq5kT8qBqpump,2026-08-21T07:08:11.890632+00:00,2026-08-21T07:08:25.184329+00:00,4.5280509946882156e-08,4.165806915113158e-08,-0.004,hard_stop,0,1.2131949340820312,6290.06013137251,3243.414587902264,49,27,76,2.8768683109859676,4284.813966683745,,100.0,1787296090000,118.843,6571.240362798598,17.391976573,38.35,22.46,123,5727.0,1.708,94.2,1,,-35.1,-34.29,hard_stop,4.165806915113158e-08,0,1,live_lower,1
2026-08-21,9a67efd1-12f3-4b4b-be18-78669792e53a,5iN4mwL5ktN3jiM1rdbWuM3Kh28quEgXBAhoQyD44w9T,2026-08-21T07:08:54.181248+00:00,2026-08-21T07:09:55.228670+00:00,1.1742718255455396e-07,1.319395699231543e-07,0.006179313,trailing_stop,1,1.4844471964518229,8694.721200125276,18351.875325256027,446,223,669,1.0534861397639579,8226.935860296258,,94.67607426941079,1787296135000,121.819,12005.711702337549,104.681808563,194.41,174.8,1151,34772.0,1.112,82.2,1,,-7.88,-7.88,trailing_stop,1.508680730301002e-07,1,1,live_lower,1
2026-08-21,e3b76fa1-d2c9-4ab5-b0e2-5b87bc0db4e6,DnizB7aim1xNxBFnYc2tA4o2qpUcJATSYzW9ESUWBBWq,2026-08-21T07:06:23.756804+00:00,2026-08-21T07:10:24.699987+00:00,1.0032135873286787e-07,1.0956114123841659e-07,0.004605092,trailing_stop,1,1.8650731323242187,9125.639776806374,5938.763599681329,184,66,250,1.2605777082642244,8430.986384132575,,99.75100340941411,1787295985000,121.602,9528.485650397153,93.847558788,44.98,37.14,339,7735.0,1.211,84.2,1,,-0.84,-0.84,trailing_stop,1.0793425794342397e-07,1,1,live_lower,1
2026-08-21,8036fe8d-66cf-42cd-a507-ff99385a22e6,8cE3mLwmhBQFa63spDbVwrGeYoUqCEmj5QNHQMrKY5Y5,2026-08-21T07:07:36.475701+00:00,2026-08-21T07:11:24.696359+00:00,1.0683270870101302e-07,1.2547274796158757e-07,0.008723938,trailing_stop,1,1.293496846516927,9226.542091220035,6409.323889407186,149,57,206,1.275064143957027,8482.258050040133,,98.92224421509485,1787296055000,119.648,9826.920903220293,96.546060484,69.76,60.41,406,12259.0,1.155,83.1,1,,2.39,2.39,trailing_stop,1.2350417020577493e-07,1,1,live_higher,1
2026-08-21,3ee667a2-0fbf-4953-aaf3-1b85c2dcb643,DGptgFvZh3eWJeHpZGDCRaFJaeev5ZLAUXiyqaXUpump,2026-08-21T07:11:08.932717+00:00,2026-08-21T07:11:25.152902+00:00,1.3658587508829318e-07,1.2565900508122974e-07,-0.004,hard_stop,0,2.020817492675781,11603.958976970873,22454.503105051048,309,202,511,1.3216408034537106,5845.46336303401,,77.2962830782827,1787296270000,121.597,12164.055219906324,35.462019881,141.01,111.53,533,23784.0,1.264,85.3,1,,5.75,5.93,hard_stop,1.2565900508122974e-07,0,1,live_higher,1
2026-08-21,abced10e-b79b-4a8f-8ab0-99c373b3845c,6MF2cT2xJcDDVmFfXxipAQcY6rwG5BaYrxo3cKYtUZgP,2026-08-21T07:01:52.351511+00:00,2026-08-21T07:11:54.599721+00:00,1.672851936408849e-07,1.672851936408849e-07,0.0,time_stop,0,0.7098893473307292,15108.542886724314,726.6482311833585,9,0,9,726.6482311833585,726.6482311833585,,100.0,1787295730000,138.437,15791.23662162455,8.060157869,0.06,0.0,9,6.0,0.061,47.0,0,volume;vol_mcap;buy_sell,-0.23,-30.3,hard_stop,1.539023781496141e-07,0,0,live_lower,1
2026-08-21,1c273fd7-53f7-459c-aa6f-35bfd4d8b5aa,JB5B8uGLoFjSvv1j3L3eYjrxvtQWsFpUbJqADJxvXLhb,2026-08-21T07:09:14.983119+00:00,2026-08-21T07:11:54.759980+00:00,1.4216522443870485e-07,1.7737800221337967e-07,0.012384455,trailing_stop,1,1.2346630696614582,8668.135181178279,1236.4311735964566,63,13,76,2.14634593853477,8140.06771896891,,89.3458267480644,1787296155000,120.285,13420.914616528582,111.014603483,62.8,37.6,502,9456.0,1.67,93.4,1,,-0.24,-0.24,trailing_stop,1.774721772720178e-07,1,1,live_lower,1
2026-08-21,fecf74a8-739c-4723-a926-57166b4d35f7,8A7LZkomdHFXr8M7wKWYnBfasWPVtrqhcMbNfAHwpump,2026-08-21T07:11:34.627264+00:00,2026-08-21T07:12:54.644666+00:00,6.551621871246194e-08,8.306492222745753e-08,0.013392641,trailing_stop,1,2.0295541707356772,6474.9129097747045,21760.53889576262,246,198,444,1.161248132087908,4662.522317626902,,97.4089575871039,1787296295000,121.394,6854.466513597708,18.402520299,132.48,116.73,462,23471.0,1.135,82.7,1,,-9.98,-10.16,trailing_stop,9.679877555326852e-08,1,1,live_lower,1
2026-08-21,8c458c90-c1eb-46b0-ac8c-b6e87ceb571b,6hJnzHuoVpteNhW62x93vHjHWZ7R2J8SFuDwoSmQpump,2026-08-21T07:12:24.678526+00:00,2026-08-21T07:12:54.817640+00:00,1.024538195776573e-07,9.425751401144472e-08,-0.004,hard_stop,0,2.013219795735677,9282.767837612293,3883.9691460667627,55,12,67,3.8867970366648033,5358.784346244404,,98.5034955434241,1787296345000,121.68,9673.011616882122,27.499226183,36.12,8.87,72,4237.0,4.074,97.7,1,,-0.25,-0.59,no_exit_within_window,,0,1,live_lower,
2026-08-21,5a0082ed-fa9a-4070-8f20-dc00b0fd25eb,BrKjQ84uwBgroD9oYyDmtdv5y11F4hKsoJ3oiYZARWbG,2026-08-21T07:10:56.988236+00:00,2026-08-21T07:13:24.626464+00:00,1.9035819764339785e-07,2.0455186225074266e-07,0.003728146,trailing_stop,1,2.0188982259114585,17341.97152310022,2390.0107640418187,183,71,254,2.1025192545984868,850.0257982200635,,99.9905001932009,1787296255000,119.107,18189.902332579324,9.845124073,10.83,9.28,265,1894.0,1.167,74.0,1,,-1.44,-0.62,trailing_stop,1.9359350094165496e-07,1,1,live_lower,1
2026-08-21,3cd7fb5e-afc3-46f9-9815-3bdc81c12b73,5BW1XoTUVG9ZbzMy3v7K2z9mBB3ttccw8HBwztshpump,2026-08-21T07:14:25.799871+00:00,2026-08-21T07:15:24.672621+00:00,7.137546001198119e-07,8.830935649887251e-07,0.011862548,trailing_stop,1,0.2669878865559896,36945.84055334111,7841.832737522256,31,4,35,88.6275791748232,10385.21498890224,,69.44165627385783,1787296465000,105.165,82457.59177144767,108.660943572,405.8,281.94,557,64771.0,1.439,88.8,0,mcap,-18.48,-21.36,trailing_stop,8.966197933809723e-07,1,0,live_lower,1
2026-08-21,190c9771-22de-444b-baa5-32ded8837eb8,GkxuGTzt9bBZwb6ZjBZZujcAFi9ftiDELNNiW9cg5hP8,2026-08-21T07:16:05.659757+00:00,2026-08-21T07:17:24.636211+00:00,3.6977933222995974e-07,4.6405173108462887e-07,0.012747116,trailing_stop,1,1.2609007446289062,29429.28675200858,6056.32691230395,209,239,448,1.275237154586348,732.8454976086261,,95.53959632985371,1787296565000,119.507,40229.14840691042,9.823111859,68.11,58.14,871,11890.0,1.171,83.4,1,,-13.43,-13.24,trailing_stop,4.5023906960754227e-07,1,1,live_lower,1
2026-08-21,8c0e9bce-f004-45a5-9a70-81edbbcece04,HXZQ8V7mUh1R3o1LY6KUHvyfnwvzMDZthdLLAD4Vpump,2026-08-21T07:16:31.168081+00:00,2026-08-21T07:17:24.804624+00:00,1.0155985041751754e-07,1.2335342639856028e-07,0.010729425,trailing_stop,1,1.8241544026692709,10618.262688531175,7535.655503462811,70,35,105,2.2174001480168686,5570.756494928944,,94.0740106421425,1787296590000,120.255,8902.35531968395,26.854603118,60.96,38.8,134,9395.0,1.571,91.4,1,,7.44,7.98,hard_stop,9.343506238411614e-08,0,1,live_higher,0
2026-08-21,616d77f1-081f-4200-9779-5277b48ed098,GCRarxbgfS137FwhLMt8Y6qeKaaivE7bsrrhe6hqp2qL,2026-08-21T07:17:21.653086+00:00,2026-08-21T07:18:24.831008+00:00,3.154970338437143e-07,3.2676916226873416e-07,0.001786408,trailing_stop,1,2.01358662109375,30962.19345058701,19005.998861415697,118,90,208,1.7515564792299718,6560.491627431987,,96.2215790849114,1787296640000,118.677,25300.988733591123,70.296647944,140.74,91.7,236,21891.0,1.535,90.7,1,,17.44,13.86,hard_stop,2.9025727113621715e-07,0,1,live_higher,0
2026-08-21,b2d0579a-9442-4d9e-8fa5-2a128b252247,81z9ZFCHuTB7zZPDy4fjK3j1QojTLbU3WapXQFC157sM,2026-08-21T07:18:23.570820+00:00,2026-08-21T07:19:24.840676+00:00,6.384891356138213e-08,5.874100047647156e-08,-0.004,hard_stop,0,1.642222774251302,5570.2258487937925,6246.10206200824,75,38,113,1.52982159274569,4044.768211970349,,99.9689961025023,1787296705000,123.038,6100.918260032368,15.664504411,39.19,27.53,118,6284.0,1.424,88.5,1,,-1.44,-1.9,hard_stop,5.874100047647156e-08,0,1,live_lower,1
2026-08-21,31296398-9170-41bd-8c46-620c222d73c5,BNaAaNStNXeQF32M8nVTTDYAM2KZmiDaL7nQdaKypump,2026-08-21T07:19:51.451860+00:00,2026-08-21T07:20:24.829896+00:00,9.819616557290027e-08,9.034047232706825e-08,-0.004,hard_stop,0,2.0250863037109377,8695.246794278008,5335.358393713752,78,12,90,2.529088648308063,5047.422605893197,,86.9393192821684,1787296790000,120.226,6693.881559067824,22.951971484,42.0,25.18,94,6326.0,1.668,93.4,1,,38.16,69.89,hard_stop,9.034047232706825e-08,0,1,live_higher,1
2026-08-21,7c61dfaf-f539-4103-a716-eb1123fde57f,DYC73EsP12U583M626SGRGEJ6hT539MSuqGt83nWpump,2026-08-21T07:19:55.955455+00:00,2026-08-21T07:21:24.868777+00:00,3.2517974649223465e-07,3.3749128021054203e-07,0.001893035,trailing_stop,1,2.0213904337565105,28278.5859293713,23506.924858066835,271,136,407,1.7473104482457114,9137.839477475996,,52.3506465943305,1787296795000,119.529,29142.54610434812,72.328319996,172.92,103.12,423,25998.0,1.677,93.5,1,,5.09,6.09,trailing_stop,3.3685011553103174e-07,1,1,live_higher,1
2026-08-21,d794ca16-18db-4db9-a346-302637b35b36,8GD4VjERbx3Mvob42cuUB8g6s2kNziYBgQF5jLafnWXr,2026-08-21T07:21:04.299522+00:00,2026-08-21T07:21:25.218274+00:00,8.541053209939356e-07,7.857768953144207e-07,-0.004,hard_stop,0,1.6517209147135417,41580.70040525951,6970.434599893151,303,349,652,1.3095074891603975,934.6080656754347,,96.2860033398761,1787296865000,122.133,73992.1133362069,16.293591018,67.39,53.52,933,11387.0,1.259,85.2,0,mcap,8.71,9.92,hard_stop,7.857768953144207e-07,0,0,live_higher,1
2026-08-21,1063dd34-694e-46b4-8856-5601b8f33a24,3w7RRvm5yYSSP3c2m5Ah6rgWTWTzZJtFcdFhzS3izied,2026-08-21T07:12:26.147325+00:00,2026-08-21T07:22:54.543533+00:00,3.8132647935410236e-07,3.8132647935410236e-07,0.0,time_stop,0,1.9798864624023438,32458.11531099489,18513.084294541648,140,102,242,1.8053143650073735,6953.224283998477,,97.4488767454649,1787296345000,119.507,36334.33821911414,77.283380233,139.83,78.14,272,20528.0,1.79,95.8,1,,-1.16,-1.42,no_exit_within_window,,0,1,live_lower,
2026-08-21,86a70382-d4ee-4a51-9bb9-1364b8f36e55,CQQhdoDbwxFLkD2kRScZQnVgUhVcWZogYe97c77Lpump,2026-08-21T07:22:23.579764+00:00,2026-08-21T07:23:25.647646+00:00,9.527547399582915e-08,1.4982410579647428e-07,0.028626796,trailing_stop,1,2.0157781656901044,8277.167954237082,26970.1406743841,217,170,387,1.177979529990804,5063.159426847838,,84.1794378775206,1787296945000,121.167,9608.029670506123,29.162528574,147.61,138.14,405,26912.0,1.069,81.4,1,,-6.61,-9.75,trailing_stop,1.4660841991419252e-07,1,1,live_lower,1
2026-08-21,b6cf3b61-3ae0-4332-adea-21a95d0b2503,G7oYeDLemTJSy4LCXF4S3vsbR7Lk74pB6NmCxDWgYeW9,2026-08-21T07:22:07.128335+00:00,2026-08-21T07:23:54.821070+00:00,1.1052117285356768e-07,1.1969681670300993e-07,0.00415108,trailing_stop,1,2.020335274251302,9974.883445988766,30530.773942015756,699,342,1041,1.0741921885837344,8816.78548429652,,96.8174066081311,1787296925000,118.636,10823.803428170755,100.380234602,184.85,170.53,1096,33470.0,1.084,81.7,1,,-3.83,-5.18,trailing_stop,1.1262823698882289e-07,1,1,live_lower,1
2026-08-21,a108585d-d503-4381-b4d9-df3aa10230b2,24xZ361ZpoC5rB6pUoYsQCbzwC8jhAvXYAYCfnD3pump,2026-08-21T07:16:49.747302+00:00,2026-08-21T07:26:54.596653+00:00,1.4795853280778274e-07,1.4935948222768538e-07,0.000473426,time_stop,1,1.9495786295572917,13456.320492100154,1418.8973104664617,53,41,94,1.00106243983403,2720.2245762564526,,100.0,1787296575000,86.227,27960.887724673077,0.008321888,7.73,7.82,93,1465.0,0.988,69.2,0,pool,-0.33,-0.32,no_exit_within_window,,0,0,live_lower,
2026-08-21,27588214-4455-4810-ad0e-f5c10a26d489,D7vsdDBoYXwXVgXt9p22bejFyKbQ8SykT5q4BmLEpump,2026-08-21T07:26:58.225064+00:00,2026-08-21T07:27:24.849073+00:00,9.826823246241504e-08,9.040677386542184e-08,-0.004,hard_stop,0,1.7902978068033855,8983.305325801288,14989.384511693914,204,121,325,1.3814333508558583,5750.158993702005,,80.0463870325944,1787297220000,123.043,8981.96717408767,26.790567132,97.0,76.6,363,16350.0,1.266,85.3,1,,3.04,7.71,hard_stop,9.040677386542184e-08,0,1,live_higher,1
2026-08-21,cf93fe2a-44de-4ba2-90a3-4062f518a8f6,EJLrvSJXMY27qsctEBgEdaMFWTSbz8zKexQBwhGaZKYF,2026-08-21T07:27:11.681367+00:00,2026-08-21T07:28:24.979418+00:00,3.485205429497844e-07,5.203170852328461e-07,0.024646545,trailing_stop,1,1.7401200764973959,35755.103744092856,9790.92597469447,325,416,741,1.191597751278857,856.2612662144251,,95.4768102118975,1787297230000,118.68,37316.302962999805,9.847763466,77.41,67.94,971,13688.0,1.139,82.8,1,,-12.04,-16.27,take_profit,8.71301357374461e-07,1,1,live_lower,1
2026-08-21,67efa32f-2b56-4b12-a46c-793dd72baa30,DFFu9xVdwuTn29qYCYNeqioeBskMQvJcRHsP7SZzqZFJ,2026-08-21T07:28:01.470513+00:00,2026-08-21T07:29:55.012698+00:00,4.5968463248731025e-07,7.105248295383192e-07,0.027283944,trailing_stop,1,1.8919046223958333,20654.59137173408,9238.252901692442,355,415,770,1.125171730665263,548.6007852616362,,96.7261199949493,1787297280000,120.345,44236.820648230896,10.745055564,63.28,52.64,902,10917.0,1.202,84.0,1,,-2.13,-3.49,trailing_stop,6.943729679585065e-07,1,1,live_lower,1
2026-08-21,a47e2f48-b1bc-4095-8179-2dcecbb9799d,G9VQ4hkqKezhvhkV68DuSbVW6fGnnUUyYuVgKk6zexVv,2026-08-21T07:28:53.686401+00:00,2026-08-21T07:29:55.368108+00:00,1.219226101275214e-07,1.121688013173197e-07,-0.004,hard_stop,0,2.0165389200846353,10287.628679721971,18955.827298235767,253,188,441,1.3229922605591284,5874.244157088481,,79.8658511719458,1787297335000,121.291,14613.316782913613,41.870120713,135.62,100.88,503,22274.0,1.344,86.9,1,,-21.42,-21.44,trailing_stop,1.5206042097319323e-07,1,1,live_lower,0
2026-08-21,63b1ea62-8424-475d-949f-ad64b3430ea0,24xZChHX3PUGuvZgi53eJ5cbvcoGhfKCRayFjcbPpump,2026-08-21T07:20:04.509575+00:00,2026-08-21T07:30:24.561396+00:00,8.718422973441525e-08,8.795759251038492e-08,0.000443522,time_stop,1,2.029895109049479,7922.493939807754,3710.803079308096,28,26,54,1.0060717864591904,2738.264483167496,,100.0,1787296790000,107.056,16439.729673853053,0.123570695,19.5,20.36,53,3754.0,0.958,75.4,0,pool,-0.11,0.16,no_exit_within_window,,0,0,live_lower,
2026-08-21,d8e6bdb7-4a33-482d-9916-9e040a1a9d45,GAiq6d3kUv3s4nbxpHEGkBuE1Zmnp7QoJJJRMor33sKo,2026-08-21T07:28:52.129691+00:00,2026-08-21T07:30:24.974370+00:00,1.482656482465912e-07,2.572784682655366e-07,0.036762669,trailing_stop,1,2.0229727091471355,13325.496399783571,17469.348540275212,160,108,268,1.506594357681435,6240.111634805551,,88.7853626530565,1787297330000,119.358,13635.709423676491,38.994368817,110.29,77.95,271,17728.0,1.415,88.3,1,,2.41,1.45,trailing_stop,2.56363053678593e-07,1,1,live_higher,1
2026-08-21,2c609e14-59f8-45e0-9807-5ddfd7f7d7b1,E4bjpDWjRjRXkiAJY6bna29FMm4GJbgscWre8EHTpump,2026-08-21T07:32:28.567557+00:00,2026-08-21T07:32:54.935729+00:00,1.0336301970600516e-07,9.509397812952476e-08,-0.004,hard_stop,0,1.9042881469726562,9416.394832653366,13719.946571871093,138,93,231,1.448373018996799,5222.780800367555,,84.70811812118589,1787297550000,122.032,9798.180701982408,27.870051378,89.16,65.14,244,14531.0,1.369,87.4,1,,-0.65,3.65,hard_stop,9.509397812952476e-08,0,1,live_lower,1
2026-08-21,c4ba9c60-464f-4fbd-9349-80d07bda1c24,GDSM2mSsFGtSCCcKmTAXTUmSKjreAeixN7B1gYn9pump,2026-08-21T07:23:47.972015+00:00,2026-08-21T07:33:54.641484+00:00,0.0005670555973637663,0.0005670555973637663,0.0,time_stop,0,1.4792920654296875,48045.111760236985,9226.455473672348,54,12,66,4.392025231709551,41426.98629829098,,92.7089131454855,1787297030000,122.691,52893278.344925724,469.467381383,108.09,30.74,90,13075.0,3.516,70.1,0,mcap;vol_mcap,0.97,0.89,no_exit_within_window,,0,0,live_higher,
2026-08-21,782c9fa1-5f11-43da-944a-473956bd0ffc,EiN99SQY1MpQajDxfpXpXY4eJQ3pomzoLzoD2frcupBS,2026-08-21T07:33:01.378191+00:00,2026-08-21T07:34:24.786464+00:00,2.6022946852590325e-07,2.39411111043831e-07,-0.004,hard_stop,0,2.0237945475260415,23506.329200004184,1507.0941420182198,192,51,243,3.421395152431193,824.4559386065171,,99.9879563695661,1787297580000,119.998,24825.613195176415,9.257428551,5.42,4.15,258,901.0,1.306,65.6,1,,-1.28,-2.64,hard_stop,2.39411111043831e-07,0,1,live_lower,1
2026-08-21,9feb8096-90d4-47d5-ad66-4ae8910e8e0e,6r2zkd3A3rhJxjDHiatKpAUeWi1BFrKb7NZ9N9c9Xrw8,2026-08-21T07:35:12.303021+00:00,2026-08-21T07:35:34.783841+00:00,4.199698339284715e-07,3.863722472141938e-07,-0.004,hard_stop,0,1.5246005818684896,32476.929775683006,7703.426414225496,267,329,596,1.2254484491507434,780.345365994702,,95.6147223335562,1787297710000,118.923,37169.84047489832,10.054297054,70.0,60.57,905,12296.0,1.156,83.1,1,,6.41,2.79,hard_stop,3.863722472141938e-07,0,1,live_higher,1
2026-08-21,c975d48d-b0ac-4789-963c-8183f87b278b,8nXbzccLiibrBtiwHHvtLcuBoPKGBsaWjBi9KXC2nV2Q,2026-08-21T07:34:32.645358+00:00,2026-08-21T07:36:04.700154+00:00,2.730245527474329e-07,5.308020327864485e-07,0.047207747,trailing_stop,1,1.7150730712890625,32012.504133781695,7964.338724473962,299,376,675,1.2142419527432642,770.4622284948485,,96.90021711698591,1787297675000,123.092,21126.606579981497,6.845432076,59.12,53.06,932,10565.0,1.114,82.3,1,,21.71,21.73,hard_stop,2.511825885276383e-07,0,1,live_higher,0
2026-08-21,ec08487d-2432-4646-90ea-1e52e2fc802d,882JuCbtg6YiKGbYASJsq1pAoAdabW9jtpsgL3ixP8es,2026-08-21T07:35:57.743275+00:00,2026-08-21T07:36:04.995412+00:00,2.937428335856941e-07,2.702434068988386e-07,-0.004,hard_stop,0,1.1090793416341145,29893.45941212145,3342.6353144884374,97,115,212,1.5593860708157914,730.5228123086755,,95.7712208682527,1787297760000,123.249,23696.99507913755,7.796614007,65.16,58.48,782,11644.0,1.114,82.3,1,,16.74,19.21,hard_stop,2.702434068988386e-07,0,1,live_higher,1
2026-08-21,8f87726c-32ca-483c-b5b0-424507911f00,5NHm3Abk6frziG5zpKy7zEYiDZ7QRXQ6Vg54Z6ExpdAB,2026-08-21T07:35:44.217649+00:00,2026-08-21T07:36:34.785520+00:00,1.8125552155223518e-07,1.877786925947172e-07,0.001799441,trailing_stop,1,1.3424126749674479,17896.45769267954,3066.272029334292,154,86,240,1.8270292302245024,896.9646773870123,,99.9899511860482,1787297745000,121.777,18957.25434881406,9.979307078,19.84,17.82,381,3547.0,1.114,77.9,1,,-9.95,-11.16,trailing_stop,1.9726172501420452e-07,1,1,live_lower,1
2026-08-21,6c771ab0-55c1-49d2-af45-90f83bcaf5c0,Gb19ddvX523YcZqymxpi5nR4jr5NpXvhbjbKnf2apump,2026-08-21T07:36:03.761519+00:00,2026-08-21T07:36:34.957603+00:00,1.3168218229935873e-07,1.2114760771541003e-07,-0.004,hard_stop,0,1.1077815877278645,8823.258975544608,16176.24858489562,266,141,407,1.3370937686113586,5113.052439530604,,72.9729252380841,1787297765000,122.032,13119.009911189329,37.184969708,123.62,98.02,566,20874.0,1.261,85.2,1,,-5.47,-5.27,trailing_stop,1.3651125199581165e-07,1,1,live_lower,0
2026-08-21,c47c3540-1901-4093-a603-ff9ac5c46c0b,246xES3k2eLLQJomQzjy7Zo7ox4a3JZMoe5REE5Epump,2026-08-21T07:36:22.317577+00:00,2026-08-21T07:39:04.851761+00:00,6.320572728292415e-08,1.1010387865202528e-07,0.037099606,trailing_stop,1,1.1687493123372397,13435.595486130202,3688.137008448422,59,10,69,67.25461913051615,6288.256315500021,,91.5787331042722,1787297780000,119.548,6055.201838772727,15.560419788,53.88,39.4,137,8785.0,1.368,87.4,1,,-1.69,-2.12,trailing_stop,1.0318874762038944e-07,1,1,live_lower,1
2026-08-21,3d4602c9-11de-4eec-8c74-7196b50d41ab,DAGoEaxqrERaB3rBxj7mGwVKo3uHuhy9afUAZhqjpump,2026-08-21T07:39:12.337141+00:00,2026-08-21T07:40:05.181719+00:00,8.010943288857611e-08,1.3580096964770085e-07,0.034759662,trailing_stop,1,2.001619881184896,7139.956517828387,5665.003091541299,77,36,113,1.9830984875249014,4742.775058766672,,96.8068560022342,1787297950000,118.624,7424.84185508867,20.464732925,38.89,21.6,116,5697.0,1.801,96.0,1,,1.61,-6.54,trailing_stop,1.3255017851129544e-07,1,1,live_higher,1
2026-08-21,01774b37-4d27-408e-a018-5ebdd765424b,2bLJA4hXffEEYhD71ZAqtSKkPULmVnCvkHH2C5Gs95AG,2026-08-21T07:40:40.769833+00:00,2026-08-21T07:41:05.227198+00:00,1.7770902215518064e-07,1.634923003827662e-07,-0.004,hard_stop,0,1.2164903198242187,9740.112623743857,16539.725820644682,161,114,275,1.37435603104832,5309.932973217565,,80.6545357726539,1787298040000,119.413,18374.741121514417,49.248629522,155.69,110.44,426,25064.0,1.41,88.2,1,,-8.91,-8.94,trailing_stop,1.912003217146329e-07,1,1,live_lower,0
2026-08-21,90aa0a2b-ffcf-4aae-8152-99ef6159d115,HPZtHAugA7vrL1Hb6wXsDD8HzocwWo5Lk69mCbmmpump,2026-08-21T07:32:24.080881+00:00,2026-08-21T07:42:34.799893+00:00,2.840877856705781e-08,2.7872401133211083e-08,-0.000944035,time_stop,0,1.9042713012695311,13087.551572714172,5421.817706260247,57,15,72,4.597837610248413,6184.606189648025,,97.330760593112,1787297545000,121.93,2651.161214920955,0.292761787,49.29,49.34,111,9289.0,0.999,80.0,0,mcap;pool,0.92,1.28,no_exit_within_window,,0,0,live_higher,
2026-08-21,50188d5f-d0e9-4fd9-8a5a-6ed7f418788f,5CoHHxZ8MJZuiHaSsudLmJ2JPCZ8szezVxcSTNiZTtWk,2026-08-21T07:41:07.816398+00:00,2026-08-21T07:42:35.441355+00:00,4.5432058713362577e-07,4.1797494016293574e-07,-0.004,hard_stop,0,1.3160621907552084,40354.57279235853,4908.2676753609585,232,246,478,1.4573780540504533,913.9985722722117,,96.21900371963741,1787298070000,123.973,45231.30881959055,10.865726844,61.49,50.69,914,10565.0,1.213,84.3,1,,-5.4,-4.3,trailing_stop,5.174335573108749e-07,1,1,live_lower,0
2026-08-21,dae146ba-237e-43a4-82a5-168df5b389ae,DqqbbgrKmGkS9svJUsqbLjJDiLEjKrPS9kpojGAHpump,2026-08-21T07:42:44.584481+00:00,2026-08-21T07:43:35.159109+00:00,5.90324870450716e-08,5.4309888081465874e-08,-0.004,hard_stop,0,1.7624982788085937,5423.353305419525,11318.45075226491,119,94,213,1.2463009496229926,4145.724515265228,,98.440396799861,1787298160000,116.621,5575.365175605196,13.65337286,67.18,56.2,220,11620.0,1.195,83.9,1,,-0.28,0.02,hard_stop,5.4309888081465874e-08,0,1,live_lower,1
2026-08-21,0adaaaa2-82b3-4d39-9807-c361a8add028,7prdJQw8iNMFv9ujsBPkukCZrtH1PGLWV6eniqTKhBaF,2026-08-21T07:43:01.568483+00:00,2026-08-21T07:44:05.177333+00:00,9.780085595267234e-08,9.935060533559861e-08,0.000792298,trailing_stop,1,1.7295209838867187,8724.239714184903,22166.436461651254,517,270,787,1.0491743171520298,8280.49718047549,,99.9953365416845,1787298180000,120.022,9100.010767043625,94.123041333,170.45,164.4,1075,31536.0,1.037,80.7,1,,1.22,0.21,trailing_stop,1.1436632978213873e-07,1,1,live_higher,1
2026-08-21,4ec402ba-de59-431c-9e29-0098719c8554,4UceoDnBpuBteivpd1i1TowD3eRfrYuuAKEM8N6VNjk4,2026-08-21T07:37:49.375556+00:00,2026-08-21T07:44:35.038608+00:00,1.1308734750739664e-07,1.776084510613438e-07,0.02852711,trailing_stop,1,1.4796836100260418,8776.000249003157,4930.006697620018,125,50,175,1.268788567555873,8158.572388710402,,96.06621474519659,1787297870000,122.391,10754.2224688303,99.089555159,53.75,39.56,269,8788.0,1.359,87.2,1,,-0.96,-0.96,trailing_stop,2.153724179136916e-07,1,1,live_lower,1
2026-08-21,93a73a81-b0e7-40b2-bbf8-d05093d852ee,8Ja4jAmR89DNLBWXc7mpg5D3GUzykDmZAEnWXt8vJKam,2026-08-21T07:43:35.970380+00:00,2026-08-21T07:47:04.954652+00:00,8.8728093223519e-08,2.2182023305879752e-07,0.075,take_profit,1,1.5060956298828125,35241.9940610245,3740.676822208611,63,93,156,1.5834562036432056,845.6033920378967,,99.3758429653335,1787298205000,110.039,8664.427393673246,5.495350783,39.62,37.27,283,7242.0,1.063,81.3,1,,-3.55,-3.42,take_profit,2.2182023305879752e-07,1,1,live_lower,1
2026-08-21,0bc928cc-c482-4fe1-ac65-568922b9aa4d,58Uevs7jTAjMbu3frgDfv3EiZHgG93nd7LALLhzkpump,2026-08-21T07:37:05.985501+00:00,2026-08-21T07:47:34.652724+00:00,0.0005719225539131538,0.0005719225539131538,0.0,time_stop,0,1.4853128662109376,47242.23373507937,15753.110172046936,56,12,68,3.2375736818599896,36569.10911974513,,92.9390997698,1787297825000,119.715,51838.17478700218,418.162349005,158.89,56.67,93,20301.0,2.804,100.0,0,mcap,3.91,3.82,hard_stop,0.0005261687496001015,0,0,live_higher,1
2026-08-21,28e69bac-c1a9-4f24-9cd4-85b0ed53b6ef,2HYPA49YTXWodZn1Uc1EAJeQ1SApfwLJN2jimc3Spump,2026-08-21T07:37:28.587268+00:00,2026-08-21T07:47:34.787854+00:00,8.546698360034454e-08,8.54268680430038e-08,-2.3468e-05,time_stop,0,1.4521891642252605,7702.842346347157,691.4976750778444,22,12,34,1.007855679624548,2708.3231815306754,,100.0,1787297830000,101.976,16083.171861197865,3e-09,3.36,3.85,34,679.0,0.873,59.8,0,pool,0.1,-0.46,no_exit_within_window,,0,0,live_higher,
2026-08-21,23a869ce-769f-43aa-88a2-8ec45a05654c,4QeLFJBkGHbCKxcDiqpuHFtmNbCQj2QnGtcVKDrhpDmr,2026-08-21T07:47:23.282342+00:00,2026-08-21T07:48:35.033424+00:00,4.5835228392355623e-07,5.05143700112971e-07,0.005104307,trailing_stop,1,2.0223627807617186,37531.173816670926,5668.651914398912,186,214,400,1.3597948713558075,909.5052279169863,,95.0965022523279,1787298445000,123.275,47069.36077138088,10.955638319,38.88,27.83,429,6283.0,1.397,87.9,1,,-8.29,-9.51,trailing_stop,5.164039750053735e-07,1,1,live_lower,1
2026-08-21,6a2de786-73a3-4167-ac90-be2f8da0caaf,3cb2qx9eQYKHFjT1ZTptEWkLGAc5qtw8KTGB3bDZpump,2026-08-21T07:44:42.802092+00:00,2026-08-21T07:49:34.806047+00:00,5.5740431771436e-08,5.128119722972112e-08,-0.004,hard_stop,0,1.8833871988932291,5126.1802779020145,7233.529214565584,97,68,165,1.3799455490241985,3886.552150216878,,98.4964894392249,1787298275000,112.621,5195.013605069736,12.591021899,45.91,34.76,169,7598.0,1.321,86.4,1,,1.05,1.12,no_exit_within_window,,0,1,live_higher,
2026-08-21,ddc4cd5c-990b-4f03-b7e9-cb7b306079f2,93rTqnVFvGWqURDHFaxZT2xx9eRe1Db4U4TZvwWmpump,2026-08-21T07:47:42.174530+00:00,2026-08-21T07:50:34.703315+00:00,1.5010448667844064e-07,1.7662314018444784e-07,0.008833398,trailing_stop,1,2.0244781778971355,13603.402183314201,4566.209460791696,59,9,68,8.677961265060972,6337.842925434588,,98.88758764697731,1787298460000,119.012,14321.642346196575,39.964471419,45.13,5.27,70,4746.0,8.57,99.2,1,,-1.29,4.52,trailing_stop,1.8064278515621418e-07,1,1,live_lower,1
2026-08-21,abdd6314-b009-4d91-b37d-08e4d643e1d6,ET5x4rEMniTWTYVdQBCBuwZH3b7ZyRa2TdihTiMLZFKa,2026-08-21T07:44:15.989501+00:00,2026-08-21T07:51:34.616646+00:00,1.0971353703968217e-07,1.1689365321183624e-07,0.003272211,trailing_stop,1,1.4631352823893229,9163.727893891328,4827.614755947188,134,53,187,1.369185384020118,8436.897565804282,,96.60709600251609,1787298255000,119.771,10005.08923352754,96.929988482,56.17,46.01,349,9623.0,1.221,84.4,1,,3.28,3.28,trailing_stop,1.1251548864399038e-07,1,1,live_higher,1
2026-08-21,5fe30199-dfe6-4a2d-a11d-f237c4b1b19f,HrgU4JYf66AzHsTv5xvq519rVBAMKfHFE78eoG2Hgvm3,2026-08-21T07:51:02.678673+00:00,2026-08-21T07:52:34.844051+00:00,4.02983925476983e-07,3.7074521143882437e-07,-0.004,hard_stop,0,0.8086131876627605,21668.73450178411,2224.0044373643254,73,33,106,2.4437550645397574,932.9555751713019,,99.3596244508481,1787298665000,123.464,37215.308127110075,13.744616515,26.83,21.04,306,4509.0,1.275,84.0,1,,1.98,1.98,trailing_stop,4.792379289563326e-07,1,1,live_higher,0
2026-08-21,8fbfa389-6a90-4d7b-aac7-8586c51c069d,EuNpHc9TKK4V1LsS9H3THX2zrkYquJP4aJFpCuBzU6oQ,2026-08-21T07:54:30.319387+00:00,2026-08-21T07:54:35.208472+00:00,1.2137892515066168e-07,1.1166861113860875e-07,-0.004,hard_stop,0,1.2277778361002605,12195.733964081015,12349.092684165718,111,96,207,1.740858660057821,6047.683651200656,,81.9760472907938,1787298870000,120.907,7826.3966211652905,32.301264128,134.92,120.11,476,24019.0,1.123,82.5,1,,46.06,46.18,hard_stop,1.1166861113860875e-07,0,1,live_higher,1
2026-08-21,6e215910-0e57-452a-bdac-e5a30b9e98a2,EVA2K6vSg4Fg11NfcqVKJbsVgiSxby68qLfcpn5bpump,2026-08-21T07:56:26.973372+00:00,2026-08-21T07:57:15.317887+00:00,1.3855341287475276e-07,1.587098143586413e-07,0.007273874,trailing_stop,1,1.7499358439127604,10714.340228491941,20392.529023965788,165,100,265,1.3277876242961573,5583.202854681603,,84.859034361113,1787298985000,118.637,13093.893646489103,36.907431439,119.87,102.98,319,20988.0,1.164,83.3,1,,-0.34,4.53,hard_stop,1.2746913984477255e-07,0,1,live_lower,0
2026-08-21,c8dcad3a-b39e-46d5-8dfc-98b60077998f,FfgKSWyFBHJnfA6yXVeiSsF6uHPw9pp2j1Uuc86UwLjr,2026-08-21T07:57:22.922451+00:00,2026-08-21T07:57:45.319802+00:00,1.7920826025115016e-07,1.6487159943105816e-07,-0.004,hard_stop,0,2.0239562540690104,21038.17895858825,11357.18963870304,373,454,827,1.1014149436950587,547.8214888035363,,96.8958290984967,1787299045000,124.2,12208.36833146362,3.54890174,70.29,66.64,928,12896.0,1.055,81.1,0,pool,38.25,43.03,hard_stop,1.6487159943105816e-07,0,0,live_higher,1
2026-08-21,c37abc0e-d46c-4006-9340-a905f745ecd2,8roEBWQ16hDkYFTJ6TzXgdtpuSxzggoBbRbSDj666EjU,2026-08-21T07:47:45.739205+00:00,2026-08-21T07:58:14.714032+00:00,4.823165836177212e-07,4.823165836177212e-07,0.0,time_stop,0,2.0165518920898435,42941.434000760884,24427.208592570387,183,174,357,1.1044569794892924,19323.412090605783,,99.93232567274515,1787298460000,114.961,45328.17663698555,215.384617898,147.55,132.24,371,26351.0,1.116,82.3,1,,0.21,-9.69,no_exit_within_window,,0,1,live_higher,
2026-08-21,af31078b-6ee8-4305-9f02-9c93f71df153,4cqia4Q2JX6H1uzP2AKGSKRh6G4cKmxBnhunXxkxDPV8,2026-08-21T07:55:02.061685+00:00,2026-08-21T07:58:15.164699+00:00,1.3532048069059572e-07,1.8948190918812802e-07,0.020012281,trailing_stop,1,1.9360955159505209,13189.63073077473,67555.34902539724,826,236,1062,1.0732137965052257,10070.090391248525,,97.9569729142466,1787298900000,119.238,12331.428970492125,111.405251526,455.19,433.54,1239,83701.0,1.05,81.0,1,,3.35,3.35,trailing_stop,1.8459055935639526e-07,1,1,live_higher,1
2026-08-21,653bbb9a-d11e-4371-aeea-4f506c8fd881,EKgC823WfMyuXCmxhn6dRWPe4m5exyUZDmXyPWt7DKnV,2026-08-21T07:59:12.672348+00:00,2026-08-21T08:00:44.930756+00:00,1.0617736434263965e-07,1.1154707391041102e-07,0.002528651,trailing_stop,1,2.0143787353515625,9446.536712444897,29001.487931833522,634,329,963,1.060191012105997,8608.399882054506,,98.861485605284,1787299155000,123.025,10510.62837231956,99.251251668,192.71,179.81,1089,35083.0,1.072,81.4,1,,-4.86,-6.48,trailing_stop,1.1068992162235558e-07,1,1,live_lower,1
2026-08-21,8c6ffd5b-aed9-485a-858d-cc2eed41b678,5rsrECy9CvRFCfGzSuaDtrbB3r9dMFYCuicFLuispump,2026-08-21T08:00:30.564031+00:00,2026-08-21T08:00:45.246644+00:00,1.0335378889902338e-07,9.508548578710151e-08,-0.004,hard_stop,0,1.9133181477864583,9770.720931330425,14615.861442765527,178,118,296,1.4366607399190876,5329.0197683316055,,75.8604553319854,1787299230000,120.49,8572.690861739937,27.133390752,93.17,72.01,322,15556.0,1.294,85.9,1,,13.54,13.54,hard_stop,9.508548578710151e-08,0,1,live_higher,1
2026-08-21,0532967a-f69d-41ee-a5b3-9c1c2d6377e6,7kdpXSKoB2rmzbLfTumuJ92n3dBHGQmmY6jmDsxZPH4W,2026-08-21T08:00:06.942278+00:00,2026-08-21T08:01:14.883168+00:00,2.656255975619283e-07,2.7920337064447297e-07,0.00255581,trailing_stop,1,2.0259097574869793,24493.753353404507,2024.3960177407112,212,88,300,2.94820532507147,999.004131231081,,99.7928506478688,1787299205000,119.689,25471.80504710861,11.07725995,9.38,6.33,325,1480.0,1.481,79.0,1,,-1.79,-1.45,trailing_stop,2.9443169139634415e-07,1,1,live_lower,1
2026-08-21,26135642-1f22-4a15-82db-61c35daddfd4,FRg6yYRQjh1KvUVE6sGDxveXnNjMjUw3qnbsKSdwpump,2026-08-21T08:01:14.223774+00:00,2026-08-21T08:01:44.986621+00:00,4.826746202590371e-08,4.4406065063831415e-08,-0.004,hard_stop,0,1.4566228556315104,8367.614364282803,14928.518231920487,173,99,272,1.3501193826413682,4934.097405507975,,98.9281891223272,1787299275000,121.789,3548.03869937966,5.59166977,111.63,108.81,409,20761.0,1.026,80.5,0,mcap,28.12,28.37,hard_stop,4.4406065063831415e-08,0,0,live_higher,1
2026-08-21,f5cea5e3-dc91-4063-a556-e4bed2614a28,5m2trhyP6s8PEwsZZ7V9pCaE9ecuoLMAjj2pYQMTpump,2026-08-21T08:02:09.012142+00:00,2026-08-21T08:02:14.957312+00:00,1.1592427804383868e-07,1.0665033580033159e-07,-0.004,hard_stop,0,2.018333264160156,11507.250805848405,20388.571812206803,294,162,456,1.35537267394914,5786.293497034681,,75.9812009588089,1787299330000,123.55,8575.368832290802,30.840608761,132.51,113.34,495,23154.0,1.169,83.4,1,,27.32,22.98,hard_stop,1.0665033580033159e-07,0,1,live_higher,1
2026-08-21,c15be8e4-b011-44c2-8e0b-018003022531,GtvG9kKk4H8UnYdQnLVYZ1yfQQqeBVkWxLYxWsbc84qL,2026-08-21T07:52:51.729254+00:00,2026-08-21T08:03:14.727050+00:00,1.3262526905468252e-07,1.3262526905468252e-07,0.0,time_stop,0,0.9463251017252604,36040.88685429449,3657.805448239683,97,110,207,1.6071010690781222,851.1918035164007,,97.3969796824754,1787298770000,120.086,0.749461413920306,10.98,68.11,58.19,801,11895.0,1.171,83.4,0,mcap;vol_mcap,1666516.53,1666632.42,hard_stop,1.2201524753030792e-07,0,0,live_higher,1
2026-08-21,70bac535-e012-4404-a4d5-23dd7d8b2fea,6uTjh7PWxjPBR9Kuse9LbCNe4S7Tu2PWm14VvycGBicf,2026-08-21T07:54:21.525815+00:00,2026-08-21T08:04:44.639788+00:00,9.561882697695536e-08,9.561882697695536e-08,0.0,time_stop,0,0.859137276204427,34600.9557761664,7152.8004637843405,12,5,17,7.795175577717028,6883.535461834833,,100.0,1787298830000,90.347,8973.405317907715,38.053325103,70.07,47.01,19,11027.0,1.49,89.1,1,,0.36,0.37,no_exit_within_window,,0,1,live_higher,
2026-08-21,ce201016-c9ef-4a4d-bb2d-9d1ff5c8c7ee,Co4nm8HP2h7xhiWRQLQkhBby1Vr6cJWZU2UQBDvEnof3,2026-08-21T08:04:10.240543+00:00,2026-08-21T08:04:45.364347+00:00,3.393390004560903e-07,3.1219188041960306e-07,-0.004,hard_stop,0,1.5788139241536459,32413.34440978851,5206.336778536237,190,212,402,1.345359806169194,777.6062768692157,,95.75430568069211,1787299450000,121.393,38711.09809677729,10.257307703,54.62,44.95,692,9377.0,1.215,84.3,1,,-17.44,-13.54,hard_stop,3.1219188041960306e-07,0,1,live_lower,1
2026-08-21,1cf537eb-9334-4dc5-b277-e24421f971ac,6rksd4346Hv25P1fkCx6PapUZJ5TXAoMMi75qgqopump,2026-08-21T08:03:44.551664+00:00,2026-08-21T08:05:15.015609+00:00,1.5732003154372566e-07,1.4473442902022762e-07,-0.004,hard_stop,0,1.6946553873697916,14260.297492298685,3555.207982490053,36,31,67,0.9999698330035515,2711.436138470746,,100.0,1787299455000,152.917,29625.70629780995,0.137037036,19.71,19.7,70,3712.0,1.001,76.1,0,pool,0.02,0.01,hard_stop,1.4473442902022762e-07,0,0,live_higher,1
2026-08-21,d8c19b14-28fc-4b86-8133-e0680d07ee13,FMEvPzJGEtVZU3xoYFBLHoDbx14t7pFU2Ko2L2j1Wcej,2026-08-21T08:03:43.533742+00:00,2026-08-21T08:06:44.782847+00:00,1.0402080311048612e-07,1.3971562435620022e-07,0.01715754,trailing_stop,1,1.6946553873697916,8999.511058890404,6290.7588836017,92,49,141,1.2617706761348138,8435.053638765567,,98.1190958694424,1787299425000,122.664,9637.016244507551,94.938181094,64.18,55.76,240,11296.0,1.151,83.0,1,,1.66,-1.22,trailing_stop,1.4075754388563947e-07,1,1,live_higher,1
2026-08-21,04b0bf30-ff11-41c2-a883-b91d6c9d9056,ApS7oB8gqhGXu7aYzPEtu76QUp6X1vqev44bRQsMzjHN,2026-08-21T08:06:07.673980+00:00,2026-08-21T08:06:45.133787+00:00,6.041523692546149e-08,5.558201797142457e-08,-0.004,hard_stop,0,1.8882799031575521,5492.425196271695,5425.456105718059,84,28,112,1.6307298320198949,4021.0535977346785,,99.74237756972971,1787299565000,118.634,5679.654818007635,14.059758929,33.14,23.08,115,5296.0,1.436,88.7,1,,0.18,0.29,hard_stop,5.558201797142457e-08,0,1,live_higher,1
2026-08-21,e7ee5c46-f813-4d67-8156-2a5d232047f2,YYgj9mSV9z4bPcShUxxae5EUMRK4gdMfTRWFEFRpump,2026-08-21T08:05:00.407313+00:00,2026-08-21T08:09:14.801474+00:00,0.0006243490178038731,0.0007032939144407101,0.006322177,trailing_stop,1,1.7359594685872395,49143.86416315033,13998.011127793814,46,13,59,2.9852135537328244,40763.23705036563,,99.1636816048889,1787299500000,121.162,59197.23316635631,458.496973625,125.0,37.75,73,15328.0,3.311,100.0,0,mcap,-0.67,1.93,trailing_stop,0.0007065306266668431,1,0,live_lower,1
2026-08-21,f7b8867d-da6b-4e03-b491-14296b17dce0,CxAvyNHLoGcomWUuuaLXwQois7tX2xQgAM4jNyCqpump,2026-08-21T08:08:10.506329+00:00,2026-08-21T08:09:14.944003+00:00,1.590862355888583e-07,1.4635933674174963e-07,-0.004,hard_stop,0,2.027979520670573,15400.692500845867,56567.95625190046,709,457,1166,1.148985345708313,6625.25819209204,,70.090338708365,1787299690000,120.972,16170.101456802682,44.900727086,337.83,296.48,1200,59739.0,1.139,82.8,1,,-7.34,-3.61,trailing_stop,1.682597093615059e-07,1,1,live_lower,0
2026-08-21,43b4a710-a0b9-4dad-9ceb-6405f54ec70f,Ax1dtpggzLa1ZRY7ownaAB7pWBA9bEHo9gJLCHQzqCo7,2026-08-21T08:02:15.780219+00:00,2026-08-21T08:10:14.712905+00:00,1.0716144512323051e-07,1.2756906328175766e-07,0.009521903,trailing_stop,1,2.014306095377604,9685.969431443169,3416.4054955589927,47,34,81,1.7700519992399408,8630.896337791628,,99.6635495291884,1787299335000,120.352,9965.04181631525,95.539175133,25.57,15.68,88,3885.0,1.631,89.3,1,,1.28,0.33,trailing_stop,1.1877416975245038e-07,1,1,live_higher,1
2026-08-21,2bf6b2d9-1f21-4b65-9c89-28123a5d6e4a,3udXrBjy86AJPR6kKCth7T7o4VvhdXUDXcEvMseHmD15,2026-08-21T08:10:39.390081+00:00,2026-08-21T08:11:44.802121+00:00,1.0219909982943703e-07,1.0695108642335908e-07,0.002324867,trailing_stop,1,2.0277675170898437,9236.23103489926,10765.08646800221,369,97,466,1.1584045817214665,8370.094626994562,,98.15903165463257,1787299840000,121.341,9669.125249514036,93.085962777,68.97,59.76,507,12125.0,1.154,83.1,1,,-0.46,-0.46,trailing_stop,1.396581438724734e-07,1,1,live_lower,1
2026-08-21,b9f68008-1574-4cfb-b1a5-41316bdefd7e,BVcVhepFqi2wizh4wzsKh4FoYEicHCCZgTxeUnFEpump,2026-08-21T08:10:50.993052+00:00,2026-08-21T08:11:45.026272+00:00,5.8970701200482845e-08,5.425304510444422e-08,-0.004,hard_stop,0,2.020798799641927,5350.612031339653,1925.783740248297,50,13,63,4.676114011512637,3967.814636205803,,99.6877919288597,1787299855000,124.627,5636.419033747954,13.89173838,17.87,4.0,65,2059.0,4.468,91.2,1,,-1.46,2.61,hard_stop,5.425304510444422e-08,0,1,live_lower,1
2026-08-21,535924cb-5bd9-4e9d-93ca-6296809b9c49,29MxMuwtqkSEyaCg7kGQdn4Cj4CG6nE3VDKhdbhkpump,2026-08-21T08:11:13.630979+00:00,2026-08-21T08:13:14.891968+00:00,8.467440154857276e-08,1.3028169379240644e-07,0.02693098,trailing_stop,1,2.014497566731771,7684.195847671808,24601.789733731828,388,258,646,1.1786060949612214,4740.92795650245,,86.1145751855993,1787299875000,122.251,8099.701711619079,23.77281622,145.83,127.93,661,25783.0,1.14,82.8,1,,-1.54,5.06,trailing_stop,1.2556759428726785e-07,1,1,live_lower,1
2026-08-21,097ae0b0-efab-442b-9559-021770c66fa9,FUXbpVuGnWguqJBLVtbHaHmoUae2F6ZcwfkiH59Upump,2026-08-21T08:12:23.998823+00:00,2026-08-21T08:13:15.071588+00:00,1.0079521904310909e-07,1.1468473756530309e-07,0.006889969,trailing_stop,1,1.8664256713867187,7140.285365321292,6568.754620222428,152,74,226,1.7809573234124565,4845.997630206557,,85.1716446795368,1787299945000,122.859,10446.473371020349,29.778469405,53.67,26.92,254,7590.0,1.994,99.9,1,,-9.13,-9.53,hard_stop,9.273160151966037e-08,0,1,live_lower,0
2026-08-21,e35d4403-a58c-4bd7-8c37-145d7778665d,4LGWqwfeDGrLVx5PAJaL6PCVren43huvqqTBfabpS9cd,2026-08-21T08:10:21.816963+00:00,2026-08-21T08:13:44.597882+00:00,1.3722896427195098e-07,1.6869291065793258e-07,0.011464033,trailing_stop,1,2.017678955078125,12003.557085681072,11465.964510717859,185,106,291,1.365275877806283,9831.269254236779,,97.0400783051065,1787299820000,119.166,12935.2949414046,111.642732919,80.62,58.83,321,13133.0,1.37,87.4,1,,-0.09,-1.22,trailing_stop,1.70466351448932e-07,1,1,live_lower,1
2026-08-21,60fc1dc8-9947-41cb-8ce0-cfd8f0fd4627,6ypSUjkn1RRAmC5Nw7HkFZqxVc2csCntfgSyX16ZgCuC,2026-08-21T08:14:05.758901+00:00,2026-08-21T08:14:15.008233+00:00,4.822815887474069e-07,4.4369906164761436e-07,-0.004,hard_stop,0,1.485166231282552,27596.886186105818,4630.982074099775,153,153,306,1.351480534635951,692.2661984629055,,95.5312876589269,1787300045000,119.44,44977.47057335455,10.916672964,55.07,44.32,614,9361.0,1.242,84.8,1,,0.99,3.59,hard_stop,4.4369906164761436e-07,0,1,live_higher,1
2026-08-21,fabcd69f-b5cb-480c-a479-f8c5a1dba416,8zfK9GedTy9V5m2qGoosYC6HSfMhTWaHKANXewPTrHrv,2026-08-21T08:14:03.231137+00:00,2026-08-21T08:15:14.826259+00:00,2.7089497874638015e-07,2.852500852587991e-07,0.00264957,trailing_stop,1,1.535166231282552,21697.017475468234,1691.766538474937,155,63,218,3.380523193013787,901.620812224133,,99.9914451975852,1787300045000,122.606,24867.73702838146,10.934435424,9.58,6.75,332,1538.0,1.419,78.0,1,,2.59,1.33,hard_stop,2.4922338044666973e-07,0,1,live_higher,0
2026-08-21,abeb4db3-151d-43e6-b9b5-acd96bae0381,H2kJogbhEBpF68NKH11GYMx13trsoDDxwwwc4LVWra6e,2026-08-21T08:14:12.393173+00:00,2026-08-21T08:15:14.962534+00:00,3.684703896280043e-07,9.211759740700107e-07,0.075,take_profit,1,1.0349534342447917,44367.94349460988,4545.907242647978,131,162,293,1.5429501197575703,975.5161294249416,,95.4569060092859,1787300050000,119.551,32472.37634802559,9.423246397,61.94,52.73,768,10800.0,1.175,83.5,1,,6.87,6.92,take_profit,9.211759740700107e-07,1,1,live_higher,1
2026-08-21,5aff4312-cdec-4fa0-b4ab-270e080b0c8d,J6Zifp5im7yyAEFZgC9KJadmwq7HSFZKzw3nFy3apump,2026-08-21T08:14:30.957940+00:00,2026-08-21T08:15:15.132579+00:00,6.238412660436986e-08,6.640999234504051e-08,0.003226675,trailing_stop,1,1.3257159057617187,6466.440357095756,10551.070163386106,107,79,186,1.3618508602888415,4350.9845477118615,,98.2464046411367,1787300070000,120.391,5889.69892935297,15.833484924,79.68,68.27,269,13934.0,1.167,83.3,1,,-0.24,-0.68,hard_stop,5.739339647602027e-08,0,1,live_lower,0
2026-08-21,d1ac6dd1-6008-4ce0-9a6e-945e73559005,284xRYUEmDKR6ompfDQbPCA8pn1L9HXfGCMp7bnBpump,2026-08-21T08:13:41.689216+00:00,2026-08-21T08:15:44.770428+00:00,7.088824107143736e-08,1.1263955080751822e-07,0.029448685,trailing_stop,1,1.7358395914713542,6427.039625939969,16801.133703538188,205,154,359,1.2207069617337971,4321.331632496856,,98.5513975330225,1787300020000,120.452,6599.932765497157,17.819800822,99.77,84.27,369,17333.0,1.184,83.7,1,,1.16,1.14,take_profit,1.772206026785934e-07,1,1,live_higher,1
2026-08-21,37cafdf6-2cfa-4f41-bcd2-d16a02ed2395,2BP6onM2qdHhHB9NqeM57wU2veWYagKncQQn3fWVQ6N3,2026-08-21T08:15:25.620063+00:00,2026-08-21T08:15:44.946184+00:00,5.127386277150905e-07,4.717195374978833e-07,-0.004,hard_stop,0,1.6464168538411459,38487.92022703734,38283.73973190868,189,167,356,1.3667927957677588,7320.570376337974,,92.59350243819439,1787300125000,120.347,43071.09314457804,92.997824474,359.83,290.77,570,61274.0,1.237,84.7,1,,12.12,7.36,hard_stop,4.717195374978833e-07,0,1,live_higher,1
2026-08-21,aae604a8-9e49-47ac-bba4-09a33321a754,EA9rSr36YjA33nSY61MpEDesyM3gr9JaVUzgqevNpump,2026-08-21T08:16:49.504226+00:00,2026-08-21T08:18:14.666131+00:00,9.52816773984974e-08,8.765914320661761e-08,-0.004,hard_stop,0,1.9260189453125,7924.922184623505,9553.961881963343,102,61,163,1.5707725377450006,4843.79563106824,,95.80585502719319,1787300210000,121.852,10053.219900604947,28.618369845,70.43,44.77,187,10850.0,1.573,91.5,1,,-10.74,-10.86,hard_stop,8.765914320661761e-08,0,1,live_lower,1
2026-08-21,196848d8-0e1b-482c-98c2-3eda72155644,p1WUpHHV1BeJs35TDdnEM6h1ox4ipbUbrrKxvqcRrao,2026-08-21T08:17:47.205489+00:00,2026-08-21T08:18:24.642452+00:00,4.6319878902517966e-07,4.261428859031653e-07,-0.004,hard_stop,0,1.2222930745442708,29222.096611827674,4435.632066790578,134,168,302,1.389718222015329,796.0805211851975,,95.42043098370848,1787300265000,119.28,26457.664645244862,10.467358135,61.67,54.38,702,10930.0,1.134,82.7,1,,64.88,58.24,hard_stop,4.261428859031653e-07,0,1,live_higher,1
2026-08-21,0f647968-f6b7-4873-ae9f-63899dad616f,AWgrE7juMpJXYP2kiCA4pXrcK8JezKxSHZzssknv2AUe,2026-08-21T08:18:43.455159+00:00,2026-08-21T08:19:24.610822+00:00,9.228029196922584e-07,2.307007299230646e-06,0.075,take_profit,1,0.6557449788411458,40799.1230886383,1878.8728355228645,62,68,130,2.6055083817988605,924.0760935601025,,95.1154515911547,1787300325000,123.12,71967.95297477044,14.160126687,71.86,58.9,875,12315.0,1.22,84.4,0,mcap,20.76,23.2,hard_stop,8.489786861168778e-07,0,0,live_higher,0
2026-08-21,dfe8f388-0f75-472c-9e9c-daefcab1f246,8j3ewTPAR6pVdt4LPVR125KjPaUWfp8g1ufDx2X5htBa,2026-08-21T08:19:31.023742+00:00,2026-08-21T08:20:54.945232+00:00,2.87961436773548e-07,5.368985475461308e-07,0.043224036,trailing_stop,1,1.671151493326823,35510.1424408984,8484.29672468322,262,312,574,1.2193211677721025,924.0994818126766,,95.6605845750851,1787300370000,119.803,30437.169045696206,8.451419779,72.61,64.46,858,12909.0,1.126,82.5,1,,-10.9,-16.71,hard_stop,2.649245218316642e-07,0,1,live_lower,0
2026-08-21,a5401936-b6ea-4365-9ce4-539cdeab090e,ADjGUvcxctYEh1NjEmBdoVxbLzAZhMHMdtUDqEpUpump,2026-08-21T08:20:05.174933+00:00,2026-08-21T08:21:24.991973+00:00,5.907436242960891e-08,5.43484134352402e-08,-0.004,hard_stop,0,1.904738741048177,5308.144011626586,7890.184877509695,80,61,141,1.3648038440260861,3943.312803418715,,82.03860250752409,1787300390000,106.168,5638.0879695892245,13.898236059,50.36,36.74,141,8203.0,1.371,87.4,1,,-1.32,-0.94,no_exit_within_window,,0,1,live_lower,
2026-08-21,fa454647-368e-494c-a950-4cf39bcb9848,EC3X6LDKtD7VmoCBMFVJWMLQyc697AZjhzve4az7oWjE,2026-08-21T08:20:33.097619+00:00,2026-08-21T08:21:25.183978+00:00,5.050686547377348e-07,7.151337726003861e-07,0.020795699,trailing_stop,1,1.355114921061198,43276.46498550483,7177.771347419694,209,280,489,1.3094370478663138,961.3500576988753,,95.3272399968082,1787300435000,122.609,45146.64455433852,11.13411205,62.75,51.89,889,10796.0,1.209,84.2,1,,5.36,10.76,trailing_stop,9.048241638497932e-07,1,1,live_higher,1
2026-08-21,c7559945-3b2f-40b7-8cc1-2b11ded0af7f,8VNgJB53HYnkRXm3L6o9zdczLqcDzD4Xjmk9e46Tpump,2026-08-21T08:18:47.436241+00:00,2026-08-21T08:23:54.734494+00:00,2.8293688841338747e-08,2.958789098453466e-08,0.002287086,trailing_stop,1,0.5890783121744791,6214.510530193479,4777.168784216565,38,22,60,1.82523677383774,4381.827009029043,,100.0,1787300330000,123.981,2633.179991186725,1.1324e-05,40.7,43.7,115,7949.0,0.931,78.6,0,mcap;pool,1.2,-5.64,no_exit_within_window,,0,0,live_higher,
2026-08-21,e5d11aab-d8b0-4776-b64d-478d508d5116,FdExGT9GMi8UnE86aw6MhjND96ptgELdbZdrXbGMpump,2026-08-21T08:23:30.178328+00:00,2026-08-21T08:24:24.867782+00:00,1.213148213902375e-07,1.1160963567901851e-07,-0.004,hard_stop,0,1.3408540608723958,9651.33434963045,14776.869878206631,197,101,298,1.4226785326760905,5317.13707408207,,78.8570149453139,1787300610000,121.131,9437.086016539917,29.116723892,115.42,99.85,444,20274.0,1.156,83.1,1,,21.07,20.88,hard_stop,1.1160963567901851e-07,0,1,live_higher,1
2026-08-21,4d65e061-8133-4bd4-903a-34e317467650,CHPy4GnqAkSzewZeqwNhWLxGzABrRPJWh8GoepUC1oZk,2026-08-21T08:24:34.495139+00:00,2026-08-21T08:25:04.979948+00:00,8.173375701824009e-07,7.519505645678088e-07,-0.004,hard_stop,0,1.2094376627604166,35806.288901569984,6475.854116518985,199,257,456,1.628001308028136,1546.9884371143303,,96.4695225487676,1787300675000,122.337,81903.51808661588,25.18919339,95.69,70.55,968,15656.0,1.356,87.1,0,mcap,-6.02,-5.98,hard_stop,7.519505645678088e-07,0,0,live_lower,1
2026-08-21,a3fd4395-4a80-4058-b7ab-75780991d572,2Cg2g8C7bWVCo3PLuGHngcquoC7gUM45jNPGwTrCpump,2026-08-21T08:19:22.044342+00:00,2026-08-21T08:25:34.632655+00:00,5.266349286833705e-08,6.35531343697098e-08,0.01033889,trailing_stop,1,1.3772866333007812,6574.922552507804,15917.884274435175,196,122,318,1.1647474409144667,1241.4842209581177,,99.99089217469268,1787300365000,123.854,461874.7906644917,464.373104,8663.82,8464.3,358,1613126.0,1.024,80.5,0,mcap,-98.93,-98.93,take_profit,1.316587321708426e-07,1,0,live_lower,1
2026-08-21,884d5f52-535e-4a45-bdc5-a5f803028296,5jriGup2GqKaLUYkmzoVx1n19cyC6hzT98nUbUQQpump,2026-08-21T08:25:45.193651+00:00,2026-08-21T08:26:04.810624+00:00,1.6820946881658465e-08,1.5475271131125787e-08,-0.004,hard_stop,0,1.50616669921875,22733.3973961009,1482.2426825726327,67,53,120,1.062629256858963,3040.855601389323,,100.0,1787300745000,120.293,1579.5725506213776,0.084242175,13.06,13.1,216,2464.0,0.996,72.3,0,mcap;pool,100.59,135.4,hard_stop,1.5475271131125787e-08,0,0,live_higher,1
2026-08-21,d1b227fb-caf0-4f82-b3fb-be518899d4e4,DeCUygdRRircfUt9MY59AQzbQ1YG3EKLcA1UjM9jpump,2026-08-21T08:25:50.722751+00:00,2026-08-21T08:26:34.801207+00:00,4.040574779944964e-08,3.717328797549367e-08,-0.004,hard_stop,0,1.6729423746744791,5655.854636915012,25521.042680781822,219,211,430,1.1102271809436726,4071.178119411721,,99.0970211812485,1787300750000,120.564,3870.53548491446,6.371957325,138.82,142.33,467,26478.0,0.975,79.5,0,mcap,-1.68,-1.68,hard_stop,3.717328797549367e-08,0,0,live_lower,1
2026-08-21,8c0ea5c3-72c4-4cd5-94b7-d60e4370ce0e,5KwGn74KiFVBMUrUMkhFCu7UMy2F6WztiKjEFbCZpump,2026-08-21T08:26:30.353735+00:00,2026-08-21T08:26:45.183308+00:00,1.1988893796767035e-07,1.1029782293025673e-07,-0.004,hard_stop,0,1.642431339518229,9559.97198555835,11797.781095931263,118,73,191,1.5670758233087352,5344.998967589506,,94.641063633611,1787300790000,120.741,10426.792349513153,29.697614632,82.29,56.59,220,13079.0,1.454,89.1,1,,8.29,10.04,hard_stop,1.1029782293025673e-07,0,1,live_higher,1
2026-08-21,dd69baa1-36e5-4fa7-a0ad-b43f7efefd1e,FeejcZ9VkPk4Dj2NYkjHRcLsSPVdWz1XEwaisBX3pump,2026-08-21T08:27:04.105727+00:00,2026-08-21T08:27:15.129869+00:00,2.4188073543084163e-07,2.2253027659637432e-07,-0.004,hard_stop,0,1.5031254435221355,18685.376704699687,11076.118533391564,134,64,198,2.479389774957383,7569.267756737239,,59.5244409334969,1787300825000,121.614,23422.25595167416,59.473722639,121.05,61.58,282,17200.0,1.966,99.3,1,,-2.74,-4.49,no_exit_within_window,,0,1,live_lower,
2026-08-21,71818a11-41ef-4acd-b30d-16aa5dfdaba5,HNxSKEb9ySMdtnKy3oVKZqZ5h6Qre2EStLAexJD9YMbw,2026-08-21T08:26:16.349515+00:00,2026-08-21T08:27:44.817393+00:00,4.0008762665538994e-07,5.354317283316031e-07,0.016914307,trailing_stop,1,1.4401449991861979,26045.700232577634,6819.928113834389,248,305,553,1.2151559829205598,750.6458624995616,,95.85660306878651,1787300775000,119.984,39654.05208981586,9.75437303,60.4,50.55,880,10450.0,1.195,83.9,1,,-4.98,-3.38,hard_stop,3.680806165229588e-07,0,1,live_lower,0
2026-08-21,a432a22b-f1ec-4bd2-8a15-a2fb3204b288,ACzJGUKS3bGzULRc3S377gWqm1WRrERywZhaB5HyBKsN,2026-08-21T08:28:03.802848+00:00,2026-08-21T08:28:15.113840+00:00,3.967672792744383e-07,3.6502589693248324e-07,-0.004,hard_stop,0,1.1995907063802083,26385.56145647696,1521.9125295640624,114,27,141,5.720869471745688,1076.6414686196306,,99.14534143960779,1787300885000,122.167,32471.98085577918,13.23553091,12.34,7.48,281,1867.0,1.649,83.6,1,,15.08,15.08,hard_stop,3.6502589693248324e-07,0,1,live_higher,1
2026-08-21,9c221ec4-1f40-4ebc-be0e-adccdbc0602b,HD7aDfY2uxgw4icYFXLzFemAHZew2jvnzPLYTp6jgXSS,2026-08-21T08:28:34.980220+00:00,2026-08-21T08:29:45.150935+00:00,2.4217931751102236e-07,2.228049721101406e-07,-0.004,hard_stop,0,1.4858822428385416,31771.86854948725,7152.242172968121,213,247,460,1.241567711857867,798.012789416421,,97.0094719881205,1787300915000,120.462,25976.28499035133,7.431965818,72.9,65.68,829,13051.0,1.11,82.2,1,,-12.2,-10.92,trailing_stop,4.821116595242999e-07,1,1,live_lower,0
2026-08-21,6c3f5603-4f86-471d-a049-28e4a4775993,51UHZksSmnoYiC35Y5SxUn21axtpdJLBVCasLaajpump,2026-08-21T08:29:55.349124+00:00,2026-08-21T08:30:15.288349+00:00,7.462299109381161e-08,6.865315180630668e-08,-0.004,hard_stop,0,1.2246341064453126,8382.65166728867,5524.546126662766,37,17,54,2.3525138880554337,4969.307687105294,,99.7279924045101,1787300995000,120.77,6730.495579962966,18.47880436,38.55,27.52,82,6222.0,1.401,88.0,1,,4.42,8.35,hard_stop,6.865315180630668e-08,0,1,live_higher,1
2026-08-21,bdd64bff-f12f-40f2-92b9-9e1ac66f7c32,2uPNqshnMDkHFD74xkfowuBR3CqcjRB81rfAkH7YsGTS,2026-08-21T08:29:04.654534+00:00,2026-08-21T08:31:15.078718+00:00,2.4212156972437075e-07,2.734539705019387e-07,0.006470386,trailing_stop,1,1.5029587117513021,21434.352927226533,1405.6290139083999,128,37,165,3.4791664389868395,778.0517965351767,,84.4417222891898,1787300945000,120.861,23570.439794204278,8.990434964,5.91,4.94,259,1022.0,1.196,68.0,1,,-3.26,-3.18,trailing_stop,2.7797382919524587e-07,1,1,live_lower,1
2026-08-21,77bae61a-2e39-4b4e-aeee-53770c93d495,9FqkLgbfX8PfUnYu1y7cYUq6CbvuwYFzwP3D9QnxvzZx,2026-08-21T08:23:31.738188+00:00,2026-08-21T08:33:54.678681+00:00,2.867229075830736e-07,4.6181233879411095e-07,0.030532864,time_stop,1,1.3075207275390626,24226.27372406553,12522.522884188555,359,55,414,2.803012819435592,13700.106951674905,,98.47250384879959,1787300610000,118.872,26823.177317623296,156.428067559,153.19,82.24,836,22173.0,1.863,97.3,1,,0.67,0.67,time_stop,4.514250531336175e-07,1,1,live_higher,1
2026-08-21,27a86938-b16f-4e8e-a806-0c607ae5e724,EVRBs6X6r1kWJ9U3Z25FnECoRVtUo4BVLsU8GSr77ibV,2026-08-21T08:31:44.088855+00:00,2026-08-21T08:35:25.200463+00:00,6.831327250319842e-08,1.7078318125799604e-07,0.075,take_profit,1,0.8915502848307292,6635.923735520455,8311.532100246528,95,57,152,1.5063770074764096,4495.819305169051,,96.4250209832091,1787301105000,121.771,6404.064763252683,16.898388417,83.86,67.93,270,14295.0,1.234,84.7,1,,0.46,5.23,take_profit,1.7078318125799604e-07,1,1,live_higher,1
2026-08-21,75e75dee-f160-49e7-9240-6e442d58f31c,7Gtt5o8MJcZ1QSKWZSF915ySxz5PXx6iGruGq8JcXkGK,2026-08-21T08:26:24.787712+00:00,2026-08-21T08:36:54.700366+00:00,4.853549451723185e-07,5.26441969926148e-07,0.004232678,time_stop,1,1.290144999186198,42198.112440122306,14260.648513412696,107,99,206,1.1071251774143345,19877.49600735577,,99.84019547958066,1787300785000,121.153,46375.39866494729,224.767372498,154.4,139.28,386,27659.0,1.109,82.2,1,,-1.43,-0.85,no_exit_within_window,,0,1,live_lower,
2026-08-21,daf03bf2-a878-4ae8-bc18-6d5f2f26248b,FRe6ecxTt1PnugAQyT8Wg8XJ2BufyhStYQdrA95xQsbd,2026-08-21T08:36:33.971277+00:00,2026-08-21T08:36:55.345807+00:00,2.7203803667142916e-07,2.5027499373771486e-07,-0.004,hard_stop,0,1.401099198404948,36383.32444311636,5375.411756187329,198,213,411,1.3738624841971747,847.1727524380108,,96.8359853109461,1787301395000,121.966,17067.573560999692,5.918216044,61.79,56.75,838,11163.0,1.089,81.8,1,,50.11,48.21,hard_stop,2.5027499373771486e-07,0,1,live_higher,1
2026-08-21,fda77d36-0088-4e18-bd57-68e21299e7b8,CrRFYWj9GxExFkdRvUh72mHCK6FRa5oH1jGPXqApmoon,2026-08-21T08:28:28.361141+00:00,2026-08-21T08:38:24.681817+00:00,3.5635659743984996e-07,3.2784806964466195e-07,-0.004,hard_stop,0,1.4161900634765625,32521.56425897135,7791.665861580731,27,0,27,7791.665861580731,7791.592052264406,,99.7640695477748,1787300910000,122.908,3068050.2108939923,7801.541038,340.74,0.0,29,32091.0,340.745,76.3,0,mcap;buy_sell,-98.91,-98.91,take_profit,8.908914935996249e-07,1,0,live_lower,0
2026-08-21,262c474b-68f0-46a4-92eb-07a174d1976c,H2NaHuHC2UVkjpt2Bo92tQ1nN1XPVgkxMwPAnvfXzYve,2026-08-21T08:37:51.252325+00:00,2026-08-21T08:38:25.303522+00:00,8.409204380862324e-08,7.736468030393338e-08,-0.004,hard_stop,0,2.025251180013021,7914.0592261249085,193399.8672917699,1757,1697,3454,1.0443568206768887,2204.235734876215,,84.40578739161508,1787301470000,119.216,7401.90749328185,22.571754387,1093.12,1048.95,3483,201740.0,1.042,80.8,1,,7.0,7.02,hard_stop,7.736468030393338e-08,0,1,live_higher,1
2026-08-21,dd957634-ee85-45f2-916c-6888a66be0e1,2Ny1UoUvqAagapaiKootErddwaTCGPjadtG5efBDDckm,2026-08-21T08:37:36.684497+00:00,2026-08-21T08:39:55.059576+00:00,9.91858307382117e-08,1.1622491772690606e-07,0.008589476,trailing_stop,1,1.0800645955403645,8335.0264249251,8832.871820752043,95,111,206,1.064742871583845,8263.122850246666,,98.94381540597008,1787301455000,118.483,9540.55167859767,93.1597141,150.02,141.85,590,27488.0,1.058,81.2,1,,-2.09,-3.14,trailing_stop,1.2391593043478396e-07,1,1,live_lower,1
2026-08-21,95d69d87-2302-4f8f-a927-ad4c38a529f5,GJXBtiYSqU4CvJDkP7SfP8QSFJvnWQFNLUVWqEbfc9aS,2026-08-21T08:38:53.754147+00:00,2026-08-21T08:40:25.149176+00:00,1.9047674436815492e-07,2.1172959451708904e-07,0.005578857,trailing_stop,1,2.0135536458333334,17838.715303758963,2788.674232330725,244,74,318,1.9396711935840412,905.0813008444001,,99.9851751546819,1787301535000,121.401,19218.944514279374,10.130490728,13.92,11.76,342,2419.0,1.184,75.9,1,,-6.66,-8.1,trailing_stop,1.9998476984491172e-07,1,1,live_lower,1
2026-08-21,c8e9af2c-a118-420f-ac69-2c281af9ca4a,2nHcdQzCq1DvpQdEEEuKYGNwX6JGjyrp1tw5gokePa6S,2026-08-21T08:38:58.378351+00:00,2026-08-21T08:41:25.044721+00:00,3.3660926757198683e-07,3.096805261662279e-07,-0.004,hard_stop,0,0.9682863525390625,26608.535268714848,1440.8844695532466,109,24,133,6.866976644584678,1075.2587045194155,,99.4102871261582,1787301540000,122.928,31788.707457809454,13.010185683,11.14,6.42,303,1653.0,1.735,84.7,1,,-0.27,-0.27,hard_stop,3.096805261662279e-07,0,1,live_lower,1
2026-08-21,2fbfcbad-62d3-4a93-a97a-567bfe407267,FxXbN3u6sdBoVv7ayzcy8XZAe27vgrxqiWTjKGU6pump,2026-08-21T08:31:32.355732+00:00,2026-08-21T08:41:54.773442+00:00,2.82598117127059e-08,2.7780337629327086e-08,-0.000848332,time_stop,0,1.008447977701823,5745.390229298553,3184.5973732403136,28,12,40,2.3994067815612214,4051.6585839445643,,100.0,1787301085000,114.475,2637.3777452091085,0.023914455,25.07,27.55,66,4956.0,0.91,78.1,0,mcap;pool,0.91,1.08,no_exit_within_window,,0,0,live_higher,
2026-08-21,7536ceaa-a791-4eb2-887b-8b2dcc3601b4,GqkEggJiBfYFYkKbFzaDDDb7GK2Va7UQL9zgxkpAueLB,2026-08-21T08:41:46.666155+00:00,2026-08-21T08:41:58.266514+00:00,2.905572621262898e-07,2.6731268115618664e-07,-0.004,hard_stop,0,0.948946142578125,30214.062141268685,3402.0666993059513,108,121,229,1.5014228005853136,735.3867725985418,,96.2728816429948,1787301705000,119.42,16504.51364446794,7.224326127,66.18,61.28,840,12005.0,1.08,81.6,1,,65.8,59.93,hard_stop,2.6731268115618664e-07,0,1,live_higher,1
2026-08-21,ceae9f5f-5232-4bc4-a965-2b9674bfc093,H3bkY5JsbxKXRtgviXeDM5sP9FYpWjKQAuvdareTpump,2026-08-21T08:40:50.688653+00:00,2026-08-21T08:42:54.890786+00:00,7.869359106624409e-08,1.8008318602934575e-07,0.064420491,trailing_stop,1,1.1764630940755207,5154.035217013744,10343.89251072867,84,88,172,1.2532029634203594,3919.012393969435,,89.99564958251679,1787301650000,119.918,8325.46416530868,24.964406145,132.26,113.42,405,23138.0,1.166,83.3,1,,-10.98,-10.98,trailing_stop,1.827040635254533e-07,1,1,live_lower,1
2026-08-21,eb96c051-ed71-4dbf-8e88-f816bf7026f9,4VwC7XPHCoMFBMwjftH8cDrQtdtvTd9hxTDKTsuPpump,2026-08-21T08:33:58.536725+00:00,2026-08-21T08:44:24.733225+00:00,5.202031752184024e-07,5.202031752184024e-07,0.0,time_stop,0,1.6187351399739582,47616.01268395201,7328.717912686165,67,11,78,3.2228297595771234,43290.85976568757,,97.1803634790173,1787301240000,122.957,49266.622740848805,475.479700467,65.25,21.75,99,8194.0,3.0,100.0,1,,-0.56,-0.73,trailing_stop,6.038789402875117e-07,1,1,live_lower,0
2026-08-21,7e64cac3-6a84-4301-b3ce-49173d13dfeb,LkGunuxTBzHKbX5b4nj6mhbAKP3qPjFgHaDotN7pump,2026-08-21T08:44:46.758008+00:00,2026-08-21T08:45:55.144050+00:00,5.771550145188885e-07,6.747589046903834e-07,0.008455604,trailing_stop,1,1.0021674845377604,32655.257159048433,10542.486989596637,117,29,146,5.064580728620484,9842.300235454713,,45.96586663002524,1787301885000,118.755,56824.62412745856,87.143241378,236.59,133.57,647,34861.0,1.771,95.4,0,mcap,-4.34,-4.65,trailing_stop,6.713596492273458e-07,1,0,live_lower,1
2026-08-21,1bdb5bca-6584-444e-bd82-7d323b6b249e,3y6jBm2W12xKjGNKh4GEau71zDrMurKxnNQivfoJgcEV,2026-08-21T08:45:57.980517+00:00,2026-08-21T08:46:05.327483+00:00,6.450782847760147e-07,5.934720219939336e-07,-0.004,hard_stop,0,1.785771016438802,37347.14556923447,8621.25954028675,324,371,695,1.1442388800581325,579.586614280882,,95.49675390449599,1787301960000,123.309,40522.63972563209,7.754831956,64.31,57.81,906,11502.0,1.112,82.2,1,,49.92,38.26,hard_stop,5.934720219939336e-07,0,1,live_higher,1
2026-08-21,ff501984-9bf1-40ad-a458-6075f562a901,BULLFqfQbpU6Sa5wDtgnSgJWQw2Z4ySabfGTTLTmw2jN,2026-08-21T08:45:12.287784+00:00,2026-08-21T08:46:10.186552+00:00,1.0375068120220977e-07,1.3818818341371402e-07,0.016596278,trailing_stop,1,1.4993998697916666,8260.98984838927,2308.3684934878183,26,2,28,83.59645136497693,2253.6254043024546,,98.24786712004,1787301910000,118.623,10514.892667485423,29.754646674,22.26,1.18,44,2207.0,18.912,91.6,1,,-7.07,-7.78,hard_stop,9.5450626706033e-08,0,1,live_lower,0
2026-08-21,f008721a-4616-406f-bcbd-d5d102f14306,5yxq5nFJWP6cwdvUYintyYNtejYU8MHv8JXMmABmpump,2026-08-21T08:43:19.289212+00:00,2026-08-21T08:46:50.022759+00:00,0.0005772749761008664,0.0006012163144031282,0.002073651,trailing_stop,1,1.5236733927408854,49423.76577683955,12588.050632739974,65,12,77,4.056055400007285,40314.08710824816,,92.8046912798854,1787301800000,125.047,54262135.96418155,452.8667573,133.66,36.39,102,16016.0,3.673,70.2,0,mcap;vol_mcap,0.19,-0.22,trailing_stop,0.0007110755643379143,1,0,live_higher,1
2026-08-21,bb675c83-43a6-47d7-a06c-510dc43f422f,2yJGopspQF9qticZyfia6jumUzKZvorwwN63tkAfoTWj,2026-08-21T08:43:18.597862+00:00,2026-08-21T08:48:54.912236+00:00,1.2469316613091147e-07,1.1471771284043855e-07,-0.004,hard_stop,0,1.4560412638346354,10690.996441524952,17716.13630486942,287,179,466,1.1698724756835588,9203.879278665861,,90.69895456738975,1787301800000,136.705,11558.210404224044,102.912282496,178.12,160.54,924,31895.0,1.11,82.2,1,,1.6,1.6,hard_stop,1.1471771284043855e-07,0,1,live_higher,1
2026-08-21,21019c53-488d-4a2b-908c-4262c348443a,6t4XbZ7bTtvNbyAegYDYn6iPLyPoggYaPY9mtLoMEsRq,2026-08-21T08:49:20.332452+00:00,2026-08-21T08:50:05.069448+00:00,3.4406909027803424e-07,3.9203776696234754e-07,0.006970791,trailing_stop,1,2.0198753051757814,27852.353254270693,5969.560306787478,198,236,434,1.2639888386622262,698.6709531851992,,95.9746840924735,1787302160000,121.143,31827.141638580302,8.710600553,41.56,33.21,499,7042.0,1.251,85.0,1,,1.81,4.76,hard_stop,3.1654356305579153e-07,0,1,live_higher,0
2026-08-21,4325422a-1871-43f8-92a5-74b7d636d529,Do7P6kVW4TKFG8n2t8BDcQDUwMPKPHn5nuzgn7j6pump,2026-08-21T08:47:29.818109+00:00,2026-08-21T08:50:34.865997+00:00,3.396601172461543e-07,3.1248730786646196e-07,-0.004,hard_stop,0,2.014906229654948,31526.04618185686,8322.667353409823,32,12,44,10.516044960610506,9674.002011765617,,99.997056811521,1787302045000,115.965,32090.074460301785,74.728891735,14.68,7.87,44,2124.0,1.865,88.7,1,,-0.31,-0.29,hard_stop,3.1248730786646196e-07,0,1,live_lower,1
2026-08-21,2d8b3f2b-283e-41d1-b737-74f22fb879ec,6rFKNqoQ6qFHYYna5BFVhdy8vgtcn4qoNjeKUgjNXAke,2026-08-21T08:49:38.204308+00:00,2026-08-21T08:51:09.867815+00:00,1.3177821167147417e-07,1.2123595473775625e-07,-0.004,hard_stop,0,2.0208060953776044,12505.305865512286,16764.03786542786,228,148,376,1.4831051084684912,6150.615769561848,,85.0954846210838,1787302180000,123.341,11790.381265968097,33.481191633,105.67,75.15,380,17030.0,1.406,88.1,1,,5.26,5.15,hard_stop,1.2123595473775625e-07,0,1,live_higher,1
2026-08-21,8d222e20-e09e-47b9-88ae-dd9a5629a097,2SUr2ewzBihMXXtizPHPQ3SMweVsDFii6QvzPu8mmoon,2026-08-21T08:42:25.570652+00:00,2026-08-21T08:52:39.779423+00:00,3.4848245698655523e-07,3.5184785372087243e-07,0.000482865,time_stop,1,1.0255548706054687,32042.547695260153,7698.57364482106,25,0,25,7698.57364482106,7698.685731826119,,99.8999593944051,1787301745000,120.809,3024885.097519353,7710.990735,249.74,0.0,28,23520.0,249.739,74.7,0,mcap;buy_sell,-98.91,-98.92,take_profit,8.71206142466388e-07,1,0,live_lower,1
2026-08-21,f2553b97-d539-40c7-bdfe-153a9ca29ae1,B1UFUrJuBkaSYoYiZDrNhGXxxqXeuq6pDee2P2tyqujy,2026-08-21T08:52:26.841681+00:00,2026-08-21T08:53:09.738794+00:00,2.1344060081801107e-07,2.2723592681515553e-07,0.003231655,trailing_stop,1,2.0273613606770833,19943.281826011742,3192.8157825841436,239,86,325,1.9133719937776326,1016.0206984382831,,99.9819852204993,1787302345000,119.475,21686.615002465387,11.508350823,16.18,12.64,350,2715.0,1.28,78.7,1,,-7.31,-6.15,trailing_stop,2.256623773881512e-07,1,1,live_lower,1
2026-08-21,45007f9c-c613-49bf-8692-017fc762b4c2,RTL8QJ753Yxw5cCmj1Va7V3BAFJUSgYJSg8CTNtpump,2026-08-21T08:54:13.950513+00:00,2026-08-21T08:54:39.741526+00:00,5.971997642312229e-08,5.4942378309272506e-08,-0.004,hard_stop,0,1.9257718302408855,5301.99165884212,1525.9905655259815,28,5,33,8.72780255135965,3993.4246873595603,,99.6716782435152,1787302455000,125.006,5472.658500901034,13.249423184,16.13,3.1,37,1810.0,5.208,90.4,1,,2.77,1.2,no_exit_within_window,,0,1,live_higher,
2026-08-21,95d4f3ce-2611-43ff-aa22-a67f48e4b009,GmA7xR5hQY9V3MSQTs4v6c74CmPG6b3Uyy1WMDufpump,2026-08-21T08:56:03.625807+00:00,2026-08-21T08:56:40.024400+00:00,2.0148920325819683e-07,1.853700669975411e-07,-0.004,hard_stop,0,2.014721797688802,19595.502584444443,35684.415240000635,409,309,718,1.3157283796207675,7648.590749443185,,69.92769212511661,1787302565000,121.451,19543.998248440337,51.731195954,229.84,181.07,770,38700.0,1.269,85.4,1,,-2.9,-0.93,trailing_stop,2.0336715102433138e-07,1,1,live_lower,0
2026-08-21,6af3dd3e-54db-4acd-a14f-b6599db7a0f3,7qHTtLQDYcXyyctcYiMkjWo3HMdvkrf9Cgx7yfSypump,2026-08-21T08:58:19.049287+00:00,2026-08-21T08:59:10.065604+00:00,5.8406546327734116e-08,5.373402262151539e-08,-0.004,hard_stop,0,2.022051403808594,5489.239769120336,5547.046593424162,65,33,98,1.574745458543421,4021.735636526764,,98.1509150413904,1787302700000,122.185,5622.661008263468,13.83813765,38.17,25.16,108,5964.0,1.517,90.3,1,,-2.17,-1.73,hard_stop,5.373402262151539e-08,0,1,live_lower,1
2026-08-21,84ebbc7a-038a-40dd-90aa-21eaebfeb1d3,Bt2CXi19rj1yxwTKUavxC6NhN2kn73FvGHmvx4pDksMZ,2026-08-21T08:59:15.726438+00:00,2026-08-21T08:59:40.062186+00:00,3.761688409846816e-07,3.460753337059071e-07,-0.004,hard_stop,0,2.0153810302734376,30968.230375214054,9108.079664357716,274,344,618,1.1867328215859039,778.389373184474,,96.13886807932441,1787302755000,119.804,31229.41509827556,8.730459313,60.45,52.18,698,10607.0,1.159,83.2,1,,13.44,13.26,hard_stop,3.460753337059071e-07,0,1,live_higher,1
2026-08-21,f423e03c-3c8a-4a9d-a035-3d942ad1f77e,GhpazzXfwsvz1rn48MdRP7GebVw5kQu13TJZcrxQuV6w,2026-08-21T09:00:17.141313+00:00,2026-08-21T09:00:40.177415+00:00,9.222180557382907e-08,8.484406112792275e-08,-0.004,hard_stop,0,2.024964774576823,8536.764545039301,25083.022538639583,207,162,369,1.1993690726801478,5071.826548943154,,96.3850943813033,1787302815000,119.804,8610.4060610905,24.249153054,146.57,123.18,370,25406.0,1.19,83.8,1,,0.87,0.87,hard_stop,8.484406112792275e-08,0,1,live_higher,1
2026-08-21,0f2d260c-c49d-4a70-8ea7-0f78579aa3e9,3DbRUq27uXm9D1AfE1gAQ7jdnp73M4r3mqhMvKjTTHWq,2026-08-21T09:01:21.733985+00:00,2026-08-21T09:02:10.339715+00:00,4.7181855319017085e-07,4.340730689349572e-07,-0.004,hard_stop,0,1.8933696858723958,41950.560577846365,7268.955567194864,189,287,476,1.3090683562254526,975.4393766639838,,96.9839494963135,1787302880000,119.462,43705.46906469328,10.524072223,45.7,35.19,525,7619.0,1.299,86.0,1,,1.67,2.1,hard_stop,4.340730689349572e-07,0,1,live_higher,1
2026-08-21,8c87b2c3-fc47-4237-b16d-68813b4f9a90,8swswvqBs2Uq8L8BzxnDTkiN3kvfgXEcryWPLnyepump,2026-08-21T08:55:06.989398+00:00,2026-08-21T09:05:09.741083+00:00,3.113186784177671e-08,3.110904519405211e-08,-3.6655e-05,time_stop,0,1.677179256184896,8440.06684683068,5981.654340449755,55,15,70,2.2295598917732806,5061.00033376963,,100.0,1787302520000,133.759,2932.7948927204893,1.66080779,46.21,44.65,107,8557.0,1.035,80.7,0,mcap;pool,-0.03,0.7,no_exit_within_window,,0,0,live_lower,
2026-08-21,bded99a7-3402-4dbb-b179-16161665748b,Cag8gEgxFhtMe15frpmQDJzkGqAtrRXUapP18Cnpump,2026-08-21T09:05:16.845895+00:00,2026-08-21T09:05:40.374224+00:00,1.1840861004830057e-07,1.0893592124443652e-07,-0.004,hard_stop,0,1.5153074055989584,12399.676598386231,3492.9331318007803,28,7,35,37.13244645842576,6063.508981650688,,99.6005331697634,1787303115000,118.718,11185.434401009043,31.831185439,36.86,5.13,46,3954.0,7.188,96.9,1,,-0.3,10.3,hard_stop,1.0893592124443652e-07,0,1,live_lower,1
2026-08-21,ea7547c2-cfcc-4d5b-b389-8ec547e95362,85YP1evgs5hCpyq3oVsUQJZfmmZGP2uydC7pHdxkYa1K,2026-08-21T08:55:59.974271+00:00,2026-08-21T09:06:09.743703+00:00,9.950796594921192e-08,9.950796594921192e-08,0.0,time_stop,0,2.020602099609375,8996.448432522937,4563.245024012739,307,42,349,1.2890274815220089,8458.917770629236,,99.8801772979227,1787302560000,121.427,9138.129282977563,92.65995954,31.64,25.75,404,5404.0,1.229,84.6,1,,2.56,2.56,no_exit_within_window,,0,1,live_higher,
2026-08-21,62a00b2c-75b0-4cd0-bcc6-4bfbb0b54c2c,6yrJ8AMcXgG2FsiCVbK3ekc2jXJdH3GoDSpfxaAKTnoR,2026-08-21T09:03:36.514834+00:00,2026-08-21T09:06:40.052630+00:00,1.0484590435480762e-07,1.3205812609311712e-07,0.012977246,trailing_stop,1,2.0278701416015625,9546.226721887895,1863.5649597978518,118,16,134,2.584635888180025,8671.35128520861,,99.98164846130109,1787303015000,120.208,9991.773718847473,94.983451512,15.58,5.59,139,1993.0,2.789,91.0,1,,-1.17,-1.17,trailing_stop,1.487402973753751e-07,1,1,live_lower,1
2026-08-21,a4b61002-b70c-49c6-97d1-6ee7bc1e8d36,883kNKJ1q8siR2z6h523xCo6dc51aXZzEcFFoixguA13,2026-08-21T09:06:15.668360+00:00,2026-08-21T09:06:40.217707+00:00,4.200780627352287e-08,3.864718177164104e-08,-0.004,hard_stop,0,0.798698193359375,5819.090778249563,2548.2706935873957,29,10,39,3.4881636717698807,4176.520264071855,,86.9175757074136,1787303175000,119.761,3554.5529466109692,5.616984238,39.75,35.76,158,7111.0,1.112,82.2,0,mcap,11.3,9.64,hard_stop,3.864718177164104e-08,0,0,live_higher,1
2026-08-21,00d72afb-4cc6-4ade-9170-88d49d62322c,4tER9SyrEXisAeCPrjd9Sow2Ya1h4LTzjedwyi9xLrbc,2026-08-21T09:00:06.615196+00:00,2026-08-21T09:07:09.713181+00:00,1.0929143748464879e-07,1.715645886385512e-07,0.028489492,trailing_stop,1,2.029107743326823,9990.560702108816,6256.070208820307,280,55,335,1.4030991814142804,8813.278989624427,,97.56261378402829,1787302805000,119.594,10541.147370763314,96.826617436,41.85,28.63,367,6638.0,1.462,89.2,1,,-2.35,-3.47,time_stop,1.962001179835874e-07,1,1,live_lower,1
2026-08-21,835d60ea-582f-4e6f-9795-edf6b56201fa,EhwHknxsYGi1Epp1mJiaUsZU4uREiyxGicd9wf9Lpump,2026-08-21T09:06:56.975250+00:00,2026-08-21T09:07:10.160222+00:00,8.378246814584614e-09,7.707987069417845e-09,-0.004,hard_stop,0,1.5182638061523437,6289.922802269295,1115.759079586161,11,7,18,1.2834707500550655,2877.0292121188586,,99.99999999999999,1787303215000,118.96,1352.892778721069,0.03704511,6.98,7.01,43,1317.0,0.995,68.9,0,mcap;pool,16.65,3.03,hard_stop,7.707987069417845e-09,0,0,live_higher,1
2026-08-21,df8491d7-849e-4101-a2b4-a41b68301efb,4hVSgruUJLtinNFJpbALUcwvJ7PPy84mhFFQRAsTCWXm,2026-08-21T09:06:20.279360+00:00,2026-08-21T09:09:39.999762+00:00,1.0176142065931738e-07,1.3640926751519143e-07,0.017024058,trailing_stop,1,0.9158974080403646,8242.959274517107,901.4553486320232,26,9,35,1.8906357866232253,7988.254177509228,,99.6188727040863,1787303180000,120.757,9587.514065363275,93.061961352,28.54,19.87,144,4559.0,1.436,87.4,1,,-0.04,-1.08,trailing_stop,1.5161131482635348e-07,1,1,live_lower,1
2026-08-21,96239301-ebde-4ae4-af73-f9557a4971a1,EwQSTCzALdG87n7TDyWD2sJib7LioUFi1SNHENz32H7e,2026-08-21T09:11:05.971156+00:00,2026-08-21T09:11:40.305659+00:00,3.1184958823395735e-07,2.8690162117524075e-07,-0.004,hard_stop,0,2.019178243001302,26293.13741191649,8769.243072159345,320,378,698,1.158544352928928,645.6217048889616,,96.1075983577928,1787303465000,120.14,27423.68112498389,8.546387589,57.03,49.54,761,10037.0,1.151,83.0,1,,7.1,7.44,hard_stop,2.8690162117524075e-07,0,1,live_higher,1
2026-08-21,540f4572-baf6-4033-abda-c07789e76619,5dPyvsghbFPgAZANacJpijzS94G8e3ppMrCazG1JDCQQ,2026-08-21T09:03:00.819300+00:00,2026-08-21T09:13:09.879800+00:00,1.2178352794294053e-07,1.2178352794294053e-07,0.0,time_stop,0,2.0163597574869794,11146.853229295933,7860.078691206547,196,82,278,1.4831308349814114,9431.829262391668,,98.4772451065404,1787302970000,110.323,11374.041011824258,101.429142689,50.44,34.0,278,7952.0,1.484,89.7,1,,0.84,0.77,no_exit_within_window,,0,1,live_higher,
2026-08-21,9cd3aaad-e2ed-4c09-8336-963208e6fa61,APf3rLMT6UCusGo5uCy8uJ7FKZLfJsKq9vA81mnWpump,2026-08-21T09:12:38.280660+00:00,2026-08-21T09:13:10.538629+00:00,5.7661537495748735e-08,5.304861449608884e-08,-0.004,hard_stop,0,2.026521150716146,5288.68744493829,4079.1311339694716,60,29,89,1.834058511397179,3948.6492249053626,,97.73505768972461,1787303555000,117.404,4646.758241677556,12.412650507,26.02,19.13,93,4252.0,1.36,85.0,0,mcap,16.87,24.44,hard_stop,5.304861449608884e-08,0,0,live_higher,1
2026-08-21,c42654e6-cc08-428b-b486-587ef7345600,BWzHB8hmiHGWuR5x3JHRi8SVHRUCxi7e2TcDC4XLpump,2026-08-21T09:12:35.753853+00:00,2026-08-21T09:13:20.049733+00:00,9.108286654279376e-08,8.379623721937026e-08,-0.004,hard_stop,0,2.0151427571614584,8869.76368063998,26296.211476826567,298,162,460,1.1954426941301657,5229.99476505605,,83.33093070602821,1787303555000,119.674,7994.932199709746,23.491670944,144.42,136.96,483,26501.0,1.054,81.1,1,,7.3,7.09,hard_stop,8.379623721937026e-08,0,1,live_higher,1
2026-08-21,796d4e46-1d7d-4718-b506-b2c68734681d,4BjgUH1A7L7X9St4wQrCDLfMXpjonE2ENoFABRFJpump,2026-08-21T09:13:28.757934+00:00,2026-08-21T09:13:50.062918+00:00,5.5536065476343066e-08,5.1093180238235624e-08,-0.004,hard_stop,0,1.5352968505859375,5261.142198475467,9242.985524580272,90,69,159,1.2953841847498064,3970.8475064935624,,96.6613618242874,1787303610000,122.301,4677.528493006525,12.20541402,57.48,48.18,180,9951.0,1.193,83.9,0,mcap,11.82,12.47,hard_stop,5.1093180238235624e-08,0,0,live_higher,1
2026-08-21,24f3fb7f-cc53-4ee5-a311-4b3cd175a15f,9zqupAVK2JU7FxykQW9vj4yUGtAwBDJDnrEzsucrpump,2026-08-21T09:13:33.374550+00:00,2026-08-21T09:13:55.101968+00:00,1.4711979453303358e-07,1.353502109703909e-07,-0.004,hard_stop,0,1.7349521443684897,12983.430961389466,26551.24267185098,269,190,459,1.297703418703194,6198.072853219079,,74.143181661516,1787303615000,122.769,13981.580527188635,41.091331178,186.12,151.99,571,31844.0,1.225,84.5,1,,-0.9,-3.62,hard_stop,1.353502109703909e-07,0,1,live_lower,1
2026-08-21,2feebc00-2402-4a73-b2ed-2a92498df2b7,GQWD9WobuBUxDpBncoDZnaJmUvRtZDikQEb4fzSrRN3W,2026-08-21T09:07:41.646497+00:00,2026-08-21T09:15:04.737248+00:00,2.390214935694855e-07,3.5886766265072536e-07,0.025070166,trailing_stop,1,1.5651824462890624,20626.350886246528,1140.7456169531158,101,25,126,5.1609652031482725,777.3583799346868,,99.9936571181759,1787303260000,118.832,23042.58149025724,8.942271891,3.03,2.2,170,493.0,1.377,56.9,0,volume,-2.31,-1.28,trailing_stop,3.022948496461727e-07,1,0,live_lower,1
2026-08-21,c3b2c280-a8ff-45d5-a687-de22b9bcff9e,2oEdSr4fAFBQ3YRyNSUEJNgduf2433Prwbr9F4Y2pump,2026-08-21T09:14:21.271519+00:00,2026-08-21T09:15:15.235814+00:00,6.24241723394245e-08,8.100665073790967e-08,0.014884041,trailing_stop,1,1.6494732259114584,8397.213567859128,7862.228104829182,130,63,193,1.787396497959693,4973.057679949308,,99.9348488423019,1787303660000,119.978,6553.4825791822805,17.70880319,54.55,42.16,224,9108.0,1.294,85.9,1,,-10.29,-10.36,trailing_stop,8.228746809769063e-08,1,1,live_lower,1
2026-08-21,62eaeb27-8e2b-4652-98e6-9343c7eeda79,6KXSG1ZqDwgSsDD4DQZCGuoK7xwTKspiDVHWDzKbpump,2026-08-21T09:13:52.145733+00:00,2026-08-21T09:15:44.961608+00:00,6.82967011485367e-08,6.283296505665377e-08,-0.004,hard_stop,0,1.7699029825846355,7600.508965527846,10614.08771195828,93,69,162,1.4435992230185213,4679.760873286239,,99.2692198486352,1787303630000,119.035,6686.829428719456,17.806975414,66.49,53.68,193,11318.0,1.239,84.8,1,,-3.81,-3.83,trailing_stop,6.958051433579387e-08,1,1,live_lower,0
2026-08-21,841993ec-bf94-4823-8bec-6dc37891abcf,fzEFiHav5UtNDAHC9MjgjQugS4gV6hBhrt2yWFDTory,2026-08-21T09:15:11.102487+00:00,2026-08-21T09:15:45.297050+00:00,0.00016311351571458786,0.00015006443445742085,-0.004,hard_stop,0,1.6181475016276041,7504.622479413164,3364.9209494134084,38,16,54,2.1831638655352807,1251.4824566902003,,100.0,1787303710000,119.576,609444.715418226,1103.957056,2688.69,1506.82,69,395133.0,1.784,95.7,0,mcap,-98.74,-98.64,take_profit,0.0004077837892864697,1,0,live_lower,0
2026-08-21,15b5f919-069f-4474-acc4-f44ced8b8685,CWBDuganebPHvmm2Yj2arwhZxhtTn5TFVBEaPjgYzepY,2026-08-21T09:14:14.822058+00:00,2026-08-21T09:16:14.971490+00:00,2.045412947720055e-07,1.8817799119024508e-07,-0.004,hard_stop,0,1.6661224731445312,18502.695338863316,2512.317224250643,144,60,204,2.167783548227845,927.7184871502175,,99.9710379247047,1787303655000,121.107,18924.381744730872,10.175221069,12.97,10.98,266,2256.0,1.181,75.4,1,,1.79,2.45,hard_stop,1.8817799119024508e-07,0,1,live_higher,1
2026-08-21,d549cb31-dee8-4abe-828e-50038fd737f3,5Z24JEYA7bHw8asxh1y8zCP41JURci5oBfb6NFFJT4v5,2026-08-21T09:15:33.990526+00:00,2026-08-21T09:16:44.929511+00:00,2.0437760893766546e-07,2.2598314743627996e-07,0.005285691,trailing_stop,1,1.8485178263346353,17764.239092337586,2273.1575389782342,168,61,229,2.250700082092968,894.0321402529005,,99.98796443910521,1787303735000,121.585,19659.16159079042,10.382509331,12.36,9.95,307,2101.0,1.242,76.1,1,,-2.09,-1.34,trailing_stop,2.1933724073069382e-07,1,1,live_lower,1
2026-08-21,123013a2-616a-489c-ac10-c807dd955c3a,EqvmYDHZX8mR9BPYVwbewuq96VQUH7BCDnf6h3ZFnsvr,2026-08-21T09:16:30.716361+00:00,2026-08-21T09:18:14.933781+00:00,1.672648266181392e-07,2.8940605061246593e-07,0.03651133,trailing_stop,1,1.5137494059244792,14339.075351320478,43236.73118184878,231,160,391,1.1366992745441493,10547.887729998574,,97.3917072700861,1787303790000,119.158,17524.91583191301,129.308018805,474.97,432.94,717,85508.0,1.097,81.9,1,,-10.11,-10.11,trailing_stop,2.8624553236013374e-07,1,1,live_lower,1
2026-08-21,f185b516-30d8-40d9-a90a-7555e577141a,B81binBQvHe7nPAWrGcUfmpjomWSRk5w9rYtS2ogpump,2026-08-21T09:17:26.358217+00:00,2026-08-21T09:18:15.294905+00:00,8.671338016515354e-08,9.654903086633964e-08,0.005671357,trailing_stop,1,1.994021484375,7782.57987464578,36259.27750358684,396,249,645,1.1196159667294585,5106.923566710921,,89.5046079225738,1787303850000,125.527,10308.24559301436,30.764797741,216.97,191.94,664,38511.0,1.13,82.6,1,,-20.78,-16.72,hard_stop,7.977630975194125e-08,0,1,live_lower,0
2026-08-21,de5b4cef-9203-4c8f-ae53-a105530344a0,64i4LFFobrG7e4zzftjYFUvjqgCGvXWUYcTFSRDipump,2026-08-21T09:08:22.259851+00:00,2026-08-21T09:18:44.784496+00:00,9.485269918164037e-08,9.420949421490995e-08,-0.000339055,time_stop,0,1.6081386678059897,8628.418920061646,5592.7010878329465,55,35,90,1.0023143302420576,2739.7369488430145,,100.0,1787303280000,99.469,17805.370538586176,2e-09,30.23,30.72,91,5740.0,0.984,79.7,0,pool,0.34,0.34,no_exit_within_window,,0,0,live_higher,
2026-08-21,bff401dc-a994-4100-afcb-199f112dfe88,FJDec4NkEkX7UUzuNWuCSsZVmBb7xsgLvX8KVMJCPJE2,2026-08-21T09:18:30.790282+00:00,2026-08-21T09:18:55.116943+00:00,6.413050826981664e-08,5.900006760823131e-08,-0.004,hard_stop,0,1.8176546508789062,5718.733790043139,14000.423383479816,182,124,306,1.216685231295966,4099.814798516511,,93.08158709528811,1787303910000,119.727,5893.596696079989,15.196773673,87.72,73.7,329,15202.0,1.19,83.8,1,,2.48,3.41,hard_stop,5.900006760823131e-08,0,1,live_higher,1
2026-08-21,218af1ea-c64b-49f9-b21d-ac1861fa16a7,AEDZp5UQhoF4x2Rh99Tm2dorbxjnKjf9uQtvePWrpump,2026-08-21T09:17:47.171755+00:00,2026-08-21T09:19:24.914826+00:00,7.347617608415896e-08,8.975902093430487e-08,0.011080357,trailing_stop,1,1.8361750528971355,5493.734993298895,5373.375658304385,83,48,131,1.6303449135743107,4016.797923036631,,96.61547635438521,1787303865000,118.581,6651.273841125655,17.724373829,44.28,27.59,164,6768.0,1.605,92.1,1,,4.04,3.91,trailing_stop,8.972455239777019e-08,1,1,live_higher,1
2026-08-21,477b9a32-a213-4136-984f-6af6b47e4248,Ku1GCAMeG4mvmZtR89sKrUVD7icwsmVmheXrqpa65AX,2026-08-21T09:19:32.334087+00:00,2026-08-21T09:19:55.118790+00:00,3.5877296225492386e-07,3.3007112527452994e-07,-0.004,hard_stop,0,1.947884354654948,33254.878148729505,8067.334289521348,289,352,641,1.2186677137382604,795.3478541065984,,96.1654009724401,1787303970000,118.875,17855.929977030868,8.651386576,59.92,54.67,793,10792.0,1.096,81.9,1,,89.23,96.75,hard_stop,3.3007112527452994e-07,0,1,live_higher,1
2026-08-21,d5412832-dd13-4ef8-8726-e09c09a008b8,2cmZ8FierNbYXGTdZSimbd7rWSRmU93nrL32tNCgpump,2026-08-21T09:19:51.443383+00:00,2026-08-21T09:20:55.269805+00:00,4.659357132679557e-07,5.132247940634806e-07,0.005074636,trailing_stop,1,1.708698856608073,36348.058030788634,20296.053007390983,301,146,447,2.193029716812461,10318.557830475595,,46.47547908305426,1787303990000,119.504,49265.89828175648,78.371693303,189.36,93.35,589,26625.0,2.029,100.0,1,,-10.93,-9.11,trailing_stop,5.214753117474872e-07,1,1,live_lower,1
2026-08-21,45755a84-09f3-48db-90a9-6fc589a71502,7p64iNf1rZ34TBwySGTLkXqZ5u6TVYESr9pZ6VGYpump,2026-08-21T09:20:16.012803+00:00,2026-08-21T09:21:25.357874+00:00,9.404659886757304e-08,9.949191839484778e-08,0.002895011,trailing_stop,1,1.4862087931315104,7579.112059615075,2524.2992536204483,27,5,32,8.43525298899748,4723.128207097159,,99.40172177431829,1787304015000,120.406,9142.054782507255,25.913467119,28.54,2.95,42,2965.0,9.682,93.9,1,,-3.11,2.88,trailing_stop,9.647683623755757e-08,1,1,live_lower,1
2026-08-21,fc1d9d81-d2ea-4d0c-9d45-1071851107b8,2CrafGwaXQ7tHgw1pdZG3CN6iiUsfeTaZeQA1tpHpump,2026-08-21T09:19:44.927503+00:00,2026-08-21T09:21:40.225720+00:00,2.2177872517490407e-07,2.0403642716091175e-07,-0.004,hard_stop,0,1.8086988566080728,19373.257698446552,10641.5302137583,84,30,114,2.636568155745684,7525.49314583195,,92.6973291157297,1787303985000,120.847,19930.169864589458,56.895142596,95.72,43.28,140,13091.0,2.211,100.0,1,,4.8,0.95,trailing_stop,2.3154549958822392e-07,1,1,live_higher,0
2026-08-21,747d2c40-fc40-44fe-91a1-38af2b593099,Az5Z8ya8eaVZXmWkxzmytKY9mvqDcdWLZF7WKo3vpump,2026-08-21T09:22:15.591552+00:00,2026-08-21T09:22:40.268591+00:00,7.399378078520812e-08,6.807427832239148e-08,-0.004,hard_stop,0,1.6320421346028646,6452.6412689169465,3150.2512841453663,54,22,76,3.183055319983664,4377.306211011855,,98.7638734944366,1787304135000,120.925,7119.0673397868295,19.327907855,28.72,10.85,100,3727.0,2.646,96.2,1,,-2.11,-2.27,trailing_stop,1.0274118053092716e-07,1,1,live_lower,0
2026-08-21,32ff3cc4-4b47-4314-ac8d-b7b28020b99d,H7rjrWeSU4Lk5je7sFh6scr47sq4xYrLkALdBoSDhF6p,2026-08-21T09:21:45.043042+00:00,2026-08-21T09:23:15.061737+00:00,3.672690967970462e-07,4.568559993052921e-07,0.012196357,trailing_stop,1,1.5030576497395833,29402.217804875883,15670.376225122425,403,69,472,2.767183254591161,15648.554770403292,,96.75656632826096,1787304105000,121.312,34675.99243292667,183.013192488,180.91,88.43,830,25366.0,2.046,100.0,1,,-0.25,-0.25,trailing_stop,4.49626105890017e-07,1,1,live_lower,1
2026-08-21,7710e3c7-5bdd-4854-a44c-6833c310a6c3,7sefYp7QHRhzgyYFM4WcUDydsuJiaXAdcTKxdKwn1kUF,2026-08-21T09:17:22.792745+00:00,2026-08-21T09:23:44.830726+00:00,4.899241242514464e-07,4.507301943113307e-07,-0.004,hard_stop,0,2.01765791422526,44585.08401858491,1044.7741698413931,25,13,38,23.186396005422594,954.2510308200236,,99.85334192588839,1787303845000,123.355,46431.61684195177,11.030567055,11.5,0.47,42,1127.0,11.502,72.9,1,,-0.63,0.32,hard_stop,4.507301943113307e-07,0,1,live_lower,1
2026-08-21,011526af-9dea-499d-baa5-da4214afb174,HK5cNQgyLgA8qJv3Lbzqgh57bA54Eg5sJCVC3YGqS9Ks,2026-08-21T09:22:40.153147+00:00,2026-08-21T09:23:45.167562+00:00,3.6560766724146925e-07,3.363590538621517e-07,-0.004,hard_stop,0,1.641361258951823,41612.04807193429,6295.311792425562,179,228,407,1.353558090204789,943.8270234685842,,96.1413596077102,1787304160000,121.05,30715.986447708434,10.753831818,54.25,46.09,606,9450.0,1.177,83.5,1,,12.1,14.44,hard_stop,3.363590538621517e-07,0,1,live_higher,1
2026-08-21,84ee3730-b487-4ad3-8da1-b0532326e5ce,EtSTh5mjBnv5HTbqE4MQYDz7muTDB1MPCR5UgHDHpump,2026-08-21T09:23:06.948544+00:00,2026-08-21T09:24:45.001080+00:00,1.642697111756233e-07,1.5112813428157343e-07,-0.004,hard_stop,0,2.017121341959635,14942.53785254392,40652.5815841798,567,329,896,1.2152572078883346,7119.242656011034,,67.2469993020387,1787304185000,118.85,16651.06276248383,47.941155812,240.58,205.14,924,41978.0,1.173,83.5,1,,-7.09,-7.33,hard_stop,1.5112813428157343e-07,0,1,live_lower,1
2026-08-21,ebe671ea-2869-489e-b340-ed44435bed05,CqunzFJyi1bkJFtu2AVWmLfzHGSu93WtEpeFvkpSABv5,2026-08-21T09:24:39.757476+00:00,2026-08-21T09:25:45.125140+00:00,1.6643318783678095e-07,4.1608296959195234e-07,0.075,take_profit,1,2.0148312255859375,15992.549847195562,10328.22712917396,301,398,699,1.0863147250811418,545.6173986057509,,97.3387877018875,1787304280000,120.573,20943.469175540016,5.953373655,66.25,60.21,798,11910.0,1.1,82.0,1,,-25.16,-22.98,take_profit,4.1608296959195234e-07,1,1,live_lower,1
2026-08-21,d1d97a50-ea05-4f78-b23b-a82251bab45f,H2kSUcw1BiG6dkrZaCHHsBZ4pn9DySxiy6dG5UwVfmkH,2026-08-21T09:25:21.635457+00:00,2026-08-21T09:26:15.023555+00:00,4.777696825031725e-07,4.3954810790291876e-07,-0.004,hard_stop,0,1.9771380615234375,41465.62048395708,8482.405339594961,377,443,820,1.2470906893343898,945.4662232808021,,96.1519623586821,1787304320000,119.783,46680.63999456692,11.785570214,56.97,45.93,912,9692.0,1.24,84.8,1,,-3.61,-4.01,hard_stop,4.3954810790291876e-07,0,1,live_lower,1
2026-08-21,aa49b24f-44d6-4619-8b19-16b7b1b538a6,H3N5KfPM8zZh815m324x29ffoCv9yokysWDS78fnpump,2026-08-21T09:27:10.788222+00:00,2026-08-21T09:28:45.105330+00:00,5.675324833469562e-08,5.221298846791997e-08,-0.004,hard_stop,0,1.6572121500651043,5549.305445311009,4146.362064390348,34,26,60,1.915408567630799,4031.7793661118676,,99.9833087104924,1787304430000,119.926,5338.836876668201,12.717366543,29.79,18.87,76,4583.0,1.579,90.3,1,,0.12,0.6,no_exit_within_window,,0,1,live_higher,
2026-08-21,81d6e1a5-b39c-4dab-9063-3902e4de3533,BT36mSK4RE1a2YvTiAWaEHa9RLAcbRVdb1KSbpdnpump,2026-08-21T09:19:28.716775+00:00,2026-08-21T09:29:44.876629+00:00,1.651422644636107e-07,1.6514389408061996e-07,4.93e-07,time_stop,1,1.9978843546549478,15054.789778605074,1927.1189627996455,19,7,26,1.0000000000945832,2734.24970021725,,100.0,1787303860000,11.737,29685.179206902954,7.523506954,9.6,10.57,25,1899.0,0.908,68.8,1,,4.79,4.71,no_exit_within_window,,0,1,live_higher,
2026-08-21,b27cd4cb-6134-4b6c-b358-fcabd8d90b56,2hERbdPWSdCipDpAsuF4kFGyS611FCxFtswxt75Zpump,2026-08-21T09:27:55.424523+00:00,2026-08-21T09:30:14.988806+00:00,1.447970384269329e-07,3.015072975251332e-07,0.054113765,trailing_stop,1,1.102654756673177,16229.697861664341,9745.366081832064,59,17,76,2.50031317556271,7113.5711905372755,,85.8360430383101,1787304475000,120.739,14472.482836075606,40.448945411,116.65,76.72,135,18212.0,1.521,90.4,1,,-5.77,-25.68,trailing_stop,2.8710710621563793e-07,1,1,live_lower,1
2026-08-21,7f9183b1-9f65-477d-aeb0-db88b9c07442,4zjVC8FEXR86SoE1cMmtthCnEpUEoz5VjimsBUjSpump,2026-08-21T09:30:13.966123+00:00,2026-08-21T09:30:45.229629+00:00,6.945375911567503e-08,6.389745838642104e-08,-0.004,hard_stop,0,1.6315107137044271,5992.360774093781,5386.960516205416,69,38,107,1.7389062069168173,4185.975759933194,,97.5565203526484,1787304615000,123.373,6782.562698742212,18.147978098,46.43,29.28,150,7130.0,1.586,91.7,1,,-3.56,-4.45,hard_stop,6.389745838642104e-08,0,1,live_lower,1
2026-08-21,f99fadcf-6aa4-4ea4-8dd7-a08a12001398,FsvhsTYdQ9jpBMTEpQucHAGcwPqRnd8wzStLHFohumVd,2026-08-21T09:30:29.811436+00:00,2026-08-21T09:31:14.954494+00:00,2.2282923974802836e-07,2.2799048681410505e-07,0.001158117,trailing_stop,1,1.7967578084309896,16361.768226890663,80060.93286734035,317,285,602,1.0940559160846757,11349.172405490324,,95.1550858323479,1787304630000,121.562,20308.883926879917,142.946925417,651.4,599.22,836,117783.0,1.087,81.7,1,,3.33,2.16,hard_stop,2.050029005681861e-07,0,1,live_higher,0
2026-08-21,59965cbf-e70c-423b-9223-93c122e066f8,6Ni4kjWhqBj5tSD4nj4BZYd1aJMFN5enrZKPrLdipump,2026-08-21T09:30:36.325005+00:00,2026-08-21T09:31:15.144241+00:00,9.311645749208713e-08,8.566714089272016e-08,-0.004,hard_stop,0,1.680091141764323,5681.055580587501,19259.059345405825,208,133,341,1.1495953702702066,4402.323188097796,,89.657461235653,1787304635000,120.395,9212.795286830256,26.151161597,117.18,101.66,377,20610.0,1.153,83.1,1,,-4.81,-4.68,hard_stop,8.566714089272016e-08,0,1,live_lower,1
2026-08-21,cc4c8241-d601-4368-9755-09680844cc03,9UaPEaNGAWXRXPmZXhM3Ti3u5VxjFcg96PezoYULqeCq,2026-08-21T09:30:48.453435+00:00,2026-08-21T09:31:44.940852+00:00,4.0659304103423406e-07,6.041704384151897e-07,0.024296702,trailing_stop,1,1.480091141764323,28493.444484195097,7253.576445805458,220,266,486,1.21656240854239,710.7443541760316,,95.7433263178289,1787304645000,117.881,37508.14997911169,9.700874388,69.43,59.74,784,12165.0,1.162,83.2,1,,2.09,-18.68,trailing_stop,7.298118927741702e-07,1,1,live_higher,1
2026-08-21,522de53e-eae8-4e5a-b9e0-fd6b6e1d7b11,sDRMjNZJPGz6UZdfiQpoJdGdGKEVoPxtC8dTfxDpump,2026-08-21T09:31:20.176919+00:00,2026-08-21T09:33:14.986701+00:00,1.008182432575149e-07,1.211990011264749e-07,0.010107674,trailing_stop,1,2.0071311686197917,10768.349108414002,15656.638993185614,216,137,353,1.4337200925162288,5687.173426087653,,84.0609775990709,1787304680000,120.807,10702.319269508811,30.52156511,94.99,74.53,369,15965.0,1.275,85.5,1,,-11.28,-10.78,trailing_stop,1.113641206638207e-07,1,1,live_lower,1
2026-08-21,36bc36a5-3a16-4f28-864b-20a80a106fdc,7WpU1e6b3JePW89tUQTGU75ahxAULz5jAvZYDYBHYx3T,2026-08-21T09:32:24.408707+00:00,2026-08-21T09:33:15.348292+00:00,2.661432108370721e-07,2.4485175397010634e-07,-0.004,hard_stop,0,1.752260819498698,22966.0604042045,14011.906277160911,100,67,167,2.3631649218055517,12795.037809821397,,96.10410094300039,1787304745000,122.326,25580.13901277433,146.324150306,130.32,62.47,214,18157.0,2.086,100.0,1,,-2.01,-0.09,trailing_stop,2.661768553038739e-07,1,1,live_lower,0
2026-08-21,1aef1736-9496-4f5e-99fb-2a5ccfac693b,GGM1zdXFhuSkyBaaWbwU1jdnnirJfqNZNqfPJ2kwpump,2026-08-21T09:32:43.159210+00:00,2026-08-21T09:33:15.524024+00:00,8.298435066733615e-08,7.634560261394925e-08,-0.004,hard_stop,0,1.786865352376302,6349.939456060501,11533.239741224777,131,87,218,1.3208368567163773,4328.124668462561,,92.4499420908392,1787304765000,122.666,7767.855261404049,21.52662634,82.76,64.2,264,13841.0,1.289,85.8,1,,0.61,4.56,hard_stop,7.634560261394925e-08,0,1,live_higher,1
2026-08-21,4834bda8-8274-4ca4-af01-d40db2d606e6,GNam5iHLU5hXGrayKr1XY2a98Pqk4S1tE5JzoszUrujw,2026-08-21T09:34:07.685913+00:00,2026-08-21T09:34:15.319140+00:00,1.888365223812709e-06,1.7372960059076925e-06,-0.004,hard_stop,0,1.5976636189778646,38874.306310152184,8479.450142676451,246,343,589,1.236958691420824,896.8775890250416,,95.0206456878782,1787304850000,122.465,33160.002467355655,14.880610315,79.02,69.67,876,14003.0,1.134,82.7,1,,436.33,433.34,hard_stop,1.7372960059076925e-06,0,1,live_higher,1
2026-08-21,9db0ff01-4157-409a-ae26-18d0ef47cb67,A93aqxBcgF3FVD9TVizakkw4euXRFWQE43sqbqxYpump,2026-08-21T09:33:35.048115+00:00,2026-08-21T09:34:35.175997+00:00,7.02077399637291e-08,6.459112076663076e-08,-0.004,hard_stop,0,1.6211744588216146,6007.963121952285,5389.109938807809,84,43,127,1.752184265019583,4204.412110970314,,96.26264427130779,1787304815000,120.632,6720.929450815602,17.928718169,41.4,26.56,147,6401.0,1.559,91.2,1,,-1.62,-1.97,hard_stop,6.459112076663076e-08,0,1,live_lower,1
2026-08-21,335bcb45-2ac8-43b8-b449-09a25a4f4f06,9gH9i86PUR6L6ZXbT1rx2FzWDzjpw9kAKhk2cuksmoon,2026-08-21T09:25:51.511372+00:00,2026-08-21T09:36:04.811067+00:00,3.521912542233995e-07,3.569789847518404e-07,0.000679706,time_stop,1,2.024656807454427,32004.164627874525,7692.743893287853,28,1,29,4214.029524583188,7689.119994731327,,99.9423260684037,1787304350000,120.426,3017105.694201923,7694.602812,235.1,1.82,29,22313.0,129.413,74.4,0,mcap,-98.9,-98.9,take_profit,8.804781355584988e-07,1,0,live_lower,1
2026-08-21,79840cbd-610e-4381-a59f-1f71ba85d1c4,3G2V3tu9npYiwiAkzMpfu2bWUBeu2r1mDeN1xiv1PTe4,2026-08-21T09:35:26.121783+00:00,2026-08-21T09:36:35.038830+00:00,1.4617311792436589e-07,1.7711528710551065e-07,0.010584083,trailing_stop,1,2.018788879394531,13290.224222684383,1492.8311595561377,26,0,26,1492.8311595561377,11637.962115283004,,100.0,1787304925000,121.015,14657.456219665924,131.435124564,20.44,0.0,33,1925.0,20.435,90.8,0,buy_sell,-6.08,-6.83,trailing_stop,1.7597516691924034e-07,1,0,live_lower,1
2026-08-21,f98dc748-0e11-45da-bd9f-b8f18e6b968d,A23dSUamTbquEMFcKqddxoxd3Xic8wXB63ALjBGDpump,2026-08-21T09:36:58.475161+00:00,2026-08-21T09:37:35.208037+00:00,6.931922637777802e-08,6.961923014705851e-08,0.000216393,trailing_stop,1,2.0132710774739584,6338.1451739523,8070.033832541541,98,65,163,1.5021640963998182,4364.5866986220135,,68.04471650280631,1787305020000,121.489,6339.500890593573,17.749489119,50.5,36.95,169,8236.0,1.367,87.3,1,,2.98,8.76,hard_stop,6.377368826755578e-08,0,1,live_higher,0
2026-08-21,e5f6be95-2366-4291-845b-532aae36fafe,4PLWkrHsrpiNaRpbti31uoPXA8Vbh3rRFBvnYziLZGG7,2026-08-21T09:38:29.304621+00:00,2026-08-21T09:39:35.222682+00:00,5.733053975321748e-08,5.274409657296008e-08,-0.004,hard_stop,0,2.023475842285156,5245.426765760449,15873.178968166605,170,165,335,1.1609591160047377,3925.7966746780885,,93.8571957074222,1787305105000,116.517,5226.15424533568,12.650692457,90.38,81.08,337,16149.0,1.115,82.3,1,,3.31,7.87,hard_stop,5.274409657296008e-08,0,1,live_higher,1
2026-08-21,cb8062fe-e4bd-48d8-bd43-38fa8f1f848d,F35mRh6uYYsZKZoZ1WvwkTZ43R3kVVVtwZBDQhHmpump,2026-08-21T09:38:36.466767+00:00,2026-08-21T09:39:35.570406+00:00,1.109252807564039e-07,1.0205125829589159e-07,-0.004,hard_stop,0,2.0287501220703126,8623.320890435703,9017.82434256232,139,65,204,1.6827546763255326,5038.581678635042,,82.0028699256533,1787305115000,120.373,10528.258265406597,29.987313204,62.78,39.7,219,9652.0,1.581,91.6,1,,-0.77,-1.02,hard_stop,1.0205125829589159e-07,0,1,live_lower,1
2026-08-21,141e00a8-6afd-4b5a-8f4f-320044d081ea,4b24rRW9KxcGSmurhZNkqUBY5afJPqaSjDvSzUmPpump,2026-08-21T09:32:13.798877+00:00,2026-08-21T09:40:34.783456+00:00,5.574777146885122e-07,7.069060238233135e-07,0.013402178,trailing_stop,1,1.8337433512369792,48906.66843993861,23761.073303159534,55,20,75,1.8179630800672997,40795.35659120843,,98.97909670315384,1787304735000,122.284,55275.05107474219,467.624602962,188.41,92.76,87,26481.0,2.031,100.0,0,mcap,-5.01,-6.14,trailing_stop,6.220766217699223e-07,1,0,live_lower,1
2026-08-21,c48d6178-eb1a-4bdb-bb6b-3bd0d2601786,7rquS8VXE1GYneFisCPpmMiK7bwbwxCBrLTzUFUnAifP,2026-08-21T09:38:34.849932+00:00,2026-08-21T09:42:04.961808+00:00,2.890033363401781e-07,3.146738922054699e-07,0.004441221,trailing_stop,1,2.0189114705403646,26494.806315976217,184469.57031627902,122,115,237,1.0413523814557166,20969.38118562915,,98.51996688941384,1787305115000,121.104,25814.012897276065,230.648536763,73.72,32.05,158,9962.0,2.3,100.0,1,,5.44,6.21,trailing_stop,3.1554329304125263e-07,1,1,live_higher,1
2026-08-21,ed4749d7-be0f-4298-9501-a6936279847f,8gyDffuqB2EhTMyKuqnorB1EGnwyba1zqJ9CttQLpump,2026-08-21T09:40:53.255557+00:00,2026-08-21T09:42:35.113887+00:00,1.8956731929482312e-07,2.676844218915898e-07,0.020604053,trailing_stop,1,2.0260166951497394,15652.927517913447,85603.49530674997,1071,1015,2086,1.099111978620005,7588.591180586458,,66.7864541514768,1787305255000,123.215,18891.563765988314,50.355406357,495.47,452.11,2253,89243.0,1.096,81.9,1,,-5.5,-5.72,trailing_stop,2.76696720960712e-07,1,1,live_lower,1
2026-08-21,5536d727-67a4-4d65-b492-f4f9e4673db3,EvNCoMyxQN473frEi5Hz3J9HfVYfGhu8SoSpXbg5pump,2026-08-21T09:41:49.870162+00:00,2026-08-21T09:43:05.126806+00:00,8.801166171595224e-08,9.556481601032774e-08,0.004290996,trailing_stop,1,1.9022126017252605,7325.9042711436805,3487.011711479817,26,8,34,3.4194813046663515,4656.378563242795,,99.8114988605996,1787305310000,121.29,8595.915942789059,24.203486879,32.51,8.62,39,3874.0,3.773,96.6,1,,-3.57,-3.58,trailing_stop,9.050336830169152e-08,1,1,live_lower,1
2026-08-21,210ae017-7053-4f3d-9a5d-ac8df327b523,5VismStvVp5s6S98nSYrxkAveBgsMnMSL2kwHLqApump,2026-08-21T09:40:50.729577+00:00,2026-08-21T09:43:34.972433+00:00,4.5874286779327046e-08,1.1468571694831761e-07,0.075,take_profit,1,1.7464087687174479,5921.167436084943,40485.4869109851,420,365,785,1.0734682261509911,4184.6182865400915,,89.55711523754229,1787305250000,121.027,3892.7999964408336,12.231929014,240.47,236.99,845,44967.0,1.015,80.3,0,mcap,10.99,5.21,hard_stop,4.220434383698088e-08,0,0,live_higher,0
2026-08-21,9a96abd5-82d5-4220-b9c4-02e5b99b9568,AbWsRZd1uXxB2Xfqp35r3JQF6QvCefARb4nAenWRtwya,2026-08-21T09:36:41.977690+00:00,2026-08-21T09:47:04.833015+00:00,4.815472918774429e-07,4.815472918774429e-07,0.0,time_stop,0,0.8327994018554687,45712.715250794456,3680.107018448458,93,131,224,1.749414183886128,752.4402066137844,,4.787035215616,1787305000000,120.265,85615.27004962236,14.812929249,82.56,67.64,890,14146.0,1.221,84.4,0,mcap,-47.03,-47.06,trailing_stop,8.908787921918657e-07,1,0,live_lower,0
2026-08-21,601baf81-b9dd-44e1-8b77-357360db41ac,FVKhdC6ck1K77f3VBVTqd6PnYHVzz3QT3cydoi6Jpump,2026-08-21T09:46:11.613384+00:00,2026-08-21T09:47:34.975988+00:00,7.471128102495514e-08,6.873437854295873e-08,-0.004,hard_stop,0,2.030115120442708,6871.897712697095,13273.166213100878,180,98,278,1.3036203226481957,4901.075065566929,,67.17047276307039,1787305570000,120.605,7058.512241871662,19.117667198,77.3,63.12,289,13225.0,1.225,84.5,1,,-0.31,-2.27,trailing_stop,8.393366153059919e-08,1,1,live_lower,0
2026-08-21,308bd0f5-0fda-4048-b83a-219b827a7e91,FpJbdGXQtWozDqPT5qz8Yf8TARP7Dxq63DbQHUKVpump,2026-08-21T09:47:47.204791+00:00,2026-08-21T09:48:05.355810+00:00,4.9393458027613246e-08,4.544198138540419e-08,-0.004,hard_stop,0,1.6874956868489583,7392.685121379502,4935.600212458108,64,27,91,2.2702450854761778,4673.200821938745,,100.0,1787305665000,119.172,4479.4982251559495,9.170761996,35.32,30.19,127,6170.0,1.17,83.4,0,mcap,3.85,6.11,no_exit_within_window,,0,0,live_higher,
2026-08-21,a4a32b78-6c6b-4c10-b2b4-a0ac82da6635,DJqqBzbgA8NuogRsUxJRo6tXuKKK98QvwnMgwco9pump,2026-08-21T09:48:36.448564+00:00,2026-08-21T09:50:05.529085+00:00,9.107520257412304e-08,1.5630436683229137e-07,0.035810606,trailing_stop,1,2.0274760782877603,8381.949978374641,3000.64508957981,50,7,57,6.671965570885719,4982.3903374643305,,96.1236006482837,1787305720000,124.548,8993.261119630788,25.442109602,28.56,4.31,61,3096.0,6.624,94.3,1,,-4.62,-6.97,trailing_stop,1.291740002961844e-07,1,1,live_lower,1
2026-08-21,6c4198fd-b0fa-4f02-ac3a-3de31b827c75,Ay4PMWC9Re7onPhjPjMM288yWw3LypgPjogTcBdPpump,2026-08-21T09:48:21.818463+00:00,2026-08-21T09:50:35.317181+00:00,1.7328916653522257e-07,3.665238346509182e-07,0.055754976,trailing_stop,1,1.967521162923177,17412.019127840762,33091.938245861005,501,286,787,1.3058478135974598,7151.465027509724,,65.7383226236205,1787305700000,118.727,23221.875742503365,62.34972057,219.88,166.79,852,36417.0,1.318,86.4,1,,-29.72,-32.42,trailing_stop,2.4163769619508703e-07,1,1,live_lower,1
2026-08-21,797b4b5a-1e7c-4513-841b-220637be2094,7dy2GcX8XmcQfiLgywY7Wt273ygEyLy4ExUdq1KVpump,2026-08-21T09:46:38.058520+00:00,2026-08-21T09:51:05.151133+00:00,5.804599969536016e-08,6.310038140470511e-08,0.004353773,trailing_stop,1,2.026170442708333,5336.023440328705,5164.073341401627,81,41,122,1.6180365408210207,4056.564638610189,,82.71349102209669,1787305600000,123.968,5501.474221440062,13.363136422,31.15,21.54,123,4963.0,1.446,88.8,1,,-0.63,-0.62,no_exit_within_window,,0,1,live_lower,
2026-08-21,ffb1e328-8c92-4158-97da-969a5d1f5551,EAYZt275uQXLRiLYRWjv5wGMtMN6igXKuz8t37ujjfEm,2026-08-21T09:50:20.312646+00:00,2026-08-21T09:51:35.120849+00:00,4.172082849862813e-07,4.3695225492900904e-07,0.002366201,trailing_stop,1,1.7910459106445313,36356.37337621366,2025.3276840247938,184,55,239,2.580587582394606,894.1780775822979,,99.9992782900617,1787305820000,120.98,41891.52613603456,10.688094655,8.68,6.86,294,1463.0,1.266,65.7,1,,-6.2,-6.2,trailing_stop,4.4243887355424936e-07,1,1,live_lower,1
2026-08-21,d7b6d5da-ff32-452a-9f33-f407b77ca829,DtS1qufr51tcES5cu4qgBL9xXPSckxBtQ56hip6EpnYj,2026-08-21T09:45:30.912010+00:00,2026-08-21T09:52:34.904425+00:00,1.3118916985797688e-07,2.6763408731139644e-07,0.052003118,trailing_stop,1,2.0011591471354166,11924.959973218005,17945.884001588754,430,106,536,1.2081206109371543,9952.428870441885,,90.92711185731869,1787305530000,119.745,12589.790260318434,110.013645968,120.83,100.83,596,20876.0,1.198,84.0,1,,-1.86,-1.86,trailing_stop,2.7225292791645444e-07,1,1,live_lower,1
2026-08-21,5d9290cd-12d3-4b1b-abb5-729c89a990c3,CHvX77SgsPx3bPTyMkzRU7hi7mi5uVjSkx35xJzcdnyJ,2026-08-21T09:46:37.331943+00:00,2026-08-21T09:57:04.936381+00:00,1.1742141413139236e-07,1.1742141413139236e-07,0.0,time_stop,0,2.026170442708333,12140.089709566995,24090.724775445364,697,137,834,1.1819196927191322,9814.002499055157,,99.0807531305138,1787305595000,118.658,10916.63029232562,102.060587838,166.91,152.23,960,30057.0,1.096,81.9,1,,1.3,-1.05,trailing_stop,2.86677631901486e-07,1,1,live_higher,0
2026-08-21,314ca4bd-1b08-463f-a525-76289094bfdd,6HtjBsdzVEZoBtuBuVP9LLjYJKcB7A9c9DoJXGCBA2gR,2026-08-21T09:56:31.335138+00:00,2026-08-21T09:57:05.399375+00:00,4.4582200214604956e-07,4.101562419743656e-07,-0.004,hard_stop,0,1.9277354085286458,47251.726110066425,17688.405710580442,414,99,513,2.234333978898095,8123.728975976221,,97.903768343263,1787306190000,119.975,44912.92851591139,85.730436428,146.31,76.05,604,20942.0,1.924,98.5,1,,-6.51,-6.52,hard_stop,4.101562419743656e-07,0,1,live_lower,1
2026-08-21,bc791208-2084-4d0b-bb15-8f145c90a5ba,39kym2n3EJQnYY8LsS8iigtvprSdvrw7qZHKokrrpump,2026-08-21T09:51:11.989762+00:00,2026-08-21T09:57:34.915335+00:00,1.56487223794329e-07,3.126453727583818e-07,0.049894856,trailing_stop,1,1.9701699381510416,14396.271797420457,4013.961040970837,15,4,19,35.12708138962886,6551.219480023485,,100.0,1787305885000,133.749,14901.069898513042,41.365756086,3.07,1.21,19,403.0,2.539,71.7,0,volume,-1.09,0.31,trailing_stop,3.1302063160488226e-07,1,0,live_lower,1
2026-08-21,6d2bb4a3-0773-4dd6-bbd3-750bd7c4b8eb,F1fJpd19vV4HLm87cG9TqARvqtoYygZuTobPHQrJpump,2026-08-21T09:56:15.821379+00:00,2026-08-21T09:57:35.127719+00:00,7.11552832737788e-08,9.804736025050397e-08,0.018896754,trailing_stop,1,1.7331901326497396,7166.435668334243,10279.347978405498,141,90,231,1.4246399458168957,4557.551898131126,,91.38479509802221,1787306175000,119.786,8852.296480853052,25.257857509,76.22,56.15,296,12466.0,1.358,87.2,1,,-24.3,-24.3,trailing_stop,9.211351190524518e-08,1,1,live_lower,1
2026-08-21,ea8e28dc-f9c8-4c23-94f7-f196225d0e76,DnyHAziS8eYSioVv5CLStBsBcGYmP1Jte3gkN5NLpump,2026-08-21T09:57:06.366587+00:00,2026-08-21T09:57:35.305765+00:00,6.302796111945361e-08,5.798572422989732e-08,-0.004,hard_stop,0,1.9436280924479166,5799.885611185704,1998.5140904691698,43,50,93,1.0135005377434863,2773.035403385919,,100.0,1787306225000,120.181,13987.092214083512,0.27557267,11.07,11.01,114,2080.0,1.005,71.3,0,pool,-15.12,-15.12,hard_stop,5.798572422989732e-08,0,0,live_lower,1
2026-08-21,7fda2e43-873b-4501-bfb6-3eb49a44ec92,5c8nSLt3kEdLxKYTU2tWVfSkwvHB2FYYj6YNeQfy2Yz3,2026-08-21T09:57:21.723726+00:00,2026-08-21T09:57:44.999199+00:00,4.1894200066968936e-07,4.2265552109323965e-07,0.000443202,trailing_stop,1,1.8701364990234375,36381.46511991863,1985.4661081018453,178,52,230,2.6418624688097427,905.8808422021879,,99.9985034659254,1787306240000,120.265,40066.03906677451,10.407525023,7.85,6.37,263,1339.0,1.232,63.7,1,,-1.52,-1.52,trailing_stop,4.6818461106276964e-07,1,1,live_lower,1
2026-08-21,a5d8e168-cae5-4712-afaa-0ef553a0d3a4,54ZojSZw51bgdVTKY3gTejB2KPbbjKQH5fCr29shMuKi,2026-08-21T09:58:59.540827+00:00,2026-08-21T09:59:24.967636+00:00,9.1870819270068e-07,8.452115372846256e-07,-0.004,hard_stop,0,1.4775537068684896,35490.48089482329,4890.098179522914,181,190,371,1.4141534297331781,837.5225646718521,,95.360088269894,1787306340000,121.44,100098.53937903761,17.088506612,66.17,50.13,755,10953.0,1.32,86.4,0,mcap,-13.56,-13.8,hard_stop,8.452115372846256e-07,0,0,live_lower,1
2026-08-21,39635168-86af-4a11-be2f-ef956e925989,iMt2ajjjSVRu7WULsKAxv5fkYVE4pjiCskzR9ihpump,2026-08-21T09:59:11.794508+00:00,2026-08-21T09:59:55.194521+00:00,8.270644446089914e-08,7.608992890402722e-08,-0.004,hard_stop,0,1.7111123453776043,8662.108392050486,9478.801334986618,105,75,180,1.6428523461651914,5059.119601213356,,95.7444466458754,1787306350000,119.085,8208.870027825984,22.969129464,62.9,43.84,203,10053.0,1.435,88.7,1,,-5.11,-5.08,hard_stop,7.608992890402722e-08,0,1,live_lower,1
2026-08-21,0095d8d9-cba7-426a-9e79-96ea9b387ed7,DdyYuTXDAPiZ7mBBtkLHNr6GbwbiAAHESPt17BNoRi8x,2026-08-21T10:00:00.058314+00:00,2026-08-21T10:00:35.276345+00:00,1.242329766376165e-07,1.1429433850660719e-07,-0.004,hard_stop,0,1.2775573201497397,10487.067054798075,21356.93157869149,355,88,443,1.1373408091942308,9290.920527569002,,98.1876373436493,1787306400000,122.426,10971.465986585928,102.251579259,352.27,336.89,1137,64906.0,1.046,80.9,1,,6.64,9.25,hard_stop,1.1429433850660719e-07,0,1,live_higher,1
2026-08-21,ed0ebe77-e9f5-44a2-b709-ed5441d5f0da,QUwncWhxE5rz9GGTiCqVgMBhR5oJp4og4Ka3CUfpump,2026-08-21T10:01:50.088823+00:00,2026-08-21T10:02:15.321658+00:00,5.210346778761374e-08,4.7935190364604644e-08,-0.004,hard_stop,0,1.5355234781901042,6611.424536885545,10007.318032963683,93,75,168,1.4024994603273624,4427.9437567672585,,99.6314285863549,1787306510000,120.798,4504.592524215351,11.361515694,64.26,58.97,210,11606.0,1.09,81.8,0,mcap,8.94,8.87,hard_stop,4.7935190364604644e-08,0,0,live_higher,1
2026-08-21,1b38b373-d328-4a73-b823-75528be41d29,6Le9c8ziBRvPUisAn6iB8by31RrDU4WfvhpZFVu4pump,2026-08-21T10:02:09.654457+00:00,2026-08-21T10:03:15.342881+00:00,7.917320373364149e-08,7.283934743495017e-08,-0.004,hard_stop,0,1.370121162923177,10185.493968451292,25760.48283093215,322,218,540,1.237227377510831,5483.394274350318,,89.0633569923917,1787306530000,120.587,7880.894152829371,21.982135201,177.22,158.32,691,31600.0,1.119,82.4,1,,-5.38,-5.21,trailing_stop,8.200548173468658e-08,1,1,live_lower,0
2026-08-21,4277bcae-c024-4404-a234-cdf792f6940a,2rbAr8ADaC4HSBcKYaRBsrmsJU7ZsNnkGPq7Q2Zxpump,2026-08-21T10:03:20.994620+00:00,2026-08-21T10:03:45.489231+00:00,1.0965799346668965e-07,1.0088535398935448e-07,-0.004,hard_stop,0,1.7699822306315105,8413.725775760555,44158.907893261734,513,385,898,1.1065618926091378,5864.234926083818,,80.29830346455897,1787306600000,120.182,9932.880738477505,28.760027543,268.79,242.02,1006,48108.0,1.111,82.2,1,,3.97,7.31,hard_stop,1.0088535398935448e-07,0,1,live_higher,1
2026-08-21,96878dbc-7cc0-4779-a7d8-c127cbc226d9,4H8RhxCUhxBX6xWcsbK3EqMw3Pkbw3EfkXgtLjvE3oMM,2026-08-21T10:05:01.768979+00:00,2026-08-21T10:06:00.530894+00:00,1.936032553248038e-07,2.0333339666934986e-07,0.002512907,trailing_stop,1,2.0156426228841147,17660.996284362656,2855.4700539207533,179,81,260,1.8859661590688492,875.9730962142776,,99.99168729220871,1787306700000,119.174,18581.48317512877,9.760379534,12.57,10.78,264,2200.0,1.166,74.9,1,,-1.87,-1.88,hard_stop,1.781149948988195e-07,0,1,live_lower,0
2026-08-21,d134566e-b580-4bb4-a6e5-0f70eb51a2bd,3xVUoHA3sNVMzaAjiXKoMsGMMWuhRbDavQpkNbz56kvN,2026-08-21T10:02:58.392274+00:00,2026-08-21T10:06:05.380859+00:00,6.134314006926093e-08,5.643568886372006e-08,-0.004,hard_stop,0,1.2750157755533855,5246.6581432226585,4827.6488854994295,74,45,119,1.683688508113518,3979.154512463396,,94.6168503173934,1787306580000,122.412,5770.721861117988,14.411579281,33.41,19.86,131,5016.0,1.682,93.6,1,,0.11,0.35,hard_stop,5.643568886372006e-08,0,1,live_higher,1
2026-08-21,594d6950-6ff0-4cc2-ab01-96438335b1d4,CrTeDhRfsd4fkdXED2WpjZpXvs2yAaYYPHqb13MgeLcL,2026-08-21T10:06:14.647859+00:00,2026-08-21T10:06:35.687209+00:00,1.975824741839128e-07,1.817758762491998e-07,-0.004,hard_stop,0,2.0149755004882812,17701.862364617147,10487.9179116209,341,427,768,1.0940208895461376,514.7215441633286,,96.77598543392669,1787306775000,121.462,0.7773670613969172,10.98,68.08,58.16,821,11889.0,1.171,83.4,0,mcap;vol_mcap,2393662.01,2401407.96,hard_stop,1.817758762491998e-07,0,0,live_higher,1
2026-08-21,93e9ffb9-73f3-4f31-93b5-6512d8172bef,Au96kk9Tyw2BXUXWVR1jQB6KANQ5ebgvmkpmSjM2qDb6,2026-08-21T09:59:48.444394+00:00,2026-08-21T10:07:05.256183+00:00,1.3524549404104953e-07,3.060124904947604e-07,0.063132231,trailing_stop,1,1.3651515584309897,10729.703004588671,9235.442803958584,227,61,288,1.2779578742274067,9389.216665422031,,94.1197408891033,1787306390000,122.713,12849.571666976548,112.337933449,117.16,96.06,568,20081.0,1.22,84.4,1,,-0.87,-0.87,take_profit,3.381137351026238e-07,1,1,live_lower,1
2026-08-21,2961b6f1-f5e4-4906-bf77-ef5be7ca6751,D5toGgamBkdW7GRJfPnZq1Jk64DSCiZkDDKuLDwk1SUV,2026-08-21T09:57:20.953422+00:00,2026-08-21T10:07:34.913717+00:00,1.1692739176733616e-07,1.1692739176733616e-07,0.0,time_stop,0,1.969713155110677,11251.28108642676,44499.71057138285,630,166,796,1.0734878918644415,9589.059976065628,,99.6931937236887,1787306240000,120.073,10031.71056737104,99.584570951,277.81,266.99,897,51309.0,1.041,80.8,1,,9.77,9.77,hard_stop,1.0757320042594928e-07,0,1,live_higher,1
2026-08-21,33968019-4494-424e-b205-459f3a45b3b1,8fCxq5MXNDRqckm3SwUpFUBqJHiqVsdYRL8bDbgQaUrn,2026-08-21T10:06:03.009391+00:00,2026-08-21T10:08:35.097257+00:00,4.0566053259153374e-07,4.378703913605313e-07,0.003970051,trailing_stop,1,2.020267801920573,36905.76435452526,2146.8485124476138,208,62,270,2.4846812966914382,913.2440376331365,,99.99836207601172,1787306765000,123.373,39048.73532930969,10.142604689,8.14,6.86,286,1412.0,1.187,64.7,1,,-2.16,-2.16,trailing_stop,4.3435130341240826e-07,1,1,live_lower,1
2026-08-21,d26cd7f5-7970-40ba-905d-b84fdde9cff3,DF4J7khnsvkJp9VMqzUydoZ1wgQY4pKF7rjv66QGpump,2026-08-21T10:07:55.056032+00:00,2026-08-21T10:08:35.394569+00:00,7.639129899588747e-08,7.027999507621647e-08,-0.004,hard_stop,0,2.021942342122396,5918.675843060417,12679.894803207962,173,83,256,1.2544380081836062,4172.001140523645,,88.9100427999772,1787306875000,120.666,6972.38234076962,19.380242696,76.31,64.41,278,13254.0,1.185,83.7,1,,3.19,3.05,hard_stop,7.027999507621647e-08,0,1,live_higher,1
2026-08-21,85c7260a-d836-4ecf-b60a-ac34b39a3c82,FgguW3kRucV6zZTAd3mGxXwSjdiUzd9Ceyu8uZmLpump,2026-08-21T09:59:01.067943+00:00,2026-08-21T10:09:04.893752+00:00,0.0010563153550279566,0.0010563153550279566,0.0,time_stop,0,1.6443958740234375,47598.73335078312,8013.369091355888,54,9,63,4.06774259509332,42059.135617328895,,97.72827550459999,1787306340000,121.808,100515.26756827228,465.088239836,80.81,20.83,83,9572.0,3.88,100.0,0,mcap,-1.03,-1.06,no_exit_within_window,,0,0,live_lower,
2026-08-21,9947eb9c-e828-453d-b57a-2bfade7aadec,AFNcTVSMes5AzPywxXWjmxQ8NpcF21DpBnjejTCtpump,2026-08-21T10:07:50.492269+00:00,2026-08-21T10:09:34.871436+00:00,7.372299732033819e-08,1.0766445827648685e-07,0.023019588,trailing_stop,1,2.0272291178385418,6683.985954118222,4514.333594238378,66,31,97,2.2014966209307656,4436.310121498249,,97.31175671019939,1787306875000,126.185,6917.6877636638865,20.962121142,35.68,18.52,110,5105.0,1.927,98.5,1,,0.37,0.12,trailing_stop,1.0774891763490085e-07,1,1,live_higher,1
2026-08-21,e4ee7d9b-d424-401f-b900-f664699aeae7,D14guNmZ6cVJQQ3fAwhPWUZziP2xMV9K3CDjmUTkWK7P,2026-08-21T10:07:55.743733+00:00,2026-08-21T10:09:35.100206+00:00,1.6794301701670669e-07,4.198575425417667e-07,0.075,take_profit,1,2.021942342122396,14438.528849033486,87452.91506762875,449,301,750,1.068537800245077,11331.991355954417,,96.38209472150831,1787306875000,120.622,16759.171682848773,127.286782005,557.63,518.21,827,101323.0,1.076,81.5,1,,-5.62,-2.02,take_profit,4.198575425417667e-07,1,1,live_lower,1
2026-08-21,537404e7-da8b-4dc9-a09a-7dfcc46ac451,7iiHbBrtaP4eGzjY7YwFYvCZWpa4EXXnLjDPVvZJr1XY,2026-08-21T10:10:25.888572+00:00,2026-08-21T10:10:34.879455+00:00,1.2238122763382136e-06,1.1259072942311566e-06,-0.004,hard_stop,0,1.5984142211914063,43291.85249182097,8126.75275836986,273,338,611,1.281414094678398,1002.0674179199532,,95.0673908589541,1787307025000,119.591,115563.39201963146,17.828119065,77.99,60.68,887,13060.0,1.285,85.7,0,mcap,-0.26,-10.39,hard_stop,1.1259072942311566e-06,0,0,live_lower,1
2026-08-21,57a1aee1-6909-4f17-9228-f7cd9d2e94c5,4RNkoBxfLDBotzNqoexSCyPANN7VYcnCkA2uM6ZTpump,2026-08-21T10:10:27.443525+00:00,2026-08-21T10:11:34.876778+00:00,4.883759021531895e-08,5.1715796071016294e-08,0.002946712,trailing_stop,1,1.7651168579101562,7343.855126620617,10323.257110374145,128,100,228,1.4471655455995458,4928.903427622157,,99.49001250753041,1787307025000,118.836,4796.928905303058,10.491399437,70.75,62.23,268,12524.0,1.137,82.7,0,mcap,-4.12,-3.63,trailing_stop,5.287591322186309e-08,1,0,live_lower,1
2026-08-21,26f628c8-1731-4697-960e-14d55f0e780a,5rgXYZoaFXbc4L2ZUkV6V8iV66Jbd2w5oXL2XGvL5tsC,2026-08-21T10:10:28.198411+00:00,2026-08-21T10:12:34.934953+00:00,1.9861555482821283e-06,2.9384540964026103e-06,0.023973413,trailing_stop,1,0.16038542073567708,31680.293482481007,9011.15013906935,25,4,29,7.59660255091655,9653.879014881735,,90.38836244229334,1787307030000,102.29,150413.19594338626,170.285271888,393.5,224.11,611,58167.0,1.756,95.1,0,mcap,24.36,24.21,hard_stop,1.8272631044195581e-06,0,0,live_higher,0
2026-08-21,1408d465-d56c-4ada-997d-af386ae94c04,EHWUX9GQ3ceDLMm9NXwrjGk4fNzyaSDb6Ps9mmUKmxGP,2026-08-21T10:11:49.935247+00:00,2026-08-21T10:12:35.251853+00:00,6.596933477105397e-07,6.069178798936965e-07,-0.004,hard_stop,0,1.2512056030273437,29799.49981089327,6910.634174350591,182,252,434,1.2340417877008567,741.0462024995707,,95.4513588286815,1787307110000,120.901,57067.79695849205,12.228749976,78.67,66.43,922,13665.0,1.184,83.7,0,mcap,8.87,10.72,hard_stop,6.069178798936965e-07,0,0,live_higher,1
2026-08-21,8529705b-6fae-4615-913c-c1e9d637ba9a,CtCUhVYQuBeivuEXAPKtXL8zkh63ffRvYMKEChLSaBt1,2026-08-21T10:11:10.858670+00:00,2026-08-21T10:13:04.906507+00:00,2.543779338545448e-07,3.094980851617922e-07,0.010834303,trailing_stop,1,1.4845158243815104,20710.502737050305,1387.180493745091,142,41,183,3.520931962121475,773.1982412825985,,99.9864779098359,1787307070000,121.098,25276.03231024508,9.364253577,6.23,4.86,277,1044.0,1.283,68.6,1,,-5.22,-5.22,trailing_stop,3.0015564492660813e-07,1,1,live_lower,1
2026-08-21,0db09b50-72eb-4eac-affc-6f40317a01cf,3cSgPAc3dQmoirTJd4esi1qPitbwyJ4S1e7XqGjz82hz,2026-08-21T10:13:44.614594+00:00,2026-08-21T10:14:35.246032+00:00,3.5954646291270324e-08,3.30782745879687e-08,-0.004,hard_stop,0,1.59319833984375,5184.311132647739,19280.71868365123,247,246,493,1.1326416325825706,3981.0781539071995,,98.944159008782,1787307225000,122.515,3304.6660886364925,3.778169067,117.24,114.5,543,21826.0,1.024,80.5,0,mcap;pool,2.47,2.23,hard_stop,3.30782745879687e-08,0,0,live_higher,1
2026-08-21,5378c499-4a83-43e6-9308-dcaea69ab705,BPn7paAnUStyntL5zjbwWC2AdHgJGYKpxK4kwD4zpump,2026-08-21T10:12:36.713881+00:00,2026-08-21T10:15:04.890982+00:00,3.9538738960794694e-07,6.386749162245066e-07,0.030765716,trailing_stop,1,1.7988831705729167,36073.301490389145,7635.032632625045,21,2,23,155.13535897650976,10270.921399937575,,100.0,1787307165000,129.027,37433.33824494279,83.112453996,5.23,0.58,25,547.0,5.226,65.4,1,,-0.52,-1.39,no_exit_within_window,,0,1,live_lower,
2026-08-21,db5f34bf-e204-418c-a290-5e4797c1d02f,AnjUCJ4CrMjqeVpxcpCVA9Dx1YsvmRAxk5EV9uyF8QEr,2026-08-21T10:13:42.902043+00:00,2026-08-21T10:15:34.872390+00:00,1.6470826520685736e-07,2.0603719400289396e-07,0.0125461,trailing_stop,1,1.6098650065104168,13294.940668067213,65248.34908840312,510,199,709,1.076037113278561,10147.755603932648,,95.6813883828972,1787307225000,122.714,16233.953042632631,125.04252954,702.76,664.86,1271,128802.0,1.057,81.1,1,,-4.45,-0.69,trailing_stop,2.1705043426983816e-07,1,1,live_lower,1
2026-08-21,3e88381c-e2c8-4d50-a5d0-8e07c81939ef,xWksFRMiNR9aVLoDP9aB5B5RKqz5USfGFZqMknupump,2026-08-21T10:15:29.432917+00:00,2026-08-21T10:15:35.241262+00:00,1.2386092527834825e-07,1.139520512560804e-07,-0.004,hard_stop,0,1.4497215413411457,15928.510215858587,7076.983754384512,56,14,70,3.909799954711521,6931.129131425667,,95.067859372358,1787307330000,122.304,9996.926925164984,28.454022752,70.46,42.06,103,10597.0,1.675,93.5,1,,16.69,15.11,hard_stop,1.139520512560804e-07,0,1,live_higher,1
2026-08-21,44a6ccc8-e36c-4681-baab-b900257f3256,A27HRnWjnWwDvRjUHHFuCLTzUJHnBrHThhXsnwY3PRA,2026-08-21T10:15:14.859419+00:00,2026-08-21T10:16:39.877346+00:00,1.364085168377524e-07,1.2549583549073223e-07,-0.004,hard_stop,0,1.4998233805338541,10745.012512281692,19915.288973442977,353,216,569,1.1479538203699717,9127.163906227866,,89.62974271491765,1787307315000,121.285,13021.543260743692,109.067681723,196.46,172.54,953,34752.0,1.139,82.8,1,,-1.34,-1.34,hard_stop,1.2549583549073223e-07,0,1,live_lower,1
2026-08-21,87669b18-1b82-45df-b3c1-ad74e34d9258,3fB3QfaAeTGxCfVYigRcVe49yor8772G1D7Nz7NiTgAW,2026-08-21T10:16:46.417950+00:00,2026-08-21T10:17:10.331067+00:00,1.7250700024875737e-07,4.3126750062189345e-07,0.075,take_profit,1,1.5837961507161458,14323.234389984673,8297.565954967395,246,329,575,1.1007803243273733,542.180005445453,,97.3020275615207,1787307405000,119.624,16182.416389893326,4.76374602,68.73,63.92,886,12493.0,1.075,81.5,0,pool,0.4,3.25,trailing_stop,2.2516817639687594e-07,1,0,live_higher,1
2026-08-21,77876ae9-a914-419a-bf0a-a0b68d26ad94,AjHbdWjp2YfCahGDXz7B5bGtqpFLaseeqr5ewxKhpump,2026-08-21T10:15:42.013553+00:00,2026-08-21T10:18:09.872103+00:00,6.72727958482227e-08,1.202981308784506e-07,0.039410682,trailing_stop,1,1.33252109375,5335.112072487642,7261.022192671191,101,52,153,1.4026594589871801,3979.5284888240712,,94.5865979474225,1787307340000,118.943,6657.629660228898,17.702480494,53.14,38.4,213,8622.0,1.384,87.7,1,,-4.83,-5.03,trailing_stop,1.3330131317005264e-07,1,1,live_lower,1
2026-08-21,e3c13f9e-9b8d-4e10-96f1-f649fbc8662d,5TpjT5MnrfUpV9K1DVSaAfQwfptWhR3Lq9Bry1jMpump,2026-08-21T10:19:02.739573+00:00,2026-08-21T10:19:10.306961+00:00,1.632993318378098e-07,1.5023538529078502e-07,-0.004,hard_stop,0,1.6250368041992187,15557.1817624878,13318.544552490835,104,37,141,1.8781601959903358,7211.816616820813,,85.25436511228324,1787307545000,122.57,8654.61798495215,36.112968687,115.41,91.42,187,19480.0,1.262,85.2,1,,77.7,77.94,hard_stop,1.5023538529078502e-07,0,1,live_higher,1
2026-08-21,741556aa-db66-46f3-ad1e-10b1f6fa7a5a,12ZVpnxteNRLZd1dq5fZ3PfDE2RQ635TUCTJUhVEpump,2026-08-21T10:21:13.569408+00:00,2026-08-21T10:21:40.607059+00:00,3.6104258560719664e-08,3.321591787586209e-08,-0.004,hard_stop,0,1.4842876627604167,5355.910174204851,9848.35633351649,119,77,196,1.284813619998477,5251.741316567814,,99.95223299347221,1787307670000,118.123,3390.925138655706,4.044052617,64.8,63.72,268,12103.0,1.017,80.3,0,mcap;pool,0.28,10.1,hard_stop,3.321591787586209e-08,0,0,live_higher,1
2026-08-21,e77f91cd-a7ff-4789-ac69-75375d81fb51,mA9xN7naSonWAZXGRccroLkAKhQZRyiedThHQdUpump,2026-08-21T10:21:03.972021+00:00,2026-08-21T10:22:40.477278+00:00,8.499944489723838e-07,1.0730249381576536e-06,0.013119526,trailing_stop,1,1.2834500366210937,25977.57913232967,7075.715900252461,41,7,48,11.015665196609207,8641.858121569314,,73.89431003219518,1787307665000,122.119,87817.58368455029,111.231974792,321.83,194.13,336,48593.0,1.658,93.2,0,mcap,-8.84,-8.76,hard_stop,7.819948930545931e-07,0,0,live_lower,0
2026-08-21,166971c4-e11c-4823-a4ea-08380c9f0058,EedAQgPACejJTWUn6PMeQ4FEEMFFxfyhj2gir7UrvB3B,2026-08-21T10:19:05.076894+00:00,2026-08-21T10:25:10.199055+00:00,1.3157561091815428e-07,3.289390272953857e-07,0.075,take_profit,1,1.784190653483073,11009.083206058685,16205.296886725644,405,100,505,1.180519908816247,9574.623072960949,,95.07358390753002,1787307545000,121.791,12839.478548157143,111.080255208,126.56,105.47,636,21853.0,1.2,84.0,1,,-3.49,-1.46,take_profit,3.289390272953857e-07,1,1,live_lower,1
2026-08-21,ced025ce-479a-4a48-a6fd-a1596e98ab4f,DdacLuJoub9cMxWCy3WWAm6nqUKveiCMYPYH1eLcvoiq,2026-08-21T10:24:16.681878+00:00,2026-08-21T10:25:10.500173+00:00,5.562098695710314e-07,6.460971654534777e-07,0.00808034,trailing_stop,1,2.0089019287109373,47792.33710859999,18530.58297016567,441,107,548,2.1586253379112432,8155.7786977358255,,97.9357047344068,1787307855000,119.883,54053.22438876645,93.797794624,147.88,69.36,605,20460.0,2.132,100.0,0,mcap,-3.09,-3.09,trailing_stop,7.119094478429069e-07,1,0,live_lower,1
2026-08-21,e7ef10f3-1709-4ff9-b024-3c60f04d9372,6cJBXQnrRiBRMRsVxtuy7AarDA6DPL5D4EozQ4Waory,2026-08-21T10:15:49.586406+00:00,2026-08-21T10:26:09.861253+00:00,0.00011376063882879646,0.00011321826708512879,-0.000238383,time_stop,0,1.2830393717447917,9594.998372196007,2451.3164385559926,29,3,32,15.486759141818448,2153.9485426014435,,99.99999999999999,1787307340000,110.641,487857.2016391859,99.143679,2388.46,2159.75,57,428351.0,1.106,82.1,0,mcap,-98.9,-98.9,take_profit,0.0002844015970719911,1,0,live_lower,0
2026-08-21,6cff3e7a-cade-4edb-ab5d-c8aef8fa7e97,2wpXUeTLMkYLB8V2AqGPNoqwmzPvJRwiMJdzyJi4pump,2026-08-21T10:15:54.156156+00:00,2026-08-21T10:26:10.110189+00:00,2.8241826955327224e-08,2.8113027484296203e-08,-0.00022803,time_stop,0,1.3949440795898438,18002.988499044088,14894.80204609584,144,89,233,1.8626742007398538,8248.637744417723,,100.0,1787307355000,122.057,2654.818163713582,0.123021802,142.34,142.22,361,26800.0,1.001,80.0,0,mcap;pool,0.19,0.36,no_exit_within_window,,0,0,live_higher,
2026-08-21,14f6443d-39e5-4a66-9f67-364c27d66f6c,FGPJKqG2QDV6goKGmHN3mVn3tiCHjVYntLztSUJepump,2026-08-21T10:23:44.651147+00:00,2026-08-21T10:26:10.277701+00:00,6.838456676008549e-08,8.177947434078762e-08,0.009793809,trailing_stop,1,2.0292218709309897,6365.153476553015,15753.75645896254,234,160,394,1.2242903079410778,4505.382176289423,,90.87952855488389,1787307825000,122.392,6899.540882962109,18.561404868,93.97,79.4,406,16328.0,1.183,83.7,1,,-6.65,-6.69,trailing_stop,7.179390598113045e-08,1,1,live_lower,1
2026-08-21,e4c4e3da-7ff8-4cb8-8458-6ef95c39c457,7dxbmygLxB7ygURzTW5cRBFHZkHiVgLMvjbHbagXT7YF,2026-08-21T10:25:36.633014+00:00,2026-08-21T10:26:10.442801+00:00,4.886149933584657e-07,4.4952579388978843e-07,-0.004,hard_stop,0,1.382221573893229,36626.730210816924,4772.559041513563,153,188,341,1.4321593042988157,856.7746405743857,,95.7310634071786,1787307935000,120.258,31529.083147025158,10.795672971,56.22,47.9,661,9806.0,1.174,83.5,1,,45.95,48.5,hard_stop,4.4952579388978843e-07,0,1,live_higher,1
2026-08-21,0775dc67-9ac2-4145-af97-16600407c2a5,J5rYkJRQ7VvuLgKvs35jiBYrGkJzXQ4js9pw6hwGNe6T,2026-08-21T10:26:26.838518+00:00,2026-08-21T10:27:40.088454+00:00,6.437732551291387e-07,9.057082410261551e-07,0.02034373,trailing_stop,1,1.1502983357747396,41602.14032891333,4211.228994007454,143,208,351,1.4583044211232874,850.3591382826799,,98.8754099894375,1787307985000,118.535,57560.98944502036,12.126291789,65.99,53.76,817,11278.0,1.228,84.6,0,mcap,5.33,5.37,hard_stop,5.922713947188076e-07,0,0,live_higher,0
2026-08-21,c600e705-adc8-4b80-89a1-78caeebf9c8d,CjkrydGtywV2BAQuDouFGjsSr4ySHDoRDQfFHp4ioPcv,2026-08-21T10:26:03.166104+00:00,2026-08-21T10:28:39.901703+00:00,5.796412575267302e-07,7.950445575154975e-07,0.018580743,trailing_stop,1,1.3659526733398437,43936.313662299275,10911.28298855026,108,19,127,16.541939446119837,14329.44834945667,,98.142604399799,1787307965000,122.897,56148.91867997714,173.670252282,169.02,45.79,527,20230.0,3.692,100.0,0,mcap,-2.78,-2.77,trailing_stop,8.24556764121027e-07,1,0,live_lower,1
2026-08-21,aa7e4319-e2cf-4ec9-9c11-9e1462af27cc,6bWR7bWsFCsvF8fVKXR39fSqfnaKakicdvMAeioJpump,2026-08-21T10:28:06.577577+00:00,2026-08-21T10:28:40.483671+00:00,5.8260736161151535e-08,5.359987726825942e-08,-0.004,hard_stop,0,1.3384084920247397,7687.309103774246,6188.9760166965725,70,39,109,1.975743285622811,4764.901051779639,,99.99999999999999,1787308085000,120.748,3756.7385651704117,12.027383264,46.8,43.97,157,8549.0,1.064,81.3,0,mcap,46.06,76.68,hard_stop,5.359987726825942e-08,0,0,live_higher,1
2026-08-21,d218f966-6d97-4110-a18b-f1e6eb23340a,7pBjpn2BX7gKfMmHH4TqZzNbztyC2ffAkkWtkMF5pump,2026-08-21T10:28:04.230069+00:00,2026-08-21T10:29:40.074996+00:00,4.896215225816447e-07,5.84391064304697e-07,0.009677837,trailing_stop,1,1.0217105590820312,34355.33908317666,12940.720160008334,204,73,277,3.646836853024891,10111.010379520987,,46.9785323955255,1787308085000,121.852,49529.58989303614,83.128053574,250.92,154.75,749,38206.0,1.622,92.4,1,,-6.9,-7.46,trailing_stop,5.965406311164792e-07,1,1,live_lower,1
2026-08-21,775355d4-83cc-4331-b97a-0715dd29f151,4B1AbJqW2MnFvovLZ4DfURjca9X4NFnDgNvyQ1V9pump,2026-08-21T10:29:02.461294+00:00,2026-08-21T10:29:40.548897+00:00,1.205014966456216e-07,1.3692583589357667e-07,0.006814994,trailing_stop,1,1.5671182169596354,7866.482692285229,46255.61903168655,630,400,1030,1.09377539834204,5058.644345878591,,78.07829401365899,1787308140000,119.495,11937.620960033557,36.531050218,289.48,260.6,1157,51807.0,1.111,82.2,1,,-4.93,-8.43,hard_stop,1.1086137691397187e-07,0,1,live_lower,0
2026-08-21,490b978b-74e7-43e8-a54c-dcae94759faa,2VLWNaxjFC315SjEGY1TpVKmphsEQhuPBgVBbj1Wpump,2026-08-21T10:30:28.164851+00:00,2026-08-21T10:31:10.682413+00:00,1.0949833574379079e-07,1.0073846888428754e-07,-0.004,hard_stop,0,1.8893097045898437,10145.822446318876,12238.240599697989,134,83,217,1.5639860478741858,5574.60982730045,,75.2500613309855,1787308230000,123.332,10827.862448463551,31.133131294,85.97,56.54,241,13421.0,1.521,90.4,1,,-4.76,-9.06,hard_stop,1.0073846888428754e-07,0,1,live_lower,1
2026-08-21,046f0251-d881-4be4-a8d9-86a843975f5a,FPiXfmoWwendCXjRirGHfqaWntk71Z7r6yeta4Yvpump,2026-08-21T10:31:27.931644+00:00,2026-08-21T10:32:10.583999+00:00,1.120684273280171e-07,1.0310295314177573e-07,-0.004,hard_stop,0,2.018089453125,9971.901573878087,2832.3031031026344,59,9,68,41.046725140952056,5436.601991838128,,93.1142926054798,1787308285000,118.517,10899.064312295499,31.034550855,30.67,0.74,69,2958.0,30.667,93.9,1,,-3.16,49.43,hard_stop,1.0310295314177573e-07,0,1,live_lower,1
2026-08-21,bf0b6a82-52d0-4d5a-a1b6-cf5308e963cc,BrLt9xchbfy8zpVUjSbDQd7yoBcCF8maxXanHXVap22W,2026-08-21T10:32:19.028109+00:00,2026-08-21T10:34:10.532627+00:00,1.025183234828319e-07,1.3458455871554937e-07,0.01563927,trailing_stop,1,2.022747041829427,9388.377972666847,32254.372690510943,529,358,887,1.0796896267493703,8055.216794797854,,94.39066529899804,1787308340000,123.505,10316.073368476162,91.495883512,202.41,186.24,970,36603.0,1.087,81.7,1,,-6.41,-7.51,trailing_stop,1.4519354436028378e-07,1,1,live_lower,1
2026-08-21,0daacc5b-aa1c-4212-a3a0-b3e24f72f360,23gEaDvvMfYebhqBAsTsYsmBMy3zgeRJafPPG6MFpump,2026-08-21T10:34:15.410434+00:00,2026-08-21T10:35:10.545632+00:00,5.8611431858309003e-08,6.143187795682359e-08,0.002406055,trailing_stop,1,1.7246430257161458,5374.0553866724,34311.18403570735,372,286,658,1.077090992967409,4590.753858900303,,96.45101000928788,1787308455000,121.453,4566.132453735834,13.519993942,197.51,192.94,707,36773.0,1.024,80.5,0,mcap,20.89,16.86,hard_stop,5.392251730964428e-08,0,0,live_higher,0
2026-08-21,2c61202f-bcf2-4734-b1fb-8196fc683419,36pGNTae27dkCkyYVk83WumXGk8VRm5R4rxvPkV4pump,2026-08-21T10:26:56.455549+00:00,2026-08-21T10:37:09.869589+00:00,2.897575670598957e-08,2.804623543133761e-08,-0.001603964,time_stop,0,1.1079363810221354,6439.205535100299,1694.1669467998238,31,2,33,40.892798347740126,4354.543074013111,,100.0,1787308015000,119.955,2648.449589738176,0.15243371,23.11,24.13,91,4449.0,0.958,77.5,0,mcap;pool,3.04,3.38,no_exit_within_window,,0,0,live_higher,
2026-08-21,f8f808e7-117d-4a4f-9c94-cdc51fa5f995,4cXpppYkyPvYeHbHx2Kroq9mcYa2ZdUeKcLyUmL3pump,2026-08-21T10:37:11.315824+00:00,2026-08-21T10:37:40.487723+00:00,4.4184364712999225e-08,4.0649615535959286e-08,-0.004,hard_stop,0,1.0139643758138022,9719.169579571751,9284.64153162758,80,44,124,1.805465926005177,5392.4103463919,,99.810241341485,1787308630000,120.249,4139.313601707798,7.671422507,171.1,168.49,499,31982.0,1.016,80.3,0,mcap,0.53,1.15,hard_stop,4.0649615535959286e-08,0,0,live_higher,1
2026-08-21,8d6f675e-a408-4bf8-b07e-4f68a49aac4b,HXACDH4duBrsG5cvJxCvgvDfa5JcMnLvMWwDRNm4pump,2026-08-21T10:28:33.145036+00:00,2026-08-21T10:38:39.980038+00:00,2.3541903872518888e-07,2.3529790576433553e-07,-2.5727e-05,time_stop,0,1.322654130045573,21491.339255742034,761.9559473137425,50,47,97,1.0116183320700929,2741.691763652378,,100.0,1787308095000,102.521,44359.900815865716,0.027934409,4.13,4.21,106,786.0,0.981,47.6,0,pool,-0.04,-0.03,no_exit_within_window,,0,0,live_lower,
2026-08-21,e7ece198-4234-4880-b141-c73964dcafd5,FE93quCp6DcYpYUwi3CAjS8nhBBjF2BW4PdbPcw5MtRJ,2026-08-21T10:37:47.171446+00:00,2026-08-21T10:38:40.726914+00:00,4.0408794328656624e-07,3.7176090782364096e-07,-0.004,hard_stop,0,0.36354230550130207,30906.176504637726,755.3760920752964,9,0,9,755.3760920752964,755.3760920752962,,96.2987658680118,1787308665000,109.889,42692.181885191574,10.858714598,69.84,59.44,747,12176.0,1.175,83.5,1,,-10.86,-19.18,hard_stop,3.7176090782364096e-07,0,1,live_lower,1
2026-08-21,07e09819-2e02-43a0-b89e-c9cb401d47be,S1ujcw9zyJz2LmifiSv1hhpQ6tCjz334Hd1iWCBWory,2026-08-21T10:28:58.878261+00:00,2026-08-21T10:39:09.875583+00:00,0.00015455455946020825,0.00016514428757771982,0.003425887,time_stop,1,1.5235955281575522,7280.062074860535,3065.92461416052,38,16,54,2.0221801845978358,1256.8003358564895,,100.0,1787308105000,87.475,662982.1661287595,1036.397002,2222.87,989.39,55,302531.0,2.247,100.0,0,mcap,-98.9,-98.9,take_profit,0.00038638639865052064,1,0,live_lower,1
2026-08-21,fe78031a-f655-4bb1-8f57-eb49ee386f2e,HTYSJZ9sgovcR2aeCMvYiVthhJe9PZ9xPrpQhD7d9veW,2026-08-21T10:38:46.331921+00:00,2026-08-21T10:39:40.246000+00:00,1.1108019469108951e-07,2.7770048672772377e-07,0.075,take_profit,1,0.927432059733073,36149.146953381314,1934.638800041306,25,22,47,2.676715354414464,959.3384380501312,,99.1702637694452,1787308725000,120.347,16676.674305561515,4.793304535,51.6,46.69,294,9257.0,1.105,82.1,0,pool,-37.27,-33.58,take_profit,2.7770048672772377e-07,1,0,live_lower,1
2026-08-21,dcacceed-bdc8-4f2a-bf24-c26f08a591c3,Cj65RY7AHAPCkG4iqLxxmYxMRyKJZnS5hnaG2znJRLkQ,2026-08-21T10:29:58.518542+00:00,2026-08-21T10:40:09.911844+00:00,2.602791684143069e-07,2.602791684143069e-07,0.0,time_stop,0,1.7768676025390624,21131.351757724693,9794.217041025313,299,401,700,1.1206070813073907,554.5512670437826,,96.3864681340012,1787308200000,122.489,37155.322281515444,9.39092674,73.42,63.99,913,12941.0,1.147,82.9,1,,-34.03,-32.13,no_exit_within_window,,0,1,live_lower,
2026-08-21,89278d68-8ef0-42aa-9d55-d9ec9cac3c47,w7Fubc9MpKspDxP6RZh29nVYXc4tLQ4Dg8A755hpump,2026-08-21T10:39:37.997759+00:00,2026-08-21T10:45:10.106349+00:00,1.9976991273841401e-07,3.7457657277369103e-07,0.043751999,trailing_stop,1,1.237332275390625,18175.620302258005,4683.846978545529,23,3,26,81.08055878970394,7299.382436044552,,99.984938381097,1787308780000,122.873,18845.29552782813,50.256944505,50.89,0.64,25,4854.0,50.891,99.6,1,,-0.16,175.84,trailing_stop,4.241034322053286e-07,1,1,live_lower,1
2026-08-21,bb155816-062f-44e4-bcf5-2e12d9a94908,26huzrJazg3EHRz5Cxj3ee9kjUSxjVuhBoKRDvf7pump,2026-08-21T10:35:13.503167+00:00,2026-08-21T10:45:39.923189+00:00,6.996040840471716e-08,6.952084795793999e-08,-0.000314149,time_stop,0,0.9416340250651042,6238.784869855107,998.3811407620567,27,19,46,1.0000000003654852,2788.690695002306,,100.0,,,,,,,,,,,,,,,,,,,,
2026-08-21,84f5baaf-2a78-496d-b96c-63b467498519,48jRNC5993riMtFtPRoS7cpmJS7GDtfkTBZ5RHhnpump,2026-08-21T10:40:10.970531+00:00,2026-08-21T10:45:40.058461+00:00,0.00013866360550143545,0.000161116845883675,0.008096299,trailing_stop,1,0.9538993001302083,47259.83287356256,17509.77715698502,49,13,62,1.9645907408706533,40732.4338303085,,97.49110382476142,1787308810000,119.895,13371672.176090062,468.048410575,161.92,79.08,102,22698.0,2.048,71.0,0,mcap;vol_mcap,-2.34,-2.28,trailing_stop,0.000161856653023953,1,0,live_lower,1
2026-08-21,3d9ca750-c388-4ce3-8f11-b7389e615878,8p1vmyrUDVytcVLCwjfoDsWWZvJ6WVsP3P6NdJsopump,2026-08-21T10:46:07.957178+00:00,2026-08-21T10:46:20.488923+00:00,4.0825943472647445e-08,4.320200522000414e-08,0.00290999,trailing_stop,1,0.5919540649414062,5216.2792323740105,2878.4116706455266,29,8,37,2.4044707795295275,3923.4042424527097,,99.99203856871131,1787309170000,123.274,4084.6807118627157,8.849328358,43.85,39.02,188,7805.0,1.124,82.5,0,mcap,-5.87,-5.6,take_profit,1.020648586816186e-07,1,0,live_lower,1
2026-08-21,cd55ef0c-fd65-4553-9d9c-4630f49802eb,Aas58khRgkJe1tE2KjtRhHp9MFY3bvNbUNpJHePkpump,2026-08-21T10:47:53.333383+00:00,2026-08-21T10:48:05.440827+00:00,8.918927219342009e-08,9.019183833581694e-08,0.000562044,trailing_stop,1,1.374288741048177,9083.492171535203,6998.638630620455,149,65,214,2.0516446859657567,5157.76475221939,,88.2904190074085,1787309275000,123.015,7979.88411957429,25.723366304,67.73,48.51,347,10948.0,1.396,87.9,1,,5.26,3.32,hard_stop,8.205413041794649e-08,0,1,live_higher,0
2026-08-21,b4e319ce-e949-4640-a840-a3a41dad006c,CYp8jwtrzGdXn78N7zWniX1cXpv4QkzRWF7fur63pump,2026-08-21T10:48:12.013103+00:00,2026-08-21T10:48:20.311528+00:00,1.8522060867431228e-07,1.7040295998036732e-07,-0.004,hard_stop,0,1.3241051595052082,15957.223466006373,5904.926207284108,65,15,80,5.722709741912032,6895.547704916822,,94.2091311674806,1787309290000,119.247,14472.68606344469,40.350461755,65.3,25.02,102,8507.0,2.61,100.0,1,,20.53,18.34,hard_stop,1.7040295998036732e-07,0,1,live_higher,1
2026-08-21,c230fd0c-a135-4d27-9e04-0ea6ed63d94d,GuCQSbR3syLnXsKssf7bCUDJeseAaYzLdr7foCzyDjLC,2026-08-21T10:48:39.295334+00:00,2026-08-21T10:48:45.750404+00:00,3.3216504531986623e-07,3.0559184169427694e-07,-0.004,hard_stop,0,1.486301143391927,23414.52167575851,7208.27613013562,241,277,518,1.185779102856103,627.7144979914955,,96.5920234599701,1787309320000,122.343,16855.533329463677,6.909419567,71.1,66.06,912,12918.0,1.076,81.5,1,,85.6,84.26,hard_stop,3.0559184169427694e-07,0,1,live_higher,1
2026-08-21,bd2e3446-4a84-40e1-aa94-98bf60d86fc0,4EiSmM9kFYmdoSryiS5XuTa9SihntFHtqc5YPe7xixJQ,2026-08-21T10:48:51.864691+00:00,2026-08-21T10:49:10.547222+00:00,1.4843507144617062e-07,1.7307964538126755e-07,0.008301466,trailing_stop,1,1.3554881103515626,11509.064709996315,37186.54353027479,241,88,329,1.1039072666744156,10329.66210362234,,99.9839379838782,1787309330000,119.571,15791.644945123182,124.613680303,511.23,475.5,716,92930.0,1.075,81.5,1,,-11.47,-6.97,trailing_stop,2.1951627441153403e-07,1,1,live_lower,1
2026-08-21,19467023-8dd3-4954-84d0-8607c76e9796,C6Zi2J4ZFBY7wUaDcT7CUKCfXUnZymKhFLxFuPsXpump,2026-08-21T10:40:23.552527+00:00,2026-08-21T10:50:24.977377+00:00,2.8401530479232684e-08,2.7947503394968367e-08,-0.0007993,time_stop,0,0.7372326334635416,17241.153784045975,4623.427168635358,52,8,60,43.7644206326149,7145.575797301523,,99.9069617779795,1787308825000,121.967,2681.0733730610236,0.271626756,56.19,55.97,112,10563.0,1.004,80.1,0,mcap;pool,-0.23,0.0,no_exit_within_window,,0,0,live_lower,
2026-08-21,dcd770e0-7314-4bdc-a52e-54309edabc40,8A3VVoYf8PQ9pMYBjBWV3DWVY5DhU3MCxNmzgPRwpump,2026-08-21T10:50:12.616026+00:00,2026-08-21T10:50:55.492460+00:00,1.4181907121516005e-07,2.044386174437324e-07,0.022077266,trailing_stop,1,2.013855232747396,13860.812376677422,33723.591801184855,445,279,724,1.244100803695662,6415.409243397821,,74.006696598193,1787309415000,123.06,15173.520080906119,42.771156496,205.39,168.31,770,35195.0,1.22,84.4,1,,-11.97,-11.84,trailing_stop,2.775933278250354e-07,1,1,live_lower,1
2026-08-21,b382122f-8f7d-4a05-abbf-1baeee8c4b0d,8gDG97kq1bitZmb4fDvB9LuqP7gyH2UhTUJNsy9kf3RN,2026-08-21T10:41:09.836373+00:00,2026-08-21T10:51:09.939762+00:00,9.962172853008257e-07,9.962172853008257e-07,0.0,time_stop,0,1.1302930013020833,43041.7486846707,4355.620363324406,156,192,348,1.5659045274354255,961.0373646539182,,95.56582200869069,1787308870000,121.454,100480.80681158105,18.022911625,59.29,43.19,842,9651.0,1.373,87.5,0,mcap,-6.63,-6.25,trailing_stop,1.6417156908727927e-06,1,0,live_lower,0
2026-08-21,8be5e0bb-3b98-431c-844d-96442dbddd49,CC35rpyivyYiTozWYyGUaVB7kBXdR555ZDp38roPWjjh,2026-08-21T10:53:13.145228+00:00,2026-08-21T10:53:25.669192+00:00,2.7151166612945976e-07,2.7552583200774696e-07,0.000739225,trailing_stop,1,1.7326878377278645,22603.87161020097,1619.0958382725175,165,47,212,3.0455985187092827,818.9313510085187,,99.98532627421261,1787309595000,123.029,26605.010111151256,9.674014629,7.09,5.4,272,1176.0,1.313,71.3,1,,-3.89,-3.89,trailing_stop,2.830402225792791e-07,1,1,live_lower,1
2026-08-21,f26db586-bf0d-4ce1-a960-2427ec813cf1,D4RGppbu9pEn8u1K9QpMAXXpP1pJwGu47EFrMJvcpump,2026-08-21T10:45:26.872371+00:00,2026-08-21T10:55:30.004312+00:00,2.972497159722835e-08,2.7952947520619115e-08,-0.002980699,time_stop,0,1.104674971516927,6219.444361379728,4140.018448556326,32,5,37,2.2250588639502715,4307.246847421532,,100.0,1787309125000,119.228,2664.5963004138594,0.178444828,31.46,31.77,60,5955.0,0.99,79.8,0,mcap;pool,5.06,5.07,no_exit_within_window,,0,0,live_higher,
2026-08-21,92ebbffb-1811-41cb-a6e6-3cdc0bff9f4a,9AwR5a8rbnLMNyoankJsELHhyQPHmREkhcpk6i7ypump,2026-08-21T10:55:27.137080+00:00,2026-08-21T10:56:30.291519+00:00,1.302001863599617e-07,1.197841714511648e-07,-0.004,hard_stop,0,2.021544571940104,14219.792042156338,14372.063132258434,191,118,309,1.6938603986548435,6469.582449369051,,74.33178594435749,1787309725000,118.422,13139.827105845532,37.015609439,103.67,67.85,327,16154.0,1.528,90.6,1,,-6.68,-1.54,trailing_stop,1.3672786752737968e-07,1,1,live_lower,0
2026-08-21,821f82f9-9042-415d-8885-2f972621579b,JAc91B6zkUShFtvx53FKhddPcyCPhdmkfYcvtuwBpump,2026-08-21T10:55:47.660551+00:00,2026-08-21T10:56:30.635512+00:00,7.098616635497707e-08,6.530727304657891e-08,-0.004,hard_stop,0,2.0161405232747396,6497.036496869836,4404.080941797996,46,28,74,2.1341854963972913,4337.811969787306,,93.1139394372687,1787309760000,132.745,5755.686684410587,15.08548463,27.8,18.45,75,4356.0,1.507,88.2,1,,16.15,16.32,hard_stop,6.530727304657891e-08,0,1,live_higher,1
2026-08-21,56ce4152-dc43-4949-b65e-fcef81714d1d,HVzBaXY2JDqzthjoXVUc1fepJv6gV6GLTFnkDQZ3pump,2026-08-21T10:56:59.932988+00:00,2026-08-21T10:57:30.707007+00:00,1.2832763635250498e-07,1.1806142544430459e-07,-0.004,hard_stop,0,2.030609069824219,10903.073688325774,10578.28432439729,102,55,157,1.812275625994213,6077.636827848635,,84.0400929701641,1787309820000,122.539,12133.070301102038,34.525232136,68.0,41.5,172,10312.0,1.638,92.8,1,,-0.39,1.09,hard_stop,1.1806142544430459e-07,0,1,live_lower,1
2026-08-21,a45af036-149c-44fa-a898-4d359eef76e1,9QPZDnDmzokbRUFKiQojKDRvB5sKuzNtqmziqcnqpump,2026-08-21T10:56:55.871963+00:00,2026-08-21T10:58:30.462297+00:00,9.148439251470409e-08,8.416564111352777e-08,-0.004,hard_stop,0,2.0173156290690106,8178.111037777419,38138.22834348162,508,348,856,1.1250735525036504,5074.729940793926,,85.1894808032422,1787309815000,120.257,10052.150558315527,29.52096291,224.13,199.51,888,39898.0,1.123,82.5,1,,-14.29,-13.81,trailing_stop,1.0459872103577421e-07,1,1,live_lower,0
2026-08-21,9f846c57-34f0-447b-ba00-9b76d44c6803,HEFpEaJsjMKnwyV9RS1SvNTe2nj7x7VwWWxjVY3Xpump,2026-08-21T10:48:37.770704+00:00,2026-08-21T10:59:00.004971+00:00,2.9004940911372542e-08,2.8014932885269475e-08,-0.00170662,time_stop,0,1.4357931233723957,5551.687023524982,8139.6926726799265,96,53,149,1.3691277460857338,4071.4018736440944,,100.0,1787309315000,117.696,2708.3217473705695,0.425048161,48.1,51.67,176,9396.0,0.931,78.6,0,mcap;pool,0.86,0.98,no_exit_within_window,,0,0,live_higher,
2026-08-21,aeb079ea-c671-45bc-ab09-63b542b8fe85,7qLCgmwQaUxR8KnMrktMgKcQQqin2i3ewHJTGYzfpump,2026-08-21T10:58:52.426160+00:00,2026-08-21T10:59:30.373210+00:00,4.3686946557410436e-07,4.01919908328176e-07,-0.004,hard_stop,0,1.7940511922200522,32706.969923127974,12859.990055148472,102,28,130,3.516042529105748,9909.18483423231,,85.64357709474332,1787309930000,118.652,40885.73128538489,70.863856676,149.91,62.57,223,20012.0,2.396,100.0,1,,0.63,0.34,hard_stop,4.01919908328176e-07,0,1,live_higher,1
2026-08-21,c0a198ae-921e-4cf9-9e7b-826293ba5523,Cs5Lzyi9XxTYHD69ammoEMmuumDfzj7yHrwAVMNRXDR8,2026-08-21T10:59:15.824762+00:00,2026-08-21T10:59:30.640470+00:00,1.9986030617271763e-07,1.8387148167890023e-07,-0.004,hard_stop,0,1.9142663330078125,19613.998786952907,8033.616319557796,259,340,599,1.1220626698265055,493.30862034521954,,96.7344021313166,1787309955000,119.94,13285.963925302663,5.865892748,53.81,50.13,722,9790.0,1.073,81.5,1,,41.67,46.42,hard_stop,1.8387148167890023e-07,0,1,live_higher,1
2026-08-21,645b9b41-98c3-44a1-8d2d-74cfc5051e4b,GETgDwpELRjP29ze2sjMUD5Y97XT1V6SsczXcCfGgAtq,2026-08-21T10:59:44.731047+00:00,2026-08-21T11:00:30.527264+00:00,2.6430377192606205e-07,2.4315947017197707e-07,-0.004,hard_stop,0,1.6275589152018228,25398.305093176656,8341.87009770184,255,320,575,1.1690471069918467,770.4794748784245,,96.445700940215,1787309985000,121.742,28914.314884881936,10.099820092,70.51,62.68,895,12545.0,1.125,82.5,1,,-13.91,-11.17,hard_stop,2.4315947017197707e-07,0,1,live_lower,1
2026-08-21,eabe53ae-c618-4d6f-95e4-d20b074b2a92,5CXepFXsmpG1aog3FtDG8nyEzMwWDznfrShskTCvpump,2026-08-21T11:00:46.056104+00:00,2026-08-21T11:01:30.711041+00:00,3.242239546861097e-08,3.659647226604312e-08,0.006437027,trailing_stop,1,1.20917919921875,8281.25985908754,8834.882963675887,109,78,187,1.6605394071637598,4939.03885087954,,100.0,1787310050000,124.348,3506.516602274139,4.619364842,69.57,68.95,330,13046.0,1.009,80.2,0,mcap;pool,-12.92,-13.02,trailing_stop,3.648743119801079e-08,1,0,live_lower,1
2026-08-21,bbe866b2-c3b9-463e-94ce-706249e67e1d,G2zbHzw7ckctTz9SFRaKnW2hzJ8e8ydpsMP8Z81LM9kv,2026-08-21T10:52:27.480527+00:00,2026-08-21T11:02:30.027493+00:00,2.630053999229181e-07,2.6377969645449994e-07,0.000147202,time_stop,1,1.894173701985677,23961.356693024143,11274.07019150849,143,125,268,1.450621470246229,20332.99564203901,,99.99007903964014,1787309545000,119.188,24699.03642627865,223.032666029,86.0,62.9,325,14024.0,1.367,87.3,1,,0.29,-0.07,time_stop,2.6273598296792447e-07,0,1,live_higher,0
2026-08-21,b1ed213d-1069-441f-b8e4-cf438dcf4822,6MzqXE5GnBJPVF7BC95wDsCX6pL9v27BHDmpixunpump,2026-08-21T11:01:36.321346+00:00,2026-08-21T11:02:30.677444+00:00,8.52644888946835e-08,7.844332978310883e-08,-0.004,hard_stop,0,1.1561791870117188,6993.855724675169,3830.2021443913895,48,7,55,2.8302383229827646,4704.790445722232,,91.215942177678,1787310095000,120.112,8622.227551122382,24.286380399,43.73,19.94,84,5996.0,2.194,100.0,1,,-6.87,-2.69,hard_stop,7.844332978310883e-08,0,1,live_lower,1
2026-08-21,118c83f4-246a-48e7-9558-ee7d42d1e3c7,24LLXpPwCL2PZGouoGvPSEEcEa4QEDr2GeKfohs9D4eW,2026-08-21T10:55:37.096872+00:00,2026-08-21T11:06:00.020217+00:00,4.773457791165822e-07,4.773457791165822e-07,0.0,time_stop,0,2.016448982747396,43901.191720069335,9057.532684921764,280,340,620,1.2411089898800785,968.8148524214095,,95.6645623086043,1787309735000,120.491,44878.58959574778,10.806625286,57.98,47.24,689,9910.0,1.227,84.5,1,,0.17,0.91,hard_stop,4.391581167872557e-07,0,1,live_higher,1
2026-08-21,408feb7a-bf05-4f65-a603-b60bd967f850,2tThd4U1Q9jGVVvBU9KCV6uN8hWD7zanvVW2SQ1zpump,2026-08-21T11:04:09.742468+00:00,2026-08-21T11:06:30.320364+00:00,1.019110834942394e-07,1.305179699742573e-07,0.014035218,trailing_stop,1,1.397378641764323,10828.868388157533,23434.496982887504,328,348,676,1.2828667237289584,5639.037203554713,,77.79145726644418,1787310250000,121.455,10147.708685060528,29.280162987,163.75,144.86,923,29065.0,1.13,82.6,1,,-5.42,-2.25,trailing_stop,1.2649323340462186e-07,1,1,live_lower,1
2026-08-21,30e6af10-9d57-4c75-ace7-8b8e2745a030,AmgyvHVgf4SB7Dk7CnnTe6zkGuasQ5t1dkT6s1fQpump,2026-08-21T11:06:22.896761+00:00,2026-08-21T11:07:00.580343+00:00,1.170538016688611e-07,1.246480452276642e-07,0.003243912,trailing_stop,1,2.017546248372396,10392.203682509273,10421.132366398278,125,33,158,1.7369450701620497,5638.0614537701895,,86.6500021213718,1787310385000,123.326,12302.73342572165,34.845814944,76.56,42.21,173,11186.0,1.814,96.3,1,,-10.39,-13.02,trailing_stop,1.2801740026764936e-07,1,1,live_lower,1
2026-08-21,9d5363f4-1260-457f-ba72-be4c90e009e1,8ajYryp2XU4QTKhdAy15DrSe7ozHxZbU5qFPho6bHyMD,2026-08-21T11:07:30.743077+00:00,2026-08-21T11:08:00.577216+00:00,4.990804601856999e-07,4.591540233708439e-07,-0.004,hard_stop,0,2.015539025878906,45755.90895401802,9206.09351855443,324,429,753,1.2444123049013156,953.5799568190912,,95.6193081127527,1787310450000,120.059,48540.896962016035,11.158092814,57.63,46.37,810,9794.0,1.243,84.9,1,,-3.17,-2.22,hard_stop,4.591540233708439e-07,0,1,live_lower,1
2026-08-21,29b0dfa7-b646-4bea-9d0b-ffaf9d9b01d7,5uK9yo1dRxXDUSGkwTFb5578c97DiroHe9yBBfWYuYxT,2026-08-21T10:59:04.032194+00:00,2026-08-21T11:09:30.079965+00:00,8.940987472100384e-12,8.933991953866264e-12,-3.9121e-05,time_stop,0,1.4102733439127604,44226.452475186474,6539.210874051541,200,278,478,1.3275684162491774,920.2126322013748,,97.89203829342387,1787309935000,111.405,0.48580022450089855,0.003898109,56.84,46.06,729,9691.0,1.234,84.7,0,mcap;pool;vol_mcap,73.34,71.3,hard_stop,8.225708474332354e-12,0,0,live_higher,1
2026-08-21,d91af0e5-77b4-4a15-8ddf-31e4fd5d8fc3,5v1atq1djCrKuzjyP77WWcYW177PVQYK3vXAtbBppump,2026-08-21T11:08:07.056125+00:00,2026-08-21T11:10:30.584981+00:00,5.796514534863641e-08,5.3327933720745504e-08,-0.004,hard_stop,0,1.9726778035481771,5405.365409045858,2870.326048473471,35,17,52,2.5393073368946566,3994.279960200488,,100.0,1787310480000,113.83,5365.316082990152,12.823168883,20.56,9.71,53,2851.0,2.117,93.6,1,,1.75,1.75,hard_stop,5.3327933720745504e-08,0,1,live_higher,1
2026-08-21,fa516d24-1d21-4a89-903a-0853d2764c5b,DH41yrggcqqpy65A9R19ARndpWDdGiUMe6JfPho2MNcW,2026-08-21T11:00:34.524325+00:00,2026-08-21T11:11:00.046972+00:00,4.890409816315177e-07,4.890409816315177e-07,0.0,time_stop,0,1.40917919921875,42641.36002990694,728.2921273181794,12,13,25,15.03271667587528,637.5026677032783,,99.9724719349419,1787310035000,122.059,46206.831062925514,10.656845091,11.24,0.58,42,1114.0,11.243,72.8,1,,-0.32,-0.37,hard_stop,4.499177031009963e-07,0,1,live_lower,1
2026-08-21,84332c8b-e05c-4779-8a6c-6c0fbe222182,5VyUKkXbp5oR3gyg7vqg3MXVG4Tfxx6sr1otWWmfpump,2026-08-21T11:04:17.426670+00:00,2026-08-21T11:11:30.051624+00:00,1.7446156706177942e-07,1.6050464169683708e-07,-0.004,hard_stop,0,1.6475042154947916,15922.43946900248,1028.1858821775354,77,87,164,1.0016585099441342,2739.1254799820686,,100.0,1787310210000,73.939,32855.27832413774,0.008932104,5.54,5.62,163,1052.0,0.986,57.1,0,pool,0.02,-0.51,hard_stop,1.6050464169683708e-07,0,0,live_higher,1
2026-08-21,53d9eee9-0f96-459e-abe3-c241a0c456f9,GAtz44cbjhJMfwgaokhffPuz9bXDB7Cyv1g57KSF4xYU,2026-08-21T11:10:41.438096+00:00,2026-08-21T11:11:35.199529+00:00,1.520364655073138e-07,3.587562465449465e-07,0.067983618,trailing_stop,1,1.5104260945638022,37087.658564634046,5691.924020305081,200,231,431,1.369638386483416,888.075140050464,,97.13745233290969,1787310640000,120.095,18009.90209595156,5.149785445,55.51,50.23,769,9959.0,1.105,82.1,1,,-20.49,-20.28,no_exit_within_window,,0,1,live_lower,
2026-08-21,90145504-5bac-4c22-834b-ff00447791a7,13EVkomZXvHXgPeKTPyhAhuA3vd6qWQByGuNWxQwpump,2026-08-21T11:10:58.628208+00:00,2026-08-21T11:12:35.246485+00:00,5.048061949138731e-07,7.051150660522691e-07,0.019840176,trailing_stop,1,2.0153444213867187,38160.759752417674,57773.257182474685,841,633,1474,1.3158151914858147,6298.25277871484,,49.239926114812796,1787310660000,121.623,54976.095608275544,87.126193297,458.86,358.79,1782,77007.0,1.279,85.6,0,mcap,-14.03,-13.2,trailing_stop,7.151694281182071e-07,1,0,live_lower,1
2026-08-21,e6c4ee3f-30d3-486e-b1af-00fcb4936477,6UrrAdTZYBPi3ZqY6U5L4anTKVa7sT5sotmPxmR2pump,2026-08-21T11:11:40.916822+00:00,2026-08-21T11:12:35.733518+00:00,6.090506020227612e-08,1.522626505056903e-07,0.075,take_profit,1,1.3153444213867187,5979.3961539952315,19660.46968929378,188,165,353,1.1619028383951988,4750.653193366679,,93.1780111277633,1787310700000,120.621,7017.020091830467,18.973089885,148.7,132.73,514,26505.0,1.12,82.4,1,,-18.26,-18.58,take_profit,1.522626505056903e-07,1,1,live_lower,1
2026-08-21,e1cc7919-e588-4138-aae2-00543538ab01,6p2dv9nFfJzXMbDgF2oGBnanbtXrfU31MFLv5TGbMCRL,2026-08-21T11:12:38.036993+00:00,2026-08-21T11:13:35.486129+00:00,9.023490606690533e-07,8.301611358155291e-07,-0.004,hard_stop,0,1.348432059733073,44763.840862847996,6345.667816657067,199,274,473,1.3589437242063154,965.1177410211976,,98.2483466338258,1787310760000,122.67,88688.90165603066,16.151676204,74.22,59.04,847,12551.0,1.257,85.1,0,mcap,-4.18,-3.34,hard_stop,8.301611358155291e-07,0,0,live_lower,1
2026-08-21,2e8a5c5e-4bf2-4b4c-b7f0-47eefc87655a,HGW7sxaHGwASHGJkMmB58sTtibuTU3jxpKJQTd7Fpump,2026-08-21T11:11:39.423985+00:00,2026-08-21T11:14:35.406159+00:00,4.995582102849051e-07,4.595935534621127e-07,-0.004,hard_stop,0,1.0887141357421874,37069.54824780457,7721.145857035154,6,1,7,853.575225607279,10453.139435113098,,99.9994951401055,1787310700000,121.674,47676.08275530794,76.77143443,11.57,1.1,42,1194.0,10.475,73.6,1,,-1.32,-4.71,hard_stop,4.595935534621127e-07,0,1,live_lower,1
2026-08-21,d43cc611-c26f-4d68-aa2a-385f45491b9d,4gwvFkVBZw8HwCfCegC9PA43uya7BhQMocQzdJSbpump,2026-08-21T11:14:20.365358+00:00,2026-08-21T11:15:05.601573+00:00,2.633082396656912e-07,2.4224358049243594e-07,-0.004,hard_stop,0,1.3930946451822916,19404.677672678674,34946.366401095635,361,151,512,1.320711645845525,7568.515160983228,,59.9841401150238,1787310860000,120.306,15755.429753047116,54.310440973,328.79,285.4,840,57845.0,1.152,83.0,1,,57.4,56.18,hard_stop,2.4224358049243594e-07,0,1,live_higher,1
2026-08-21,5262bfd8-0e14-4ef2-b891-dfd5bca0fb26,Hkk1a8uYSSBGSkgQDtXXkS5gceg7TVmVRbXZWNg7pump,2026-08-21T11:14:38.063315+00:00,2026-08-21T11:15:05.786529+00:00,1.3139626567841278e-07,1.2088456442413975e-07,-0.004,hard_stop,0,1.5434078572591146,9793.185570332715,9810.17414329068,107,64,171,1.7230599970689606,5436.595772930965,,91.86193520801069,1787310880000,122.912,11893.576512495534,34.240311469,92.43,61.68,262,14514.0,1.499,90.0,1,,4.05,5.85,hard_stop,1.2088456442413975e-07,0,1,live_higher,1
2026-08-21,e789a59a-1e27-4171-bff9-ca6f7a99d279,Lw6nxS9e68nFUog1w97LhPtNWYxrosi1UvmUhtAvzZV,2026-08-21T11:15:28.176980+00:00,2026-08-21T11:15:35.616679+00:00,2.3830230433776252e-07,2.192381199907415e-07,-0.004,hard_stop,0,1.6898827026367187,25083.579318171924,7376.450083666423,256,319,575,1.191570074506471,640.7327342686948,,96.727575928578,1787310930000,122.824,16314.48736871321,4.851788523,61.35,56.52,858,11101.0,1.086,81.7,0,pool,37.57,-52.34,hard_stop,2.192381199907415e-07,0,0,live_higher,1
2026-08-21,f6f68745-01e4-4220-a652-8373ebfa7b8e,9ftH86FFm8w6jsqc1ZJyqZpao3FDHTXYUGj3Bmiopump,2026-08-21T11:15:30.005964+00:00,2026-08-21T11:15:35.768192+00:00,1.5767472242770173e-07,1.450607446334856e-07,-0.004,hard_stop,0,1.7564949259440104,16401.675571536856,14276.034795671874,100,32,132,1.7627543785849467,7016.824532941926,,83.1352787530884,1787310930000,121.9,2768.6139290677033,38.765303508,112.45,112.08,203,21146.0,1.003,80.1,0,mcap,436.36,436.52,hard_stop,1.450607446334856e-07,0,0,live_higher,1
2026-08-21,2a92fc71-deac-4129-aecb-8813c7ba58e4,AN6fym8k6uyx1dPttmPGza5f8FsqG6jCXfM3BH7xpump,2026-08-21T11:13:40.767547+00:00,2026-08-21T11:16:05.497674+00:00,4.7551755460556416e-08,1.1887938865139104e-07,0.075,take_profit,1,1.5149148315429688,5341.433511259178,7389.489647785915,116,68,184,1.398562657798676,4136.827797462964,,96.4634912375726,1787310820000,119.361,4516.731450069045,9.291017952,49.03,39.75,207,8362.0,1.233,84.7,0,mcap,-0.85,1.12,trailing_stop,1.1370298293337383e-07,1,0,live_lower,1
2026-08-21,c4301ecb-4702-423e-a8b3-8bb70aed3b02,DjrSicX5TroQZECLnSh7vko3B4NmaWE1ZhFLhhRipump,2026-08-21T11:16:10.787855+00:00,2026-08-21T11:17:35.578332+00:00,6.522452397259813e-07,8.48818331891002e-07,0.015068956,trailing_stop,1,1.5058308349609375,29593.617972669497,8403.022690890148,48,8,56,8.890103535996486,9431.127188538037,,91.737458101003,1787310970000,121.143,80906.2021207164,105.443326124,174.82,52.53,160,21412.0,3.328,100.0,0,mcap,-24.07,-23.76,trailing_stop,8.597309729019656e-07,1,0,live_lower,1
2026-08-21,890a5b0a-a3cd-4906-b373-7200f5242e56,3L2zaNPuxYY94VUkVb2XSAcvo7VRJDrE13yoHZzXpump,2026-08-21T11:08:01.461505+00:00,2026-08-21T11:18:05.016719+00:00,2.362757893763778e-07,2.376324980460004e-07,0.000287103,time_stop,1,1.893277286783854,21614.592362324314,514.203012134691,14,6,20,1.0027858888895202,2742.0217805452917,,100.0,,,,,,,,,,,,,,,,,,,,
2026-08-21,2aa4cf72-a705-46a2-91b7-e11da7e07760,Eo2DvtiVGW9P4Q6SLvmvec4MFMb9cQXJntggrYWhpump,2026-08-21T11:17:00.716405+00:00,2026-08-21T11:18:05.541712+00:00,1.165872087713184e-07,1.7225601005108415e-07,0.023874318,trailing_stop,1,1.1056484944661458,17650.164187192207,22661.420458488763,281,202,483,1.4808902357587062,7487.62521431548,,70.6716592030532,1787311020000,119.476,15404.558117799617,43.168707283,241.28,201.72,920,41721.0,1.196,83.9,1,,-28.72,-29.1,trailing_stop,1.686272943653367e-07,1,1,live_lower,1
2026-08-21,19d6d44b-3cf3-4438-b5b9-ed322f61aa38,22TEmBxE6CgmcmkvMJUBGvJTVjV6sdWTCJggg4sVpump,2026-08-21T11:19:33.220730+00:00,2026-08-21T11:20:35.335714+00:00,5.918506884925887e-08,7.203479401745709e-08,0.010855546,trailing_stop,1,1.9235960245768229,5502.585916043221,7703.969910896272,93,64,157,1.4023601106167232,4073.0658104446384,,96.21815148419441,1787311175000,123.017,5896.706052368631,14.89375014,52.01,38.11,182,8487.0,1.365,87.3,1,,-5.47,-6.38,trailing_stop,7.021556577600575e-08,1,1,live_lower,1
2026-08-21,7353320f-f870-4fd8-a044-6a39e9ed01a5,9F74Tm6JhgMgcY4BPsBat6LfyVGhQQWgDzfA21uDpump,2026-08-21T11:11:29.262675+00:00,2026-08-21T11:21:35.129388+00:00,2.82162357399156e-08,2.7938585104199266e-08,-0.000492005,time_stop,0,1.2553808024088542,15249.423426754522,6119.923655875082,48,12,60,4.701821505414868,6721.208099239873,,100.0,1787310690000,122.035,2651.745093270064,0.105582349,55.6,55.55,89,10468.0,1.001,80.0,0,mcap;pool,0.21,-3.0,no_exit_within_window,,0,0,live_higher,
2026-08-21,c43ef848-78d2-4d1e-ac9e-211f12bf4ec2,J8dZTYRxe2VEy3EWiBhNkQG2oLRqVyNDVTcGnQDZRKa8,2026-08-21T11:15:36.508272+00:00,2026-08-21T11:21:35.314414+00:00,3.8384936378196955e-07,6.074523617646732e-07,0.029126399,trailing_stop,1,1.7068359741210937,31811.964931274935,20138.323632389347,554,85,639,2.3124376597829928,16174.233692862113,,92.0218295069676,1787310935000,118.866,36282.55519527067,187.93803798,195.21,98.53,874,27665.0,1.981,99.6,1,,-0.36,-0.36,trailing_stop,5.972154365292076e-07,1,1,live_lower,1
2026-08-21,aef9cf7c-d48c-455c-8b6c-4d9c731d75ee,6jQzY4kGQnVxUQte4jcGD4Tu2n7PR7HhBb61PFYpxQah,2026-08-21T11:21:21.930317+00:00,2026-08-21T11:21:35.826457+00:00,5.055074463568885e-07,4.6506685064833747e-07,-0.004,hard_stop,0,1.263153487141927,41082.42389186533,4942.158428071738,146,172,318,1.4648978503048686,930.213935260016,,95.3193500473657,1787311280000,118.716,49781.81691789112,12.55623144,66.06,54.68,769,11372.0,1.208,84.2,1,,-4.37,-2.85,hard_stop,4.6506685064833747e-07,0,1,live_lower,1
2026-08-21,78413bd1-ed39-49b5-91c4-c837acb859dd,Ek5Md225mCM6i3K6fkfV2b9ZkUXA8GeH6y1ysL4gpump,2026-08-21T11:20:21.971348+00:00,2026-08-21T11:22:05.022687+00:00,1.6664011411112909e-07,3.279290970197666e-07,0.048394405,trailing_stop,1,1.8177867919921875,12928.038656070543,20675.607932418992,258,227,485,1.3967361723928442,6129.033751888152,,74.71615175707676,1787311220000,119.473,14638.723914704364,43.675043709,151.04,113.31,594,24897.0,1.333,86.7,1,,7.21,7.04,trailing_stop,3.005093576602143e-07,1,1,live_higher,1
2026-08-21,0630ad3d-d000-43b4-bb8e-bc956dbcbcf1,9RmQLy2YpNEPm4iqiQq7kkZjTm91jVqvbZeyx4jRpump,2026-08-21T11:22:21.079512+00:00,2026-08-21T11:23:05.288731+00:00,2.6163303739934025e-07,2.40702394407393e-07,-0.004,hard_stop,0,1.5894365641276043,17727.115628856285,6846.303768759727,49,10,59,4.778270948999514,7192.198715661713,,96.4978004549421,1787311340000,119.948,25095.3893644488,62.614314072,79.71,17.15,81,9122.0,4.649,100.0,1,,-1.81,-1.94,hard_stop,2.40702394407393e-07,0,1,live_lower,1
2026-08-21,d56822df-ebfe-4c0b-a2e0-82a94db2d63f,A7WwjVxKW2Civomadu3LQ3svCXF4sizXiA9EVek3sjD6,2026-08-21T11:22:55.293237+00:00,2026-08-21T11:23:05.460184+00:00,1.185536897111272e-07,1.0906939453423703e-07,-0.004,hard_stop,0,1.738519970703125,8678.411363612431,13969.33359632369,146,100,246,1.4133642226503402,5116.13744732271,,86.24941007941061,1787311375000,120.873,7629.560391165397,30.782828224,99.54,81.97,304,17095.0,1.214,84.3,1,,46.34,45.72,hard_stop,1.0906939453423703e-07,0,1,live_higher,1
2026-08-21,4d6f5df6-58b3-4e37-838c-58e30a2c9c28,7MkRWMi6MgMUXqRMjHH3pQyBuor2ED8X9fZsbpFfbWg2,2026-08-21T11:25:53.297787+00:00,2026-08-21T11:29:35.565489+00:00,2.87887549273792e-07,3.290946648579727e-07,0.007156808,trailing_stop,1,1.5327202718098958,24276.738974598855,16508.795862854033,355,64,419,2.124150823123538,14213.859068060636,,98.620667440237,1787311555000,122.952,27816.01629839896,163.881746421,176.59,103.13,746,26345.0,1.712,94.2,1,,-2.53,-2.53,trailing_stop,3.280474492643738e-07,1,1,live_lower,1
2026-08-21,78a77b2f-6ade-479e-98fd-cf5479d9bb8a,8YdPgFjJE3r7aHWZXw1MFwkr65nudt8AxHxT4G5Q6Tzz,2026-08-21T11:20:44.878616+00:00,2026-08-21T11:31:05.068892+00:00,8.567062998752414e-07,8.567062998752414e-07,0.0,time_stop,0,0.8234852416992188,42721.92141739183,3147.8856540683432,104,143,247,1.7443302337161093,853.8146715716852,,98.6165429839978,1787311245000,121.112,94557.95262682169,16.803807272,77.65,62.0,910,13153.0,1.252,85.0,0,mcap,-14.67,-14.17,hard_stop,7.881697958852221e-07,0,0,live_lower,1
2026-08-21,8ec6745d-cfd0-45c9-aabc-74f20d0b8327,2GEbP9ubNNhLPVurszK38kgFeZzggvPa4bqahvukUMmb,2026-08-21T11:30:30.453598+00:00,2026-08-21T11:31:05.729266+00:00,5.25432507831028e-07,8.293863164616649e-07,0.028924153,trailing_stop,1,1.1938542114257813,43509.97894848975,4384.632598465254,115,191,306,1.5175430476303093,901.1237720039604,,98.72312636669561,1787311830000,120.785,80218.31701511287,14.937647467,70.72,56.3,774,11963.0,1.256,85.1,0,mcap,-38.31,-35.87,trailing_stop,8.34720223771614e-07,1,0,live_lower,1
2026-08-21,db999cd0-b089-4a9f-b546-bafe6b6f7b5b,J79rQDj2gqpH6z25fNX3983pRDWr68KXyFoArEA9BbYt,2026-08-21T11:31:05.617117+00:00,2026-08-21T11:32:35.546789+00:00,1.0411639891545453e-07,1.2174036619050624e-07,0.008463589,trailing_stop,1,1.576120487467448,9049.566215253699,12198.479876107145,383,83,466,1.0699552229019973,8593.866480125145,,99.92715387268954,1787311865000,120.636,9780.851948899011,97.416118875,103.8,96.86,686,18898.0,1.072,81.4,1,,0.25,0.25,trailing_stop,1.583530049702228e-07,1,1,live_higher,1
2026-08-21,54760c9e-6730-487a-8806-2b7e1d338a34,5YZ2Yb5tn4RExRdshA7bCMB8wa9SR7ro7rBPgCCRpump,2026-08-21T11:31:08.436951+00:00,2026-08-21T11:33:05.479519+00:00,2.0707527877913023e-07,3.4915496764673246e-07,0.034306289,trailing_stop,1,2.0246523518880206,22260.36081477638,138293.46225355467,1504,1324,2828,1.0969030954795544,5545.16368670039,,53.772864669731185,1787311870000,122.88,24808.145574352297,55.131635268,919.42,850.24,3305,166667.0,1.081,81.6,1,,-21.39,-23.62,trailing_stop,3.205920353703857e-07,1,1,live_lower,1
2026-08-21,df747d73-27bc-4979-97fe-63924b7f72b5,5EHZz9Qsw8mC6XpjSTbuZF8ekRqb2q1dx6LmruLBpump,2026-08-21T11:32:40.869455+00:00,2026-08-21T11:33:35.580466+00:00,7.3635929525233e-08,7.445452630953635e-08,0.000555841,trailing_stop,1,2.016650557454427,6950.601210716471,8233.634312379403,88,77,165,1.5523408260967257,4777.555239822604,,91.717422832924,1787311960000,119.852,7322.37921879186,20.027321867,47.99,39.82,178,8270.0,1.205,84.1,1,,-5.29,-0.83,hard_stop,6.774505516321436e-08,0,1,live_lower,0
2026-08-21,396332ad-d7b6-4a84-b5d1-3201f88bdaf4,AXCi8F6fJnKAjbNFfaTixaGVjsFPSyBzTHSrm8Uspump,2026-08-21T11:33:12.573624+00:00,2026-08-21T11:33:35.770095+00:00,1.2015533390836983e-07,1.1054290719570025e-07,-0.004,hard_stop,0,1.8452901000976563,12049.772123497909,7801.836294209861,121,56,177,2.3592969776877237,3199.565996597373,,96.6522929548486,1787311995000,123.973,1051299.014660099,2904.989321,5479.96,2863.46,213,785783.0,1.914,98.3,0,mcap,-98.92,-98.92,take_profit,3.0038833477092455e-07,1,0,live_lower,0
2026-08-21,e806db90-8447-49f1-88e7-30a8d7b20ead,PvENqjC6EgXEZdHs3MaCHBM5J3i2Ehx81Np7V2xpump,2026-08-21T11:34:26.557924+00:00,2026-08-21T11:35:05.490938+00:00,1.4198989551861766e-07,3.5497473879654416e-07,0.075,take_profit,1,0.9578215698242187,25217.414235613796,14597.404024943655,45,22,67,2.3776923243787054,8678.142565516799,,94.32432988775702,1787312065000,119.948,26564.015729281437,53.657590921,213.14,142.66,216,33510.0,1.494,89.9,1,,-49.66,-45.57,take_profit,3.5497473879654416e-07,1,1,live_lower,1
2026-08-21,04b74401-10f4-44dc-8a07-3acd825fa95b,7MmBHLouVWhEfCxkjbN6Z3BiMgKxdRnQmYtWbBMu1TBy,2026-08-21T11:25:12.302186+00:00,2026-08-21T11:35:35.050001+00:00,4.884755954593099e-07,4.884755954593099e-07,0.0,time_stop,0,1.7911106811523438,44894.66180639369,7559.700855117488,279,361,640,1.293013500913471,993.1704788240503,,98.69544203357539,1787311510000,118.462,45041.458227844494,10.601856974,61.06,51.06,862,10559.0,1.196,83.9,1,,2.14,1.3,hard_stop,4.4939754782256517e-07,0,1,live_higher,1
2026-08-21,2cf4948f-e79e-4ddb-9617-97af996dc2ee,HLmwvk9XoNdkHWdLnfgAAYHiU76ALCWkLPD6V2Nhpump,2026-08-21T11:25:28.674793+00:00,2026-08-21T11:35:35.241059+00:00,0.0005170861103912832,0.0005170861103912832,0.0,time_stop,0,1.5910162434895834,47808.863739978726,8655.6632523589,56,11,67,4.5444420160002,41447.72938625211,,96.167635652,1787311530000,121.81,47782.20438759216,453.487449249,94.64,41.69,86,12840.0,2.27,100.0,1,,1.92,1.31,hard_stop,0.00047571922155998053,0,1,live_higher,1
2026-08-21,32aabf88-1568-4625-851c-460cd2b19a65,33b1p3CdzCp2GT7Ety9Gh4ERuzHXxurssNk5Dnuxpump,2026-08-21T11:34:56.227377+00:00,2026-08-21T11:35:35.559039+00:00,2.1111585146207525e-07,1.9422658334510923e-07,-0.004,hard_stop,0,1.3621873006184897,15467.433735970326,17966.377921147756,261,166,427,1.608816137279838,4222.742672435008,,81.9285937352466,1787312095000,120.102,1744609.4143852168,5043.151166,13263.45,8536.1,538,2053082.0,1.554,91.1,0,mcap,-98.86,-98.86,take_profit,5.277896286551882e-07,1,0,live_lower,0
2026-08-21,14abbd8f-476e-44c7-8fd0-edc023939e35,7WrVNTJR9eU8iEQLw6JxfbfFD4xvG2mq4GLZqVjNwv1Q,2026-08-21T11:26:00.065772+00:00,2026-08-21T11:36:05.046416+00:00,1.035618981551938e-07,1.035618981551938e-07,0.0,time_stop,0,1.49934755859375,9352.417310788505,20433.019242601116,325,224,549,1.0805779218086342,8697.211015018085,,98.56487696256382,,,,,,,,,,,,,,,,,,,,
2026-08-21,b6c48cae-4d35-40ab-b8a3-4ce447d6463d,7cApJZADgcgwjM84TaVcnJTXpyvjEYpx8fjvZmmApump,2026-08-21T11:35:51.986310+00:00,2026-08-21T11:37:05.066511+00:00,2.429372087192639e-07,2.7390347538182037e-07,0.006373307,trailing_stop,1,1.2029037719726563,19548.378798441656,7167.332507395095,93,26,119,5.187456410103181,7565.1678789203315,,57.0027037608227,1787312150000,118.68,19818.58996258489,58.57130877,76.72,24.42,153,9525.0,3.142,100.0,1,,15.45,13.86,hard_stop,2.235022320217228e-07,0,1,live_higher,0
2026-08-21,d1b9b7e7-8912-4ba3-951d-cbd254981664,991kQE29VRtDoF7WdBV45Hi4n23fYVqPQPqjhmpDpump,2026-08-21T11:37:01.282106+00:00,2026-08-21T11:37:35.400846+00:00,8.464282136356493e-09,7.787139565447975e-09,-0.004,hard_stop,0,1.2969061482747395,5203.017946274819,965.8481705357465,94,81,175,1.1206731197330828,2765.9422678897663,,100.0,1787312220000,120.614,2802.4905549464897,0.386946274,13.63,13.55,333,2559.0,1.006,72.8,0,mcap;pool,-43.11,-33.76,hard_stop,7.787139565447975e-09,0,0,live_lower,1
2026-08-21,355e7a00-d190-4b44-96a9-630c83b0919d,EgGr9faLhgME8C4r2jE97dZsskfXpbmvXcwMEo1epump,2026-08-21T11:36:20.558292+00:00,2026-08-21T11:38:05.064587+00:00,1.6261643566803773e-07,1.4960712081459472e-07,-0.004,hard_stop,0,1.1512648478190104,14728.727243915462,17368.755522407402,177,139,316,1.5667794651877796,6559.267375741183,,81.125313583159,1787312180000,120.059,15362.658800014045,42.462671051,113.55,86.09,377,18802.0,1.319,86.4,1,,-0.31,0.36,hard_stop,1.4960712081459472e-07,0,1,live_lower,1
2026-08-21,8071bf24-d3a3-4904-9554-32effa29070b,Bw82E9DKwAWJxAuJjvgYMzDUNnNLSCm9nf7mP9iKpump,2026-08-21T11:37:14.583691+00:00,2026-08-21T11:38:05.500083+00:00,5.4341333632926894e-08,4.9994026942292747e-08,-0.004,hard_stop,0,1.4993477742513022,15505.500398046368,1456.7386520571117,48,37,85,1.0421657999092695,2712.9550070325513,,100.0,1787312235000,120.959,15727.531786688107,0.538847668,10.12,9.82,132,1878.0,1.03,71.2,0,pool,-34.92,-25.41,hard_stop,4.9994026942292747e-08,0,0,live_lower,1
2026-08-21,b28c414e-9375-4633-b78f-c2c701a47c9d,3SxrrzGd1muBSpqzqAjEDEdfeYWaxyXJiA39yoqPpump,2026-08-21T11:38:38.611161+00:00,2026-08-21T11:39:05.582345+00:00,4.194627962381155e-08,3.859057725390663e-08,-0.004,hard_stop,0,1.4288708048502605,5103.8325221048935,20276.18247137158,249,224,473,1.1210682721898595,3866.5409668619122,,99.820454398423,1787312320000,123.381,3938.6004339253673,6.690371451,116.13,112.44,496,21526.0,1.033,80.7,0,mcap,0.3,1.08,hard_stop,3.859057725390663e-08,0,0,live_higher,1
2026-08-21,d44bc7b3-438e-4ff3-94f0-7940f30fcac6,MUSKaWQKABxzq9m1veLEWhVPspEZSbLJDo7Rnqobj3v,2026-08-21T11:36:54.853919+00:00,2026-08-21T11:39:35.138554+00:00,7.987861363567264e-08,7.348832454481883e-08,-0.004,hard_stop,0,1.380239481608073,5986.891724230857,2138.19681690075,31,11,42,5.422992487880942,4175.882463083349,,99.9477476502053,1787312220000,125.657,7556.397755110354,20.820455196,17.45,4.53,60,2071.0,3.849,91.2,1,,-0.44,-1.13,hard_stop,7.348832454481883e-08,0,1,live_lower,1
2026-08-21,d74c0794-ecd0-41a5-841b-7baafe8e3f34,85cWHMqBd5ss7KdHHczZrhQwui3zjkemmqpLCmLrpump,2026-08-21T11:39:21.697324+00:00,2026-08-21T11:40:05.452960+00:00,2.5921303739027393e-07,2.38475994399052e-07,-0.004,hard_stop,0,2.0146426106770834,24996.981989679574,39359.41761275707,549,409,958,1.3470595286541112,8541.239043180782,,58.566943438503,1787312360000,118.183,24085.68551932066,61.561460297,264.0,208.27,1066,44479.0,1.268,85.4,1,,1.36,0.92,trailing_stop,3.1304304838715054e-07,1,1,live_higher,0
2026-08-21,7537eb0f-b4ee-473f-8008-4076a6b7fa57,Bj9qVzgGE5iqy4Ligzm3rXtEpVzgeBNAADTAX81ZY83P,2026-08-21T11:39:56.691484+00:00,2026-08-21T11:40:05.791549+00:00,7.899877805108635e-07,7.267887580699944e-07,-0.004,hard_stop,0,1.381444474283854,34278.52910147115,20586.259000446906,296,60,356,1.4215395810722722,4043.495536727262,,96.472497776681,1787312395000,120.152,65052.293723116105,64.421678567,194.34,139.32,633,31424.0,1.395,87.9,0,mcap,14.37,15.67,hard_stop,7.267887580699944e-07,0,0,live_higher,1
2026-08-21,5ed5e34d-1419-4957-a745-ed4128d8639b,9zfGFU6Zsx1W6GpTkiK9EMopkMsjSBbTwno3vydcpump,2026-08-21T11:40:12.428036+00:00,2026-08-21T11:40:35.716878+00:00,1.3434777420138344e-07,1.2359995226527278e-07,-0.004,hard_stop,0,2.029306201171875,12633.461680929493,50596.819725199784,481,438,919,1.1416230723276966,6068.806290451359,,75.1120305842978,1787312410000,118.933,11701.98713943684,35.740784125,291.43,265.19,932,52423.0,1.099,82.0,1,,8.13,7.79,hard_stop,1.2359995226527278e-07,0,1,live_higher,1
2026-08-21,30eaccec-a68c-4b89-be60-567681ddc5d1,9mELHXqFLxs9ygnT7uKJ7ZwPwU68JvkwPTSLWL5hPSiY,2026-08-21T11:39:46.850170+00:00,2026-08-21T11:41:35.479257+00:00,4.155573190788066e-07,9.107706795194359e-07,0.059584242,trailing_stop,1,1.43036162109375,40258.47802267769,6835.657609486301,192,239,431,1.31040308581479,922.692563071825,,95.4502532479365,1787312385000,118.553,37026.64047954951,9.782565178,62.28,52.9,756,10848.0,1.177,83.5,1,,5.7,5.11,take_profit,1.0388932976970165e-06,1,1,live_higher,1
2026-08-21,0b2f389b-423b-4806-a365-6d325fd03519,6c2vRRVXWsjXsnJsVCLDWr54s1N7S1kBCtxvfwdTgdYr,2026-08-21T11:40:30.166234+00:00,2026-08-21T11:43:05.430501+00:00,5.872874978454826e-07,1.4682187446137065e-06,0.075,take_profit,1,0.9930574503580729,49961.68045371084,2028.8362460122867,81,87,168,1.849901732202697,605.1599042511792,,98.3358290305949,1787312430000,121.45,55061.86438215848,7.238385193,48.07,40.95,733,8383.0,1.174,83.5,0,mcap,0.45,2.05,take_profit,1.4682187446137065e-06,1,0,live_higher,1
2026-08-21,e85ba6e3-dd61-4ad3-9218-18464937e0f4,DVF6Edxke2aSnB7CwPoPUKmCSAXNRrQaBpg3D89Dpump,2026-08-21T11:41:44.480755+00:00,2026-08-21T11:43:05.745986+00:00,1.2156844914767472e-07,2.8855772688778714e-07,0.068681175,trailing_stop,1,1.1438599934895832,13230.32053467137,16281.837624428019,148,114,262,1.5401126786786719,6236.81069733667,,78.7410361992113,1787312505000,122.315,15904.137633325723,44.930133579,179.91,141.12,487,30235.0,1.275,85.5,1,,-28.01,-31.68,trailing_stop,2.778413596836219e-07,1,1,live_lower,1
2026-08-21,20aa5b36-9ae6-43de-a009-0dc9e8ae38f4,8NCFjGUpKGMt5161b4qF7vqoB4VGQfRmRiMosh6hpump,2026-08-21T11:37:02.037266+00:00,2026-08-21T11:47:05.072449+00:00,6.0623636928489004e-09,6.0493530953916736e-09,-0.000107306,time_stop,0,1.2969061482747395,12429.613761802006,4494.16118316412,61,41,102,1.1248773759515114,2749.426232309007,,100.0,1787312220000,120.878,1139.653448810692,0.006862863,19.51,19.61,181,3684.0,0.995,76.0,0,mcap;pool,0.2,0.36,no_exit_within_window,,0,0,live_higher,
2026-08-21,8911372c-98dd-4e4d-8621-1ca42770683e,6agB1ctmyizrkQTXKW4pjNSxUN41sepRaYKhp8Qjpump,2026-08-21T11:37:38.352743+00:00,2026-08-21T11:48:05.170802+00:00,2.8594847068419768e-08,2.8377761944872007e-08,-0.000379588,time_stop,0,1.2808462890625,12546.863196170594,10797.665642544172,102,26,128,1.8310793119177617,6089.805141133211,,99.8154002262438,1787312255000,118.457,2705.101535479896,0.406954979,74.62,74.71,177,14064.0,0.999,80.0,0,mcap;pool,-0.45,-0.37,no_exit_within_window,,0,0,live_lower,
2026-08-21,37735a61-2d6f-4ed1-bd5e-0f0a14674b1e,651SJqAH3ahRLPrmbfj2BjkXd7zeUNAZwQyrkbUzpump,2026-08-21T11:47:31.343705+00:00,2026-08-21T11:48:05.874340+00:00,5.696137082909198e-08,5.240446116276462e-08,-0.004,hard_stop,0,0.7520218831380209,7647.041400837592,16831.706031751903,140,150,290,1.2887641056738337,4719.491515230349,,98.62077862156,1787312850000,119.556,3166.071028169954,12.143448768,161.47,165.49,542,30793.0,0.976,79.5,0,mcap,69.44,63.2,hard_stop,5.240446116276462e-08,0,0,live_higher,1
2026-08-21,f3089ed8-5cb8-422e-9f3a-847d26be1dd6,Cfjrefjc62TzrH3tnDrxxvhMnSFa5fYcbfB9VUVbpump,2026-08-21T11:48:13.405852+00:00,2026-08-21T11:48:35.682141+00:00,7.51685655533152e-08,6.915508030904997e-08,-0.004,hard_stop,0,0.87345322265625,5246.425048826238,15871.680986237985,103,93,196,1.1762103624107243,3999.1602107975823,,90.42534600641571,1787312895000,122.59,5905.66747153113,16.644188837,124.06,140.78,357,24942.0,0.881,77.6,1,,19.87,19.89,hard_stop,6.915508030904997e-08,0,1,live_higher,1
2026-08-21,889b4243-619e-4cc7-b746-737c3c3800dc,2gWZGDraVdu4nbTD6GvEBHcJTEMR2rEU72acYeCWpump,2026-08-21T11:49:25.157222+00:00,2026-08-21T11:50:05.603792+00:00,7.605796749247576e-08,6.99733300930777e-08,-0.004,hard_stop,0,1.5048662801106771,5922.537304941084,52994.28186971244,537,625,1162,1.058241882109484,5208.3484233772415,,91.0547604563684,1787312965000,121.107,7801.648424511167,21.638585189,325.05,308.35,1322,59653.0,1.054,81.1,1,,-8.18,-8.18,hard_stop,6.99733300930777e-08,0,1,live_lower,1
2026-08-21,0ad5bbec-823c-4c8d-a0f9-328f93593cd6,FdSsZfjDxKCo18sGfDw7PhcvT7P1wmm3MhH9CQptpump,2026-08-21T11:49:36.399841+00:00,2026-08-21T11:50:35.616143+00:00,3.3148093502361624e-07,3.594065269889252e-07,0.004212247,trailing_stop,1,0.8369635335286458,20287.023571542988,6319.415753219419,77,11,88,8.661905098270713,7719.334907929857,,90.781536807122,1787312975000,120.265,31915.39424811401,74.443460403,98.83,24.88,170,11651.0,3.972,100.0,1,,-2.18,-3.39,trailing_stop,4.989760931176788e-07,1,1,live_lower,1
2026-08-21,c7174f3a-aeb5-4fef-90bd-06b8a7e7f6dc,GYRyEHxgov3VRUaFVTEwaeCAjPgSXcU5W7ZGa8Cqpump,2026-08-21T11:40:38.763295+00:00,2026-08-21T11:51:05.111685+00:00,2.833243506949273e-08,2.8423637121794464e-08,0.00016095,time_stop,1,1.1003040161132813,5786.361251865016,2529.91822169268,25,11,36,3.2552879681783593,4054.0178643337103,,100.0,,,,,,,,,,,,,,,,,,,,
2026-08-21,55b01c01-b56b-4dd3-8ae0-ed4a632662ee,HABtzKusmhX1T6LGRD5Rs6mAU6HjKq4CBNBSzX2Qpump,2026-08-21T11:50:05.984136+00:00,2026-08-21T11:52:35.399078+00:00,8.49241013551459e-08,7.813017324673423e-08,-0.004,hard_stop,0,0.47065550130208333,6776.121419456918,1926.6126560555674,12,3,15,19.47017517572502,4450.366628634212,,100.0,1787313010000,122.139,8192.617000358561,22.936032608,5.51,1.36,26,646.0,4.06,86.9,1,,-2.37,-2.98,no_exit_within_window,,0,1,live_lower,
2026-08-21,f6e0aaf8-16ed-4323-968c-6aec6b160901,EPmKwdXdkK7WhNxkiSgW9Jze6YTHh6kU9ZjAVDfrpump,2026-08-21T11:52:17.547480+00:00,2026-08-21T11:53:05.640906+00:00,8.58677093236078e-08,9.168549893042653e-08,0.003387647,trailing_stop,1,2.0255778442382812,7765.536010306233,2686.4408683645042,17,9,26,7.341167815864772,4746.739542276302,,99.99999999999999,1787313145000,128.844,8517.188428896074,25.992007175,11.75,5.61,29,1635.0,2.095,89.9,1,,-5.05,-2.13,no_exit_within_window,,0,1,live_lower,
2026-08-21,2e18e58d-d22f-450b-838e-76a15ab8eeff,WKLUwh52UaAktCKwyCZZWL1PvRim4qnksD46nc9hTj4,2026-08-21T11:43:22.013076+00:00,2026-08-21T11:53:35.120923+00:00,2.8038369746844968e-08,2.800247025631419e-08,-6.4019e-05,time_stop,0,0.9262246826171875,11800.606901693598,10699.45200912256,173,85,258,1.8364773655403759,5876.350653949305,,100.0,,,,,,,,,,,,,,,,,,,,
2026-08-21,0a2cc5f7-aa65-488f-ba5c-da983c56bc86,DdTReengF2y1RvRYy7u6jgec1BXZfqK1zf3JEtCrG1vg,2026-08-21T11:52:42.268516+00:00,2026-08-21T11:53:35.614437+00:00,8.974706434671958e-08,9.860345740967315e-08,0.004934085,trailing_stop,1,1.9954601603190105,8496.897590973058,27939.553111857116,472,343,815,1.062323436693752,7605.97367754962,,98.13147067604294,1787313160000,119.997,8960.787052623275,85.931065568,181.87,170.92,931,33226.0,1.064,81.3,1,,-5.67,-6.34,trailing_stop,1.150435309338514e-07,1,1,live_lower,1
2026-08-21,374120cd-d3e0-461e-9317-6300b40af4da,8MeVVKh3J1wX1c5PvzMbNMzX62v162PHHTo4Cm1Bnm3e,2026-08-21T11:44:00.898869+00:00,2026-08-21T11:54:05.170243+00:00,1.2960803176628829e-11,1.2960803176628829e-11,0.0,time_stop,0,1.6814576985677083,42836.57513898969,7946.702918926969,246,352,598,1.3466459791256307,954.2428625073661,,98.3333931070622,1787312615000,94.87,0.8588361685752015,0.007603643,47.88,38.0,612,8088.0,1.26,85.2,0,mcap;pool;vol_mcap,42.13,194.88,hard_stop,1.1923938922498523e-11,0,0,live_higher,1
2026-08-21,c8e710c0-1686-4734-b1c6-766189093387,CxKE22frEm36nZETsrnds8jZJuf9UMsgXa7S3BRcpump,2026-08-21T11:53:48.219712+00:00,2026-08-21T11:54:05.663725+00:00,6.49787415453415e-08,5.97804422217142e-08,-0.004,hard_stop,0,1.8394125813802082,8900.66325010486,53649.63119762868,600,480,1080,1.0871882541351483,5978.322555129524,,88.557635927377,1787313230000,123.263,4874.927089626891,13.972311466,331.76,321.8,1269,61552.0,1.031,80.6,0,mcap,25.53,25.57,hard_stop,5.97804422217142e-08,0,0,live_higher,1
2026-08-21,73dd0ca5-b753-44c6-b2bf-e3c8673e20ad,2Sg2FJqG6Cnf736cgbXuhZdoDsMjyfsCLK4ZL1aipump,2026-08-21T11:55:26.528563+00:00,2026-08-21T11:55:35.430964+00:00,5.667281128108104e-08,1.416820282027026e-07,0.075,take_profit,1,0.9527972086588542,6498.782582592963,4767.023225073739,73,54,127,1.163450111037015,3387.1011262432703,,99.99999999999999,1787313325000,120.276,22919.187587140328,2.888392295,51.44,48.79,272,9440.0,1.054,81.1,0,pool,-53.42,-58.99,hard_stop,5.2138986378594554e-08,0,0,live_lower,0
2026-08-21,abc89750-05c7-46d7-acd2-46e8dcfc8a5f,G4Z4Mj8xZE4RfzBwu9tmmCwphTJtkd4e9XRSJ1qQNcsb,2026-08-21T11:56:14.810938+00:00,2026-08-21T11:57:05.626684+00:00,1.426279883304687e-07,1.312177492640312e-07,-0.004,hard_stop,0,2.0161416951497397,11634.498456999165,57502.93255359896,891,784,1675,1.116125316924365,6921.413230296071,,67.3796329952068,1787313375000,121.26,12797.23845742133,36.257590207,349.4,319.19,1793,62967.0,1.095,81.9,1,,4.97,4.94,hard_stop,1.312177492640312e-07,0,1,live_higher,1
2026-08-21,9c1cba04-175b-40ff-95c5-81b11a1aaba5,F91Nn9VSkKeHZbZstfiibpcvUaLujiFsynDgAkrRpump,2026-08-21T11:53:13.467006+00:00,2026-08-21T11:57:35.299794+00:00,7.675959689890282e-08,1.287890235959247e-07,0.033891154,trailing_stop,1,2.0285924560546875,6969.4243162731045,2672.2764214012245,34,16,50,3.1029021649240893,1407.7772842724535,,99.9048540761094,1787313195000,122.741,650334.7333471074,1356.504057,1951.38,676.04,55,247450.0,2.886,100.0,0,mcap,-98.89,-98.89,take_profit,1.9189899224725706e-07,1,0,live_lower,1
2026-08-21,82ba8b03-e6ec-4eff-aa9d-4e32ba9f9526,u1N9Dyro9L8TQRwLyXvMH7Z4cxJiqLmFpeXuACNmoon,2026-08-21T11:50:45.619306+00:00,2026-08-21T12:01:05.206635+00:00,3.568440727182518e-07,3.6406971239706037e-07,0.001012437,time_stop,1,0.83424541015625,32103.856519095767,7750.193502892528,23,0,23,7750.193502892528,7709.73575266242,,99.9173829465081,1787313045000,121.494,3036170.7125414135,7734.727354,273.6,0.0,28,25767.0,273.595,75.1,0,mcap;buy_sell,-98.89,-98.89,take_profit,8.921101817956296e-07,1,0,live_lower,1
2026-08-21,24c0d548-b0cb-4c03-957e-08462193b4f5,8XWqsiHe7CsKwg8P973uPoJQvjYmqitBHgmFQzGTEq4b,2026-08-21T11:57:44.823829+00:00,2026-08-21T12:02:35.708252+00:00,3.8050744117881807e-07,9.512686029470452e-07,0.075,take_profit,1,1.4730277303059895,28356.915805284658,18365.083292536794,366,81,447,2.248408135304541,15194.650028320422,,94.9643403809813,1787313465000,120.548,36830.85999512758,189.550269205,204.75,106.64,735,29326.0,1.92,98.4,1,,-2.7,-2.7,take_profit,9.512686029470452e-07,1,1,live_lower,1
2026-08-21,4293a1b2-2ea2-48f9-963e-b19e64dabb0b,JB3vCYnURZJipkHox1YZ2wU427NibpoKW874Kanrpump,2026-08-21T12:01:38.478685+00:00,2026-08-21T12:02:35.862684+00:00,1.3367862442857085e-07,1.229843344742852e-07,-0.004,hard_stop,0,2.0281922322591144,12042.410413597936,40460.855614122855,493,353,846,1.1722730548995168,5911.03149920644,,77.1465416234968,1787313700000,122.52,11174.801986854458,32.67916304,246.15,218.2,896,43732.0,1.128,82.6,1,,12.66,11.78,hard_stop,1.229843344742852e-07,0,1,live_higher,1
2026-08-21,9b8e1cd3-cf0f-4964-b8ff-64700bc165e6,E2Vf6FnxHduF9SSN6MqYmXci2RDyVdrXLtMFXFP5TvTu,2026-08-21T12:03:36.361426+00:00,2026-08-21T12:05:05.639039+00:00,4.770898195995658e-07,4.3892263403160056e-07,-0.004,hard_stop,0,1.173824519856771,24238.5324126704,6321.4104172715615,163,229,392,1.217670464692018,766.1370536593371,,96.0421654850722,1787313815000,119.558,47053.90843150234,10.98,81.59,70.44,874,14318.0,1.158,83.2,1,,-4.51,-4.38,hard_stop,4.3892263403160056e-07,0,1,live_lower,1
2026-08-21,ca1a867d-bc24-4760-97fe-b8ef9e519781,4RV5SDdDGrMLGUu5m5GNdTHfejTKTgUb1BWdRxoNpump,2026-08-21T12:04:10.038000+00:00,2026-08-21T12:05:05.832694+00:00,5.602560582341311e-08,6.055398889662303e-08,0.004041351,trailing_stop,1,2.020591434733073,5189.375871806558,73130.08238350239,776,713,1489,1.0285161359992268,3940.4636248862907,,63.75360520175083,1787313850000,120.657,3968.4414134235376,8.592324285,403.6,401.77,1534,75850.0,1.005,80.1,0,mcap,32.96,37.81,hard_stop,5.154355735754006e-08,0,0,live_higher,0
2026-08-21,d8618859-4165-4a1d-a68d-95f7fa14bc7e,7RxY5aTchjq5SUdSWuCeBUEDeN3teFHyLTg5sRA6pump,2026-08-21T11:55:44.096905+00:00,2026-08-21T12:06:05.097513+00:00,2.8315153130306852e-08,2.8022045445607456e-08,-0.000517581,time_stop,0,1.2617750244140624,5191.923085581048,1561.3560763431328,28,2,30,7.805555194241655,3920.482606507636,,100.0,1787313305000,81.818,2664.1268958625374,0.17578654,14.32,15.15,39,2775.0,0.946,72.2,0,mcap;pool,0.1,0.18,no_exit_within_window,,0,0,live_higher,
2026-08-21,7aa094cc-893e-4d6f-8e4f-ede47b35a521,DVGEKqfssGUT2zowFZGMK58GYdT8jYpKLeqjdX6L6tm5,2026-08-21T11:57:00.534583+00:00,2026-08-21T12:07:05.103521+00:00,1.0956858172082509e-07,1.0956858172082509e-07,0.0,time_stop,0,1.777989326985677,9448.882494857795,14787.370580668565,196,127,323,1.1286514161974806,8602.447189236062,,97.04920006351591,1787313420000,121.362,10381.285603793578,98.000907844,133.26,120.58,495,23906.0,1.105,82.1,1,,-0.6,-0.6,no_exit_within_window,,0,1,live_lower,
2026-08-21,3de514e7-2b83-4982-af43-49444f5ef201,7WEiXU16aq6di93btqZUw5FYkyB3zmszJDdiBaBWpump,2026-08-21T11:57:28.195262+00:00,2026-08-21T12:07:35.138630+00:00,0.0010015276896100389,0.0010994628159822404,0.004889287,time_stop,1,1.5897365112304687,47711.70532210134,24268.312563811305,72,22,94,1.8853963620695802,38416.87219942101,,92.48816116166667,1787313450000,123.276,93098.5028406108,450.9354145,210.51,101.75,116,29408.0,2.069,100.0,0,mcap,1.32,1.16,no_exit_within_window,,0,0,live_higher,
2026-08-21,1438f72c-dc4e-49a6-a01e-a5cf755fa483,HufqvWkLi4LdmfjbegWkzQcNjBsQnP9knwt7JihKpump,2026-08-21T12:07:37.335660+00:00,2026-08-21T12:08:05.368313+00:00,7.061928585154006e-08,6.496974298341685e-08,-0.004,hard_stop,0,1.7764831746419272,5685.249374000182,5099.669594113893,65,42,107,1.7297798198460979,4067.3080119708056,,97.28930818932801,1787314055000,119.625,6519.038187733208,17.203359415,38.21,21.21,110,5596.0,1.802,96.0,1,,2.02,1.6,hard_stop,6.496974298341685e-08,0,1,live_higher,1
2026-08-21,3f9b8c97-a79b-413b-a870-cb7e472b6fa0,BduRuK6DAHvWh26f3PNQ7KQxZ43pwvEAk7Xc4U89pump,2026-08-21T12:07:52.928071+00:00,2026-08-21T12:09:05.276797+00:00,6.86205370984187e-08,6.31308941305452e-08,-0.004,hard_stop,0,1.609380692545573,8788.0632855248,2519.081545178299,50,5,55,36.28977092022383,5089.172957282835,,96.83376534678189,1787314075000,123.543,6755.442495596599,18.051621355,31.94,15.0,85,4421.0,2.13,98.3,1,,-4.33,-7.61,trailing_stop,7.029447489578113e-08,1,1,live_lower,0
2026-08-21,346568f1-d6ac-4063-a460-c7ddffc74931,DaS2wsxDSGm7xbMPvTrRVgYiN5wqfht4XDytjgcjCGsd,2026-08-21T12:09:21.323629+00:00,2026-08-21T12:10:05.382320+00:00,6.464143734990259e-07,7.627580735585711e-07,0.008999158,trailing_stop,1,0.9132130249023438,26696.31138392958,19360.526102116717,385,68,453,1.6936094401596709,6765.112827300008,,99.6876830356496,1787314160000,119.64,64383.64214607314,115.904276955,370.24,274.46,1497,60719.0,1.349,87.0,0,mcap,-5.44,-6.68,hard_stop,5.947012236191038e-07,0,0,live_lower,0
2026-08-21,f1ac8e8b-b7b0-4e07-8a06-d80ef16f8ca2,8gD1QsEcK2vHNgpEKydr75acDq1nrdp4YgH5bNgwpump,2026-08-21T12:09:09.709598+00:00,2026-08-21T12:11:05.315646+00:00,3.500666647758899e-08,5.5568769929789617e-08,0.02936884,trailing_stop,1,0.8463736938476563,6627.559705317846,18519.60313973508,205,225,430,1.199421404565266,4384.525181924294,,96.35907337193201,1787314150000,121.429,3314.7212680111247,3.659266983,128.2,125.4,572,23884.0,1.022,80.4,0,mcap;pool,-0.54,-0.59,trailing_stop,6.043172749900522e-08,1,0,live_lower,1
2026-08-21,6977eb64-621b-4427-ba5a-440386ada4cb,9JCPvHsMgCZCAJsx5bVdHkA3RiknFphBBVwWsdJZFBDb,2026-08-21T12:11:06.579059+00:00,2026-08-21T12:11:35.380952+00:00,7.020898803199786e-08,6.459226898943804e-08,-0.004,hard_stop,0,0.85276103515625,8393.260470909096,3382.146174448928,42,12,54,2.5326052443645963,1799.4007152105976,,99.3157073876102,1787314175000,27.397,6599.178907672469,0.248806499,0.0,0.0,7,0.0,0.001,11.0,0,pool;volume;vol_mcap;buy_sell;score,0.2,9.41,no_exit_within_window,,0,0,live_higher,
2026-08-21,4d9665c6-cb55-4444-9880-d3b59c19219b,6c56oRu9YzmnEUhvUawv5c4ijwDQVVWqqqm7dZZ1BWaS,2026-08-21T12:12:15.433093+00:00,2026-08-21T12:12:35.289810+00:00,4.09501027956006e-07,3.7674094571952554e-07,-0.004,hard_stop,0,1.1904581298828125,35784.38958300283,5416.7479046199505,166,213,379,1.364177118193015,849.7304688849966,,96.6886857977647,1787314335000,120.919,32618.11118425059,8.628510894,77.69,69.1,920,13824.0,1.124,82.5,1,,18.24,18.58,hard_stop,3.7674094571952554e-07,0,1,live_higher,1
2026-08-21,0518798a-72c1-4628-bf22-7a88559d8585,GowpyeQ44PYXfScJgESPKYKTnXh8XF25d9VwhL7hpump,2026-08-21T12:12:43.986607+00:00,2026-08-21T12:13:10.332915+00:00,8.787167391804835e-08,8.084194000460448e-08,-0.004,hard_stop,0,1.0742221761067707,6494.712862270361,10606.023986242022,134,74,208,1.367992135791524,4355.698475087411,,93.8470722229285,1787314365000,121.578,7656.384631316623,23.238641336,96.43,75.56,299,16198.0,1.276,85.5,1,,8.09,7.03,hard_stop,8.084194000460448e-08,0,1,live_higher,1
2026-08-21,e5b5cd24-dfb2-4f80-8f46-8d867b99b9bd,DXtSuCQPNzqYUpAmp7YrvRwGEvSZJbiPEajRHJeBpump,2026-08-21T12:13:29.528892+00:00,2026-08-21T12:14:10.476908+00:00,9.715024364401694e-08,1.0473240389283985e-07,0.003902286,trailing_stop,1,0.9378786865234375,10271.46282333772,18058.353496832697,209,153,362,1.3572011623756475,5685.492607034415,,85.0467995994168,1787314410000,122.112,10073.383154279669,28.677124493,161.19,135.53,586,27945.0,1.189,83.8,1,,-9.17,-2.97,trailing_stop,1.048196590698033e-07,1,1,live_lower,1
2026-08-21,72d40d8d-6fc1-4db5-be2a-43d6d3b2b23f,FgWp8AVf3742uNk2HjrcrCR6gSm5sK3dcjdNGEFYpump,2026-08-21T12:12:53.553579+00:00,2026-08-21T12:14:40.362279+00:00,4.8758699058881615e-08,4.4858003134171086e-08,-0.004,hard_stop,0,1.0749193033854167,5951.00393210231,1630.5977143233026,42,4,46,20.033950597151588,4183.274583705992,,99.0448432458016,1787314375000,122.365,4863.512589122114,10.771451025,30.77,28.59,161,5591.0,1.076,81.5,0,mcap,-5.58,-2.13,trailing_stop,5.0607797168609806e-08,1,0,live_lower,0
2026-08-21,1e979415-a6f5-4b56-a13c-dfec949b51fe,9WF79fAfL7nTkWUevn1U4HwfSyXJLmjsXzymnKH3jZzW,2026-08-21T12:05:49.073067+00:00,2026-08-21T12:16:10.151848+00:00,5.366702979456705e-07,5.366702979456705e-07,0.0,time_stop,0,1.2535216959635416,37506.90899492068,31760.00027811785,591,144,735,1.4983906884514655,8055.51806127868,,95.4713153132685,1787313950000,121.676,48588.56453418672,100.029015023,362.82,282.09,1459,60737.0,1.286,85.7,1,,4.02,2.06,no_exit_within_window,,0,1,live_higher,
2026-08-21,d79e47c6-77cb-41bb-8e29-cef981b438cc,14SCsgAcSJd56mxZ6pzb4NEukW1o6kMwZ3eDjxG9pump,2026-08-21T12:15:41.860516+00:00,2026-08-21T12:16:10.345062+00:00,1.47280105397475e-07,1.35497696965677e-07,-0.004,hard_stop,0,1.0313266520182292,7569.740162396368,8105.746882267147,108,62,170,1.6396687037178845,4688.693967521273,,77.8283180683045,1787314540000,118.61,13924.946387717095,39.252692138,95.77,59.78,331,14650.0,1.602,92.0,1,,-0.39,-9.42,hard_stop,1.35497696965677e-07,0,1,live_lower,1
2026-08-21,69042d35-574b-412a-a0fd-ed3af85ba541,HaMDjzAMPhVsJ1shScdyFe2xbenFWnD7VsSknWYNcQA1,2026-08-21T12:16:07.616725+00:00,2026-08-21T12:18:10.133353+00:00,4.5093760192373085e-07,7.221616138839515e-07,0.030073342,trailing_stop,1,1.0487070353190104,37064.315422015075,17691.33080488031,273,78,351,1.8702063252169736,6474.49509192253,,96.27878661920572,1787314570000,123.848,49618.87303129606,82.247743114,298.92,229.53,1420,49769.0,1.302,86.0,1,,-14.41,-14.41,trailing_stop,6.904429854221695e-07,1,1,live_lower,1
2026-08-21,b77e3fe4-08e7-42ba-b932-1a44dae985a0,GqC4PNf1XxtdfbmpvU6aFKGBjMe5hW5bFzgAP8pWpump,2026-08-21T12:17:03.885146+00:00,2026-08-21T12:18:40.104818+00:00,1.8909591606552078e-07,1.7396824278027912e-07,-0.004,hard_stop,0,1.1744969767252604,34381.9833076594,5841.644657183877,65,36,101,1.001880578141445,3040.5722751423664,,100.0,1787314600000,97.373,35532.672830055395,0.199025,32.8,33.05,147,6202.0,0.993,79.9,0,pool,0.24,-0.01,hard_stop,1.7396824278027912e-07,0,0,live_higher,1
2026-08-21,5b3d915a-0749-48f8-9c73-aa629b05566b,6VTduCit8TuG6jiepAmAAiM6xYRLCJEihtsqGktRpump,2026-08-21T12:20:05.468685+00:00,2026-08-21T12:20:40.295777+00:00,4.808440479767407e-08,4.423765241386015e-08,-0.004,hard_stop,0,1.3255699096679687,10637.106962811487,20217.50079830605,306,222,528,1.329052124614736,6132.122918916715,,95.0024345681237,1787314805000,120.602,4795.194908292324,10.728252367,161.29,153.31,817,29629.0,1.052,81.0,0,mcap,-5.56,-5.47,hard_stop,4.423765241386015e-08,0,0,live_lower,1
2026-08-21,b9266f27-33e5-4935-bfff-212fb112f4ec,vipamuEWMge6VhQqJkaDqTHiZBRApUbYmZaaECEjo7y,2026-08-21T12:17:52.600525+00:00,2026-08-21T12:21:10.138769+00:00,9.643941008413806e-08,1.4927344358224892e-07,0.027392346,trailing_stop,1,1.2089657389322916,8958.475818391868,11210.392903480577,274,139,413,1.1243950450895857,8338.80667257793,,99.89066403489919,1787314675000,124.528,8874.506694900829,92.395572395,168.65,163.74,1078,31305.0,1.03,80.6,1,,2.35,0.51,trailing_stop,1.4069942082076296e-07,1,1,live_higher,1
2026-08-21,c0cd1a6f-6f2a-4e50-b00e-1b9d083cbaad,7qM6BAu4m8GTGsGeQgHxE2XQrqAeYzLw95EjJCGbpump,2026-08-21T12:20:17.014899+00:00,2026-08-21T12:21:10.298776+00:00,1.1187533802445233e-07,1.0292531098249615e-07,-0.004,hard_stop,0,1.475815478515625,10682.022699168772,26155.385680213196,275,208,483,1.2390245080109072,5513.413124357928,,75.5453097681487,1787314815000,118.877,10402.103196715345,30.024902481,201.14,173.49,695,35283.0,1.159,83.2,1,,1.29,1.26,hard_stop,1.0292531098249615e-07,0,1,live_higher,1
2026-08-21,0b25d878-2804-4085-b376-7307a2b0edaf,23NEhb9sY6wqyvBcVEB9jBVPoLcdJARUvfKjzDgBNeBf,2026-08-21T12:21:19.823770+00:00,2026-08-21T12:22:10.150905+00:00,1.5298548827254417e-07,1.593333990328902e-07,0.002074677,trailing_stop,1,1.3143452677408853,9801.616911766097,5664.83817897011,105,27,132,2.736209546915382,5344.520713703019,,80.1541978512695,1787314880000,120.407,17648.092112833216,47.695309161,77.86,30.19,236,10176.0,2.579,100.0,1,,-18.36,-18.36,trailing_stop,1.8363909822230356e-07,1,1,live_lower,1
2026-08-21,fb4e6c0e-49d0-4e26-86a1-3e1cc8e76557,9HC9pchPikhAg5CuQxiUFexJe89G8MBfPw4Xx3DLpump,2026-08-21T12:24:18.143886+00:00,2026-08-21T12:25:40.510236+00:00,2.7717193399787587e-07,2.549981792780458e-07,-0.004,hard_stop,0,1.4934567260742186,27603.125743424967,15542.688144709417,181,77,258,2.351945633471799,8973.681416572537,,56.8800803846978,1787315060000,122.632,26892.86987817625,71.594782101,185.99,120.11,450,28828.0,1.548,91.0,1,,-2.93,-3.98,trailing_stop,3.8141785141613715e-07,1,1,live_lower,0
2026-08-21,038a252f-fe1b-4ea0-aeed-651c5871d8d7,FJ9XaLoy4UTzfooJVGeCBy8TaJHxXvhrEcv9WbEdv35z,2026-08-21T12:23:49.912885+00:00,2026-08-21T12:26:10.159306+00:00,6.273780218352844e-07,1.568445054588211e-06,0.075,take_profit,1,0.9746177652994792,44243.01165895703,4314.554193483678,136,192,328,1.5615967337313472,977.6377921370142,,98.72528912393051,1787315030000,120.668,58861.358363005485,12.44923703,70.6,58.23,942,12134.0,1.212,84.2,0,mcap,0.38,1.22,trailing_stop,8.218323416266842e-07,1,0,live_higher,1
2026-08-21,5d7b7388-11ee-47de-8370-eeb58bc73534,GMgMWiH7ihKNFpUNZp6VaQKM9foppxfsJ6fBYKgDpump,2026-08-21T12:24:29.650341+00:00,2026-08-21T12:26:10.456074+00:00,1.0087589832514523e-07,1.624513207457519e-07,0.030520384,trailing_stop,1,1.2934567260742187,8660.066994788915,10673.06039221587,147,90,237,1.5554134690863877,5026.860628394577,,80.2568101860131,1787315070000,121.292,9998.900999480977,34.21890776,98.39,72.93,373,16134.0,1.349,87.0,1,,-4.98,-6.17,trailing_stop,1.6500877623844195e-07,1,1,live_lower,1
2026-08-21,5aff114e-75b2-4f74-9cae-e5c40493a434,6hYoq9E2YN1GNoqtU6AQ78gyKCwZEACc1XKHBaRpump,2026-08-21T12:24:14.526821+00:00,2026-08-21T12:27:40.250132+00:00,4.857487525600687e-08,6.475619817900366e-08,0.016656062,trailing_stop,1,1.4755689046223959,6733.92871394236,31068.324417785974,448,345,793,1.1169350244545921,4837.83763861894,,96.59310217829629,1787315055000,122.414,4682.29360488632,10.462330892,186.57,180.52,914,34573.0,1.034,80.7,0,mcap,-2.3,-1.61,hard_stop,4.468888523552632e-08,0,0,live_lower,0
2026-08-21,d58d21cc-3c7b-4045-94b4-48cbd6dd387f,C2owGoeyEwqxC8uk8JK3B3PzgBxm2CRN8W6kNswa9SDz,2026-08-21T12:27:54.655556+00:00,2026-08-21T12:28:15.467704+00:00,1.1570183755872763e-07,1.0644569055402943e-07,-0.004,hard_stop,0,1.4212344360351563,8708.49041463212,16879.147386904522,413,207,620,1.0609020426502511,8190.269130625229,,95.38785035479549,1787315275000,120.724,10172.191756405173,100.374315624,188.45,177.15,1129,34433.0,1.064,81.3,1,,7.12,7.12,no_exit_within_window,,0,1,live_higher,
2026-08-21,34beb7c1-f3a9-43dd-a262-af792ce94534,2QmxTG6RTGPnU3TzRsMWwM3MUvQ88zFi18p9cvUbpump,2026-08-21T12:26:56.433269+00:00,2026-08-21T12:28:45.236401+00:00,6.013655395432335e-08,1.5034138488580837e-07,0.075,take_profit,1,1.6938674886067708,6692.07949353292,5867.0431658616235,67,34,101,1.8235665025884364,4922.8564591419745,,99.62246971241329,1787315215000,119.874,5555.109939400648,13.574004569,42.79,31.71,120,7016.0,1.349,87.0,1,,1.95,1.91,trailing_stop,1.4680497371271288e-07,1,1,live_higher,1
2026-08-21,d036ea13-c1c0-404b-820d-229c17e8b268,jCcwvTUGCAv9YxdivmNfRnJrawbMVUD49QanFMfpump,2026-08-21T12:30:36.811716+00:00,2026-08-21T12:31:15.574365+00:00,1.6117570095849238e-07,2.0459431130357383e-07,0.013469341,trailing_stop,1,2.018501904296875,10526.81266974292,89198.9115919043,898,827,1725,1.0987685156645315,2885.1598227990294,,69.95122058844129,1787315435000,118.797,17332.115371661865,42.510443186,565.57,506.84,1877,101000.0,1.116,82.3,1,,-12.42,-12.2,trailing_stop,1.803511686581931e-07,1,1,live_lower,1
2026-08-21,dcfe167c-698c-4ffd-ac6e-f9bf9d8507fb,WTDgokoTvaGNQ9JMnD8wN6FTq1QkoLaZWja8ieNoSGK,2026-08-21T12:31:14.701757+00:00,2026-08-21T12:32:45.574876+00:00,1.0029701742706605e-07,1.1340816967207781e-07,0.006536163,trailing_stop,1,1.2062684651692708,8441.110800897068,13905.156239789743,326,159,485,1.0547765439299137,8161.561068906109,,99.9082620836509,1787315475000,122.31,9767.94818539473,95.441381389,188.97,179.59,1161,34711.0,1.052,81.0,1,,-3.3,-5.1,trailing_stop,1.1011387410053991e-07,1,1,live_lower,1
2026-08-21,60b89530-e20b-4927-8132-556c623916fe,7EJEtUeAVM3mskqDJmufv3yqx3JjxAggUWPT3seuKWAk,2026-08-21T12:31:46.178911+00:00,2026-08-21T12:32:45.901660+00:00,4.44935482582974e-07,4.905208529253492e-07,0.005122694,trailing_stop,1,1.1107596394856771,37450.03356083901,3568.215389035743,143,181,324,1.6604480706076898,863.249341252767,,96.9667204891075,1787315505000,119.445,41439.592786592475,10.637920865,51.26,41.12,786,8701.0,1.247,84.9,1,,1.12,1.63,trailing_stop,4.7166604258897915e-07,1,1,live_higher,1
2026-08-21,90db6630-5b3e-4704-9a7f-367c6d506698,FAnGfkR5KiQ1Wk5VE81k3dvRKTkvQB8MpxXkJvTpAne8,2026-08-21T12:31:15.421573+00:00,2026-08-21T12:33:45.585354+00:00,1.2852893145656859e-07,1.411394182713503e-07,0.0049057,trailing_stop,1,1.2062684651692708,11454.286621138723,690.3694865852495,17,1,18,689.8331503952184,10716.766353083385,,99.9979891812695,1787315480000,127.556,11702.305549041206,118.216087658,13.11,6.67,41,1862.0,1.966,89.9,1,,3.44,3.28,trailing_stop,1.492312113533355e-07,1,1,live_higher,1
2026-08-21,7f52f8f8-8868-4fa5-9092-0958db03ba34,89mLd5fkoPJxoKe2zVaKjHiGhevRJtmabUtkaRvXSMts,2026-08-21T12:32:56.634222+00:00,2026-08-21T12:34:45.573207+00:00,1.4979814528048155e-06,2.760071565986096e-06,0.04212636,trailing_stop,1,0.8384196411132813,41662.760704971966,6329.823588966985,16,3,19,4924.463998071715,7761.7802610611925,,94.62953682551883,1787315575000,119.686,154182.8361341055,164.985655247,373.88,226.77,695,56569.0,1.649,93.0,0,mcap,-8.5,-8.9,trailing_stop,2.6696014132352547e-06,1,0,live_lower,1
2026-08-21,f885df30-eea2-4e09-9b4d-0ce88772ecae,D2hem8doAGgvW37PmgCtdnmtGVAm5GsjGT53D3CWpump,2026-08-21T12:35:17.672913+00:00,2026-08-21T12:35:45.852231+00:00,6.181239241801026e-08,5.686740102456944e-08,-0.004,hard_stop,0,1.2530591471354167,5302.949244648458,8928.211218698443,77,79,156,1.3026128856497294,3970.0526674583343,,91.8109407170822,1787315720000,123.866,5608.618181961847,14.931760153,65.77,52.55,214,11143.0,1.251,85.0,1,,3.8,-0.69,hard_stop,5.686740102456944e-08,0,1,live_higher,1
2026-08-21,cf9cc8f0-9f0d-485c-9b57-73b9cc309d96,BMd1BQxpSncrnJTWKt7dr2W9dDrWVtRb4kGvw72n132i,2026-08-21T12:35:16.004986+00:00,2026-08-21T12:36:15.842604+00:00,1.3118504950607644e-07,1.4636809116956757e-07,0.00578688,trailing_stop,1,1.2697258138020833,9164.67354466183,16292.625809666006,263,204,467,1.1077715885183357,8374.706544784889,,89.3927839736823,1787315715000,119.755,12851.962851114535,107.814663256,220.77,198.05,939,39444.0,1.115,82.3,1,,-3.87,-3.89,take_profit,3.279626237651911e-07,1,1,live_lower,1
2026-08-21,0dd7a368-2d09-4f16-94e6-2b3f378f3b44,AiDrXoQcZLLUiLA5BsBxjP41KR3DWpfF6enSJgUBahvA,2026-08-21T12:28:52.447207+00:00,2026-08-21T12:37:15.354764+00:00,1.3257921052812635e-07,3.3144802632031584e-07,0.075,take_profit,1,1.259300284830729,10194.57119139592,10205.820360719437,281,64,345,1.2233357534636498,9144.18773377411,,95.9331656343466,1787315330000,119.4,12147.755840260927,109.927919634,123.22,105.16,629,21509.0,1.172,83.4,1,,2.79,2.79,take_profit,3.3144802632031584e-07,1,1,live_higher,1
2026-08-21,d1d8fd19-5042-478b-bc7f-821aa6269a70,38kTPdKjn2ANLjVTGK2Ur4H9oVZ3vmJe3xLp7GbUpump,2026-08-21T12:27:27.034062+00:00,2026-08-21T12:37:45.161753+00:00,6.571833518442903e-08,6.503858730830898e-08,-0.000517168,time_stop,0,1.5377065755208332,5925.952920141395,1518.0640611144734,9,3,12,41.38802116221462,4153.964738734618,,100.0,1787315250000,123.604,6186.394304162521,15.983279746,0.62,0.44,13,99.0,0.616,48.0,0,volume,0.05,0.13,time_stop,6.517136313230958e-08,0,0,live_higher,1
2026-08-21,760890e4-f4a8-42f7-97f1-f632f1bdb07f,9y57U6YRuz1bYumwaSWLz2wKxgwRRxahL6sjUzEwpump,2026-08-21T12:36:18.177774+00:00,2026-08-21T12:37:45.473462+00:00,2.2612270305653701e-07,2.0803288681201407e-07,-0.004,hard_stop,0,1.3084803344726563,14647.967405647965,21451.847492357992,231,209,440,1.4323530077341278,6609.247324076134,,56.4237922770419,1787315780000,122.449,21364.178586740065,56.169278248,210.35,155.39,564,34445.0,1.354,87.1,1,,-0.32,-0.43,hard_stop,2.0803288681201407e-07,0,1,live_lower,1
2026-08-21,2bffe04a-88da-443d-85e3-2a8a57873ff3,91zMb39r6WjW2i8hHEWrtGH4fEDCDpDzXAwk2qiF1YV6,2026-08-21T12:38:31.540419+00:00,2026-08-21T12:40:15.507518+00:00,9.91759948650258e-08,1.334165792323313e-07,0.017262536,trailing_stop,1,0.817685087076823,7571.2847162390135,3460.2103012442494,46,23,69,3.679342077890741,4761.837409436001,,86.4753198828868,1787315910000,120.474,7867.26280580675,24.986348921,66.6,44.74,188,10486.0,1.488,89.8,1,,18.72,16.52,hard_stop,9.124191527582373e-08,0,1,live_higher,0
2026-08-21,08db0a97-26a2-4fc3-9df2-4eded03962f9,qKY3DdNVjksH93bi9TZfDtSQnyjt3iAP9Lh8Djfjyof,2026-08-21T12:38:45.147667+00:00,2026-08-21T12:41:15.552419+00:00,2.227107277652977e-07,2.587341632268738e-07,0.008087494,trailing_stop,1,0.5843517537434896,16255.24645864876,3711.076374061622,16,3,19,1144.9353289505164,10490.741800520389,,97.35590945478171,1787315925000,121.149,20928.072270072244,133.179137052,238.39,183.73,851,39755.0,1.298,86.0,1,,0.22,-1.09,trailing_stop,2.3288464997257907e-07,1,1,live_higher,1
2026-08-21,067c9b83-ed8c-48d5-85ee-94af3c8bd192,6HUzHhD9rAMeJSvoiV5ofzCKdbxMjufTU6DsLjCyG8MQ,2026-08-21T12:32:58.160281+00:00,2026-08-21T12:43:15.270597+00:00,2.5552681389964417e-07,2.718177607400593e-07,0.003187718,time_stop,1,0.8217529744466145,22214.38545582473,4143.528743720495,125,34,159,1.9874705337573042,19555.340582493263,,99.85325151571837,1787315580000,123.94,24456.24404301589,221.441407726,82.53,60.68,593,13488.0,1.36,87.2,1,,-1.6,-1.6,time_stop,2.7234497389879243e-07,1,1,live_lower,1
2026-08-21,42635eb7-e6dd-48fa-8012-a0abf6cf500b,Mk646Y3BYemNVftZ6jUjsLnqVC1GF99JHMR7v4Fpump,2026-08-21T12:38:29.994544+00:00,2026-08-21T12:48:45.244344+00:00,2.8345086385149783e-08,2.7890780478842556e-08,-0.000801384,time_stop,0,0.8343517537434896,5530.040511921113,3147.7278676566048,125,38,163,2.4062948681462086,4014.387887460358,,100.0,1787315905000,116.198,2653.148677703712,0.113548921,40.64,41.78,390,7763.0,0.973,79.5,0,mcap;pool,0.62,0.89,no_exit_within_window,,0,0,live_higher,
2026-08-21,a515c840-00f2-4192-b15f-cfff7a386a7e,8mspc7q27gSZowWzTNibofNDnpEnitnLf7LA3tHmpump,2026-08-21T12:38:52.010811+00:00,2026-08-21T12:49:15.288581+00:00,5.650182322536499e-08,5.632106656432507e-08,-0.000159956,time_stop,0,0.5514765014648437,5127.21062174109,744.1470391606726,6,3,9,1.0000000007282055,2709.612515965338,,100.0,,,,,,,,,,,,,,,,,,,,
2026-08-21,e4e9d136-e532-465f-818a-a9f086daeaba,8etQswFeKi3VB3HfCbww5mbUFFDd9P2V2Mqgbixkpump,2026-08-21T12:40:19.328584+00:00,2026-08-21T12:50:45.169079+00:00,0.000989877189220202,0.000989877189220202,0.0,time_stop,0,1.0478561930338541,49804.869561487,16400.296931500096,99,24,123,2.1355166510267813,42911.55681825597,,89.34403744966666,1787316020000,121.71,93837.60474329654,494.166864038,189.49,103.16,239,27562.0,1.837,96.7,0,mcap,-0.65,-0.48,trailing_stop,0.0010719176426586823,1,0,live_lower,0
2026-08-21,556f22e3-6be0-4475-9e9f-e5661f8fb340,CtqNmDhzLFmrt5yCpGTD8NdetKDb7iTU3dLnYwnSMqzj,2026-08-21T12:49:57.706293+00:00,2026-08-21T12:51:15.658349+00:00,1.1667722583999404e-07,1.2901870212490507e-07,0.005288725,trailing_stop,1,1.5443471232096355,8919.521755323509,19771.306220688217,461,227,688,1.0605538728302797,8317.726252028726,,94.7183910113913,1787316600000,124.321,11258.113154971463,102.345058562,200.17,183.59,1131,36142.0,1.09,81.8,1,,-2.39,-2.39,no_exit_within_window,,0,1,live_lower,
2026-08-21,e269d641-dacc-4369-885d-ede78fddbb19,7zhLnSVfEw4zU6rPWfnzhtbgvpMYCqjtv4fuZEGpxLdo,2026-08-21T12:41:23.591381+00:00,2026-08-21T12:51:45.206565+00:00,1.2443872788803274e-07,1.7769904662301668e-07,0.021400218,trailing_stop,1,1.336001395670573,11292.817017598993,3059.9477351805954,21,3,24,124.73958704967971,5736.3529558987975,,99.9992010465232,1787316085000,122.925,11782.31039793406,33.459460444,13.74,0.28,20,1321.0,13.743,89.0,1,,-0.53,-1.2,trailing_stop,1.678306036523636e-07,1,1,live_lower,1
2026-08-21,f0e6758e-7a7b-41c4-83c8-71d63b190a6e,E1ibe1E7peHjtWfKUm4oyGJctLT6BQB4381uQS2GdSiC,2026-08-21T12:51:59.533659+00:00,2026-08-21T12:52:15.718516+00:00,5.190113380896029e-08,4.774904310424347e-08,-0.004,hard_stop,0,1.2765545328776042,5259.315654868143,6506.285846743203,62,42,104,1.4696467767364931,4123.821808492856,,98.31146076534979,1787316720000,122.31,4687.381783151021,10.429721355,54.59,47.06,176,9573.0,1.16,83.2,0,mcap,4.28,5.19,hard_stop,4.774904310424347e-08,0,0,live_higher,1
2026-08-21,52fae837-c5e3-4852-91fe-d0cdeecd56c2,47GG2ynF34kCayM4CxXEHcbgtWJDgi5N2RAPvVKoqUEM,2026-08-21T12:52:18.179039+00:00,2026-08-21T12:53:15.725397+00:00,1.5739127724009536e-07,1.6657702520529718e-07,0.002918125,trailing_stop,1,1.2112162434895832,9743.487411388085,14886.803031567204,246,157,403,1.1450892431609347,8612.791607015437,,85.5944395452991,1787316740000,123.317,15612.55030282203,118.783835871,243.73,208.94,952,42632.0,1.167,83.3,1,,-5.06,-3.04,trailing_stop,3.653196774885926e-07,1,1,live_lower,1
2026-08-21,0b9ab601-ab9e-45ee-b2e8-ab773b1253d0,8oJLMFuhnQ1jNXY5Ku9Jr5PBFtDdnkeRq71rxfx8pump,2026-08-21T12:43:16.821240+00:00,2026-08-21T12:53:45.206751+00:00,2.96738791218736e-08,2.9035289986283067e-08,-0.001076012,time_stop,0,1.5777682820638022,8018.386103636847,13944.06245727323,176,122,298,1.3712736155432512,4898.041142759781,,100.0,1787316190000,113.73,2794.6090851306417,0.905920253,84.39,86.49,421,16093.0,0.976,79.5,0,mcap;pool,0.0,0.03,no_exit_within_window,,0,0,live_higher,
2026-08-21,bf3e01d7-1471-4a10-bba6-45b1b1fc990f,9QFxq4ZA88Ypc3Y6VyTESUuDDB69X3KX7uixUmy42Yca,2026-08-21T12:53:19.712176+00:00,2026-08-21T12:53:45.901851+00:00,4.769351640428247e-07,4.3878035091939875e-07,-0.004,hard_stop,0,1.049926639811198,37923.75159746865,6638.43955446322,190,261,451,1.304257590788004,893.5571239010643,,95.7431183213646,1787316800000,121.466,47471.11556582915,12.039695991,81.67,70.48,1036,14330.0,1.159,83.2,1,,-5.38,-5.21,hard_stop,4.3878035091939875e-07,0,1,live_lower,1
2026-08-21,d2ae822e-9671-4da5-a983-2a468438addf,GjocMpcKaJXh7YmA1CmjwCheLA62zVSHWK4ohAZxpump,2026-08-21T12:51:43.471971+00:00,2026-08-21T12:54:15.320255+00:00,1.4925489397719963e-07,1.3731450245902367e-07,-0.004,hard_stop,0,1.2770070922851562,8970.399600750372,20176.93482479532,334,238,572,1.2698737382998333,5128.204149907133,,71.1841123567489,1787316705000,123.333,13502.976217142057,39.527038763,167.03,132.06,829,28168.0,1.265,85.3,1,,4.1,4.22,hard_stop,1.3731450245902367e-07,0,1,live_higher,1
2026-08-21,fb0b1acf-582f-4dd6-986b-394eedcc1395,8w7vgE5wHR8sJSg1RaHPPYG2RbYjpya2DrrCLkd8N7MS,2026-08-21T12:53:12.023082+00:00,2026-08-21T12:54:15.505668+00:00,8.412364842487669e-08,1.129579077236847e-07,0.017138022,trailing_stop,1,0.9222841227213542,5430.294377781018,6774.800199778584,109,48,157,1.4581081887653038,3993.700505886339,,92.4128923076338,1787316790000,119.281,7743.552571348782,23.664281346,63.27,42.61,244,9972.0,1.485,89.7,1,,2.31,2.37,trailing_stop,1.1234555791263194e-07,1,1,live_higher,1
2026-08-21,97efc56b-42f6-4703-9521-6d7dfbb7bb6a,GZPxrfSi3dQCPVmZhrjtwxyAtbQ9tUDCNKL5zyipump,2026-08-21T12:53:58.752313+00:00,2026-08-21T12:54:15.686786+00:00,1.315258651947098e-07,1.2100379597913302e-07,-0.004,hard_stop,0,0.9172708414713542,8117.106048983011,7754.346516467165,96,42,138,1.7676206660927867,4883.723100577743,,86.037339522286,1787316840000,122.378,11108.838158375427,31.619116302,84.17,55.51,278,13155.0,1.516,90.3,1,,11.51,11.69,hard_stop,1.2100379597913302e-07,0,1,live_higher,1
2026-08-21,6349dfaa-5e93-4d99-af90-414bce7844ea,Goiywqt5qC91D6oJPs9LvDZLm7gXABMuwP4XRTw3pump,2026-08-21T12:54:15.915950+00:00,2026-08-21T12:55:15.528757+00:00,8.037210495321125e-08,7.394233655695435e-08,-0.004,hard_stop,0,0.9015183919270834,7926.532361470584,2647.439222243481,24,2,26,9.045871860484846,4852.759820188161,,94.1020614988774,1787316855000,120.379,7431.741431153437,20.399524726,34.74,14.49,55,4636.0,2.397,98.9,1,,1.85,6.23,no_exit_within_window,,0,1,live_higher,
2026-08-21,d435e503-3efd-4c58-851e-dde192d35cb5,GnsjHXTaGPBWPKEcFKXeTgiEbh8bzqkuUd9Ss3a8UPCP,2026-08-21T12:48:58.781490+00:00,2026-08-21T12:56:15.381777+00:00,1.253636259866675e-07,3.134090649666687e-07,0.075,take_profit,1,1.6159449300130209,10473.38503184171,12621.471082200442,345,84,429,1.1950049757742032,9308.560335520731,,94.71056284881891,1787316540000,122.433,11847.449173448602,108.504739186,113.37,96.68,626,19783.0,1.173,83.5,1,,-0.34,-2.18,take_profit,3.134090649666687e-07,1,1,live_lower,1
2026-08-21,29748cc3-5e7e-4a87-995e-562eef371377,3QoaoBnnr8pfcDdbJNTo3Bjx9gdK1fRNFcMihU6FiNv8,2026-08-21T12:56:33.031058+00:00,2026-08-21T12:57:15.893185+00:00,5.057539539713886e-07,4.652936376536776e-07,-0.004,hard_stop,0,0.902441776529948,37908.81654881618,3027.9027437184845,90,101,191,1.812770109493996,885.6030958544485,,94.70164439187849,1787316995000,122.593,78936.76491645325,14.252247616,77.59,63.24,1019,13264.0,1.227,84.5,0,mcap,-39.66,-38.29,hard_stop,4.652936376536776e-07,0,0,live_lower,1
2026-08-21,52ea461d-1291-479d-8c90-69f4b8ab04d7,DJ5xsvTrGuRyEgXA9g5BMJawD87N9RybFjaBAwQypump,2026-08-21T12:58:01.351670+00:00,2026-08-21T12:58:15.872643+00:00,9.798547358705292e-10,9.014663570008869e-10,-0.004,hard_stop,0,1.220041727701823,5540.234039696653,1097.1112904819583,54,56,110,1.0461700233795754,2760.506933908959,,100.0,1787317080000,120.819,197.9733028147539,0.144476888,23.65,23.62,312,4452.0,1.001,78.4,0,mcap;pool,-6.77,77.75,hard_stop,9.014663570008869e-10,0,0,live_lower,1
2026-08-21,40f8da52-5ad1-4dbc-98f7-a317e1a65c73,7n28puZfW6qg9A7d9tJ1c2FkADxqwinQQM3sFDK6pump,2026-08-21T12:59:08.309869+00:00,2026-08-21T13:00:15.985226+00:00,3.199537691855928e-08,2.9435746765074537e-08,-0.004,hard_stop,0,1.3152319783528645,9489.413603006698,6754.947502387931,57,27,84,2.278001711733731,5357.143833864589,,99.84740135574421,1787317150000,123.362,3018.1007370122547,2.13935164,60.46,61.31,122,11469.0,0.986,79.7,0,mcap;pool,-0.16,-2.6,hard_stop,2.9435746765074537e-08,0,0,live_lower,1
2026-08-21,99fc6155-5644-41db-a8d9-36d5bff58541,A8NCZejAZtRqYwSj7XQTnHRLbezNEY3uhcg1ND5Xpump,2026-08-21T13:00:18.750424+00:00,2026-08-21T13:00:45.923789+00:00,6.772492919456598e-08,6.23069348590007e-08,-0.004,hard_stop,0,1.4912532755533854,6146.610341603915,1562.1276926243938,14,2,16,54.1311581920233,4247.926691348151,,99.99999999999999,1787317230000,132.689,6331.9031627975055,16.563214204,6.89,0.37,15,684.0,6.89,83.3,1,,0.73,93.98,hard_stop,6.23069348590007e-08,0,1,live_higher,1
2026-08-21,c36aa2eb-0bad-4e44-9907-7bb13007d133,9Pf7HGJvYKMJoSDFAxeXCosrNpSA9BDxeYARisDZpump,2026-08-21T12:54:01.292931+00:00,2026-08-21T13:02:15.222515+00:00,0.0007299676487955248,0.000817003700654426,0.005961638,trailing_stop,1,0.8839375081380209,47943.82539292937,6093.103273144408,45,4,49,12.519648964318506,41907.826521992654,,92.4710449475,1787316840000,119.697,69266.67450802562,487.196453039,103.6,19.55,93,11598.0,5.3,100.0,0,mcap,-0.75,-0.8,no_exit_within_window,,0,0,live_lower,
2026-08-21,ab96d6a5-ac47-4b67-aefb-34de91129e6f,65zGHv8sKGKQswG4Ne2djMnN1cCTmJFXyqd9pQo3jbzC,2026-08-21T13:01:42.017367+00:00,2026-08-21T13:04:15.679556+00:00,1.0673791256259106e-07,1.2910979956094027e-07,0.010479822,trailing_stop,1,0.796397021484375,8402.29744793017,5925.116712836416,149,62,211,1.1163842174394276,8044.2165751806715,,99.3842066015367,1787317300000,118.347,9924.780516723478,96.658894877,185.57,175.45,1093,34000.0,1.058,81.2,1,,1.29,1.29,trailing_stop,1.314900423131478e-07,1,1,live_higher,1
2026-08-21,a7eed4bc-2f86-4f64-a9e7-b9a0bde9974d,87LhKpiWjeoVHw52pUNG3fP8GpdP2uhYwv45MCaWBUHh,2026-08-21T12:54:16.712436+00:00,2026-08-21T13:04:45.207534+00:00,4.930639307942275e-07,8.179193480924424e-07,0.032942525,time_stop,1,0.9015183919270834,42814.10447378627,718.8407077054634,12,3,15,54.84300738584876,693.0956505763367,,99.8032557982711,1787316855000,119.681,46356.67354801462,11.015540751,11.78,0.87,41,1191.0,11.782,74.0,1,,0.17,0.06,time_stop,8.091645271610929e-07,1,1,live_higher,1
2026-08-21,db5d163f-67f0-49aa-a777-07a0b4750e0b,99nAevdnFjNHerStZ3NGEtHGNQsy2srQmsDeojT1pCdf,2026-08-21T12:54:43.270345+00:00,2026-08-21T13:04:45.393972+00:00,1.2057153798838537e-07,1.2057153798838537e-07,0.0,time_stop,0,1.1491784545898438,8392.515474712161,10721.471359162419,276,133,409,1.0627533762287997,8168.822963812887,,96.4913174448206,1787316885000,123.108,20854.738706820197,103.181744431,194.87,176.75,1090,34999.0,1.102,82.0,1,,-45.55,,no_exit_within_window,,0,1,live_lower,
2026-08-21,c1f3a1b2-4eb1-46de-9c8b-7f8063322a4c,AWDV4pkkQXmRdEj81kVdDT5ANVzWQ5HnxjUgEek6XKnr,2026-08-21T12:55:41.994819+00:00,2026-08-21T13:04:45.538904+00:00,5.659488730513648e-07,8.23589551592327e-07,0.022761833,trailing_stop,1,0.7922944254557291,48113.14957359186,18037.503043063065,39,29,68,1.4623132944260993,44398.12313317126,,99.33029400055182,1787316940000,118.275,53414.13816664937,507.241682328,125.21,68.58,232,18251.0,1.826,96.5,0,mcap,-0.21,-0.26,trailing_stop,7.733740848116068e-07,1,0,live_lower,1
2026-08-21,a1580c80-63b0-4401-8663-55dd4a2aa512,6Xmhcoz3ZFy5rotfwqFeMSqRC3syrL9xQUERqQsdpump,2026-08-21T13:06:10.116092+00:00,2026-08-21T13:06:45.410662+00:00,6.235858333769417e-08,5.736989667067864e-08,-0.004,hard_stop,0,1.0852201700846353,5652.975834934715,2425.14644678245,39,6,45,3.5730841085308636,4229.563595818948,,91.92095836962889,1787317570000,121.353,6428.358582954855,16.873911181,30.16,13.44,78,4106.0,2.245,97.3,1,,-8.64,-8.95,hard_stop,5.736989667067864e-08,0,1,live_lower,1
2026-08-21,3eff397c-67c9-43fb-87e4-465a29b4ca35,8xbg5TvRCbsDjzLzoRTMXzk5UswxCf2azbi4atxPpump,2026-08-21T13:07:30.184828+00:00,2026-08-21T13:07:55.820948+00:00,6.162939717956998e-08,5.6699045405204384e-08,-0.004,hard_stop,0,1.4015449625651042,5650.329824705638,7399.178241285044,89,52,141,1.435220911716209,4122.694074241818,,93.33320686283551,1787317650000,121.095,4267.039800125229,13.803091108,59.71,54.52,197,10759.0,1.095,81.9,0,mcap,36.03,36.43,hard_stop,5.6699045405204384e-08,0,0,live_higher,1
2026-08-21,0b60e8ad-3d75-4eb8-9c2c-a9cc7ba83624,2Chm7zmbLR8KsJ5wXxNvfRL2bC4aP17S8KjbAm5QpnPS,2026-08-21T13:06:52.830537+00:00,2026-08-21T13:08:25.583544+00:00,2.0711466033120597e-07,2.1432681258473177e-07,0.001741101,trailing_stop,1,1.3324412190755208,16852.120000000385,1464.1840203884121,93,33,126,3.5717542631232635,823.4769177045579,,99.99087304230139,1787317615000,123.314,19503.142050673967,10.48171733,15.06,12.73,278,2617.0,1.183,76.5,1,,0.01,3.67,trailing_stop,2.325073352297422e-07,1,1,live_higher,1
2026-08-21,f646fbd7-5048-48ef-b54f-d79f9757606a,HYSbyKq9yVnDEYZeghQHJeJCjsd12wrSy5sxPEwTVsDp,2026-08-21T13:07:07.467282+00:00,2026-08-21T13:09:25.559209+00:00,4.585124901489032e-07,7.731662524040234e-07,0.034312453,trailing_stop,1,1.434481486002604,34117.50553535912,29477.589456060792,647,172,819,1.4670588063299408,6962.824551038141,,96.0282953703174,1787317625000,118.519,41139.8544489496,86.862450994,294.06,226.72,1499,49048.0,1.297,85.9,1,,4.97,4.47,trailing_stop,5.511071194956329e-07,1,1,live_higher,1
2026-08-21,17b5d95e-609c-4dec-97f2-cae517f42f94,9sJVUmycvMF7e4W4GRMVHu8NRDiphx8Jaf5N7w7npump,2026-08-21T13:08:19.057293+00:00,2026-08-21T13:09:25.750058+00:00,1.0420399352560788e-07,9.586767404355926e-08,-0.004,hard_stop,0,1.4682035847981771,9680.525164019791,6810.620812745575,42,16,58,2.250011783505903,5355.912616184896,,98.0127995872523,1787317700000,122.391,9573.626216507508,27.203075507,57.17,32.44,71,8439.0,1.763,95.3,1,,2.51,2.66,hard_stop,9.586767404355926e-08,0,1,live_higher,1
2026-08-21,9c4c4d1d-697a-4cfe-8a0d-8e731b67f942,4ehux52MKr2YKVsQRDmytqCPXcLWar6J8GM3HvXCpump,2026-08-21T13:08:30.649526+00:00,2026-08-21T13:09:55.488196+00:00,2.365350739382396e-07,3.1915129112127105e-07,0.017463841,trailing_stop,1,1.5870550374348957,18859.818841362856,38619.59831367512,457,303,760,1.276660494930203,7421.087768114205,,73.6648254675858,1787317710000,119.79,22871.21441939093,60.865940696,275.18,225.88,1012,47190.0,1.218,84.4,1,,-2.6,-2.59,trailing_stop,3.3686880357381053e-07,1,1,live_lower,1
2026-08-21,fc7f00cd-c33f-4547-a338-2a0cc93a5a3c,7KVCdSm21bNzGQpHJLQKei2YeLaH6qV4eSuULdLNpump,2026-08-21T13:10:10.693754+00:00,2026-08-21T13:10:55.823764+00:00,2.1703973526220157e-07,2.6792429871849666e-07,0.011722407,trailing_stop,1,1.1039929890950522,10197.021505015926,20507.56484256679,253,223,476,1.3078528794537678,5529.9988384025155,,63.8821953168148,1787317810000,120.334,19086.357390471097,55.921830556,264.7,216.93,1084,45360.0,1.22,84.4,1,,7.1,7.03,trailing_stop,2.291907937771078e-07,1,1,live_higher,1
2026-08-21,0a6e1489-3371-467b-b256-d25dc2e8d985,49C3LBTiUiknAYZswLnDWdJBxzng4QRHSxmtpzFkpump,2026-08-21T13:02:22.077396+00:00,2026-08-21T13:11:55.272571+00:00,2.8252689812144347e-08,3.022541551761292e-08,0.003491218,trailing_stop,1,1.1017158284505209,6228.817436104954,8679.640369381883,110,61,171,1.4324722825992926,4268.018207752923,,100.0,1787317340000,119.136,2649.786699883354,0.094463389,66.93,68.83,251,12786.0,0.972,79.4,0,mcap;pool,0.42,-0.88,no_exit_within_window,,0,0,live_higher,
2026-08-21,d60c75e6-13b9-449d-a136-088d8f29a585,HpkoaAsXJDu6j4mF8iLRJmh2Y1PyjGFcvaxiqhuspump,2026-08-21T13:11:35.341192+00:00,2026-08-21T13:12:55.873891+00:00,3.874739569514881e-08,4.701109371140175e-08,0.010663553,trailing_stop,1,1.1172819376627605,6077.300800973031,25999.140587384718,239,164,403,1.1223312981011748,4226.256767505483,,98.5594156616628,1787317895000,120.737,3465.634059669772,5.523059184,145.16,155.75,478,28339.0,0.932,78.6,0,mcap,5.3,-2.68,trailing_stop,4.199894887257945e-08,1,0,live_higher,1
2026-08-21,1fa69396-9435-455f-b1fc-c2ec6e7602db,ELXhcizN24dj7kZG9ivioHfpiKPVHJRPWaVyVikJo7r9,2026-08-21T13:09:26.962917+00:00,2026-08-21T13:15:55.399821+00:00,1.105267697958968e-07,1.2816958474159015e-07,0.007981241,trailing_stop,1,1.2923981486002605,9681.014182981597,914.5798933420474,16,9,25,457.6780573200864,8636.339579428879,,99.9971795364755,1787317765000,118.893,10470.460263244622,97.30711526,22.08,9.82,144,3004.0,2.248,94.0,1,,-0.58,-0.58,trailing_stop,1.2031086746590618e-07,1,1,live_lower,1
2026-08-21,7bd4ce7f-b147-4d4d-a70b-9ad579547c91,6hLSeHMxRjumxmVjyttD9GSoEqugPvpBLkxFhvkDpump,2026-08-21T13:06:21.234114+00:00,2026-08-21T13:16:25.253417+00:00,2.8857583818342468e-08,2.8712418858468968e-08,-0.00025152,time_stop,0,1.2684511555989584,7811.069002161744,5056.741741063475,249,65,314,2.3573819232201556,4774.236479884285,,100.0,1787317585000,124.509,2721.4436137586295,0.498664118,39.28,40.13,391,7479.0,0.979,79.6,0,mcap;pool,-0.13,0.1,no_exit_within_window,,0,0,live_lower,
2026-08-21,48773a70-be01-4dab-b701-6c5d7d5ae673,8iGkf9TcUxu3shpRZLEvc8M8QeGQbWRyr9vTgfXQpump,2026-08-21T13:16:05.606079+00:00,2026-08-21T13:16:25.942359+00:00,1.1292326137541913e-07,1.0388940046538561e-07,-0.004,hard_stop,0,1.3079060628255208,7893.490986645516,25131.388884934546,288,225,513,1.1805875124880516,4803.273889417341,,74.8640488431394,1787318165000,121.183,9774.89129451217,30.16156713,187.35,160.54,710,32764.0,1.167,83.3,1,,8.8,8.95,hard_stop,1.0388940046538561e-07,0,1,live_higher,1
2026-08-21,776af7c6-db19-43c6-a011-2e9cd17adaee,2FKto9WrEv9WKy5cQo69gvTHEZoTEjGhFLLetHB5xhjY,2026-08-21T13:16:26.303601+00:00,2026-08-21T13:16:55.856174+00:00,6.639288634077618e-07,6.108145543351409e-07,-0.004,hard_stop,0,1.3894380411783853,36135.21732034805,4526.964019579282,132,145,277,1.4587070957926838,984.9566711188257,,94.73709593827199,1787318185000,119.732,56376.36040066965,13.100759537,70.15,58.03,790,12072.0,1.209,84.2,0,mcap,10.91,10.85,hard_stop,6.108145543351409e-07,0,0,live_higher,1
2026-08-21,98711266-2d8f-4ed1-b369-3e73e7054071,7Jgdc9dCo9Ah5Nxq1P24seWKe3cyZDQCVaeWLXqfpump,2026-08-21T13:16:30.141624+00:00,2026-08-21T13:16:56.075371+00:00,3.539564806427847e-08,3.256399621913619e-08,-0.004,hard_stop,0,1.4465700276692708,6191.212070427048,10319.716971263428,87,60,147,1.342829008217692,4264.479564988874,,99.9658127202589,1787318190000,122.317,2879.266563526497,2.963693648,61.0,64.63,193,11831.0,0.944,78.9,0,mcap;pool,15.78,20.96,hard_stop,3.256399621913619e-08,0,0,live_higher,1
2026-08-21,0d702220-abd3-4ab6-9551-b4ca31513fbd,5U4qTmbeiXwTd5QYyDqERi1kqQan8vvbqmeBmyX8pump,2026-08-21T13:17:10.099603+00:00,2026-08-21T13:18:25.840920+00:00,2.8285563997684516e-08,2.854521690280794e-08,0.000458985,trailing_stop,1,1.1407946451822917,6474.578447943693,3551.587613700203,186,98,284,2.6716761077341067,4341.660344959905,,99.83449777342791,1787318235000,127.284,2653.4246571053877,0.115115077,31.24,32.46,363,6000.0,0.962,79.2,0,mcap;pool,0.4,-0.6,no_exit_within_window,,0,0,live_higher,
2026-08-21,8103792f-32df-4805-a8fc-371277d35408,CRxPnsrrW7uTkhoWMk7jSdJdYaVvbUewqYD6xVzdgHXC,2026-08-21T13:18:50.263024+00:00,2026-08-21T13:19:25.890621+00:00,7.184777321902126e-08,6.609995136149956e-08,-0.004,hard_stop,0,0.9787709879557291,7851.3264340355845,13461.065897151619,101,70,171,1.3626649840888365,4865.655309598292,,92.7312241004579,1787318330000,121.343,7553.318988781039,20.810101056,98.65,78.71,208,16704.0,1.253,85.1,1,,-10.42,-11.1,hard_stop,6.609995136149956e-08,0,1,live_lower,1
2026-08-21,c8f4fc7f-794f-480f-b316-0b527148154d,Djg3HSF7iBkdq9EfEzh6mFJ8jJseDTesHV5ZxPmwpump,2026-08-21T13:09:46.628259+00:00,2026-08-21T13:19:55.226336+00:00,2.836134601296371e-08,2.8121054423744876e-08,-0.000423625,time_stop,0,1.075531424967448,5704.200530216943,3725.06721720097,176,62,238,2.1498738324577387,4087.302933497079,,100.0,1787317795000,129.673,2643.948131618894,0.061289925,26.96,28.31,284,5205.0,0.952,79.0,0,mcap;pool,1.03,1.42,no_exit_within_window,,0,0,live_higher,
2026-08-21,9eed2295-ab5a-4dca-8b87-6e1ab1068e9b,Eorh38Pehy92Ggv6Ms66oPXuNzjY2w2XYPYcLqk9XxPw,2026-08-21T13:17:08.473886+00:00,2026-08-21T13:19:55.735181+00:00,1.0909888788093938e-07,1.2390103318259045e-07,0.00678382,trailing_stop,1,1.1574613118489583,9163.825685071039,4999.374402780671,282,51,333,1.3170733413597857,8411.77472175854,,96.3881072945359,1787318230000,123.546,10601.65433827797,98.599377432,71.62,58.62,788,12266.0,1.222,84.4,1,,-3.08,-3.08,trailing_stop,1.210776076775719e-07,1,1,live_lower,1
2026-08-21,b714b1ea-b803-496c-96af-06664ac79d47,J5XjtAn6EC3r121xZUuNmpiJSVQtubJiQaMkfsycpump,2026-08-21T13:20:07.644213+00:00,2026-08-21T13:20:55.782197+00:00,7.362954196792752e-08,6.773917861049332e-08,-0.004,hard_stop,0,1.44703818359375,6022.130870137906,4596.514476603585,51,26,77,1.9131926854725427,4225.157437263295,,89.0060390444402,1787318410000,124.51,6859.825741149635,18.421438492,38.46,23.15,98,5802.0,1.661,93.2,1,,1.09,1.2,hard_stop,6.773917861049332e-08,0,1,live_higher,1
2026-08-21,85ca433f-599e-478f-a4e8-70b83d112343,9Wv6KxYSNcsQJLqwNTbgcPUPVKFoZ9bvPtKvSSMFpump,2026-08-21T13:20:20.198760+00:00,2026-08-21T13:20:55.928264+00:00,9.328813437899003e-08,8.582508362867083e-08,-0.004,hard_stop,0,1.6005071166992189,8456.840861449784,5698.365684594569,25,25,50,2.3623058559137604,5026.948181726233,,98.7659813756208,1787318420000,120.855,8940.12932222371,25.278092205,45.74,23.43,55,6514.0,1.953,99.1,1,,-1.73,4.5,no_exit_within_window,,0,1,live_lower,
2026-08-21,1bb7e892-9475-496f-bd14-9f13a71f5439,9ayXhg8bXqzvQ3gm3BMktvnZ1rbmGG3eVKbKePQUpump,2026-08-21T13:21:11.139428+00:00,2026-08-21T13:22:09.911376+00:00,3.6441923434369495e-07,3.9616651394763265e-07,0.004355873,trailing_stop,1,11.31947198893229,26262.32168881099,83142.02140025677,874,786,1660,1.1413470061468278,5141.015243369252,,65.82449387691511,1787318470000,677.661,35022.17737186475,64.476327033,507.34,438.49,1716,89078.0,1.157,83.1,1,,-2.0,0.47,hard_stop,3.3526569559619934e-07,0,1,live_lower,0
2026-08-21,6d2aa770-05bd-4523-8c24-f1c070e79258,FDzABLzPGhBc5vK5FZ7RShotomGSijrcieuWPy13rL6X,2026-08-21T13:13:08.050782+00:00,2026-08-21T13:23:09.441971+00:00,2.8015670784795146e-07,2.8015670784795146e-07,0.0,time_stop,0,1.6097560506184896,28602.973410886807,9563.147072584106,290,376,666,1.1607547145138362,710.9779641496157,,96.2336332842881,1787317990000,122.999,44181.61217771287,10.958462317,77.41,66.74,992,13577.0,1.16,83.2,1,,-40.28,-40.63,trailing_stop,4.5973646139476123e-07,1,1,live_lower,0
2026-08-21,4f77d283-9864-42a1-a832-3e539a17a9e3,81cdPzsuV35a3LjWAfDHaRLkckdcLFARPRRMNZA5niGs,2026-08-21T13:13:56.801796+00:00,2026-08-21T13:24:09.351536+00:00,3.7989182139511703e-07,3.7989182139511703e-07,0.0,time_stop,0,1.1373409057617188,30840.280589856317,754.979052006417,9,1,10,754.0270894041078,752.6777708112396,,95.7942247796739,1787318035000,118.466,0.8628971574083221,10.98,44.05,34.19,478,7368.0,1.289,85.8,0,mcap;vol_mcap,4146189.21,4146621.83,hard_stop,3.495004756835077e-07,0,0,live_higher,1
2026-08-21,e899cba9-a974-4343-acef-862e95dda5f7,Eb82vwdyoCfxFRXRZBPFpbMKQiBYWYJWYVR3RaZEpump,2026-08-21T13:24:11.672437+00:00,2026-08-21T13:24:34.857201+00:00,9.475127036118165e-08,8.717116873228712e-08,-0.004,hard_stop,0,2.985319315592448,12095.117987521706,51613.59481729511,510,467,977,1.1320119005403575,6080.515989842258,,80.5328202494498,1787318650000,177.636,9733.398137121916,32.139453435,326.17,300.99,1093,59065.0,1.084,81.7,1,,-8.32,-8.48,hard_stop,8.717116873228712e-08,0,1,live_lower,1
2026-08-21,f8a511ec-5710-4072-bcb1-9a12797542db,7KVCdSm21bNzGQpHJLQKei2YeLaH6qV4eSuULdLNpump,2026-08-21T13:21:12.698154+00:00,2026-08-21T13:25:34.347949+00:00,1.1395839733440918e-07,1.5831082908234204e-07,0.019459923,trailing_stop,1,13.049504044596354,10312.370340619742,93034.30043442555,1306,1159,2465,1.061039785839442,5460.065413753514,,83.1237736221894,1787318475000,785.334,10643.145111377227,30.32079446,524.17,496.86,2466,96161.0,1.055,81.1,1,,0.84,0.83,trailing_stop,1.3047609924949662e-07,1,1,live_higher,1
2026-08-21,ee18da65-880a-43a1-9cbe-989cddecc247,BqcsG9NcK9tiKBGM2LrVmvWVgPuWigfjnSxY2NZmc7Mf,2026-08-21T13:24:10.946112+00:00,2026-08-21T13:25:34.614992+00:00,2.1407603576062443e-07,2.530707563938059e-07,0.00910768,trailing_stop,1,3.685319315592448,21519.918685003868,132919.57335118554,1683,1574,3257,1.0988851408862033,4928.208698282632,,54.40422528882682,1787318650000,219.998,20223.94378110069,46.994524662,832.16,770.97,3603,150983.0,1.079,81.6,1,,-0.31,-0.4,trailing_stop,2.5086842367347253e-07,1,1,live_lower,1
2026-08-21,b2086087-1470-4575-8642-c198b371e357,9ayXhg8bXqzvQ3gm3BMktvnZ1rbmGG3eVKbKePQUpump,2026-08-21T13:24:37.125233+00:00,2026-08-21T13:26:04.442694+00:00,3.175884360911451e-07,3.976439891006792e-07,0.012603663,trailing_stop,1,14.734242598470052,26893.762779852288,107038.80757160377,1001,921,1922,1.1122954399008151,5548.701277901519,,66.55173796983225,1787318675000,882.661,34304.61398188348,62.589630128,634.12,564.81,1958,112916.0,1.123,82.5,1,,-12.81,-12.03,trailing_stop,4.144344407910623e-07,1,1,live_lower,1
2026-08-21,538e6621-302b-4e16-a0d4-915b45f38638,Bf4vvvdue2JMj7E5fnfrcM71DW44UuSGWKoiYymSpump,2026-08-21T13:26:07.518211+00:00,2026-08-21T13:26:39.505828+00:00,2.867491621016437e-07,2.890505063964099e-07,0.000401282,trailing_stop,1,10.54405467122396,26001.055494771044,76307.53486798352,818,771,1589,1.1712284621424942,8711.266542748135,,50.2140547895229,1787318770000,634.634,27827.747531254718,68.364939039,456.75,389.72,1385,79720.0,1.172,83.4,1,,-2.95,-3.24,trailing_stop,2.895645846318711e-07,1,1,live_lower,1
2026-08-21,e105ff02-f99e-41ae-97bf-ed064dc43c5e,2EeY23pJb9cSvznQeWfyunGQHS1GbSWYZcYeLdArBGum,2026-08-21T13:26:20.294681+00:00,2026-08-21T13:27:04.760475+00:00,1.002378093216259e-07,1.0110786757162192e-07,0.000433997,trailing_stop,1,0.7325648640950521,8482.334252298624,1556.24406509439,25,16,41,1.6368888011763656,8066.193900756893,,99.31624662600085,1787318780000,120.414,9298.790498838389,93.235001974,60.55,53.79,222,10769.0,1.126,82.5,1,,1.52,-0.16,no_exit_within_window,,0,1,live_higher,
2026-08-21,e856b8f3-4360-4aff-a1f5-5b05f2c88319,YAjohMhEytAPUbtdtVDgHbVeoV4oouFegNpxGzppump,2026-08-21T13:26:48.593832+00:00,2026-08-21T13:27:24.766298+00:00,5.6946157837047355e-08,5.239046521008357e-08,-0.004,hard_stop,0,0.8750257690429688,5466.163888902171,6589.906867225684,78,57,135,1.4982117113716407,4027.0227244484067,,95.0946834670352,1787318810000,121.825,5250.844027647043,12.363877643,71.96,62.57,245,12670.0,1.15,83.0,1,,2.14,6.13,hard_stop,5.239046521008357e-08,0,1,live_higher,1
2026-08-21,c3076b39-75f6-41ea-8c8f-7e6ac271fd82,D17BzN6uf8J1S7C1tM9K128PYGv9u6PR8qBU9urZpump,2026-08-21T13:27:36.767518+00:00,2026-08-21T13:27:45.007217+00:00,1.329656469648883e-07,1.2232839520769726e-07,-0.004,hard_stop,0,2.017914217122396,13037.736411778737,46282.04115363593,704,578,1282,1.161788202430761,6189.4575522381565,,72.6653707024637,1787318855000,119.157,12976.708506262521,36.998253491,279.9,246.31,1375,49558.0,1.136,82.7,1,,-3.5,-3.64,hard_stop,1.2232839520769726e-07,0,1,live_lower,1
2026-08-21,b8ab4ccb-6d85-46f8-8b09-48ab3fd9d2aa,3rzFGmvwkA6xBvk8PjNqEMxzsD52Hb1s3635ocD7pump,2026-08-21T13:27:57.196883+00:00,2026-08-21T13:28:24.917224+00:00,7.732352309063552e-08,7.113764124338468e-08,-0.004,hard_stop,0,1.2567440063476563,6804.43433054745,3784.8873530609117,183,61,244,2.7065680570374497,4464.951889240516,,71.2770800246942,1787318875000,118.964,7331.98452076263,20.143708096,38.74,19.31,361,5467.0,2.007,100.0,1,,-0.68,-1.53,no_exit_within_window,,0,1,live_lower,
2026-08-21,69664e54-f25f-45be-bd91-461eb5dbb46c,EkBzFycnNXkpaDB93su6NXsjHMMK5qW3EYYs7JWfpump,2026-08-21T13:22:12.525073+00:00,2026-08-21T13:28:29.357378+00:00,3.0295556866354635e-08,2.7871912317046267e-08,-0.004,hard_stop,0,1.0588016072591147,5189.6196959954705,12327.32764031749,123,85,208,1.2105053665499013,3891.763939498863,,100.0,1787318515000,103.737,2849.812810570488,1.209679802,73.41,77.2,240,14185.0,0.951,79.0,0,mcap;pool,0.12,0.67,no_exit_within_window,,0,0,live_higher,
2026-08-21,2faabfa9-6103-4ae9-9232-677cd73c68c4,HaFMHcSwdQvNeP1kLdYgBfPWEk55aXQTqzCAtzv5pump,2026-08-21T13:19:28.631602+00:00,2026-08-21T13:29:29.227686+00:00,3.089549272260169e-08,2.9768804564868773e-08,-0.001823386,time_stop,0,1.0414645589192708,6303.076818975071,5017.629320150356,271,88,359,1.910426586889438,4371.761906192067,,70.1234938092347,1787318370000,122.761,2921.827177513949,1.604829879,62.24,61.9,814,11692.0,1.005,80.1,0,mcap;pool,-0.41,-0.14,no_exit_within_window,,0,0,live_lower,
2026-08-21,8dafdf03-2950-4a89-a7e4-43eb4e2b5793,D8a4ZhDdCXZYfWexZ79EZy1hmNv1bddic1aTD6KPpump,2026-08-21T13:29:42.341020+00:00,2026-08-21T13:29:59.499410+00:00,3.6514164561609485e-07,3.3593031396680726e-07,-0.004,hard_stop,0,2.026656180826823,36522.53728047922,66513.83995922419,836,706,1542,1.258046062126597,10331.034922897046,,50.42440577304622,1787318980000,119.011,31327.60816092385,63.930960559,454.0,382.12,1784,78746.0,1.188,83.8,1,,9.77,9.41,hard_stop,3.3593031396680726e-07,0,1,live_higher,1
2026-08-21,8cdb6933-ba35-44ff-b2f7-54a33cd66cda,sEvf3HHoiqj3W8fWpCpBFXnBMt4VYQ81FFqFTZ3pump,2026-08-21T13:29:57.874468+00:00,2026-08-21T13:30:29.683433+00:00,8.291065313153985e-08,7.627780088101667e-08,-0.004,hard_stop,0,1.0128786499023437,6629.647289143664,3663.0450424253504,32,10,42,2.795394766361697,4452.924388064514,,94.710184595171,1787319000000,122.882,7367.077352377415,21.100590387,53.74,33.78,81,8242.0,1.591,91.8,1,,5.99,14.07,no_exit_within_window,,0,1,live_higher,
2026-08-21,b4de4747-545f-423b-8f21-8d5194fbef35,GW2yzNeodxExALxXMqWSEGBgE7YVSBPpj56t6QPUzg66,2026-08-21T13:30:35.737881+00:00,2026-08-21T13:30:59.715045+00:00,4.8034665810266e-07,4.419189254544472e-07,-0.004,hard_stop,0,1.1104614135742188,36480.0542109778,4945.627127775499,156,183,339,1.421778420228292,862.1577966930184,,95.4268366646895,1787319035000,121.078,46039.79307494923,10.959239999,64.37,53.38,805,11090.0,1.206,84.1,1,,-1.74,2.12,hard_stop,4.419189254544472e-07,0,1,live_lower,1
2026-08-21,2ebd3ce0-9a0a-4427-9581-eafe9d7c20ee,GdCjSHjmz2UFQPSp7a8PCQnHibHE6RHE6bZdo9tFpump,2026-08-21T13:31:19.563052+00:00,2026-08-21T13:31:34.928746+00:00,2.624209983009958e-07,2.4142731843691614e-07,-0.004,hard_stop,0,2.028172823079427,23983.024521646166,47417.77357997083,495,412,907,1.2699989966972933,8359.421565928129,,64.12545749887069,1787319080000,122.13,23490.702453684935,59.604361312,279.23,234.44,933,48377.0,1.191,83.8,1,,5.21,5.77,hard_stop,2.4142731843691614e-07,0,1,live_higher,1
2026-08-21,ad80bfb8-228d-40f6-937c-8fc467f3e330,GenQcREjBhFqBtP45g3yRJVbQc4ufBFGM5WwcMgDH8Yn,2026-08-21T13:31:00.848434+00:00,2026-08-21T13:33:44.735048+00:00,1.0507556739728189e-07,1.2148888332315904e-07,0.007810244,trailing_stop,1,1.296407694498698,8590.156174960064,4127.186481850771,52,40,92,1.2547530884273403,8178.791685597716,,98.9508101323674,1787319060000,120.342,9850.01327784114,94.728013604,41.81,32.42,138,6992.0,1.29,85.8,1,,0.47,-0.21,trailing_stop,1.3280907770756217e-07,1,1,live_higher,1
2026-08-21,d50b0f3a-3993-4371-9614-f6d859d7f9f7,6xzqXnhPebsTWRx2c5GA72Qay6KcGBBT5vdcbPKri1WC,2026-08-21T13:31:43.874747+00:00,2026-08-21T13:35:19.713523+00:00,1.870130179995944e-07,1.939150900634432e-07,0.001845345,trailing_stop,1,1.1091749959309896,16084.471826837946,1623.577409709476,79,33,112,2.891121769214606,826.8245661937322,,99.9939454761646,1787319105000,122.298,18622.566769783945,9.956391912,10.93,9.12,206,1889.0,1.198,74.6,1,,-5.42,-5.97,trailing_stop,1.937790978380576e-07,1,1,live_lower,1
2026-08-21,65a28cef-afd1-4c15-83aa-845066bf9bed,QCRk8cqBq4EA42GGopUgpRgFcxa5uQ4LqbfetZbpump,2026-08-21T13:26:10.291329+00:00,2026-08-21T13:36:19.230186+00:00,2.9080900579101595e-08,2.876138671128558e-08,-0.000549353,time_stop,0,0.8992315307617188,5497.802888286197,7406.448617249615,96,68,164,1.4264806509309915,4464.393812082246,,100.0,1787318760000,110.457,2738.8181981445587,0.595865864,48.27,48.92,192,9154.0,0.987,79.7,0,mcap;pool,0.0,0.11,no_exit_within_window,,0,0,live_higher,
2026-08-21,613db828-1ff8-4f8c-9139-dc6440330608,FhEN2eATMekXP9XyVj4egF4kShWW64K8REmyeqyApump,2026-08-21T13:35:35.840777+00:00,2026-08-21T13:36:19.844214+00:00,5.035884206678021e-07,1.2589710516695053e-06,0.075,take_profit,1,0.8047362223307292,10207.596113932685,3452.5391097038864,52,10,62,8.751680871949599,5445.320205412185,,81.68606095168539,1787319335000,119.775,58847.31421486482,95.712588972,152.16,58.24,315,19816.0,2.613,100.0,0,mcap,-19.41,-19.56,take_profit,1.2589710516695053e-06,1,0,live_lower,1
2026-08-21,42fc7128-b986-4cbc-a624-b6d1ac05e74f,DmGkqLoXyWrrmcesHXC8Bug2hLte9wHXcFHcKRYDmoon,2026-08-21T13:27:09.593734+00:00,2026-08-21T13:37:19.189141+00:00,3.568606637309919e-07,3.660931439280501e-07,0.001293569,time_stop,1,0.8918743204752604,32291.938356736464,7748.545835954218,23,0,23,7748.545835954218,7748.545835954218,,99.90357498516201,1787318830000,122.44,3052954.884559209,7769.947443,308.99,0.0,27,29101.0,308.992,75.7,0,mcap;buy_sell,-98.9,-98.9,take_profit,8.921516593274799e-07,1,0,live_lower,1
2026-08-21,5bcf7b85-0c78-47da-b9ca-96f13632ed5d,oNYXYM1hJQHkbuAsDcvqYWkDhUtKH9VPxKwmzoBBoqK,2026-08-21T13:36:24.337043+00:00,2026-08-21T13:37:19.669050+00:00,2.524549561654696e-07,2.3225855967223206e-07,-0.004,hard_stop,0,1.1662245686848958,22222.564763161245,40581.77741433233,70,35,105,1.307206260647186,8110.4391993160425,,76.7072425310572,1787319385000,121.709,23602.86760315027,59.918762189,306.41,246.73,156,52095.0,1.242,84.8,1,,0.73,6.08,hard_stop,2.3225855967223206e-07,0,1,live_higher,1
2026-08-21,644c81c4-d4a3-45a5-a223-41bf3648c511,GvWf6s7QM5eb5KZ1C7hRYqhHUUGHtzGrYDRAbap361VK,2026-08-21T13:36:25.849666+00:00,2026-08-21T13:38:19.499024+00:00,3.8584582670425615e-07,4.0804040058799853e-07,0.002876094,trailing_stop,1,1.2277360717773438,28582.61817650504,16720.58596811169,253,95,348,1.8324968733513263,6288.28030755155,,97.76017405463722,1787319385000,120.132,36469.18779541711,80.888955612,181.78,119.5,738,28374.0,1.521,90.4,1,,-0.36,-0.34,hard_stop,3.5497816056791565e-07,0,1,live_lower,0
2026-08-21,a120ca55-383e-4bc5-9462-b77e58197dc7,Gpbjk6pVN8fWJ3Yg5DfehF5vTQLjTaipQK7iHrxkpump,2026-08-21T13:34:14.458487+00:00,2026-08-21T13:38:49.407049+00:00,0.0004950661373176564,0.0007066703950294895,0.021371312,trailing_stop,1,0.686319795735677,36287.21185033957,1739.8386389836517,11,1,12,1738.9607702058188,34963.00309975508,,99.8666022675,1787319255000,121.583,49748.437712864696,440.525432083,97.99,24.57,47,11544.0,3.988,100.0,1,,-6.28,-7.25,trailing_stop,0.0007068262989629227,1,1,live_lower,1
2026-08-21,7df51c8f-8b46-4835-8649-1ab2780148c2,AXdoDGDNuBUygtP7qgbaxE5nqrYiDqfj1QjoqLpYpump,2026-08-21T13:29:44.376648+00:00,2026-08-21T13:39:49.194025+00:00,7.444803230706104e-08,7.45335358858601e-08,5.7425e-05,time_stop,1,0.8905760091145833,6753.39799196632,999.5029022874897,4,1,5,1.0000000003626712,2718.8363801378505,,100.0,,,,,,,,,,,,,,,,,,,,
2026-08-21,707d2759-6358-47f5-b784-bf13e0cb17ce,2AqKAAN3CJ1WixyM3ZyvLeS9aBmWguWKn7inqgFHpump,2026-08-21T13:37:23.042401+00:00,2026-08-21T13:39:49.331069+00:00,1.1970418375017793e-07,2.6357136221716727e-07,0.060092795,trailing_stop,1,1.0692800170898438,9402.653799621612,16373.191556775404,264,173,437,1.3674982273996303,5539.427379137645,,78.4965491621332,1787319445000,123.05,10840.238868198136,33.382623279,147.37,119.5,715,25134.0,1.233,84.7,1,,4.0,4.41,trailing_stop,2.903784167720458e-07,1,1,live_higher,1
2026-08-21,af77a740-2d3b-40e1-b389-1a08f0b03804,7zUYL1gRxrs49aK94mxoHCxv9d47tkDxNHqhmSadpump,2026-08-21T13:37:52.377778+00:00,2026-08-21T13:40:49.281625+00:00,2.844531809574946e-08,2.894207695960994e-08,0.000873182,trailing_stop,1,1.1174146402994791,12772.07939183282,9347.471093495933,124,51,175,2.154392686866605,6125.769037351907,,100.0,1787319475000,123.949,2798.1378950437856,0.92542686,107.41,109.48,462,20426.0,0.981,79.6,0,mcap;pool,-4.26,-4.2,no_exit_within_window,,0,0,live_lower,
2026-08-21,e4479ad7-6017-49ea-a191-6befa5f68c07,EtMe5QNPxAhqtkhW8WqfjipibnAQJh6Di23eji7Gpump,2026-08-21T13:39:34.804493+00:00,2026-08-21T13:41:49.371525+00:00,3.0425771788216416e-08,3.146703307813046e-08,0.00171115,trailing_stop,1,0.7396778605143229,7234.395296249985,2197.570597313111,37,11,48,12.66493467349967,4572.79201355125,,99.92851161574177,1787319575000,122.954,2941.450918433988,2.213583382,7.94,21.48,61,2771.0,0.369,60.7,0,mcap;pool;buy_sell,-2.58,-5.73,trailing_stop,3.06075801663337e-08,1,0,live_lower,1
2026-08-21,8892fc69-fa6f-44a2-b8a3-988b73a501e7,4EJVZzG9ANbaMgDaGYZSVRM4e3Mnno7VKfmDBj9eKhqM,2026-08-21T13:40:35.382921+00:00,2026-08-21T13:41:49.730829+00:00,4.709511499007215e-07,1.018630255858482e-06,0.058146063,trailing_stop,1,1.0441430948893229,39731.60073802407,3567.29750517133,118,126,244,1.6710398225832646,921.6621810477238,,95.1056872856201,1787319635000,121.259,61128.842882136916,13.735360953,64.58,51.96,774,10976.0,1.243,84.9,0,mcap,-27.44,-27.4,trailing_stop,6.360826717402227e-07,1,0,live_lower,1
2026-08-21,105b1987-d375-4266-aaa5-2a20379665a2,5bgaAG4dtt5JB69Aox13doQ29toJqk1FUctX7XRur4NM,2026-08-21T13:42:13.780378+00:00,2026-08-21T13:42:20.035264+00:00,4.3456589638356404e-07,3.9980062467287896e-07,-0.004,hard_stop,0,1.1856998413085937,34322.961880108924,3532.6968385155897,102,135,237,1.5976333672710774,814.4944811244148,,95.9613128249309,1787319735000,121.956,43230.53482868365,10.595986181,58.24,47.78,703,9986.0,1.219,84.4,1,,-5.33,-11.99,trailing_stop,5.710640732110657e-07,1,1,live_lower,0
2026-08-21,a64e86c5-ea03-470d-9e12-fe763c61b032,2BfE35nRCUVJcxLMDJkPh8Q4Nrqxuhnt3UAUGR8hhLnU,2026-08-21T13:41:58.136424+00:00,2026-08-21T13:43:19.920766+00:00,1.8460095008108295e-07,2.026305430971433e-07,0.004883397,trailing_stop,1,1.0070897908528647,17640.981409632546,1340.949944851667,66,21,87,4.775337152421899,877.0481430940431,,99.9948685249679,1787319720000,123.432,17511.89616267324,9.124812546,10.43,9.29,205,1857.0,1.124,73.0,1,,-0.72,-0.16,trailing_stop,1.9733078551579237e-07,1,1,live_lower,1
2026-08-21,18dfb7f1-67a5-4648-b7c3-ba60936c821d,A8uWJjjbWMGMCdCSTEVNGXyjGjx93aYZrdf92ZLuqDQj,2026-08-21T13:41:10.340500+00:00,2026-08-21T13:43:49.688431+00:00,3.651083318378991e-07,4.4577584773437606e-07,0.011047066,trailing_stop,1,1.0914105061848958,30951.04965475378,1359.3472846070506,90,30,120,3.726251080174712,784.8518915441798,,99.9992966455936,1787319670000,120.544,35398.36422787598,9.523853389,6.91,5.98,251,1214.0,1.155,62.3,1,,-2.86,-2.86,trailing_stop,4.4437969130549493e-07,1,1,live_lower,1
2026-08-21,c0bb77aa-4877-4131-b3f7-7f874f74994a,DFfausQCibjcEBatLCe1eg3JF9vyg9hyjq97fXCupump,2026-08-21T13:43:45.403000+00:00,2026-08-21T13:44:20.051314+00:00,2.7442430278960616e-07,2.524703585664377e-07,-0.004,hard_stop,0,0.8104818562825521,27564.374193704072,9850.253764648354,65,28,93,4.451684801470681,9043.465898378898,,83.217436848707,1787319825000,121.457,23123.17858845431,48.130035289,115.95,55.1,231,16110.0,2.104,100.0,1,,11.77,9.73,hard_stop,2.524703585664377e-07,0,1,live_higher,1
2026-08-21,88ddc1c7-f85c-48fe-ae06-9282c0fed605,JE6fFzFwKkjex6omE8Pk6da9LZp6kMVxNc7k7XhXpump,2026-08-21T13:43:55.027404+00:00,2026-08-21T13:44:20.260645+00:00,5.196071185940862e-08,4.780385491065594e-08,-0.004,hard_stop,0,0.9272109781901041,7694.0462826110115,29790.716888753588,419,272,691,1.1422500732736616,4825.3384007689765,,93.4802664631349,1787319835000,121.104,4478.086946759663,10.202839129,201.35,197.17,963,37532.0,1.021,80.4,0,mcap,9.28,9.61,hard_stop,4.780385491065594e-08,0,0,live_higher,1
2026-08-21,a1a5efa4-a8cd-4e81-99a5-5d275aee8ca2,F5NkBtDbn7vRnd91b2ijwJ3Jw69wBKYK4DTBhBo5pump,2026-08-21T13:38:48.622955+00:00,2026-08-21T13:48:49.241998+00:00,2.815577331056039e-08,2.789023854915193e-08,-0.000471546,time_stop,0,0.7812975016276041,5960.381893287876,7072.579540146418,86,55,141,1.5171970142870062,4175.838981867524,,100.0,1787319530000,122.172,2650.508162970129,0.098560046,64.26,67.16,260,12378.0,0.957,79.1,0,mcap;pool,0.05,0.07,no_exit_within_window,,0,0,live_higher,
2026-08-21,56a1838e-6d95-404a-9695-56050be2161b,Ad8Ti7tcnKQHxUFkfix8VtKGbdN5XnGL2hH1Ehw5yRsE,2026-08-21T13:39:55.640500+00:00,2026-08-21T13:50:19.246836+00:00,7.815503611136965e-12,7.815503611136965e-12,0.0,time_stop,0,0.7980580078125,35631.854325839005,3098.5024806725387,93,123,216,1.766132726629109,872.4746797211695,,97.01171200815871,1787319595000,119.302,0.6023589093403202,0.006617453,59.55,51.7,796,10478.0,1.152,83.0,0,mcap;pool;vol_mcap,22.2,35.5,hard_stop,7.190263322246008e-12,0,0,live_higher,1
2026-08-21,6cba56c4-8632-4629-846c-dd31859d40b6,66qdz1151HgjJoSKAgYRyUBt6rpvo9dX37VKhkb9t8Un,2026-08-21T13:50:49.092403+00:00,2026-08-21T13:52:20.167098+00:00,1.9152060325690237e-07,1.9562885253954578e-07,0.001072535,trailing_stop,1,1.3308885375976562,17600.851592315506,1588.9640492791734,71,28,99,3.436906176545054,873.1496645512635,,99.99543909640039,1787320250000,121.363,17790.66676585786,9.669538052,10.63,9.31,200,1878.0,1.141,73.5,1,,1.39,1.39,trailing_stop,2.0459323281859758e-07,1,1,live_higher,1
2026-08-21,59f15120-5323-445b-b743-997bfdbbeb8c,8hDXY8Un6cA7omxrrRGquruVuL3WVnYY3LvphqpSpump,2026-08-21T13:43:38.531853+00:00,2026-08-21T13:53:49.309979+00:00,7.753345457328691e-08,7.739313257618597e-08,-9.0491e-05,time_stop,0,0.9104818562825521,7051.780147066213,1033.6117855526513,6,2,8,0.9999997849773082,2715.5075512849216,,100.0,,,,,,,,,,,,,,,,,,,,
2026-08-21,434d040f-4af4-4d00-b11c-ca43a27c5876,Ra6rzQAcJ6CXGZswuoKodSerHDFYfAVPGpJ889cpump,2026-08-21T13:44:27.681081+00:00,2026-08-21T13:54:49.248595+00:00,7.306380604925932e-08,7.30326630022526e-08,-2.1312e-05,time_stop,0,1.2723640258789062,6640.56040663551,1280.9566403468234,4,1,5,1.000000000283279,2721.663072053473,,100.0,,,,,,,,,,,,,,,,,,,,
2026-08-21,36e9e1c7-d6e2-42ca-b311-82fc6bdb9e63,v794kXWLcjzV2xN1ZFeuBrY7GZFH4e1z1nYbTsWpump,2026-08-21T13:44:43.178220+00:00,2026-08-21T13:54:49.426965+00:00,2.8402495796855954e-08,2.8043371940571395e-08,-0.000632205,time_stop,0,1.205027421061198,12664.419336099252,5445.650471003494,56,5,61,4.297012276191142,6119.937614724822,,99.93317730715191,1787319885000,123.186,2673.3091407974416,0.22774412,50.55,50.37,106,9505.0,1.004,80.1,0,mcap;pool,0.06,0.09,no_exit_within_window,,0,0,live_higher,
2026-08-21,82bca191-ad66-4ad1-9288-7bb9a02e78b8,BtXeeTThEmN9EAN879L1TQfSSsj34XW1znDU4MYYJ2X4,2026-08-21T13:52:47.816579+00:00,2026-08-21T13:56:19.422243+00:00,1.0246059448815298e-07,1.2186264979350145e-07,0.009468057,trailing_stop,1,1.2084733357747395,8896.949869942691,12465.166108906637,190,144,334,1.089972369235687,8358.277933157344,,98.29841947111301,1787320370000,122.538,9960.961957792098,98.286251146,173.86,163.6,724,31782.0,1.063,81.3,1,,-3.12,-4.57,trailing_stop,1.2085632070703934e-07,1,1,live_lower,1
2026-08-21,db49415c-a455-4402-beb8-4847f7e90ea2,4r5eW3ZsfFcoG2LXLUKSygeW4RPyEphV5db34Kyapump,2026-08-21T13:55:02.292009+00:00,2026-08-21T13:56:19.960497+00:00,1.0242195720754957e-07,9.422820063094562e-08,-0.004,hard_stop,0,2.0175177205403645,9831.699403424924,46844.31998506238,510,349,859,1.1196117607014053,5375.600667064033,,77.766937372104,1787320500000,119.039,8977.005650528228,27.644956683,263.22,246.22,875,47980.0,1.069,81.4,1,,7.45,7.42,hard_stop,9.422820063094562e-08,0,1,live_higher,1
2026-08-21,6cad50ea-5d62-4855-ac8f-5fe72e42e793,ArywTqwTVj5AJmPSkxGj5p91eC6988KbvQaxB4dHah2Z,2026-08-21T13:54:58.227307+00:00,2026-08-21T13:56:49.593835+00:00,1.8256619964866257e-07,2.1011058482144971e-07,0.007543671,trailing_stop,1,1.3283556640625,13686.375119482414,27936.815412170516,262,116,378,1.2035222673924686,10325.16326151503,,88.43239070574543,1787320500000,123.457,17910.05916151675,130.621821904,406.14,362.92,900,72431.0,1.119,82.4,1,,-4.0,-5.2,trailing_stop,2.2577692980112498e-07,1,1,live_lower,1
2026-08-21,96437113-6520-44db-96c6-3c97cfd99f2a,hrN4Dk6LAavJdsTX5jMxqB45PaL4wzWv4mxpE5iPEgS,2026-08-21T13:56:59.313927+00:00,2026-08-21T13:57:49.966442+00:00,3.489736419202439e-07,3.9092662691984973e-07,0.00601091,trailing_stop,1,1.031566141764323,28192.577837819586,2591.6163661932324,77,86,163,1.751796121844162,714.0470414837442,,95.8196905292679,1787320620000,122.366,37723.693343178,9.955782914,57.88,48.38,757,10007.0,1.196,83.9,1,,-12.88,-11.12,trailing_stop,3.9253790057670873e-07,1,1,live_lower,1
2026-08-21,8bff822c-6217-4767-a524-00cfe52a6580,41PbEHL8afxdFZLqeK3h1cTibuw7x1Vcw3mgXS3tLjAs,2026-08-21T13:56:35.103018+00:00,2026-08-21T13:58:19.673777+00:00,9.587617978896732e-08,9.641916072904943e-08,0.000283168,trailing_stop,1,1.248186612955729,8790.71266846331,4197.380785258662,156,32,188,1.1698418990644859,8527.58483494432,,99.9913807151206,1787320595000,120.99,9014.488559170957,94.558624225,64.68,61.7,482,11902.0,1.048,81.0,1,,0.17,0.17,trailing_stop,9.965162833953302e-08,1,1,live_higher,1
2026-08-21,1d5e54f6-4835-4a61-8ca4-a471dfb77514,E4YYG6wxAA3DBBrD95nvyfE2mwwpWNj6k8HHWy9xpump,2026-08-21T13:58:42.902919+00:00,2026-08-21T13:59:04.949994+00:00,4.57715047739838e-08,4.2109784392065097e-08,-0.004,hard_stop,0,1.2306470865885417,8085.599949076118,7591.8097143071745,147,97,244,1.785715516095563,4870.233603884793,,97.2619514011614,1787320725000,123.481,3972.555310119336,7.328394453,71.98,67.13,407,13101.0,1.072,81.4,0,mcap,8.51,8.75,hard_stop,4.2109784392065097e-08,0,0,live_higher,1
2026-08-21,1e4be147-6212-4e12-99f3-ea86b6bb2305,HiB1MuKvXUn4n3NKdWEjP6mEWqAGT9TvoGH14fpzpump,2026-08-21T13:49:33.190885+00:00,2026-08-21T13:59:34.314830+00:00,9.311622792329629e-08,9.324558102605069e-08,6.9458e-05,time_stop,1,1.6232301391601562,8490.108779761911,3865.6122142791914,22,10,32,1.0032235052024532,2732.59492996169,,100.0,1787320160000,107.767,17574.66469104457,0.009876546,18.37,21.29,33,3734.0,0.863,73.5,0,pool,-0.2,-0.18,no_exit_within_window,,0,0,live_lower,
2026-08-21,7ec753ff-4bd9-46aa-a1ec-fc049d357a22,3N7FnsHjyG2XgmMJZaTNDrQWoq5CfLFEJoUqieedpump,2026-08-21T13:54:02.812405+00:00,2026-08-21T14:04:04.241417+00:00,5.92718594181394e-08,5.943421422918865e-08,0.000136958,time_stop,1,1.356004813639323,5392.842200274724,1580.6943535520804,8,9,17,0.9999999869087018,2737.161367531391,,100.0,,,,,,,,,,,,,,,,,,,,
2026-08-21,d4bbe6e8-d636-457d-b08e-8a6e31fb8322,FGBH46pkm5KV8hAjFh2GPS77jD3xyMFDXxCQoXD1pump,2026-08-21T13:56:50.792174+00:00,2026-08-21T14:07:04.345905+00:00,6.37612591756629e-08,6.376982474729695e-08,6.717e-06,time_stop,1,1.081355887858073,5800.753984162263,1011.1636129155274,8,4,12,1.0000000005407768,2733.4710098918567,,100.0,,,,,,,,,,,,,,,,,,,,
2026-08-21,14719725-d5bc-4280-ab8f-9f5bb8dbd2cd,F652BRirhoxmsdeJEgxRdedDUcEoNR5j8yeSS9Agpump,2026-08-21T14:04:19.115554+00:00,2026-08-21T14:07:34.808798+00:00,1.663123876865158e-07,2.45369689081705e-07,0.023767713,trailing_stop,1,0.9873126708984375,13035.767267437008,5918.100191940945,135,37,172,3.8188187370766524,6187.4135556907095,,72.30535912369609,1787321060000,122.627,16477.302842639143,45.045422637,70.61,26.55,336,9150.0,2.66,100.0,1,,-4.94,-5.76,trailing_stop,2.2901195607787042e-07,1,1,live_lower,1
2026-08-21,e9fcbbe4-5701-4472-a01c-620bf9d824fa,4MoSLJDYvxNZ3uqdVRWgNEutCkZf1RjjbNvwz6mxpump,2026-08-21T13:57:51.026084+00:00,2026-08-21T14:08:04.254657+00:00,2.8728452885830136e-08,2.8104556065543165e-08,-0.001085852,time_stop,0,1.3024934692382812,8239.462368847444,10997.803994646489,102,43,145,1.4967474106980643,4916.271974692721,,99.9810062333786,1787320670000,120.332,2700.332071132804,0.380137362,67.47,72.09,187,13144.0,0.936,78.7,0,mcap;pool,0.2,0.46,no_exit_within_window,,0,0,live_higher,
2026-08-21,0e5c49ef-5058-417e-ad55-4f1238674dd3,9jMaL5QV6J2xXDVZbnhQhStHEsWXBnhWK1xTvmRymRaE,2026-08-21T14:07:09.101393+00:00,2026-08-21T14:08:34.753906+00:00,5.2246075926116646e-08,5.487800373305715e-08,0.00251878,trailing_stop,1,0.26159876708984375,25051.42197898745,17480.142540801713,86,40,126,1.735510707556485,8501.07168903013,,94.94375691351927,1787321230000,106.437,4836.2558233777745,12.543838208,331.7,312.9,742,60708.0,1.06,81.2,0,mcap,1.74,1.41,trailing_stop,5.4668469059975515e-08,1,0,live_higher,1
2026-08-21,7de878eb-619f-4406-8df2-bb6e68341909,7gqbSmj7wWU6eWKYYNZpwgULzL1SAX4muzpEUaRc5ZhY,2026-08-21T14:08:04.406162+00:00,2026-08-21T14:09:04.737317+00:00,1.1613550268390375e-07,1.0684466246919146e-07,-0.004,hard_stop,0,0.852855322265625,9166.022219481198,2087.198640955677,54,20,74,1.9967447060139558,8397.02570200943,,97.14764154086691,1787321285000,121.807,10979.564433734784,101.499144452,73.5,58.78,295,12458.0,1.25,85.0,1,,-0.38,-0.38,time_stop,1.177795854554857e-07,1,1,live_lower,0
2026-08-21,1d2141dc-a706-4789-bcb7-02bff3a0333f,GxAZQkN4W9KRvLfW9z7J4kA4aSABLUa8pubDy6Edpump,2026-08-21T13:59:27.370684+00:00,2026-08-21T14:09:34.348527+00:00,6.101102849795297e-08,6.118984663752604e-08,0.000146546,time_stop,1,1.1354736002604167,5556.7566776904905,5304.245918746363,34,27,61,0.9999999729418442,2729.736299021502,,100.0,,,,,,,,,,,,,,,,,,,,
2026-08-21,04275d6a-fc28-45b9-a63e-6a00eb61f9a3,Bg1wmKftLapEFtJjory3JudG5RfhEeww29As2uCtpump,2026-08-21T14:08:09.998763+00:00,2026-08-21T14:09:34.645757+00:00,1.0434955154593697e-07,9.600158742226202e-08,-0.004,hard_stop,0,1.0032415364583334,14386.128489323428,11587.826931384296,138,61,199,1.9448954880598646,6437.188371010527,,80.5315768396019,1787321290000,120.556,10159.301054277254,28.926827643,137.59,111.66,484,23474.0,1.232,84.6,1,,-3.26,-6.7,trailing_stop,1.0571368691008398e-07,1,1,live_lower,0
2026-08-21,2e2b22fa-657c-4136-9740-3ee7318f449c,7ZThzfkAVCVqA36FkxpdFMfSFEPLVwEmTZLFqhuDpump,2026-08-21T14:01:07.679632+00:00,2026-08-21T14:11:34.280122+00:00,3.063449845000573e-08,3.0496946822492915e-08,-0.000224504,time_stop,0,1.0560897054036458,7328.112737681113,5995.8246354867715,290,88,378,1.9376276640418688,4743.184858813345,,100.0,1787320875000,129.326,2883.69188561984,1.394644922,60.13,60.21,731,11334.0,0.999,80.0,0,mcap;pool,0.05,0.22,no_exit_within_window,,0,0,live_higher,
2026-08-21,8b285951-80fa-4f33-bef2-65d15ffe1e80,4DNDCRPBXnaL25TEzbnoKeVtCpAAzjTdBoAKtCDuqK7H,2026-08-21T14:10:52.904005+00:00,2026-08-21T14:11:34.876444+00:00,1.4830117417429984e-07,1.807072049708564e-07,0.01092575,trailing_stop,1,0.7998331705729167,26063.572218596935,3496.2467453682766,111,137,248,1.4678677256805137,955.0095554556924,,97.756230330598,1787321455000,124.219,12695.403748464625,7.412297736,67.98,62.17,936,12257.0,1.093,81.9,1,,10.02,9.6,hard_stop,1.3643708024035586e-07,0,1,live_higher,0
2026-08-21,8beb2f10-80d9-4f52-96b6-3ff3d49a3785,8BDvYKU1KS66FnyAmu2j23V6AwsoENJTB3cJKWR1fpH2,2026-08-21T14:12:30.146925+00:00,2026-08-21T14:12:35.041855+00:00,4.1500108826217795e-07,3.8180100120120375e-07,-0.004,hard_stop,0,0.8899925618489584,41445.56131953594,3457.1965664349136,100,128,228,1.7408618251075585,934.0363931953805,,95.43412790206851,1787321550000,120.915,28791.428254935636,9.849905114,68.14,60.34,875,12099.0,1.129,82.6,1,,35.75,26.73,hard_stop,3.8180100120120375e-07,0,1,live_higher,1
2026-08-21,3d999dd0-41c9-4e41-9b73-63d10390e514,H5kq2vAejhoxxy5bYxvzBwDAzvCJidriLukFZVCYpump,2026-08-21T14:08:41.812744+00:00,2026-08-21T14:13:04.377373+00:00,7.230713890429524e-07,6.652256779195163e-07,-0.004,hard_stop,0,1.3916686157226563,6113.465893171726,3256.34660402636,69,63,132,1.0177174154412223,2749.953453389569,,100.0,1787321320000,118.726,135912.95679337523,0.928567054,44.88,44.88,211,8454.0,1.0,80.0,0,mcap;pool,0.21,0.21,hard_stop,6.652256779195163e-07,0,0,live_higher,1
2026-08-21,290229da-d530-4125-995a-0679f4d9b32e,LMZn8Z2k4CVsuEBMtarAvAL8yiuF8v7Lo56G95kwYUZ,2026-08-21T14:12:20.316636+00:00,2026-08-21T14:13:04.839250+00:00,3.008707084976219e-08,3.033467108941245e-08,0.000411473,trailing_stop,1,0.7898411376953125,5142.4372602413105,4618.078800435191,43,28,71,1.6558708067787682,4099.478788269399,,97.2721312219478,1787321535000,115.776,2938.680465413393,9.552886292,62.91,63.72,222,11927.0,0.987,79.7,0,mcap,-3.58,-1.97,trailing_stop,3.0578751922967984e-08,1,0,live_lower,1
2026-08-21,9d9500f3-35c7-4b61-882a-3b896df22845,BCywhFzVTxafxXDdETZJWrGVkRz5E6WT5FXZUhfypump,2026-08-21T14:14:17.938895+00:00,2026-08-21T14:14:29.831861+00:00,7.665106123839913e-08,7.05189763393272e-08,-0.004,hard_stop,0,0.9547505045572917,8796.767498737046,5317.710326727507,257,85,342,2.559532423012383,5074.800162895008,,64.21813746917961,1787321660000,122.918,4897.610561896518,21.143183637,63.26,53.65,713,11010.0,1.179,83.6,0,mcap,47.4,47.21,hard_stop,7.05189763393272e-08,0,0,live_higher,1
2026-08-21,52f0d9a5-f221-4cc1-bf4e-672ba65a7413,HuUhEUXomJJTv4p8KpjVQ3MDyXr2QhFXVbyywHcnpump,2026-08-21T14:13:18.031647+00:00,2026-08-21T14:14:44.629682+00:00,4.2458690701814175e-08,3.906199544566904e-08,-0.004,hard_stop,0,1.057972802734375,5833.587026359338,4650.598036258328,63,30,93,1.8564616398044296,4123.915779785566,,99.5868578182255,1787321595000,117.842,3892.0111516154825,6.560718609,39.98,37.95,165,7339.0,1.053,81.1,0,mcap,2.74,2.71,take_profit,1.0614672675453543e-07,1,0,live_higher,0
2026-08-21,0290eee7-6a16-40ba-86d3-324eb5a701bf,CYGT5919LAC5BRQAecfV7GjXj3NAVYrL67t864rSG57q,2026-08-21T14:13:38.977514+00:00,2026-08-21T14:15:14.698597+00:00,6.468001367352768e-07,9.740568447522458e-07,0.025298132,trailing_stop,1,0.9995649861653646,42300.18221342643,3979.2041493777006,120,169,289,1.5488191149839103,952.7564410445631,,98.1823832616754,1787321620000,123.03,61916.05716601251,12.834047683,67.05,54.36,938,11435.0,1.233,84.7,0,mcap,-1.62,-3.88,trailing_stop,1.008888123093051e-06,1,0,live_lower,1
2026-08-21,a3d14330-6e7d-4067-b459-48db248a1446,pnSA3ogH7C66BJzPwBzcDoPD2UUZF5GaW8Q8kBPNVo2,2026-08-21T14:15:03.735232+00:00,2026-08-21T14:15:44.712752+00:00,1.144693111446372e-07,1.226307003957499e-07,0.003564881,trailing_stop,1,1.0806272298177084,10928.164773984969,11462.252208097856,143,95,238,1.3708930007163707,8529.648646980682,,99.7528904753161,1787321705000,121.421,11626.170002663846,98.288261405,197.08,175.37,780,35077.0,1.124,82.5,1,,-7.27,-9.37,trailing_stop,1.209773476599126e-07,1,1,live_lower,1
2026-08-21,a1201f60-0fa6-4079-9533-80a84b7914dc,HeoLsosUzozVjjdnVVeTb1wUf8NvqKFp2XaoK8hdpump,2026-08-21T14:15:32.003968+00:00,2026-08-21T14:15:45.068944+00:00,1.8090397337789046e-07,1.6643165550765923e-07,-0.004,hard_stop,0,0.9645297973632813,9538.788723565624,5553.544001307508,149,44,193,2.716935693461186,5294.700057814171,,59.246500240714106,1787321730000,118.783,17710.97899469861,47.897852055,79.03,32.6,438,10514.0,2.424,100.0,1,,-3.8,-3.87,hard_stop,1.6643165550765923e-07,0,1,live_lower,1
2026-08-21,cb3c55b5-0278-4e6a-9948-c119584da781,Hy8CfSDBJdFGkiD9u3Lmae66JtKebnV2zyqpqxPfpump,2026-08-21T14:15:29.468132+00:00,2026-08-21T14:16:44.764570+00:00,1.0224079263106424e-07,9.40615292205791e-08,-0.004,hard_stop,0,1.0145297973632812,7746.727515702095,16366.516801100712,252,201,453,1.2837402406506235,5117.314534075096,,82.23239096672938,1787321730000,122.425,10743.017330847812,30.596045757,158.62,129.5,790,27135.0,1.225,84.5,1,,-10.37,-10.37,trailing_stop,1.293115688665658e-07,1,1,live_lower,0
2026-08-21,3fac5710-6e37-4bf6-8a87-d235095b7515,2NgkHT6teXuNqn1QRu2hgfaM862z8Dhhx48UPHyCpump,2026-08-21T14:16:15.731561+00:00,2026-08-21T14:17:14.749398+00:00,1.0174447929117102e-07,9.360492094787734e-08,-0.004,hard_stop,0,1.1959947835286457,6045.7696499778785,45161.84629966348,371,282,653,1.0720299884901203,4296.174739835294,,82.8760931776992,1787321775000,119.987,9952.934080043773,28.675592165,282.23,258.41,798,50917.0,1.092,81.8,1,,-3.72,-3.74,hard_stop,9.360492094787734e-08,0,1,live_lower,1
2026-08-21,5d06f34a-641b-461d-9e49-23d4a9daf673,6szEPX5q8Noe2m7tbb7uPvmijkBFKsWkQSGnCcLXBxAe,2026-08-21T14:16:41.097619+00:00,2026-08-21T14:20:14.765917+00:00,9.664826103721753e-08,2.416206525930438e-07,0.075,take_profit,1,1.2977961059570313,6854.912033736223,6842.25809834294,110,7,117,1.143861316416854,6365.007824381088,,97.93230218510543,1787321800000,119.871,9633.05764645021,81.651340753,54.01,37.35,238,8604.0,1.446,88.9,1,,-5.51,-5.51,take_profit,2.416206525930438e-07,1,1,live_lower,1
2026-08-21,b080d8fe-5c11-4866-93b7-63dbf17ba2a4,MoNAZwh4TEAXXnhqtdhmUz6uy3saXWSursXdk2tqg5u,2026-08-21T14:10:18.824505+00:00,2026-08-21T14:20:44.450316+00:00,2.877113668296902e-08,2.8495412173964424e-08,-0.000479169,time_stop,0,0.6494503580729166,6198.76294995844,1610.4742548559514,38,6,44,45.27967142795137,4270.067761686863,,100.0,1787321430000,132.241,2718.4621694872426,0.490937277,11.43,18.8,74,2847.0,0.608,65.7,0,mcap;pool,-0.32,-0.26,no_exit_within_window,,0,0,live_lower,
2026-08-21,573cb372-dd7a-4ce0-b6ee-d9e6adb0ad9f,HKERHtvSKknZdkEkFJ99Y1HfuT7hDBgLoQLK1dwopump,2026-08-21T14:20:24.969258+00:00,2026-08-21T14:20:45.090137+00:00,6.347082828552959e-08,5.8393162022687226e-08,-0.004,hard_stop,0,0.9449109334309895,5758.744413221298,1304.8794780836379,6,3,9,1.0000000001393765,2728.198470945338,,100.0,1787322030000,125.432,10883.452045631106,0.24691358,4.49,7.17,9,1099.0,0.626,52.6,0,pool,9.85,10.8,hard_stop,5.8393162022687226e-08,0,0,live_higher,1
2026-08-21,320f7638-91ea-4be4-9ef4-4a0ce2ddbf1a,6gyFzpvd6PLXq5XdiHV4rQ2AEyUMhGGd7osgc5sEpump,2026-08-21T14:11:04.545391+00:00,2026-08-21T14:21:14.428426+00:00,2.8172444253238987e-08,2.80428293821688e-08,-0.000230038,time_stop,0,0.7000135538736979,8524.063536239442,3534.729008224247,77,25,102,4.627618866751504,5005.142631409498,,100.0,1787321460000,116.988,2643.9382528958786,0.085187362,56.38,57.45,355,10720.0,0.981,79.6,0,mcap;pool,0.35,0.51,no_exit_within_window,,0,0,live_higher,
2026-08-21,5a404ea6-2467-454d-80bf-cc2af5ec2bec,B4oEXy9n1cP6kWMa1NQuPouGDiVHu6SbpKCz8C6Fudd9,2026-08-21T14:22:07.940809+00:00,2026-08-21T14:22:14.875038+00:00,3.176568509889473e-07,2.922443029098315e-07,-0.004,hard_stop,0,1.10568916015625,28789.26788049323,6401.878114841027,176,252,428,1.2530499424169361,758.362419503516,,96.95306394438049,1787322130000,123.23,18993.653964435864,7.48185633,77.4,70.27,976,13908.0,1.101,82.0,1,,57.51,76.2,hard_stop,2.922443029098315e-07,0,1,live_higher,1
2026-08-21,78f1e28e-1d2a-440f-9a28-4e6a8e6f5c38,73yJ83odbJ1feZ2qQtFBAFJpmGmDsVhc9nj7XHHRpump,2026-08-21T14:21:45.290001+00:00,2026-08-21T14:23:14.605860+00:00,4.055065812203983e-08,6.147981085624281e-08,0.025806181,trailing_stop,1,1.3049293904622397,5271.089866562175,14242.483809532852,155,101,256,1.177836346878522,4050.8345331801233,,99.7537441671898,1787322105000,121.293,4153.570039590404,7.734510688,97.49,92.89,378,17930.0,1.049,81.0,0,mcap,-8.05,-8.05,trailing_stop,6.475706432217892e-08,1,0,live_lower,1
2026-08-21,74a98271-bb6d-4dec-9cc7-f7d30349fbfa,FtFCURj4fs1yXcgmPfoVZszQugeuEnbyeCjzx4cfpump,2026-08-21T14:22:20.822919+00:00,2026-08-21T14:23:14.919010+00:00,9.895390953761545e-08,9.103759677460622e-08,-0.004,hard_stop,0,0.9723123453776041,7251.257139321313,1963.2504587990904,31,6,37,49.767482973480746,4609.310028451009,,98.74743489662539,1787322140000,120.291,9364.723678027902,26.575529745,20.34,0.88,61,1998.0,20.341,91.0,1,,-0.48,-2.44,hard_stop,9.103759677460622e-08,0,1,live_lower,1
2026-08-21,c616921a-a8b6-4fec-9adb-07af7fff2521,Gq6ARwYmTSkBfKXE5Uzn8PnFugaqTbndpiySDNfuut2r,2026-08-21T14:22:15.088286+00:00,2026-08-21T14:24:14.713608+00:00,1.1083819851125962e-07,1.3090824879578597e-07,0.009053761,trailing_stop,1,1.0889790120442708,9058.823166647182,5216.437440885338,180,40,220,1.1752511308759683,8594.30343065265,,98.1939143975326,1787322135000,121.699,10312.404922678395,101.002185941,92.72,83.22,564,16570.0,1.114,82.3,1,,1.23,1.22,trailing_stop,1.7984630374936038e-07,1,1,live_higher,1
2026-08-21,c91c9e79-be55-40d7-8763-63cbcc071216,9J7auiwHxf7ShsRxZ712HUJZSHAW5CdyuBnUjVNZpump,2026-08-21T14:25:12.129295+00:00,2026-08-21T14:26:10.828333+00:00,1.5755535548291e-07,1.9549461622835913e-07,0.012039978,trailing_stop,1,4.3882223388671875,14343.436783178437,76214.68723192587,980,887,1867,1.10314870342963,6607.329982428079,,73.78692123814061,1787322310000,260.525,18540.383331489564,49.605028569,448.41,401.81,1882,80074.0,1.116,82.3,1,,-19.97,-22.41,trailing_stop,1.9292392933595002e-07,1,1,live_lower,1
2026-08-21,a4f04531-6950-4f67-9654-79993f552d2f,53nXcwEtcQcG6hwbAH3Wh1HUMJTpM8dX9AKyJFQma1Xe,2026-08-21T14:25:12.793217+00:00,2026-08-21T14:26:11.015901+00:00,1.9424874739654328e-07,1.7870884760481982e-07,-0.004,hard_stop,0,21.37155567220052,17678.66030987996,120924.72836286746,1360,1337,2697,1.0768813110841962,7202.823605762733,,69.64063267221296,1787322315000,1284.833,18364.465063789477,49.226467174,684.19,640.89,2664,124796.0,1.068,81.4,1,,-0.38,2.66,hard_stop,1.7870884760481982e-07,0,1,live_lower,1
2026-08-21,12ed5d28-78d0-46b5-98f5-3085f4b25f71,CahJ69t8XA3VDPekvAdQhcY4HESCSW588hqL2AU7pump,2026-08-21T14:17:07.921368+00:00,2026-08-21T14:27:10.424169+00:00,5.791225229776351e-08,5.595580567114285e-08,-0.001689147,time_stop,0,1.1142735595703126,5263.315750226031,3964.200153021309,31,21,52,1.359194637235219,633.5538045615453,,100.0,1787321820000,112.554,502661.59547246207,665.791154,2270.19,1680.76,52,372100.0,1.351,87.0,0,mcap,-98.91,-98.93,take_profit,1.4478063074440878e-07,1,0,live_lower,0
2026-08-21,c33d9c6c-c26f-4833-97c4-64ce9d0c273e,GkFAkq1Nbkfgus6PtMkARPQLVRMV3z5KUiLQeSK6ziEi,2026-08-21T14:17:28.767459+00:00,2026-08-21T14:27:40.432622+00:00,3.821674830794752e-07,3.821674830794752e-07,0.0,time_stop,0,1.0569646199544271,26959.5200731472,4308.753668204028,147,168,315,1.381691468378775,709.7944747648929,,95.3319606741985,1787321850000,122.392,45331.82770896068,10.856528016,67.98,57.14,877,11783.0,1.19,83.8,1,,-20.6,-19.41,no_exit_within_window,,0,1,live_lower,
2026-08-21,8f2f4068-809f-4034-bcfa-7706ef8b25c9,2RwrWhuDNN6FTmWWvRrmmAhh1kyyXwNpWo1J8vAopump,2026-08-21T14:27:00.718825+00:00,2026-08-21T14:27:40.757659+00:00,9.692120084433914e-08,8.916750477679201e-08,-0.004,hard_stop,0,0.8939444620768229,10898.039337307308,25286.36170645491,438,220,658,1.256983522886218,6064.498431986705,,90.0119672801392,1787322420000,120.176,8631.754072494614,25.805007203,206.49,185.14,1086,36884.0,1.115,82.3,1,,5.75,5.37,hard_stop,8.916750477679201e-08,0,1,live_higher,1
2026-08-21,7d10300b-f019-4801-b685-8936b5326ba1,Fm2yXm2Vx4YRbuyTrBvzs7tnyTQF1cP6FrQ8KvLAEQoH,2026-08-21T14:27:35.963332+00:00,2026-08-21T14:28:10.870991+00:00,9.797855069810044e-08,1.0127945272372766e-07,0.001684502,trailing_stop,1,0.9131001912434896,8999.573023992021,12148.970643830125,172,131,303,1.1152619134681356,8331.160017489903,,99.02048588361279,1787322455000,120.391,9600.338545553726,94.649239943,216.82,207.55,964,39968.0,1.045,80.9,1,,-3.88,-5.69,trailing_stop,9.989734311576396e-08,1,1,live_lower,1
2026-08-21,57e4e76e-b862-4dc8-a655-218b85d4c349,326KCkBriTRu42VqMDPjRNgKsCGR8oNfRhQdDYFppump,2026-08-21T14:27:46.608344+00:00,2026-08-21T14:28:11.050091+00:00,3.6286667788066175e-08,3.3383734365020885e-08,-0.004,hard_stop,0,0.82918779296875,5884.533391798438,17880.311637765055,252,173,425,1.1728004131431655,4205.22139202113,,98.31967264253805,1787322465000,120.22,3407.655931154986,4.145835147,131.6,130.47,644,24682.0,1.009,80.2,0,mcap;pool,0.29,0.58,hard_stop,3.3383734365020885e-08,0,0,live_higher,1
2026-08-21,409e21ab-6198-4f9c-8713-e687052a4fc2,4y9q33TEtS7yH85aA3138PcwJUfwy2cEJAPF5tnL4Y8z,2026-08-21T14:27:30.391146+00:00,2026-08-21T14:28:20.655448+00:00,1.3737630890006134e-07,1.2638620418805643e-07,-0.004,hard_stop,0,4.859867838541667,12533.87173422238,45931.886381792414,479,410,889,1.1561859785961082,6064.258119479595,,80.0575565818553,1787322450000,290.66,12392.87660133008,36.084260142,267.82,236.44,894,47492.0,1.133,82.7,1,,4.4,4.96,hard_stop,1.2638620418805643e-07,0,1,live_higher,1
2026-08-21,55b482fa-cd2a-4f7a-b84c-904ff0659190,8ceqVEnq9WkipTn9ZkmEd1ZmQkDDSDe7frBZLmPEpump,2026-08-21T14:24:12.183063+00:00,2026-08-21T14:28:50.451630+00:00,6.543387843820115e-08,6.549153835802887e-08,4.406e-05,trailing_stop,1,1.3223000569661458,5496.253261863987,4609.454172732242,55,24,79,1.7534058449686323,3985.578910812115,,94.52105118974569,1787322250000,118.815,6180.392941349323,15.978836409,34.45,18.59,85,4995.0,1.853,97.1,1,,-0.29,-0.21,trailing_stop,6.547791367234983e-08,1,1,live_lower,1
2026-08-21,5daa05d3-91ce-455a-885d-f889daba7f80,9g8pZPHwqzADk9yvkndB29v8PZDHMDfPhcPrCwjrpump,2026-08-21T14:28:41.688544+00:00,2026-08-21T14:28:50.779153+00:00,3.3919459797753855e-07,3.1205903013933547e-07,-0.004,hard_stop,0,2.0199682779947916,28703.903329390425,58264.28072637106,865,695,1560,1.2369769288708106,9173.687475627255,,52.9743199870303,1787322520000,120.333,20634.535465202756,59.362947074,400.32,351.34,1838,70792.0,1.139,82.8,1,,54.81,53.01,hard_stop,3.1205903013933547e-07,0,1,live_higher,1
2026-08-21,e8344955-7e42-4397-9780-ba680066fd02,DLB4nU5T2bL37LUXnjDA8FPiMvJ2mcqodrzdZKfCtXBP,2026-08-21T14:28:31.219798+00:00,2026-08-21T14:29:50.394518+00:00,4.052254494108816e-07,4.5336264551631305e-07,0.005939557,trailing_stop,1,0.792905684407552,31623.192303703057,1155.1943944905938,67,19,86,5.50730426896623,801.1975188228879,,99.9992023370484,1787322510000,120.869,39443.47616780465,10.219510167,8.05,6.51,285,1371.0,1.236,64.7,1,,-3.24,-3.24,trailing_stop,4.495149157219089e-07,1,1,live_lower,1
2026-08-21,31cc4c52-1f3d-4432-b80a-139afb152cc6,4VcN1JcSF7kVnsJbjspZnjunT5rwCwTndDX756bMpump,2026-08-21T14:28:47.414672+00:00,2026-08-21T14:29:50.561531+00:00,4.3572846070846415e-07,5.008627429396916e-07,0.007474183,trailing_stop,1,10.876592460123698,38023.7404175745,181566.97124849196,2589,2101,4690,1.0836776736791265,6527.990034823991,,47.99857878728529,1787322525000,649.92,40167.63160060606,71.729363764,1068.71,977.61,4746,192723.0,1.093,81.9,1,,2.16,1.98,trailing_stop,4.804966814286611e-07,1,1,live_higher,1
2026-08-21,e49496c6-27be-49e7-985d-b4b6b05443f2,33upidNtnq9KZ9zDSVALo4bmxFraLVbwHZSGcMZrNsEs,2026-08-21T14:28:52.260561+00:00,2026-08-21T14:30:25.354124+00:00,9.763799605737555e-08,1.284324491573488e-07,0.015769708,trailing_stop,1,0.7543808959960937,8547.321778572406,5087.353363522669,121,47,168,1.1853416516670836,8172.682598600272,,99.9644565064913,1787322530000,118.742,9082.30463939137,93.12262266,170.37,164.41,1071,31530.0,1.036,80.7,1,,1.25,0.0,no_exit_within_window,,0,1,live_higher,
2026-08-21,16be85df-dd3d-4f8a-bd65-ca04967427d5,2GJaDivEFBcbSwavaWRHf4mktnoatvTinbWMsbHSpump,2026-08-21T14:29:34.012278+00:00,2026-08-21T14:30:25.558580+00:00,3.98288071471426e-07,3.66425025753712e-07,-0.004,hard_stop,0,2.018719376627604,40761.46625344299,87482.62686075162,654,696,1350,1.2054696945695187,6517.479599280895,,62.85914471290331,1787322575000,121.785,38069.87677331427,71.994822678,591.05,511.82,1696,103868.0,1.155,83.1,1,,-1.47,1.58,hard_stop,3.66425025753712e-07,0,1,live_lower,1
2026-08-21,485dd902-21af-446f-a876-e226ce5d8816,4upzAqYW765MWtzNYoNzLiHiDmwLWgV4fdSoKTY6pump,2026-08-21T14:30:38.295802+00:00,2026-08-21T14:30:55.641507+00:00,1.318232260323185e-07,1.21277367949733e-07,-0.004,hard_stop,0,0.8519188598632812,10488.28156108846,10345.29320674329,101,50,151,1.9115201763642584,5943.878464343783,,84.7717102334828,1787322640000,122.634,11037.684963326094,31.421461033,144.01,117.59,303,24638.0,1.225,84.5,1,,12.48,12.3,hard_stop,1.21277367949733e-07,0,1,live_higher,1
2026-08-21,b7f17129-7693-4b82-809a-3544f6166d7a,5wx1nmzNjHkPKEwRS26KpA2wPv6wszPxX4TFomhYJ4pj,2026-08-21T14:31:17.871781+00:00,2026-08-21T14:31:55.715401+00:00,4.0410307123942593e-07,4.7462431291981353e-07,0.00872565,trailing_stop,1,0.7901346394856771,25926.525625007704,2758.4425691091765,76,100,176,1.617021071130024,727.001781126238,,95.3684985976245,1787322680000,122.974,42697.70281983845,10.907964719,61.74,51.36,835,10652.0,1.202,84.0,1,,-10.87,-8.71,trailing_stop,4.4429548485285276e-07,1,1,live_lower,1
2026-08-21,19061c8d-c323-4e42-b150-ded33943b029,F5tZZAZVTgWgcFLjVb24VCZ6KhJWw8VUsiYVzbP77A91,2026-08-21T14:31:25.296386+00:00,2026-08-21T14:31:56.028929+00:00,3.0086269506258053e-07,2.767936794575741e-07,-0.004,hard_stop,0,1.1067840169270833,37995.88622924675,5864.523245569429,163,216,379,1.3501661700186534,925.6737203018266,,98.08248013695881,1787322685000,121.257,25984.419992146337,11.702062933,80.78,72.47,887,14433.0,1.115,82.3,1,,9.05,-7.56,hard_stop,2.767936794575741e-07,0,1,live_higher,1
2026-08-21,7bd8bad9-8d57-4858-b028-1863b32b717f,DABgiM815wF1ceCVpt1jryP3jV4hCvgbrqvePoaGpump,2026-08-21T14:29:37.531930+00:00,2026-08-21T14:32:25.396381+00:00,4.1987346186019865e-08,3.862835849113828e-08,-0.004,hard_stop,0,0.8918642008463542,5239.325815345587,5495.485193572952,36,26,62,1.5812433905603225,3969.5173823919095,,99.99999999999999,1787322570000,113.456,3955.7830721876803,6.770317455,32.57,30.74,73,5962.0,1.06,81.2,0,mcap,-0.04,-0.05,hard_stop,3.862835849113828e-08,0,0,live_lower,1
2026-08-21,692bea02-2b70-4481-97b6-fd88cb9ba779,HwkSKepew1MVjQsBUEWHFvxnKGD8Cs73q4j4ZXCzpump,2026-08-21T14:31:23.653808+00:00,2026-08-21T14:32:25.683635+00:00,1.449622029079136e-07,1.7158699331616155e-07,0.009183356,trailing_stop,1,1.736173360188802,15311.990478390248,44362.49464008289,574,440,1014,1.2497020134161763,3459.0628791884214,,74.01594616203728,1787322685000,122.663,13717.236456291259,33.968748157,299.95,248.98,1190,51698.0,1.205,84.1,1,,-0.47,-0.51,trailing_stop,1.6039843876203666e-07,1,1,live_lower,1
2026-08-21,2661cac1-5a85-4b82-af5f-59ed022d68f8,RcoqF3auZsEtCu5ZmmE3Y8V8LMU2AAnueY6UNbhrfgs,2026-08-21T14:32:21.973920+00:00,2026-08-21T14:32:55.493956+00:00,9.993768522201568e-07,9.194267040425443e-07,-0.004,hard_stop,0,0.48561494140625,42072.17655517933,1027.5732850165857,17,16,33,8.574798970782558,812.9320610802463,,98.4741014524528,1787322740000,117.937,95602.94041416673,15.972352109,68.39,52.67,842,11401.0,1.299,86.0,0,mcap,-1.55,0.36,trailing_stop,1.6712671540677767e-06,1,0,live_lower,0
2026-08-21,cd8ed85c-0b2e-4d41-8295-7aef9b2dd218,5HqSE7vZ4n3Hr5BB712T8FSDUSBY84gQdheB2zrTpump,2026-08-21T14:33:32.717929+00:00,2026-08-21T14:33:55.451488+00:00,9.525530115648924e-07,8.763487706397011e-07,-0.004,hard_stop,0,0.9298709106445312,41613.37662873422,3602.699185791407,44,28,72,1.0026459400168635,2742.770313861553,,100.0,1787322815000,122.93,47196.97028849701,0.35883874,27.06,27.0,180,5091.0,1.002,80.0,0,pool,280.16,277.29,hard_stop,8.763487706397011e-07,0,0,live_higher,1
2026-08-21,f2ed2ffe-4897-4309-bb79-c77413ce2f8b,3JpCqvLQstogfxugPUDohv4NFETse2oG22ST2nmF9rtw,2026-08-21T14:34:05.172126+00:00,2026-08-21T14:35:25.623280+00:00,3.8822763465600364e-07,5.620468230135107e-07,0.022386246,trailing_stop,1,1.0978472086588542,30905.361555548283,15925.571315866515,260,67,327,1.8781763485422145,7937.662199819342,,97.68878525536111,1787322845000,121.256,38045.12456887823,72.730439736,255.32,195.99,1264,42505.0,1.303,86.1,1,,-3.89,-5.19,trailing_stop,5.475790727489136e-07,1,1,live_lower,1
2026-08-21,2f3c6c67-f5e9-430d-9eac-a8b84ec4b583,28Nd2vevCk4yTKSD5oPvpkbAoH258pcjveADVzTppump,2026-08-21T14:34:51.974154+00:00,2026-08-21T14:35:25.815730+00:00,2.1679290604675966e-07,1.994494735630189e-07,-0.004,hard_stop,0,0.9214345581054687,8625.715801294893,3195.0023820091337,44,8,52,6.096756939143273,5032.483307030938,,78.0814491122041,1787322890000,119.355,19093.805892420616,54.400284696,127.88,83.22,359,19881.0,1.537,90.7,1,,6.93,14.17,hard_stop,1.994494735630189e-07,0,1,live_higher,1
2026-08-21,05a75cf2-2a11-4a0b-a625-133228b5c520,3bn8JeMfCq2wiGRFvDx2Fm2q8QACXzEsyDapDMxs5eyw,2026-08-21T14:33:33.445625+00:00,2026-08-21T14:35:55.551806+00:00,1.0402209732443561e-07,1.3045994896142402e-07,0.012707806,trailing_stop,1,0.8354085652669271,8725.308164182887,5115.815816530467,137,59,196,1.2034000776895382,8235.795572857436,,98.58142431961029,1787322815000,122.763,10215.238462737709,97.053035288,176.88,165.4,1080,32236.0,1.069,81.4,1,,-4.1,-4.1,trailing_stop,1.2997902349556322e-07,1,1,live_lower,1
2026-08-21,ffd84e13-b44a-42c8-981e-932f6c775d0f,C5miGgWbPShdTPaoeqzMiyTT2yF11QKatjr8sW5Rpump,2026-08-21T14:35:32.179957+00:00,2026-08-21T14:35:56.062200+00:00,2.4317220192192465e-07,2.2371842576817068e-07,-0.004,hard_stop,0,0.9844546915690104,11268.53929873654,9748.317448229522,89,47,136,1.8717671301757806,5697.020732651461,,76.2949661206209,1787322930000,120.019,21444.147201955268,57.858468508,130.33,77.72,369,19594.0,1.677,93.5,1,,6.8,7.66,hard_stop,2.2371842576817068e-07,0,1,live_higher,1
2026-08-21,3ba9a514-8f69-4ba7-ba3b-b9c04b50ee4b,QRHdwQiPyqxSTVXdcBw9MxzXo9TAb6dq2ojvuJX5g3W,2026-08-21T14:35:31.445723+00:00,2026-08-21T14:37:25.661543+00:00,1.2227032510946525e-07,1.651779579949623e-07,0.017546217,trailing_stop,1,1.0846340494791666,9645.555583348867,16772.803678493663,142,109,251,1.3636187305568925,5328.178201219571,,83.099362408087,1787322930000,119.633,11503.49501581664,32.704116089,112.71,83.0,287,18432.0,1.358,87.2,1,,0.1,1.84,trailing_stop,1.5999370032123197e-07,1,1,live_higher,1
2026-08-21,7df102cc-dda2-4736-bd59-7072549b861a,8oNobgtmY4Qjgm537KpY5GK2U7iFekmfQXhbdJrZGXSc,2026-08-21T14:36:14.853168+00:00,2026-08-21T14:37:55.830347+00:00,3.1477741957657096e-07,4.744530337247723e-07,0.025363257,trailing_stop,1,1.058030818684896,29506.401347304298,4050.0337442495966,148,181,329,1.4356491626970531,724.662569398139,,95.9268989009494,1787322970000,116.587,30584.93828633599,8.784757506,54.79,46.66,815,9555.0,1.174,83.5,1,,-3.07,-0.04,take_profit,7.869435489414274e-07,1,1,live_lower,1
2026-08-21,2af7ab40-5758-4eab-b78c-0916dda4c6cf,5DLJu2UgaLXWqRehryDZxisS6voRp2wmBaXvhfsPpump,2026-08-21T14:36:11.328972+00:00,2026-08-21T14:39:25.742076+00:00,1.1524054253275221e-07,2.3125223501762524e-07,0.050334583,trailing_stop,1,0.9304510091145833,10316.65990534646,2809.2176488263353,17,5,22,126.82934441117818,5503.086835817325,,100.0,1787322975000,124.58,10836.025256278332,30.900079433,1.89,0.66,31,241.0,1.891,69.0,0,volume,0.16,0.29,trailing_stop,2.419707488597604e-07,1,0,live_higher,1
2026-08-21,78b1a536-4263-4976-961f-addb60ecf4c9,EGVgqbb1xra9q41P48NWRQorNxXxJ9qyQPtoYcw7pump,2026-08-21T14:29:57.113250+00:00,2026-08-21T14:40:25.336799+00:00,2.648556819185728e-09,2.649728836482503e-09,2.2126e-05,time_stop,1,0.753301611328125,26156.702139487243,1749.432925575676,54,27,81,1.4554568524979907,3056.7056044505057,,100.0,1787322590000,113.681,495.85543615857466,0.024809225,38.16,38.39,287,7210.0,0.994,79.9,0,mcap;pool,0.61,0.68,no_exit_within_window,,0,0,live_higher,
2026-08-21,1fd890ec-23f6-4658-b73e-5693674e9dab,FoFhGiU23mgNmEdL5zBJpWFWEnZh5679bD8bCv1Mpp1q,2026-08-21T14:39:33.928106+00:00,2026-08-21T14:40:55.926864+00:00,1.1835459393680903e-07,1.9900124048921232e-07,0.034069927,trailing_stop,1,1.0828144368489583,10358.103713398881,8750.69156554435,126,61,187,1.9295303101352483,5523.745058190525,,77.0524986327836,1787323175000,121.382,10043.513326873988,31.807838991,164.97,139.34,661,28660.0,1.184,83.7,1,,10.98,6.89,hard_stop,1.0888622642186431e-07,0,1,live_higher,0
2026-08-21,b89c41bc-cb8d-4abf-bbc3-a2a046f74dd4,3Ktd3sVWQHJfqoFcKwiterqsiA5HE4bwmSvv5uANtFxT,2026-08-21T14:40:33.930808+00:00,2026-08-21T14:42:00.890343+00:00,1.2483949057574796e-07,1.674530503669784e-07,0.01706734,trailing_stop,1,0.7024495808919271,8967.432190737314,5499.034362787785,90,54,144,1.2689148155088257,8294.17368394099,,92.33947429110411,1787323235000,122.315,12950.348994116637,107.774711963,218.86,194.64,860,38943.0,1.124,82.5,1,,-9.21,-7.2,trailing_stop,1.588052999378041e-07,1,1,live_lower,1
2026-08-21,53b23a11-5652-412c-bfb5-65941497f2b1,CoWJpHvw7grU7XXtDtzMa19aZM7mUSU7X9zq1KuGpump,2026-08-21T14:41:37.049507+00:00,2026-08-21T14:42:01.053099+00:00,1.7023517309318697e-07,1.5661635924573202e-07,-0.004,hard_stop,0,1.066452128092448,12991.280906125416,41671.694743892825,343,267,610,1.1785076868952191,6711.971681558385,,68.4466644243407,1787323295000,119.312,15451.703677062922,44.372173721,303.75,268.0,846,53847.0,1.133,82.7,1,,3.76,5.73,hard_stop,1.5661635924573202e-07,0,1,live_higher,1
2026-08-21,cf97af1c-4371-487c-933a-a6a990cca339,9PFxrHDj3qTCP9ZiWtnHdoVkArgxfC6gMSoJyYcpF2AV,2026-08-21T14:42:01.968852+00:00,2026-08-21T14:42:25.841679+00:00,9.933443459230623e-07,1.0840996396497048e-06,0.004568169,trailing_stop,1,1.2514679890950522,43113.9846557972,6498.5496441061705,18,7,25,1672.7457469692347,7942.176738826104,,98.456700368093,1787323320000,118.569,98531.69726632106,131.978665292,344.62,230.19,595,54135.0,1.497,89.9,0,mcap,-5.05,-7.78,trailing_stop,1.1180810949072013e-06,1,0,live_lower,1
2026-08-21,639a69e7-6419-46ab-9040-eceb3260764c,6yhFjtz64VzrmtE4trPdTJ6XXUqfLYQpdeQiVRAUpump,2026-08-21T14:42:31.554388+00:00,2026-08-21T14:42:40.858600+00:00,1.5936657285598734e-07,1.4661724702750837e-07,-0.004,hard_stop,0,1.3698998453776041,14890.361783941922,3014.767838034859,96,70,166,1.0248380097273524,2757.9217409145435,,99.99075198803294,1787323350000,118.479,8029.150959987935,0.179043724,20.23,20.29,295,3816.0,0.997,76.4,0,pool,273.87,168.21,hard_stop,1.4661724702750837e-07,0,0,live_higher,1
2026-08-21,727a0354-6d4f-40b4-bb55-477995cf6bad,AUcBQXrC6YrXWnNMGiby4LzodXXuZcuHnqR9rkTqfboD,2026-08-21T14:43:13.496648+00:00,2026-08-21T14:43:20.899200+00:00,3.1120532340234607e-07,2.863088975301584e-07,-0.004,hard_stop,0,1.4932248168945312,43500.49512020449,9233.08850368837,264,352,616,1.2434682806881494,790.3438962292608,,97.2764608730205,1787323395000,123.515,24070.910160124695,8.972215385,83.94,75.94,994,15057.0,1.105,82.1,1,,21.76,20.74,hard_stop,2.863088975301584e-07,0,1,live_higher,1
2026-08-21,258dce48-801f-46d3-b6c5-23ea97917396,BSQiVKTZunpcvvcjE58GpByiVHJULQYrzZXkRZWepump,2026-08-21T14:44:04.693256+00:00,2026-08-21T14:44:25.981571+00:00,5.2881653223131807e-08,4.865112096528126e-08,-0.004,hard_stop,0,1.4392452799479167,6380.474653817939,8800.462069200536,140,91,231,1.4505232661010525,4356.062157574402,,98.82202989998109,1787323445000,120.652,5010.529189315593,11.38309274,60.67,49.94,276,10417.0,1.215,84.3,0,mcap,-0.6,3.35,trailing_stop,6.339838864775818e-08,1,0,live_lower,0
2026-08-21,2ad5a83f-5fb5-4ee7-9d23-75d9d2fd1734,HtoUNhxrSnuqF6ww7VZibSVR4R9Vvf5q1UByGYRapump,2026-08-21T14:43:53.115917+00:00,2026-08-21T14:44:30.908678+00:00,5.505115698829696e-08,5.06470644292332e-08,-0.004,hard_stop,0,1.3764336995442708,6978.293795504621,11606.849393406166,112,102,214,1.3650901060512342,4575.701782942967,,99.39296237413942,1787323435000,123.408,5461.23931153055,13.20427778,75.24,65.03,248,13211.0,1.157,83.1,1,,-5.06,-5.49,hard_stop,5.06470644292332e-08,0,1,live_lower,1
2026-08-21,1d4bb382-3233-49bf-8993-1b16f2d42a89,1FN2dtKhuyi8ws7B3ChThKH3EeHgxqaCXynYG1kpump,2026-08-21T14:35:12.498459+00:00,2026-08-21T14:45:15.410879+00:00,0.00048806033969282374,0.00048806033969282374,0.0,time_stop,0,1.100561600748698,42484.33774187001,5049.01105657673,44,11,55,2.57973274729817,40050.75391402595,,98.8224739841,1787322910000,117.974,45966.555699725795,450.9292915,59.99,24.58,91,7965.0,2.441,100.0,1,,-0.0,-0.06,no_exit_within_window,,0,1,live_lower,
2026-08-21,f5fb6d16-3522-42ef-8d2f-83fee2be64cb,7nyJMg6jbHyw3JQXgLiWkQkqdcxMGZhAw5jnUydypump,2026-08-21T14:45:09.271331+00:00,2026-08-21T14:46:20.913059+00:00,6.10629149348215e-08,5.617788174003578e-08,-0.004,hard_stop,0,0.8324548624674479,5268.056674466928,5466.9639565249445,59,52,111,1.5596843291459022,3874.3727369509133,,90.4371783021226,1787323510000,122.022,5264.908283625787,14.250222919,41.2,29.28,146,6637.0,1.407,88.1,1,,9.23,9.64,hard_stop,5.617788174003578e-08,0,1,live_higher,1
2026-08-21,caf08043-df24-465f-a763-2302738acb6d,6KFmKFsKc7bxnhD6t6sx7SYYrRQA4rzq7oegmM7Zpump,2026-08-21T14:46:35.533716+00:00,2026-08-21T14:46:40.981047+00:00,6.267526506715613e-08,5.766124386178364e-08,-0.004,hard_stop,0,1.1075167805989583,6091.499383079382,7976.924755720467,91,44,135,1.4462661239948986,4753.929605656352,,94.1463040537584,1787323595000,121.325,4918.752856195594,11.002340377,61.26,51.25,171,10596.0,1.195,83.9,0,mcap,20.01,23.86,hard_stop,5.766124386178364e-08,0,0,live_higher,1
2026-08-21,ef846a50-2a03-427e-8a30-77124d33958f,GSu5qcuM8sVHyEiiZ1tAJKP6MTUPaWvCDNvFCfqjep3,2026-08-21T14:37:53.750849+00:00,2026-08-21T14:47:55.461848+00:00,3.0030200773092664e-08,2.823088412701579e-08,-0.002995845,time_stop,0,0.7625761189778646,5662.054332095312,6493.131844781958,60,38,98,1.5197345634794563,4433.580919092563,,100.0,1787323070000,119.387,2710.8602143558037,0.439303262,46.51,49.04,132,8999.0,0.949,79.0,0,mcap;pool,4.33,4.59,no_exit_within_window,,0,0,live_higher,
2026-08-21,d611535d-978e-4fce-9e03-44ea7a75c8d6,4UNyVET74a9qLcSSN4koc9HGNjBuPki4RuAyKtJXpump,2026-08-21T14:45:06.725241+00:00,2026-08-21T14:47:55.825385+00:00,1.993709164962097e-07,4.984272912405243e-07,0.075,take_profit,1,0.8657881958007813,13816.890298690858,3746.6817162346274,14,0,14,3746.6817162346274,6483.900394534496,,100.0,1787323505000,118.618,20475.905782483598,53.657080934,53.77,0.12,24,5075.0,53.773,100.0,1,,-8.3,-14.66,take_profit,4.984272912405243e-07,1,1,live_lower,1
2026-08-21,77c408df-c698-468d-a9b2-e52583fbc6e0,GVCof52tE9BEnbuMDqHXAU7xz5vusSC9WrYX9qfUpump,2026-08-21T14:38:01.066080+00:00,2026-08-21T14:48:25.420066+00:00,2.8507396775396352e-08,2.8211579955123357e-08,-0.000518842,time_stop,0,0.6125761189778646,7505.587969217328,4732.718901566445,54,22,76,2.4164389355778737,4701.084360721283,,100.0,1787323090000,130.143,2635.935035879092,0.015701442,43.26,46.25,157,8430.0,0.935,78.7,0,mcap;pool,1.85,,no_exit_within_window,,0,0,live_higher,
2026-08-21,a7a49466-9d8f-400d-9d4f-43a152acd2cb,B4o7QdFbeNYFdaaEX9LN32rvqH4c3maGfhihZ1cKJa33,2026-08-21T14:48:31.661801+00:00,2026-08-21T14:49:25.763483+00:00,9.994656826415094e-08,1.0326771120302603e-07,0.001661459,trailing_stop,1,0.9047760091145833,9888.799398629875,4465.153515942596,262,33,295,1.544886483689295,8766.178377658123,,98.7732240465022,1787323710000,119.285,9633.531790570607,94.499523075,55.71,47.33,612,9704.0,1.177,83.5,1,,-2.29,-2.29,trailing_stop,1.0024273895475891e-07,1,1,live_lower,1
2026-08-21,a8cb3c96-7333-4264-ad32-ff1935393137,GLn37qgsn4rfmzz4MdeSQbf8ub9an8PWmjsyF8vWpump,2026-08-21T14:48:37.282605+00:00,2026-08-21T14:49:25.942300+00:00,6.29973980281467e-08,5.795760618589497e-08,-0.004,hard_stop,0,1.0027468546549478,6260.658458567764,4829.7959064345605,233,62,295,1.945564756697193,4297.154909017782,,70.1269524585213,1787323715000,119.039,6181.762171666965,15.966061409,49.6,34.92,515,7960.0,1.42,88.4,1,,-4.02,-4.31,trailing_stop,7.627141084112847e-08,1,1,live_lower,0
2026-08-21,68c99e03-26e5-42fe-852b-6c0547b51dbd,6Lw46FQu5w3wv3kjgUAykFwCtUT4GZDz2xeaJCEtpump,2026-08-21T14:49:09.099797+00:00,2026-08-21T14:49:26.109337+00:00,6.389722894014856e-08,5.878545062493668e-08,-0.004,hard_stop,0,1.2640606974283854,5652.76237251775,7115.254065792266,82,29,111,1.4635301802482892,4107.391661383883,,95.2954482312641,1787323750000,121.457,5609.565915987266,13.840609933,45.49,45.43,156,8563.0,1.001,80.0,1,,7.28,10.63,trailing_stop,6.646021176800915e-08,1,1,live_higher,0
2026-08-21,12bba032-8318-4e17-9f7c-e34cc4a24dbf,7cbJNLNKoNuSiBSGiFvGFLYx7fq6CiF8MCJrRb3Hpump,2026-08-21T14:51:03.437692+00:00,2026-08-21T14:51:30.999170+00:00,5.63517471306773e-08,5.184360736022312e-08,-0.004,hard_stop,0,1.2938849487304687,7140.242595109488,10792.691559103409,147,87,234,1.6306440033915126,4906.765236493215,,97.43311597662421,1787323865000,123.349,5866.17977987087,14.777395621,76.08,64.31,340,13222.0,1.183,83.7,1,,-9.53,-9.29,hard_stop,5.184360736022312e-08,0,1,live_lower,1
2026-08-21,6c08fb72-ff8a-463b-871b-468ef44967d2,3w82k1voyaWjcPKyJMb4y9nRGhD9dCu8XXStqxocpump,2026-08-21T14:51:04.137403+00:00,2026-08-21T14:53:01.060090+00:00,8.67585935144768e-08,7.981790603331866e-08,-0.004,hard_stop,0,1.2104596150716145,7532.067960696364,3681.6892548949736,15,3,18,152.74436089877491,4710.868876274624,,100.0,1787323865000,123.168,8409.127841198597,23.633040458,5.13,0.28,24,510.0,5.129,86.5,1,,-2.83,-4.6,hard_stop,7.981790603331866e-08,0,1,live_lower,1
2026-08-21,51bf665e-37b2-498d-b1f3-1b3b00d04985,GFLjfdDDfWuHjvwBcWwFh8eGpNM43BDeEVpZBX6upump,2026-08-21T14:51:41.903750+00:00,2026-08-21T14:53:01.235224+00:00,5.786821603308259e-08,5.323875875043598e-08,-0.004,hard_stop,0,1.2612411010742188,6040.8064874230795,10650.151262679245,50,40,90,1.321592484615035,4223.509405473,,99.82127364368769,1787323900000,119.296,6471.26414852298,17.346352777,77.75,61.59,122,13123.0,1.263,85.3,1,,-15.78,-15.84,trailing_stop,6.733742690117349e-08,1,1,live_lower,0
2026-08-21,54da3c3d-e509-4751-b493-465485d1dd9e,9R5r3aSATey9F22cHeiGq7uRxQwpqSQ9dVZiZU8D252P,2026-08-21T14:47:25.082358+00:00,2026-08-21T14:53:30.785606+00:00,9.763182943192975e-08,2.4407957357982437e-07,0.075,take_profit,1,1.0749578287760417,6049.338803995643,1148.6512289273692,55,5,60,1.0849722884344584,5988.79989550864,,98.1748989564834,1787323650000,126.175,9232.94364645012,79.866396808,23.76,8.88,205,3074.0,2.675,94.2,1,,-0.41,-0.41,take_profit,2.4407957357982437e-07,1,1,live_lower,1
2026-08-21,179a4e9e-3cb7-4f5f-8eae-1d050138e35f,hXyC6XzE1zTofjTCQKWJL8ouU9JV6fsE7xQMXfKpump,2026-08-21T14:53:23.108321+00:00,2026-08-21T14:54:01.083954+00:00,6.717732555536236e-08,6.180313951093337e-08,-0.004,hard_stop,0,1.4390483439127604,33729.69608967736,7861.313187991394,84,50,134,1.021495379087864,3045.0504399415686,,100.0,1787324005000,123.262,18911.82987922299,1.583242615,55.81,54.74,259,10412.0,1.02,80.4,0,pool,-33.09,-19.14,hard_stop,6.180313951093337e-08,0,0,live_lower,1
2026-08-21,3ec63e74-af20-4bd7-8fdd-7191906d07c1,DMHgSBPm7RbWeYP5eUdZ1jD1JmS8tzkQc8NpNi5Qpump,2026-08-21T14:53:31.931814+00:00,2026-08-21T14:54:01.248515+00:00,6.69706646800996e-08,6.161301150569164e-08,-0.004,hard_stop,0,1.4624776163736979,7706.292542682553,8623.523975600941,64,38,102,1.5971742931701758,4737.287419833584,,98.3430256112682,1787324010000,119.049,6347.606850507636,16.578570483,59.16,45.67,130,9873.0,1.296,85.9,1,,-0.64,3.28,hard_stop,6.161301150569164e-08,0,1,live_lower,1
2026-08-21,c037b49f-aec3-42de-9145-6f038faed483,HJV7gSSiqhLs6ZMRd5tSmd91WpzY5592b8SzEv4WL4nV,2026-08-21T14:53:11.505125+00:00,2026-08-21T14:55:30.856440+00:00,3.760111806913123e-07,5.774152831128269e-07,0.026781664,trailing_stop,1,1.5556720133463542,29868.867675198253,22166.48632278879,454,147,601,1.5435626102506967,6083.760671865649,,98.57044488421874,1787323990000,120.304,33294.86510801946,70.561263695,207.31,152.68,976,33904.0,1.358,87.2,1,,6.36,8.81,trailing_stop,6.035892857950175e-07,1,1,live_higher,1
2026-08-21,45268931-96e4-4960-8c8c-115da641dc4b,6HqY7K2G5CrxkkDKc8pNXJ4PMR6Je5YmJc8kmin9pump,2026-08-21T14:54:46.302932+00:00,2026-08-21T14:55:31.157575+00:00,7.817560288606433e-08,7.192155465517919e-08,-0.004,hard_stop,0,1.0469695841471354,8896.791984433607,12276.692571889354,163,91,254,1.477702568268446,5433.914647492302,,86.096276226731,1787324085000,121.01,7834.300388423845,21.746532796,92.66,72.0,333,15508.0,1.287,85.7,1,,-6.02,-4.64,hard_stop,7.192155465517919e-08,0,1,live_lower,1
2026-08-21,8a767c45-a2ae-4d32-b7a0-ba00fdd712a8,HnLJEeQPyjcuYc177NJBsqHd81dkwetb7KqUxzvUSdN,2026-08-21T14:49:47.788465+00:00,2026-08-21T14:56:00.726106+00:00,3.292958014522433e-08,3.029521373360639e-08,-0.004,hard_stop,0,1.6033965861002604,12839.870138655806,21432.57122601755,169,101,270,1.376007284883142,6156.7343648125825,,100.0,1787323790000,123.56,3014.3712142591803,2.115349776,141.77,140.53,407,26587.0,1.009,80.2,0,mcap;pool,2.88,2.89,no_exit_within_window,,0,0,live_higher,
2026-08-21,3de9cdf9-11ab-46f4-a84f-becd40683b84,DBp1bbFhLRzYSoa4xgsTkyEfzvUR7HpKcxJaHoKRpump,2026-08-21T14:46:55.398784+00:00,2026-08-21T14:57:02.276937+00:00,2.8526348967108644e-08,2.8530589682177112e-08,7.433e-06,time_stop,1,1.1413677490234375,7096.847844538117,5210.180178585277,250,69,319,2.0833735535279745,4573.747453912748,,100.0,1787323615000,121.226,2668.940490050343,0.203035439,42.14,43.31,443,8047.0,0.973,79.5,0,mcap;pool,0.66,-0.25,no_exit_within_window,,0,0,live_higher,
2026-08-21,dea7770e-82cb-42c6-ac0e-f29ce2f595ad,2zdTYRKTp5CL6znZfCCCaQSgqao4XUc4qKrug3CUpump,2026-08-21T14:56:16.147135+00:00,2026-08-21T14:57:30.744701+00:00,4.100396600873274e-07,3.7723648728034125e-07,-0.004,hard_stop,0,1.2193869140625,7094.976158022678,17010.323053877026,152,131,283,1.2336666314558542,5401.9662643310385,,67.8847361436064,1787324175000,119.598,38603.66467234022,67.97978041,253.67,171.65,908,40056.0,1.478,89.6,1,,0.04,1.69,hard_stop,3.7723648728034125e-07,0,1,live_higher,1
2026-08-21,5d583a1c-abdc-48aa-9979-dc3cd967c380,F11sk31xacsYfda4WYjbHs7Ba1VbVcrS3dAPMNaJpump,2026-08-21T14:55:41.365229+00:00,2026-08-21T14:58:00.625384+00:00,1.0374883623362927e-07,1.7426948707553448e-07,0.033986237,trailing_stop,1,1.1858351684570312,8034.654120380084,4904.220633092822,306,96,402,2.5315116080155833,4883.462985011945,,62.202932220826405,1787324140000,120.415,10146.201645877538,28.888825294,49.55,21.28,515,6671.0,2.329,100.0,1,,-3.7,-4.23,trailing_stop,1.654749478181672e-07,1,1,live_lower,1
2026-08-21,283903df-4eb4-4cdc-91a7-27c11dba5ba8,433koKR18a4eGVmvwqpurV468bWc4sf7nrct1HjNcSo5,2026-08-21T14:57:31.360816+00:00,2026-08-21T15:02:00.733436+00:00,4.167953751623811e-07,7.494214136160482e-07,0.039902799,trailing_stop,1,0.866415478515625,32700.67593869647,1229.5001189906914,71,26,97,5.260011657129832,835.8732239099816,,99.9992554540305,1787324250000,120.402,40529.65243591352,10.597843776,8.17,6.43,308,1375.0,1.272,64.9,1,,-3.15,-3.15,trailing_stop,7.879539146204709e-07,1,1,live_lower,1
2026-08-21,b7d165a0-5cee-407c-ac08-6a9c03caf3ad,ENiaGFKCpMRZf8Q9LfanyZnRAWunVCNWsYCgm8eaL7W7,2026-08-21T14:54:44.739252+00:00,2026-08-21T15:02:30.541059+00:00,9.63912006056356e-08,1.783629529881364e-07,0.04252035,trailing_stop,1,1.063636250813802,8181.336632590141,1598.320250932854,67,19,86,1.3679737804576386,7931.080858144039,,99.98244124551749,1787324085000,121.702,9545.252519582853,92.1934662,38.45,29.95,221,6442.0,1.284,85.7,1,,-4.89,-4.89,trailing_stop,1.7789607748376196e-07,1,1,live_lower,1
2026-08-21,df777724-6bed-461d-a70f-ebdc7e8c34cd,CXcGDZrA251zVjcFU26CTHtk5wcZby8ss8mLrVcapump,2026-08-21T15:02:34.243930+00:00,2026-08-21T15:03:46.114621+00:00,3.064010858850876e-08,7.66002714712719e-08,0.075,take_profit,1,0.9245909912109375,7524.880229035718,18720.4918635352,233,155,388,1.2319937401398477,6647.806636935717,,99.99999999999999,1787324560000,126.951,2868.888199699888,1.344815926,121.34,125.02,532,23202.0,0.971,79.4,0,mcap;pool,0.59,0.9,trailing_stop,7.492488191291988e-08,1,0,live_higher,1
2026-08-21,3c68a35f-b2bf-4ed8-9152-403dc093c992,FsuBQcMxD681PrnLJYGyvL5jBPqiyCKkof52LBwLgmYZ,2026-08-21T14:58:40.686596+00:00,2026-08-21T15:04:15.661621+00:00,1.1919799060127913e-07,1.4820294905164193e-07,0.012166715,trailing_stop,1,0.7557237874348959,8762.1343253224,532.1682112795582,20,0,20,532.1682112795582,8193.748865296118,,95.78402921511699,1787324320000,121.393,11163.959104181286,99.548083827,17.47,1.52,93,1788.0,11.496,90.4,1,,0.56,1.21,trailing_stop,1.8749442273633778e-07,1,1,live_higher,1
2026-08-21,0d969100-9032-4ba1-9c39-f882aac4ed2c,BhsmsKXimvjXd286BY6341VhgAqSpKGv5eRoijavNEUg,2026-08-21T15:04:19.432543+00:00,2026-08-21T15:04:46.118864+00:00,4.781949403131705e-08,4.399393450881169e-08,-0.004,hard_stop,0,1.3713883178710937,5919.882645261615,38187.475965337646,325,337,662,1.0762506280840134,4159.858992081237,,99.9956138550144,1787324660000,122.405,4507.638291025161,11.033077576,241.34,237.03,719,45053.0,1.018,80.4,0,mcap,-0.09,-4.36,trailing_stop,1.1103284495517486e-07,1,0,live_lower,0
2026-08-21,1e8474be-b4dc-462f-8741-7b4a02953345,C1Gf7oTagk33tXZSAMXoQSciwHvde9idaMp8wmatc1vG,2026-08-21T15:05:43.455983+00:00,2026-08-21T15:06:46.144967+00:00,1.3476432369397958e-07,1.2398317779846123e-07,-0.004,hard_stop,0,0.7716431518554687,6572.776811320558,21365.080657619885,199,222,421,1.1675498638162234,5057.324130470064,,77.6560176073441,1787324745000,122.852,11286.981027346606,35.489792416,201.58,181.32,740,36061.0,1.112,82.2,1,,12.45,12.33,hard_stop,1.2398317779846123e-07,0,1,live_higher,1
2026-08-21,39c77223-f2d6-4d12-aa85-223a0a63b6f3,73o1LeTK7E2WkVdEyTmd5TxzqVLcAFm2cn1GahN2pump,2026-08-21T15:02:29.697679+00:00,2026-08-21T15:07:15.811990+00:00,4.3643434301534795e-07,9.836503753432348e-07,0.062691679,trailing_stop,1,1.0079243245442708,24004.623834096787,13842.385472858217,157,66,223,2.3748394395148056,8801.59218337215,,46.824204302043995,1787324550000,121.922,45556.868079373766,79.597646219,322.39,230.16,829,52039.0,1.401,88.0,1,,-9.78,-6.98,trailing_stop,7.078811312436526e-07,1,1,live_lower,1
2026-08-21,5f8b24f3-f415-402a-a2ef-2ed9c6e73e10,monaDMYgcDcFCKeSKH1vwEa5wKcUnQXH2YciAfog77Y,2026-08-21T14:57:57.077816+00:00,2026-08-21T15:08:15.448036+00:00,2.8094865422557792e-08,2.791762481271338e-08,-0.000315432,time_stop,0,0.7880718302408855,6103.211060677769,1555.0499630353895,31,5,36,55.167396968184335,4266.643307053052,,100.0,1787324275000,118.851,2639.582651740422,0.036462172,9.69,16.79,59,2494.0,0.577,64.0,0,mcap;pool,0.24,0.41,no_exit_within_window,,0,0,live_higher,
2026-08-21,6aec9fa2-eea6-4955-bc4f-1dc5f6447e12,9LzuczgbdkqMDo3xT4e21PKocWErcaLJnwVnxKBwXuMS,2026-08-21T15:07:05.851473+00:00,2026-08-21T15:08:15.919390+00:00,7.163313059623196e-08,8.52591629500953e-08,0.009510985,trailing_stop,1,0.9571831949869791,5596.688511885744,4344.054137154381,65,25,90,1.8674846939391523,4071.5535589498204,,96.81381272051891,1787324825000,119.94,6641.34339600815,17.696848378,50.06,33.15,163,7837.0,1.51,90.2,1,,1.58,4.85,trailing_stop,9.073355706456493e-08,1,1,live_higher,1
2026-08-21,3d8a92f3-ae99-4b3c-a945-54b004e4f673,cfjd6w9oUuDgXb7u63u5JtYK8dy9auXHqFjswPASioH,2026-08-21T15:08:24.901489+00:00,2026-08-21T15:08:45.781256+00:00,8.014586371843619e-07,7.373419462096129e-07,-0.004,hard_stop,0,0.9790964274088542,49933.84073228153,7686.886831294289,30,7,37,29.649271466141588,8646.136485060873,,98.82387061833779,1787324905000,121.202,32284.118867988655,114.009323057,164.57,106.09,232,25490.0,1.551,91.0,1,,133.8,133.84,hard_stop,7.373419462096129e-07,0,1,live_higher,1
2026-08-21,976e8371-378d-4397-9ab0-ca930e9e5416,9wnqzB1xkcqn9WqPoPpcRsRLSyf16LtRvPpd2gMnjRVW,2026-08-21T14:58:49.412939+00:00,2026-08-21T15:09:15.471844+00:00,1.3962812849865068e-07,1.3962812849865068e-07,0.0,time_stop,0,0.7873893310546874,10805.69735664388,3918.2040381467527,83,25,108,2.1525284694653335,9221.280381265526,,96.3282315727254,,,,,,,,,,,,,,,,,,,,
2026-08-21,b2206272-7590-4050-a4b9-d36470614530,bdB1x6HCgHVBvePb1zGHCAz3jKdpQJnxRwUQdLmpump,2026-08-21T15:08:34.442693+00:00,2026-08-21T15:09:15.791790+00:00,4.5497151873354356e-08,4.185737972348601e-08,-0.004,hard_stop,0,1.0789761311848958,8904.747068078343,14773.788485773113,278,142,420,1.3690925305216597,5822.5081150182195,,99.2625693859939,1787324910000,117.316,4289.809250554846,8.34839545,110.83,107.54,710,20567.0,1.031,80.6,0,mcap,-0.11,-0.05,hard_stop,4.185737972348601e-08,0,0,live_lower,1
2026-08-21,69fd6a19-aaa0-4b3f-9a27-56aef9c2a85a,FnMbZn6mWkutnq9rzMhp4nUndu7N1wAvt1nhzeGxpump,2026-08-21T15:09:15.255313+00:00,2026-08-21T15:10:31.012010+00:00,2.9952013384276114e-08,3.240697294991532e-08,0.004098154,trailing_stop,1,0.6788203287760417,13192.915260874388,19411.361416475727,175,160,335,1.4396844450934285,6675.946173634677,,99.996154780284,1787324955000,120.833,2806.998470057058,0.974352371,164.18,164.69,625,30973.0,0.997,79.9,0,mcap;pool,0.49,-0.07,trailing_stop,3.032446132722566e-08,1,0,live_higher,1
2026-08-21,1f897493-3fb2-4d38-b5fb-0be8a0906ae9,3uLVicPvkpDjWwVvZVGzpV6kUeofnFfNbwo35DxTpump,2026-08-21T15:09:47.555814+00:00,2026-08-21T15:11:11.039314+00:00,5.0060657993281405e-08,4.6055805353818897e-08,-0.004,hard_stop,0,0.58589990234375,8123.853880460152,20782.130600937682,133,83,216,1.2400012251460026,5430.5523464312955,,95.92765943974369,1787324990000,124.123,4451.53253192337,9.006404655,145.11,161.11,449,28840.0,0.901,78.0,0,mcap,5.91,6.03,hard_stop,4.6055805353818897e-08,0,0,live_higher,1
2026-08-21,926344de-f1fb-4463-ba6a-f43f2622287f,AmNq1bXwc6rwgJezBFnmzDS4vuUvtivNmHSCM5Macs6k,2026-08-21T15:08:42.315635+00:00,2026-08-21T15:11:40.826050+00:00,5.152592548697985e-07,6.183300718623253e-07,0.01000184,trailing_stop,1,1.04545341796875,47651.65939813416,7362.44723334574,10,0,10,7362.44723334574,9079.041325536149,,100.0,1787324925000,123.976,48737.64169229533,98.79250327,80.14,0.01,12,7549.0,80.142,94.0,1,,-0.43,-0.43,trailing_stop,6.571817877385234e-07,1,1,live_lower,1
2026-08-21,98f48eb6-a24f-4b1f-844d-7a8e0fe74a75,4cUs3DgFg1p6CDppiQdviQwa22BNrhNaUP9dAWW2pump,2026-08-21T15:10:32.127392+00:00,2026-08-21T15:12:40.919932+00:00,9.21058787146275e-08,1.296745382097777e-07,0.020394279,trailing_stop,1,0.6230916951497396,10857.649935595886,28229.786291779692,142,90,232,1.2271063766825785,6065.398656781902,,76.93377418063359,1787325030000,119.267,8968.247258958869,25.364952619,183.01,162.52,362,32541.0,1.126,82.5,1,,-3.28,-3.68,trailing_stop,1.2550923945974421e-07,1,1,live_lower,1
2026-08-21,1d07490f-8550-4645-a177-67f5b0d9dd0c,FhMvFSfqE1bhvPWev2sqytctqCBdezJf6trnAxTMpump,2026-08-21T15:03:54.882690+00:00,2026-08-21T15:14:10.631529+00:00,2.7968049174874278e-08,2.8008903700672892e-08,7.3038e-05,time_stop,1,0.6764698404947916,5565.3471426246815,2137.4537301262176,122,25,147,4.16015889496275,4064.106472945785,,100.0,,,,,,,,,,,,,,,,,,,,
2026-08-21,975d72c2-b28a-48b6-a6af-270d38a5ecd2,LQBMBpz3yTnK9HYwYUJFbQu3pABsx6SWLvTv4Qtpump,2026-08-21T15:12:49.997430+00:00,2026-08-21T15:14:11.134667+00:00,6.518206676040692e-08,5.996750141957437e-08,-0.004,hard_stop,0,0.601283203125,6211.684485374769,3495.4044093331695,144,48,192,2.4784761719795694,4298.979751660754,,76.9736464010892,1787325170000,120.616,6196.1418438068185,16.019492162,35.26,20.68,307,5269.0,1.705,94.1,1,,-0.92,-1.41,no_exit_within_window,,0,1,live_lower,
2026-08-21,1e20d4c8-8ab0-4eb6-9175-417f44f05523,B25PXVp1RDBDTKEVNZGmKtrDBwz2wd1gULp3VB9vpump,2026-08-21T15:14:35.373063+00:00,2026-08-21T15:15:11.091896+00:00,3.7000449446498795e-08,3.404041349077889e-08,-0.004,hard_stop,0,0.8087365437825521,5248.947419188048,8775.939513471763,92,53,145,1.3132673243275688,4004.7076107116127,,99.762920224592,1787325275000,120.641,3348.311778387669,3.932133067,79.04,80.71,351,15045.0,0.979,79.6,0,mcap;pool,4.07,5.55,no_exit_within_window,,0,0,live_higher,
2026-08-21,0357c4af-22f9-492e-905b-fbf90e3424e0,7eiyNRQJHxhcRkRx396rSkwpx6fRRgvaXQrwVg6f3GPg,2026-08-21T15:09:20.839090+00:00,2026-08-21T15:19:40.552012+00:00,2.812598941130681e-08,2.8254613538408982e-08,0.000228657,time_stop,1,0.5788203287760416,8942.218182203498,4452.734163870243,42,18,60,3.154144949284315,5069.574165397149,,100.0,1787324920000,80.324,2664.6028277196197,0.178481805,57.9,60.22,142,11124.0,0.961,79.2,0,mcap;pool,-0.59,0.6,no_exit_within_window,,0,0,live_lower,
2026-08-21,03c0b9a0-9beb-4622-81d3-8ce6ac9b534c,8bhpYTpVipDY5BtaqHHPtkAG1EqVCWpn6D4Jsvg9pump,2026-08-21T15:11:17.248872+00:00,2026-08-21T15:21:40.562519+00:00,2.841713638121643e-08,2.831692926887662e-08,-0.000176315,time_stop,0,0.8278978108723958,5177.062700854432,4747.914046246224,180,61,241,1.6494632752680605,4343.166387443756,,100.0,1787325060000,104.339,2672.4381693719565,0.222819657,36.24,37.23,345,6919.0,0.973,79.5,0,mcap;pool,0.15,1.51,no_exit_within_window,,0,0,live_higher,
2026-08-21,a52ccbd5-0612-4922-a04e-7ede887464de,DEH6a9NdGA6UwyiuGRR6tYH5nMijgPaDQ2s6uVDpmxLj,2026-08-21T15:12:52.595075+00:00,2026-08-21T15:23:10.590677+00:00,2.930899269604672e-08,2.854024611800525e-08,-0.001311452,time_stop,0,0.551283203125,10598.680482420094,20483.529205224797,141,104,245,1.2987966842429834,7003.4359877221705,,100.0,1787325180000,128.534,2745.1162800315037,0.64948217,153.03,164.25,535,29881.0,0.932,78.6,0,mcap;pool,0.55,0.64,no_exit_within_window,,0,0,live_higher,
2026-08-21,e5352634-f9c3-451d-b37f-901e3483268c,4pAKbH1r8MrtoA8WwiwLdgh66vaDdvVJC13KSvz91g3Q,2026-08-21T15:14:37.881208+00:00,2026-08-21T15:24:40.522636+00:00,4.3079017217212567e-07,4.3079017217212567e-07,0.0,time_stop,0,0.8458538614908854,34019.78833791881,2536.415330739069,52,60,112,1.9621325777589473,823.2941647543664,,97.47187967519329,1787325280000,122.873,47089.999355228734,10.98,56.01,44.92,415,9506.0,1.247,84.9,1,,-13.84,-13.86,no_exit_within_window,,0,1,live_lower,
2026-08-21,dfd8b0aa-eccf-49d5-a1ca-3c57613a2015,6LihXimTGeRwuqHTqtS8mmzyupnqaEHsipmZRdw8pump,2026-08-21T15:24:48.263570+00:00,2026-08-21T15:26:11.326018+00:00,8.804766553266409e-08,8.100385229005097e-08,-0.004,hard_stop,0,1.0988244506835938,8386.451101408464,2772.175328029805,42,13,55,12.509617803101769,5109.689586783861,,97.0837954681928,1787325885000,117.893,8132.052262481637,22.720707042,23.18,6.38,61,2784.0,3.63,93.4,1,,1.97,5.31,hard_stop,8.100385229005097e-08,0,1,live_higher,1
2026-08-21,71d001b1-5b28-4cc5-b8b1-51917587801b,4ncfHUk2vaYFkvNgVJLYUkThfygoQR9PpYrq9HH9pump,2026-08-21T15:21:47.626590+00:00,2026-08-21T15:26:40.947568+00:00,0.0006122984344935496,0.0006791555525061457,0.005459521,trailing_stop,1,0.7254295369466146,45489.97287896061,13678.042361554431,41,10,51,2.028063442186402,40338.04753515319,,94.2721859679,1787325710000,122.776,60146.10135404663,496.401655871,160.63,49.62,95,19802.0,3.237,100.0,0,mcap,-4.12,-4.14,trailing_stop,0.0006716528013559782,1,0,live_lower,1
2026-08-21,aa361963-7591-4cf8-b96f-1403a11ab5e4,BLJwQfSLJrDCE6QGYNAbzg4tDDK8srZHLhncVYf7pump,2026-08-21T15:16:46.101098+00:00,2026-08-21T15:27:10.680793+00:00,8.72143310218211e-08,8.739683866630474e-08,0.000104632,time_stop,1,0.9167944010416667,8431.102851525942,1759.3955727432208,9,4,13,1.0052844354550756,2757.540704291275,,100.0,1787325390000,105.337,16427.8671763463,2e-09,6.68,9.61,13,1534.0,0.695,58.3,0,pool,-0.0,-0.5,no_exit_within_window,,0,0,live_lower,
2026-08-21,51f9f706-03a0-4061-8e3d-65d1dc844de3,4nsJqB55nPCtGX8rKuBzTd8d3gHReEzc1L7GG7DVpump,2026-08-21T15:26:48.772725+00:00,2026-08-21T15:27:40.860668+00:00,5.118480544028804e-08,7.468459465605556e-08,0.022955825,trailing_stop,1,1.104757100423177,6008.22734938179,9338.92609256312,126,88,214,1.3642613995818054,4328.670828406098,,98.70414570477753,1787326010000,121.839,4865.030391362385,10.777812509,67.98,56.24,267,11699.0,1.209,84.2,0,mcap,-0.91,-1.2,trailing_stop,6.921490757798613e-08,1,0,live_lower,1
2026-08-21,75e830ed-1a4b-4367-8966-6e40a53c4b70,BLN8AEp7XvYoY1ZcqAgc99JnQY4WgmcWtbUcPv9vpump,2026-08-21T15:27:02.770418+00:00,2026-08-21T15:27:41.038689+00:00,2.6542623377166725e-07,2.883020990484397e-07,0.00430927,trailing_stop,1,0.9543976236979167,25659.549805006132,17391.644402685266,168,88,256,2.036391939482047,8690.544014406292,,54.5198937295988,1787326025000,122.855,25720.73545088454,70.879901721,265.58,201.81,723,44019.0,1.316,86.3,1,,-2.81,-1.08,trailing_stop,2.676398464840395e-07,1,1,live_lower,1
2026-08-21,f968134c-f27e-4887-9d18-a1a29c8e7180,5S7RPhhhaBVRSf2W1CQHCykBJbqHw7YtdNhKCA6spump,2026-08-21T15:19:55.630280+00:00,2026-08-21T15:30:10.506425+00:00,7.62607455459038e-08,7.629538847744931e-08,2.2713e-05,time_stop,1,0.7607491088867188,6983.100311177743,1053.9840899584897,7,3,10,1.000000000174395,2757.299140939865,,100.0,,,,,,,,,,,,,,,,,,,,
2026-08-21,c8c09130-2a3c-4c2e-9eed-04a382db550c,B3hgK1BrqCvK8A6oZx4E6tDSBvY5vdYdKPkmkr9cpump,2026-08-21T15:30:39.834271+00:00,2026-08-21T15:30:51.271243+00:00,3.6870490054300486e-08,3.392085084995645e-08,-0.004,hard_stop,0,0.6915945231119792,9527.049172554982,8914.636014519529,124,75,199,1.8048839695235368,5411.221253565007,,99.4235125174344,1787326240000,122.019,3244.0738546214525,3.887489553,170.68,170.38,791,32121.0,1.002,80.0,0,mcap;pool,7.04,12.19,trailing_stop,4.4528256283207705e-08,1,0,live_higher,0
2026-08-21,0eb27d27-a959-42cb-a894-4ce252ae7eb4,fjKScZSvJWJ6M761a3K3bXjCh9LKH6EGxfaXC9Epump,2026-08-21T15:31:15.497222+00:00,2026-08-21T15:31:51.355559+00:00,9.826442539684522e-08,1.0534851705767817e-07,0.003604606,trailing_stop,1,0.6206103068033855,9030.605959414364,12922.952384013424,121,53,174,1.469542020726433,5400.796301592401,,89.7417871334111,1787326275000,121.002,9238.445699719929,26.19279074,116.5,96.35,346,20046.0,1.209,84.2,1,,0.17,0.26,hard_stop,9.040327136509761e-08,0,1,live_higher,0
2026-08-21,64e61cf6-00f2-43f3-9320-f324a9d05cb5,CfxVLEtoRiWQj8edFaG7onjf1cN9CP16o7ymVsjfpump,2026-08-21T15:32:19.346692+00:00,2026-08-21T15:32:26.259495+00:00,8.289219190241046e-08,7.626081655021763e-08,-0.004,hard_stop,0,0.7827513875325521,7920.327651157535,3820.365717094126,62,21,83,3.4242422404823287,4843.247392713189,,92.3288379411397,1787326340000,121.695,6386.50941032914,23.210507828,63.59,47.27,244,10441.0,1.345,86.9,1,,22.24,22.24,hard_stop,7.626081655021763e-08,0,1,live_higher,1
2026-08-21,9f2e2f07-6dbc-44b4-8bfb-b9acd5e8788d,F7ZGTnHx48NxefyZSVjDm2V3C1CM3Ng4vLaYuUZR8K7e,2026-08-21T15:23:24.512784+00:00,2026-08-21T15:33:25.576519+00:00,4.5757008528777736e-07,4.5757008528777736e-07,0.0,time_stop,0,0.7486300415039062,42022.040434871466,810.0979612399393,8,1,9,810.0521011852242,810.0062411305089,,98.82894710378571,1787325805000,121.86,0.747434087127106,10.99,56.91,47.0,769,9786.0,1.211,84.2,0,mcap;vol_mcap,5765485.4,2187325.39,hard_stop,4.209644784647552e-07,0,0,live_higher,1
2026-08-21,231b254c-4839-44ed-9daf-5ab188203345,833VREzTMSSyXxWPE6qnqAbSvPHHnbfXRKHE5aWDpump,2026-08-21T15:27:32.374397+00:00,2026-08-21T15:37:35.542633+00:00,7.145080946533524e-08,7.166545356460286e-08,0.000150204,time_stop,1,0.6632019327799479,6549.135051096121,1806.6358011986094,12,9,21,1.0000000001015672,2752.583331954337,,100.0,,,,,,,,,,,,,,,,,,,,
2026-08-21,5bc302b2-b557-49f5-b630-175952b18623,FRXXSkKHLL8tYhxK7h75K5nekCSCRSiXqMkktWjRpump,2026-08-21T15:27:56.016254+00:00,2026-08-21T15:38:00.599347+00:00,3.014301162307671e-08,2.8001146579046024e-08,-0.003552839,time_stop,0,0.4627541951497396,8324.816914761286,8767.041898977379,130,112,242,1.6658358017627501,4949.722496283786,,99.9979221205572,1787326070000,112.458,2828.018240861592,1.090109335,64.71,64.65,303,12182.0,1.001,80.0,0,mcap;pool,0.38,6.2,no_exit_within_window,,0,0,live_higher,
2026-08-21,45feeba1-359f-4ad0-8dbe-9a53a1fc50b9,EZARaYNrL7WvTHXFgDQ37un4DdysMn5L8SjHsE8fpump,2026-08-21T15:28:21.786720+00:00,2026-08-21T15:38:30.703796+00:00,2.8085358602873323e-08,2.8049733817918374e-08,-6.3422e-05,time_stop,0,1.14382255859375,5987.092077027015,10007.80342461314,57,49,106,1.3382902309812967,4208.226171195565,,100.0,1787326115000,133.713,2633.326121000388,0.000843762,63.11,63.97,142,11968.0,0.987,79.7,0,mcap;pool,0.45,0.12,no_exit_within_window,,0,0,live_higher,
2026-08-21,074a8795-cccd-42d2-a663-0a70eafeb258,9h6CgFF3M844q6WHnSFihDHXyu2Uy7kvUXX9k4qxA6PZ,2026-08-21T15:37:59.925286+00:00,2026-08-21T15:39:00.971315+00:00,9.787850551253206e-08,1.1708081027188715e-07,0.009809255,trailing_stop,1,0.7687984415690104,8325.084552611688,1672.2377091204617,60,16,76,1.4150496800439447,8058.239482746329,,99.9860837451592,1787326680000,122.129,9481.0300962321,95.036540893,150.27,142.39,929,27564.0,1.055,81.1,1,,-2.77,-2.77,trailing_stop,1.1913241668479481e-07,1,1,live_lower,1
2026-08-21,4590249d-619f-42c3-98dd-83d0e81b21fa,HgsGciepz5JdQmZ7t6sfwiQggE84CEhj1T5irLmnjMvM,2026-08-21T15:39:13.315943+00:00,2026-08-21T15:39:31.218092+00:00,1.6764914480477507e-07,4.191228620119377e-07,0.075,take_profit,1,0.6128955810546876,34349.709727444555,1974.4332294656315,63,71,134,2.424291726653598,821.2410442921134,,97.0359433390002,1787326755000,122.781,37894.74325580115,9.881595281,64.23,54.28,902,11161.0,1.183,83.7,1,,-58.33,-58.23,take_profit,4.191228620119377e-07,1,1,live_lower,1
2026-08-21,ecf62df0-2b2d-4fa2-9e37-8aaa59a0f669,DtUYoGSxoXQDfDSdU4QvDWey5pc3gbWPwKay4GN2pump,2026-08-21T15:38:02.005846+00:00,2026-08-21T15:42:31.035367+00:00,4.71764784213595e-08,4.340236014765074e-08,-0.004,hard_stop,0,0.7521317749023437,5410.514618925205,3851.837047654045,26,29,55,2.0366218776360623,4056.9545382188053,,100.0,1787326625000,66.478,4430.543278910287,8.914337138,25.44,19.52,73,4235.0,1.303,83.8,0,mcap,0.28,0.26,no_exit_within_window,,0,0,live_higher,
2026-08-21,fba49d06-4dd9-4704-836c-58d56c9f4c9a,9nmfPTBjBdMkEmhpM8Guvj2c7mZpm88iRTMKhEjfpump,2026-08-21T15:32:41.340528+00:00,2026-08-21T15:43:00.644918+00:00,3.050045153043711e-08,2.9769100392425288e-08,-0.001198919,time_stop,0,0.7751035319010416,6446.6629186023665,5005.038410994259,47,22,69,1.9548751857750422,4363.461648997559,,100.0,1787326355000,114.971,2821.6385051367843,3.827621227,42.14,44.08,160,8120.0,0.956,79.1,0,mcap;pool,1.8,1.89,no_exit_within_window,,0,0,live_higher,
2026-08-21,166124a4-5d21-4f02-8ce6-0e1d804f677d,GMHu6bbBgpn347i2owqgwhyU6dXrjeEeDUkGtJPxoegN,2026-08-21T15:33:31.669132+00:00,2026-08-21T15:44:00.722700+00:00,4.805546184752438e-07,4.805546184752438e-07,0.0,time_stop,0,0.9194945434570313,41844.17963427304,552.5262968646327,10,5,15,31.626734401524278,518.654280581684,,99.99999999999999,1787326410000,118.979,45405.395779201746,9.31694937,10.09,0.77,41,1022.0,10.09,71.6,1,,-0.32,-0.81,hard_stop,4.4211024899722436e-07,0,1,live_lower,1
2026-08-21,c0792412-a418-454f-afc5-78f9f77a992d,K3a4rrKksDGGdrCKQ2BfanfqRnpupvdg8FfbsUzAE1m,2026-08-21T15:38:48.174539+00:00,2026-08-21T15:48:50.621554+00:00,3.862395173458163e-07,3.862395173458163e-07,0.0,time_stop,0,0.5902726521809896,30043.457374353213,1360.7205361228403,37,29,66,3.374708167560404,738.9533433516767,,95.3930709927775,1787326730000,123.347,38804.118335744424,10.315165024,62.23,52.53,888,10809.0,1.185,83.7,1,,-6.26,-9.42,hard_stop,3.55340355958151e-07,0,1,live_lower,1
2026-08-21,0fa54206-9aee-4ac3-bcbb-12e25ff111e5,DBaQrb4f73eGoYpvMpancRBcrBsHjNVK6rFFakFHpump,2026-08-21T15:39:43.422963+00:00,2026-08-21T15:49:45.624363+00:00,2.8006346130529806e-08,2.8047279567047298e-08,7.3079e-05,time_stop,1,0.5805490885416666,8556.224759661254,3388.920856957682,13,18,31,5.006965513611008,5316.962041935248,,100.0,,,,,,,,,,,,,,,,,,,,
2026-08-21,89cc486b-df5a-428d-869d-102afe362781,3gKou75cWxkbQgiGPa3AWoVvbKaVjU8RZuviG9bDpump,2026-08-21T15:49:58.952520+00:00,2026-08-21T15:50:21.287007+00:00,8.678198361410128e-08,7.983942492497318e-08,-0.004,hard_stop,0,1.0930641276041666,5270.097555122806,22647.861847982167,246,222,468,1.1107017970206976,3936.9577201866614,,91.729176501482,1787327400000,122.118,7966.013449424074,22.896335893,144.92,125.74,552,25490.0,1.153,83.1,1,,2.6,2.56,hard_stop,7.983942492497318e-08,0,1,live_higher,1
2026-08-21,d2e381c0-080d-4f80-af78-39227fdea18c,AASJiXaCv3iUbvkHYT54Ztg9DFnjtY6wyrChNPAtvWQo,2026-08-21T15:50:09.641870+00:00,2026-08-21T15:50:36.264257+00:00,4.275279883539963e-07,4.3976381155403204e-07,0.001430997,trailing_stop,1,1.0102879964192708,37902.26492503362,3665.1210106617,33,54,87,1.6305799282387707,878.5711922605718,,95.46114144486249,1787327410000,121.734,41097.24385806215,10.243851188,51.98,41.9,218,8841.0,1.241,84.8,1,,-2.03,-2.87,hard_stop,3.9332574928567666e-07,0,1,live_lower,0
2026-08-21,609e81a5-9280-43ad-afd5-49014bbe0f9a,HAR1wTkcKD4NS98ij4gNCwi1nFGr7F4yjG4m5DYwfNj6,2026-08-21T15:50:31.782456+00:00,2026-08-21T15:50:51.220804+00:00,1.2141354791250666e-07,1.1170046407950614e-07,-0.004,hard_stop,0,0.8942956665039062,10311.719097347926,5299.1843231643115,151,40,191,1.5690051328369612,8953.558947475149,,93.9662662505853,1787327430000,118.743,10905.600604277803,102.314203839,98.11,83.66,728,17119.0,1.173,83.5,1,,4.85,4.85,trailing_stop,1.5426106708718207e-07,1,1,live_higher,0
2026-08-21,c8d86fe6-b759-4d11-9ab9-05f6f6526d54,7GWgvd87EUU44hEk7rF8RzUXwgtiSHXLbiXqGyS9pump,2026-08-21T15:52:05.951283+00:00,2026-08-21T15:52:16.309528+00:00,5.101592096568931e-08,4.693464728843417e-08,-0.004,hard_stop,0,0.8276613647460938,5388.071361663814,12756.498532754418,213,144,357,1.2134809983242882,4365.894530884996,,93.2560873948263,1787327525000,119.956,4493.283223369171,10.195204751,97.73,91.62,565,17832.0,1.067,81.3,0,mcap,6.93,7.1,hard_stop,4.693464728843417e-08,0,0,live_higher,1
2026-08-21,b37657e7-94e3-4c84-b690-d2fd07a3cc77,FbhrCAiB6oDKxdHh4GYHJAdE79rLQKtezfrTMuohpump,2026-08-21T15:42:39.456985+00:00,2026-08-21T15:52:40.874723+00:00,3.129029969101731e-08,2.9267450520635456e-08,-0.00323239,time_stop,0,0.6846770629882812,6646.356281153649,27667.272768664967,334,245,579,1.1020389823190728,4421.274445345403,,100.0,1787326945000,107.436,2946.6339758477975,1.73541944,168.33,170.59,847,31919.0,0.987,79.7,0,mcap;pool,0.01,0.1,no_exit_within_window,,0,0,live_higher,
2026-08-21,d7c3fc54-31d2-4854-af9e-8d43d5f27924,5AaSd3XvVsLy27fyRsfgz7MWWJBVEmHPrcA8Fv8rpump,2026-08-21T15:43:08.761600+00:00,2026-08-21T15:53:10.694712+00:00,0.000720132815472265,0.000720132815472265,0.0,time_stop,0,0.5888775553385417,45974.04404381698,12450.258977654083,35,6,41,2.7146601485618405,39617.48880011398,,89.95052305525,1787326990000,124.008,68060.18258034156,463.140709854,312.52,219.28,188,50085.0,1.425,88.5,0,mcap,-0.35,-0.37,no_exit_within_window,,0,0,live_lower,
2026-08-21,36eed773-e87b-4d87-a404-664c0f884bda,3apnX8gsiRnUvXwC5dc9QfULvXQHmzgFUwF9JHaUYTmr,2026-08-21T15:52:23.799702+00:00,2026-08-21T15:53:41.153639+00:00,1.1238884678902033e-07,1.0339773904589871e-07,-0.004,hard_stop,0,0.6275200805664063,8047.815171193398,714.7230581401259,22,7,29,1.6538213081542446,7860.301411971659,,97.249536551289,1787327545000,121.967,10672.185100540137,97.410511928,48.06,34.2,184,7747.0,1.405,88.1,1,,-0.82,-0.82,hard_stop,1.0339773904589871e-07,0,1,live_lower,1
2026-08-21,77ad527b-e1a5-46e1-bc94-4bb3a3c6dbca,3NhJZdUr6FXi7xX4U6zsSAWHKD7zoXaNxrubrcRCpump,2026-08-21T15:44:43.344965+00:00,2026-08-21T15:55:10.810056+00:00,6.662534656769187e-08,6.685126109310997e-08,0.000169541,time_stop,1,0.8248017781575521,6100.263264786546,1667.8033956248928,9,4,13,0.9994178339260423,2750.6356302436297,,100.0,,,,,,,,,,,,,,,,,,,,
2026-08-21,94a323a0-30c5-432b-9c6f-2dc81e14ffb2,29fjNJPv8Zn41fQYsByw1sSCMa4eHu3qZAFYKySepump,2026-08-21T15:54:09.943772+00:00,2026-08-21T15:55:46.132230+00:00,3.581209116307015e-08,3.294712387002454e-08,-0.004,hard_stop,0,1.1501040771484374,13526.639723787997,22826.659407026833,306,254,560,1.3660332489013134,6473.820938530555,,99.7572427037066,1787327650000,120.849,3774.2846170696,5.916868951,179.51,178.53,897,33721.0,1.005,80.1,0,mcap,-10.64,-7.2,hard_stop,3.294712387002454e-08,0,0,live_lower,1
2026-08-21,2ec85f7a-7f32-4360-8977-cfa363752951,BULLrokikvwyi5e2bKmGYjQkAzQ5wRMa9YmRT6743KmF,2026-08-21T15:55:40.537993+00:00,2026-08-21T15:56:16.126766+00:00,1.1039484531218638e-07,1.2678171697280128e-07,0.007421937,trailing_stop,1,0.7134184611002604,16743.52217471028,7496.167462330732,120,32,152,3.663514520584003,7023.685025918208,,82.2248794274936,1787327740000,120.661,12046.408018109116,36.832879204,124.86,91.68,496,20393.0,1.362,87.2,1,,-13.69,-18.72,trailing_stop,1.25350178994977e-07,1,1,live_lower,1
2026-08-21,1c983cf9-6ba7-4ca9-b76c-94d345f6d306,C926ewfxoQsUwsVeUTCwAaVSny6hCvXpNG4GujzKpump,2026-08-21T15:55:48.467898+00:00,2026-08-21T15:58:46.175735+00:00,0.0006139164643791435,0.0006488167847871505,0.002842432,trailing_stop,1,0.8347654012044271,44482.61755417598,11099.89031074992,29,6,35,2.9123081881366293,38680.34353526533,,98.8155742967,1787327750000,122.489,58221.65227021875,474.5233591,172.64,61.85,81,22084.0,2.791,100.0,0,mcap,-0.69,-0.69,trailing_stop,0.0006483727304484629,1,0,live_lower,1
2026-08-21,fb7e7084-3736-4776-a6b7-14c087aaa8b9,DYhrdDsVpjftMQ4Xrhm3kAmFpJaUHskkXGBgkidipump,2026-08-21T15:56:33.542196+00:00,2026-08-21T15:59:46.177875+00:00,1.0860195608896777e-07,9.991379960185036e-08,-0.004,hard_stop,0,0.7064712972005208,8650.163084388822,2683.8427556441866,77,25,102,13.54741589262975,5082.8600779272,,84.43407271815799,1787327795000,122.582,10286.638512410205,29.294974254,32.72,3.92,156,3450.0,8.355,95.4,1,,-0.57,-1.31,hard_stop,9.991379960185036e-08,0,1,live_lower,1
2026-08-21,61af471d-19b8-4934-adb8-9a40c4a5e7c9,3RHmRLxHup3CyrtD1xLPJjdCVmD9HFGwhXTXT3N4pump,2026-08-21T15:51:11.480002+00:00,2026-08-21T16:01:15.752635+00:00,2.8549225638484087e-08,2.8574975779113552e-08,4.5098e-05,time_stop,1,1.0414646687825522,6774.4998670419345,4158.642355844349,260,58,318,2.4111491882354406,4464.899802964569,,99.99999999999999,1787327475000,125.342,2704.4393297182346,0.403233066,38.42,39.02,486,7293.0,0.985,79.7,0,mcap;pool,-0.58,-0.55,no_exit_within_window,,0,0,live_lower,
2026-08-21,29ae211d-0946-4048-8d70-0f9d272a4c48,64iuo2cm8WPFsRZnuuHL8mFrPYzND14HHqagQBNUpump,2026-08-21T16:01:52.296961+00:00,2026-08-21T16:02:46.281992+00:00,2.8155023577451463e-07,2.590262169125535e-07,-0.004,hard_stop,0,0.8390398071289062,26915.114778138846,71789.41049676953,291,159,450,1.1879484710322357,9074.684693691024,,45.74170041183848,1787328110000,119.143,25894.25349666178,65.231300891,458.45,397.46,614,80610.0,1.153,83.1,1,,2.4,2.49,hard_stop,2.590262169125535e-07,0,1,live_higher,1
2026-08-21,0e1f35c3-cf0e-4973-9b5a-804e890c69cc,E8rZNwF3T5Z8Ks48itWv93z22vLu3jwHcN2TpRGqpump,2026-08-21T15:52:50.228010+00:00,2026-08-21T16:03:15.695453+00:00,2.827733515234751e-08,2.7999175311659726e-08,-0.000491842,time_stop,0,1.0026847249348958,9326.497090453884,3929.609584336258,99,40,139,4.5386544006704606,5227.107853019815,,100.0,1787327575000,125.863,2635.769004220473,0.014756153,48.07,49.21,244,9162.0,0.977,79.5,0,mcap;pool,1.04,1.08,no_exit_within_window,,0,0,live_higher,
2026-08-21,a9a12ee7-e806-41cd-8383-2495edc828a5,DwzqejrezWs77GsAz9eucSVubVRp5fNzYdCxGa4cpump,2026-08-21T15:53:45.182539+00:00,2026-08-21T16:03:45.669925+00:00,5.7770320035286436e-08,5.779810743168951e-08,2.405e-05,time_stop,1,1.3832417521158855,5277.238997232849,1563.8930194642562,10,7,17,1.0002505539258866,2744.4514664666553,,100.0,,,,,,,,,,,,,,,,,,,,
2026-08-21,57e0ea02-6024-417f-85aa-5f7b9e368017,DsyDtdemWZpGktYB8qMKMiogKpqAzc9cWjh2rHLepump,2026-08-21T16:00:02.085994+00:00,2026-08-21T16:03:45.929949+00:00,4.697934457560049e-08,5.475705251119692e-08,0.008277795,trailing_stop,1,1.0103004760742187,5765.588901006509,6245.62808870287,46,30,76,1.56654984283325,4115.247669350782,,99.9745873270335,1787328000000,119.19,4484.366511546601,9.149993652,42.38,40.14,105,7771.0,1.056,81.1,0,mcap,-1.33,-6.09,trailing_stop,6.261771442268935e-08,1,0,live_lower,1
2026-08-21,4fcb5abc-020b-4f1d-ba36-d09641157488,HbMjuTL6g4SqA5NabKKTv5uk2nBae8unaf8C3KUGbonk,2026-08-21T16:03:24.751261+00:00,2026-08-21T16:03:46.294008+00:00,4.065585997784092e-07,3.740339117961365e-07,-0.004,hard_stop,0,0.4192347819010417,37138.802933676874,24342.248017628965,135,57,192,1.953893655590929,7434.3830113616295,,73.3798667441636,1787328205000,116.282,28117.690733934098,78.885306227,269.74,194.84,349,43754.0,1.384,87.7,1,,36.18,35.45,hard_stop,3.740339117961365e-07,0,1,live_higher,1
2026-08-21,30651a58-56a2-457c-8d99-e239ebc7c01f,DShht9B8wCRe5t3oqdPB77PnjJbKxbYaZyuWpZQjbonk,2026-08-21T16:04:06.170238+00:00,2026-08-21T16:04:46.248906+00:00,7.295213897021495e-07,1.2901479271321846e-06,0.03842427,trailing_stop,1,2.0228930623372396,45697.429813084666,44682.86712612759,255,107,362,1.6015995732677193,10239.085821553264,,64.0004224170416,1787328245000,119.554,84964.36002393912,158.728882789,444.0,302.19,753,70276.0,1.469,89.4,0,mcap,-19.14,-18.05,hard_stop,6.711596785259776e-07,0,0,live_lower,0
2026-08-21,22484e38-d82c-41e4-80a3-f265340dfa7a,Yh1QZS5k4H1Sn2UiWgfykCc78ZZ7xasjvvwGw51pump,2026-08-21T16:04:49.291053+00:00,2026-08-21T16:05:16.352750+00:00,3.7116546650779604e-08,3.414722291871724e-08,-0.004,hard_stop,0,0.8184027669270834,16507.401104024222,18694.04961918061,216,153,369,1.5924016359293252,7014.671038337713,,99.7375004684642,1787328290000,121.604,3301.844832845303,3.687634697,148.56,149.9,701,28109.0,0.991,79.8,0,mcap;pool,5.87,5.98,trailing_stop,5.406711164304685e-08,1,0,live_higher,0
2026-08-21,5a5aabe7-2b03-46d0-a4d2-063dd5e6dfc5,DSeqCNY1auKaEEqxA2Dq6gWz7eGc6NSu7w15AHXqpump,2026-08-21T16:06:28.826961+00:00,2026-08-21T16:06:46.280217+00:00,2.849561968335026e-07,2.621597010868224e-07,-0.004,hard_stop,0,0.9110225830078125,22219.135756692904,13647.540860713018,121,72,193,2.2344436371717533,8054.700455677636,,53.770880292167,1787328390000,122.405,16847.88749699396,70.872712056,231.69,185.81,623,39320.0,1.247,84.9,1,,59.29,53.68,hard_stop,2.621597010868224e-07,0,1,live_higher,1
2026-08-21,cae8b132-2dc1-4fdd-9a54-c825123769fe,AqrRj9cQ9pLrVBJEGaJ8y5BLjE7mrtbFttcZMT6Nbonk,2026-08-21T16:06:46.959469+00:00,2026-08-21T16:07:46.407931+00:00,1.5599853542342658e-07,3.899963385585665e-07,0.075,take_profit,1,0.9615890177408855,11774.00131858374,12748.343890506916,143,75,218,1.750528391213638,3287.0676532726266,,86.6801592933738,1787328405000,118.653,15645.885030093134,52.987313721,171.31,123.86,434,27800.0,1.383,87.7,1,,-6.1,-5.97,take_profit,3.899963385585665e-07,1,1,live_lower,1
2026-08-21,f008e88f-eb79-4c3b-be5c-beb66064a20e,GWy3zMM9hUUCZwCSt6T7mCcTfcjEPZT7USyM6sjZ1zbE,2026-08-21T15:58:46.731521+00:00,2026-08-21T16:09:15.682939+00:00,2.951949362085724e-08,2.8443680912636814e-08,-0.001822207,time_stop,0,0.7876170247395833,7581.927572606763,4476.148228734193,50,11,61,2.5805465691319482,4714.090996588906,,100.0,1787327895000,90.154,2699.644474818134,0.376269193,34.96,40.51,130,7108.0,0.863,77.3,0,mcap;pool,2.98,5.58,no_exit_within_window,,0,0,live_higher,
2026-08-21,23ca40fc-dcb1-41ff-aea7-99a31970190b,2y8TUJjJYo8e8C5MuHbHsBCFv833DKck5XBjizPupump,2026-08-21T16:09:50.798208+00:00,2026-08-21T16:10:46.377283+00:00,1.3466394233109776e-07,1.2389082694460994e-07,-0.004,hard_stop,0,1.1610870930989583,7534.923270289786,6668.085980172324,97,41,138,1.8377533206410008,4702.696459172919,,86.7440780197911,1787328590000,120.259,11693.265930381345,40.482188471,92.12,61.9,281,14505.0,1.488,89.8,1,,8.46,-0.94,hard_stop,1.2389082694460994e-07,0,1,live_higher,1
2026-08-21,c576142b-2a01-4de2-9571-359e23ac1537,H1tU9fbxCbXkvP5BN9KqgbVWBqYrYvRiQnxzR1xoksEU,2026-08-21T16:08:33.974014+00:00,2026-08-21T16:11:16.212600+00:00,6.451107905445243e-07,9.926486982300724e-07,0.026936296,trailing_stop,1,0.8305009928385416,33920.22955402386,4681.632417097863,54,12,66,645.0187828370027,28389.09796294199,,99.7427642990269,1787328515000,121.704,61387.6005939838,413.630391135,197.79,44.16,273,22786.0,4.479,100.0,0,mcap,-1.03,-1.52,trailing_stop,9.862960181816394e-07,1,0,live_lower,1
2026-08-21,3798352d-e23e-4cb7-b145-a88d7205dd86,AVYrU1X9Leeyb8ZnsDLvMYaWnZfdR6BsDj4Wt4ENpump,2026-08-21T16:12:08.531450+00:00,2026-08-21T16:12:16.190562+00:00,4.0533041062154335e-07,3.729039777718199e-07,-0.004,hard_stop,0,1.0765648152669272,24259.40252449476,17020.813395766312,168,91,259,2.005883836257905,8842.676559668409,,49.2332958984584,1787328730000,123.204,29719.580948885516,70.463985678,294.37,219.7,741,48416.0,1.34,86.8,1,,28.45,28.28,hard_stop,3.729039777718199e-07,0,1,live_higher,1
2026-08-21,6369fb5d-6171-4dcd-8d0e-a2f2569a78fe,7jVaWwq7eKmcZf2TYu3X8gFpHaD5gom7GBmbRF1opump,2026-08-21T16:02:52.528740+00:00,2026-08-21T16:13:15.716017+00:00,2.8041439253184332e-08,2.8099477643482766e-08,0.000103487,time_stop,1,0.4736717488606771,5704.22999554239,2010.4113401359475,50,21,71,5.182938907856245,4103.088338940551,,100.0,,,,,,,,,,,,,,,,,,,,
2026-08-21,f99b060c-c3b5-473a-997d-c4f6135ed2f0,HH3U5eejbj9sjJvrt6a2GW4WdKXSk3uVqeaiGKHVbonk,2026-08-21T16:03:54.990665+00:00,2026-08-21T16:14:15.728242+00:00,4.24152853526329e-08,4.255233583948289e-08,0.000161558,time_stop,1,0.5459842407226563,6855.530604589944,1506.0602825132155,6,0,6,1506.0602825132155,1483.469378095583,,100.0,,,,,,,,,,,,,,,,,,,,
2026-08-21,427a7b2c-4788-48e9-b272-df096d4697d1,855vVmwyS7hYP2qsg2pZFcxCAZvf8gx2UBiE1ThRBEC6,2026-08-21T16:03:57.496846+00:00,2026-08-21T16:14:15.892660+00:00,2.94730159050224e-08,2.8534501171220636e-08,-0.001592159,time_stop,0,0.5787233072916667,7823.505248114323,35232.718069868184,240,174,414,1.1512720172821171,4180.591116139327,,100.0,1787328255000,138.223,2634.469827399208,0.007289714,208.37,213.8,499,39760.0,0.975,79.5,0,mcap;pool,5.36,5.35,no_exit_within_window,,0,0,live_higher,
2026-08-21,dc09d263-1a3f-4d3c-9ff5-48585f248c41,5gBLfYJ7Q4akx26su6WMrG5tRB2YF3prY9qAmrbQeLCk,2026-08-21T16:15:14.254032+00:00,2026-08-21T16:15:46.314675+00:00,3.6286214022796985e-08,3.3383316900973226e-08,-0.004,hard_stop,0,0.9838401977539063,5636.148955163186,7931.270526777828,50,41,91,1.394036011872486,4038.4478316169016,,100.0,1787328915000,122.034,3187.254879708895,3.005745234,56.73,57.43,151,10751.0,0.988,79.8,0,mcap;pool,7.22,21.53,hard_stop,3.3383316900973226e-08,0,0,live_higher,1
2026-08-21,4bb21ac2-fdc3-4760-bd06-7b15986c8315,4wBtLgTCiG8y7h5nC6pEc4NNQvrdgsb9XDgSEVHvsHH8,2026-08-21T16:15:56.035840+00:00,2026-08-21T16:17:16.287361+00:00,1.6342401010933356e-07,1.673195230091918e-07,0.001191842,trailing_stop,1,0.9076384073893229,13256.194496496706,9276.83512406557,83,57,140,1.7086044068988628,10116.96751938903,,96.34463628052221,1787328955000,120.14,15278.941565644256,119.892460062,170.26,137.4,458,28975.0,1.239,84.8,1,,0.74,-0.46,trailing_stop,1.9695100079306657e-07,1,1,live_higher,1
2026-08-21,f1890e2f-67d2-450b-8487-da001a1973d4,H92KLtw2BfqMSd9rDdcRvNt425i8GKZBw8AqiAbHaDk3,2026-08-21T16:16:19.730946+00:00,2026-08-21T16:20:16.217386+00:00,5.158261972793414e-07,1.2895654931983535e-06,0.075,take_profit,1,0.5913925130208333,47175.184940779516,7288.637331187934,11,0,11,7288.637331187934,8987.950052230352,,100.0,1787328985000,125.792,48630.844516625686,98.684210035,80.04,0.01,15,7539.0,80.036,96.2,1,,-0.1,-0.1,trailing_stop,1.0128344880249602e-06,1,1,live_lower,1
2026-08-21,e1f8f94c-83e0-4544-b9cc-4de0e424221e,7vBB9VdvByyyPsLTBJDLsKXQwCMfUrNCrnEiyCSGpump,2026-08-21T16:19:33.850808+00:00,2026-08-21T16:20:46.217164+00:00,4.899232982423937e-08,5.1434430742350555e-08,0.00249233,trailing_stop,1,0.4795143188476563,29471.055619542847,50276.12276440249,238,107,345,1.3253279169524663,6350.37427781084,,96.23361457293527,1787329175000,120.102,4507.962255316974,11.511851738,532.66,504.61,1223,97690.0,1.056,81.1,0,mcap,2.35,-3.24,trailing_stop,5.5510259790229805e-08,1,0,live_higher,1
2026-08-21,b3c3cecb-44df-4be4-b6d1-87361da6ce58,334wNe7CDpWrbkAy5rCfqGQRmBRfmvb2RrqkKXP7pump,2026-08-21T16:12:17.064272+00:00,2026-08-21T16:22:45.730504+00:00,2.8219875604568132e-08,2.8166954103491242e-08,-9.3766e-05,time_stop,0,1.0095619588216145,7200.256670122523,3178.5102403798805,74,32,106,3.852542627592779,4607.067172226337,,100.0,1787328715000,98.768,2633.537403304795,0.00204729,29.71,30.8,139,5699.0,0.965,79.3,0,mcap;pool,0.92,0.92,no_exit_within_window,,0,0,live_higher,
2026-08-21,b9d5069e-332a-41eb-97c9-a6532efa42cf,EnqPobxzxi7gdg6yQHdNuXzY4SJf4Et7U1xgoBfdpump,2026-08-21T16:13:05.078808+00:00,2026-08-21T16:23:15.742960+00:00,6.824072574717887e-08,6.827348079744968e-08,2.4e-05,time_stop,1,1.1896108113606771,6206.00061717213,1491.4399469155728,11,5,16,1.009190417787707,2737.035927304934,,100.0,1787328730000,65.867,12880.639769292913,0.129148174,5.36,8.16,16,1273.0,0.657,58.9,0,pool,-0.21,-0.05,no_exit_within_window,,0,0,live_lower,
2026-08-21,000f7ea6-0ab1-4ea0-b635-4f286615f75c,6cJWdmF3Z86ADGjy7vrJfu7j67MMpyo1KwSSo5apump,2026-08-21T16:23:19.916908+00:00,2026-08-21T16:23:46.400048+00:00,1.9215177835212451e-07,1.7677963608395457e-07,-0.004,hard_stop,0,0.67541904296875,14631.763514853963,4511.431266297677,146,20,166,11.838296809583229,6558.042601793817,,70.5689234323473,1787329400000,121.586,19340.121311605795,51.30543782,69.75,19.54,317,8409.0,3.57,100.0,1,,-6.43,-6.52,hard_stop,1.7677963608395457e-07,0,1,live_lower,1
2026-08-21,096a81a8-a356-4f3c-a541-780802b8d131,2NUD5cZctdwdTxhuy9oz5EHNA6BFbjoPW3LWzjbDpump,2026-08-21T16:20:19.113566+00:00,2026-08-21T16:24:45.866756+00:00,4.284156796997308e-08,5.8983175849417185e-08,0.018838722,trailing_stop,1,0.16413510335286458,6874.849867160152,1930.0020584078923,7,0,7,1930.0020584078923,4657.738444455229,,99.81479513693453,1787329220000,100.85,4773.240081998316,14.122687629,217.99,191.64,322,38579.0,1.138,82.8,0,mcap,-15.47,-15.58,trailing_stop,4.966845700104426e-08,1,0,live_lower,1
2026-08-21,4787e4de-fbe5-47c0-8d61-7f417db49095,2tCGnZx8AA9Kf28yE2oJphfAWmytLYKbECZzr7rVKEXE,2026-08-21T16:23:49.597404+00:00,2026-08-21T16:24:46.353521+00:00,6.349590301598092e-08,7.656477454466272e-08,0.010291114,trailing_stop,1,0.5426811401367188,5760.558382773328,5744.119156148098,45,13,58,1.6545964213008373,1500.2445011866082,,95.24467874149059,1787329430000,121.767,6466.277661333608,18.255862865,57.74,37.64,116,8983.0,1.534,90.7,1,,-7.52,-8.29,trailing_stop,6.728553947873154e-08,1,1,live_lower,1
2026-08-21,81fd183b-6a0f-41cd-b9f9-255043143cd1,5Xg7B99qER91HAB5Ewp5Rqiqv1uqGQ3ajmLstte43iJx,2026-08-21T16:15:04.383224+00:00,2026-08-21T16:25:15.710802+00:00,1.1699579197799077e-07,1.1699579197799077e-07,0.0,time_stop,0,0.8833215169270834,9343.697255087567,5604.688545327386,160,39,199,1.2385017416577258,8787.197548701422,,97.0404823299142,1787328905000,122.102,10832.295033815471,101.971949465,96.09,84.11,535,16971.0,1.142,82.8,1,,1.72,-0.33,no_exit_within_window,,0,1,live_higher,
2026-08-21,b046afc5-fa87-402a-b40e-a11a47bb330c,HLZbKieZdXyKMg4sNhw9M6QQTg83ztgSHNVoUp79pump,2026-08-21T16:24:57.212652+00:00,2026-08-21T16:26:16.053709+00:00,1.2786000959432248e-07,1.1763120882677669e-07,-0.004,hard_stop,0,2.0253928263346355,12381.217820202888,50320.0194795804,477,358,835,1.137506559092645,6036.743467457984,,80.8984566491376,1787329495000,118.566,11668.01076675539,34.303963069,290.25,269.94,886,52759.0,1.075,81.5,1,,3.2,3.59,hard_stop,1.1763120882677669e-07,0,1,live_higher,1
2026-08-21,73401ebe-6db6-4205-9113-74d83b038281,7Wxyy2M1i38a5Xz34zR1qhTPnJ7mV7nQutCDKbfgx4iP,2026-08-21T16:25:06.101308+00:00,2026-08-21T16:26:16.249146+00:00,4.675742388971618e-07,5.488925833648905e-07,0.008695768,trailing_stop,1,0.5796564208984375,47278.04381947965,6948.351438353832,39,2,41,76.47955229650879,8159.227910550992,,97.18632174419189,1787329505000,119.697,44889.803007803224,86.299474006,286.88,215.88,1394,47350.0,1.329,86.6,1,,-1.9,-1.9,trailing_stop,5.562429363888579e-07,1,1,live_lower,1
2026-08-21,29454b78-7b1f-4b9f-a318-c9d21631f05b,ELiH663D4YAcTGD7oTY8WiLyrZxwor5heR2W9QXyJ1xw,2026-08-21T16:26:49.312083+00:00,2026-08-21T16:27:16.251421+00:00,1.5645999295180177e-07,1.4394319351565764e-07,-0.004,hard_stop,0,0.9731966837565104,12442.748019099228,9407.46958862969,92,63,155,1.5551370372152187,9814.188964553743,,97.2070891345049,1787329610000,122.068,13574.02019958273,115.996689642,198.03,171.86,541,34837.0,1.152,83.0,1,,8.56,6.22,hard_stop,1.4394319351565764e-07,0,1,live_higher,1
2026-08-21,11076a20-faf2-418a-b3dc-a710f959711c,EnB3s8HFJT6FrMvNSFmecCiJMd55RD2ZsYNDXqHSpump,2026-08-21T16:26:55.953920+00:00,2026-08-21T16:27:46.230537+00:00,6.924096793852901e-08,6.37016905034467e-08,-0.004,hard_stop,0,0.9404522542317708,5823.062559874413,2220.5132030267055,56,20,76,4.407992302955564,4137.4032713880415,,91.7768694050505,1787329615000,120.465,6505.350531670903,17.153778268,20.85,4.98,95,2433.0,4.185,92.3,1,,0.24,0.17,no_exit_within_window,,0,1,live_higher,
2026-08-21,b23efad6-2182-409e-80b7-8d2ac4e2edb1,Eh8ghH9SsydXEbYCeGde5Zfb7BXxoWKF9DLz46T2pump,2026-08-21T16:27:26.964507+00:00,2026-08-21T16:27:46.424529+00:00,2.385968262164064e-07,2.195090801190939e-07,-0.004,hard_stop,0,2.018519803873698,20944.592466712013,46233.08617111695,520,433,953,1.2506667841546115,8137.159367923854,,65.2696361243957,1787329645000,118.554,22256.97193123686,57.219619087,296.44,242.22,1027,50732.0,1.224,84.5,1,,0.96,1.36,hard_stop,2.195090801190939e-07,0,1,live_higher,1
2026-08-21,6b463d51-fa39-4e0e-bd3b-d64f29261c86,AAMSbKau5SLFxXkJNsjwEWQpbX79GkiP1BwqnLCV8USb,2026-08-21T16:23:01.289589+00:00,2026-08-21T16:29:46.006022+00:00,1.0063921131597201e-07,1.018542702948878e-07,0.000603671,trailing_stop,1,0.7213834025065105,8889.469525317852,2416.353068260105,56,22,78,1.6086253562634023,8312.43523998795,,99.93858584971244,1787329380000,120.021,9491.24437018767,93.256132177,55.12,47.43,337,9658.0,1.162,83.2,1,,-0.14,-0.14,trailing_stop,1.0073976271249944e-07,1,1,live_lower,1
2026-08-21,3c69e5fb-6476-4c2e-9b1c-591aec449c6f,95iZTYmm3HbLfnqqqS9KDEHyjsQB92x8dSQUSv9Spump,2026-08-21T16:28:35.966336+00:00,2026-08-21T16:29:46.338911+00:00,3.260290157238862e-08,2.999466944659753e-08,-0.004,hard_stop,0,0.701806201171875,6030.2411335851775,8906.441676534505,92,53,145,1.3776522355669785,4995.515547368073,,100.0,1787329710000,115.08,3074.1290879194257,2.414714139,70.87,69.44,230,13215.0,1.021,80.4,0,mcap;pool,-0.12,3.77,no_exit_within_window,,0,0,live_lower,
2026-08-21,5b53bd40-7b5a-4911-b4ea-cd2b29814600,BQbCaqAkLeZDBncr5WTEfE5GfGWYmrGut8rsZAHtSZZr,2026-08-21T16:21:02.396163+00:00,2026-08-21T16:31:15.843460+00:00,1.1865886645431343e-07,1.1865886645431343e-07,0.0,time_stop,0,0.6614476684570313,8492.279922434922,941.8729567984435,52,10,62,1.3588160145650698,8369.363868148674,,97.0462681027757,1787329260000,118.277,11679.160793253403,107.230594995,90.63,74.76,443,15577.0,1.212,84.2,1,,-4.31,-4.31,take_profit,2.966471661357836e-07,1,1,live_lower,0
2026-08-21,4f644f14-82a3-48a0-b1a1-1726f2e15a55,CwzCZA8JzLwM8z59Y6XavXQ8h18FNXbWj4eKWduo8hAi,2026-08-21T16:29:50.828446+00:00,2026-08-21T16:31:16.528616+00:00,2.986458538012304e-07,3.96665125666341e-07,0.01641062,trailing_stop,1,2.0190845865885416,20960.96211095017,55992.38176959126,518,448,966,1.2007471673284944,7849.0620206076965,,65.3873537695268,1787329790000,119.28,37812.347773493675,83.858278087,397.92,319.83,1206,67597.0,1.244,84.9,1,,-25.62,-27.32,trailing_stop,5.697566695325486e-07,1,1,live_lower,1
2026-08-21,94f866e8-1ceb-430f-837b-b98dda943621,vkRMDMfnG7yk27R3TwCAEdfYDQSnkRiLKB5mXr6pump,2026-08-21T16:31:41.645486+00:00,2026-08-21T16:34:16.287874+00:00,2.990582502787562e-08,3.6332916097464255e-08,0.010745551,trailing_stop,1,0.7056054036458334,10763.414479708994,42091.46053160776,329,263,592,1.1472318360054998,6463.626675086134,,100.0,1787329905000,123.855,2778.4957502674647,0.816691807,316.18,318.59,986,59782.0,0.992,79.8,0,mcap;pool,1.37,-4.77,no_exit_within_window,,0,0,live_higher,
2026-08-21,c2891868-774d-4b18-8875-b92d97a4593b,2BSmMitc2yb83QB1EMjPWQVAbSx45K3totAAsy9ayxGp,2026-08-21T16:32:26.833689+00:00,2026-08-21T16:34:46.360293+00:00,3.4450203608051765e-07,4.5679327360963853e-07,0.016297616,trailing_stop,1,1.0094530680338543,29135.224381881704,4566.761012211288,47,71,118,1.3753825669655362,750.608789121259,,95.7834521683252,1787329945000,119.454,31519.1103855341,9.010206507,58.54,50.22,252,10243.0,1.166,83.3,1,,2.94,-3.93,trailing_stop,4.374151188729684e-07,1,1,live_higher,1
2026-08-21,a4513f4c-66c3-485f-b303-3b8289f6eba4,12KNzsRHUavAYEHLRJQv1TiLgfnwxRR53i8GpRqBpump,2026-08-21T16:34:18.036889+00:00,2026-08-21T16:34:46.558026+00:00,3.4884037861142156e-07,3.2093314832250783e-07,-0.004,hard_stop,0,2.0189813517252606,23932.369959589385,48747.1320924217,520,382,902,1.2860386526439762,8389.22984919,,62.046096218304,1787330060000,122.948,31258.708277295013,85.005359676,351.14,279.6,1110,59403.0,1.256,85.1,1,,4.99,4.97,hard_stop,3.2093314832250783e-07,0,1,live_higher,1
2026-08-21,c8dd6b28-ed2b-40bd-a973-301fb16f9bc9,8uehXFRsXJxHBK3FPzZvyD8pkvV7yr9RHS9ZgtYcpump,2026-08-21T16:26:33.516677+00:00,2026-08-21T16:36:45.770999+00:00,2.980725035912431e-08,2.861653835236654e-08,-0.001997353,time_stop,0,0.6318177449544271,7407.487949294364,11295.690395875752,86,66,152,1.4051167065883174,5239.983188787945,,100.0,1787329595000,122.609,2805.2556576052916,0.964735119,71.3,75.33,254,13810.0,0.946,78.9,0,mcap;pool,0.07,0.07,no_exit_within_window,,0,0,live_higher,
2026-08-21,d2b2867f-9e02-4a0a-a077-24dfef764115,8i6pTFfKmMkWLqQHohmZRJ6f55j4otP7rP9QAUSefNza,2026-08-21T16:35:09.022793+00:00,2026-08-21T16:38:46.151884+00:00,1.0517382636208029e-07,1.3469264524765828e-07,0.014033348,trailing_stop,1,0.9357914388020834,7988.295639866669,5218.4486665609875,108,64,172,1.2226162760206987,7423.360423918334,,96.75067195126142,1787330110000,121.512,10456.153482782205,92.741041476,180.39,163.66,866,32402.0,1.102,82.0,1,,-5.27,-5.27,trailing_stop,1.3535693433525515e-07,1,1,live_lower,1
2026-08-21,dff8fa05-b97d-47d9-9bd3-975e70af0650,DWV8cyJTz1vyL53q65AawcyJQoPkTjdrXvEmRybvpump,2026-08-21T16:29:14.183666+00:00,2026-08-21T16:39:15.752440+00:00,2.8301816734446584e-08,2.801238711740164e-08,-0.000511327,time_stop,0,0.33017197672526044,5301.037297978282,1991.4245329420282,99,31,130,4.040781875398951,3952.0707546410977,,100.0,1787329740000,96.43,2670.6624988221097,0.214944926,35.79,36.81,413,6837.0,0.972,79.4,0,mcap;pool,-0.19,-0.12,no_exit_within_window,,0,0,live_lower,
2026-08-21,2235a1a4-e712-4684-9c80-a6630e851670,E42Qh9B59msbJFSGKXKA7hFHe6enSra5RSVN8nEYpump,2026-08-21T16:38:57.874664+00:00,2026-08-21T16:39:16.447164+00:00,3.0249326798545115e-07,2.7829380654661506e-07,-0.004,hard_stop,0,2.016760827636719,30509.663892268007,79202.52062576174,867,773,1640,1.1934508334120424,5702.381514462139,,52.64728323372221,1787330340000,122.881,24665.255701154107,56.523128624,532.73,467.28,1943,94181.0,1.14,82.8,1,,15.5,15.47,hard_stop,2.7829380654661506e-07,0,1,live_higher,1
2026-08-21,463d3ef3-8f1b-4f36-af30-aed9bbaea066,6W8cozfpJ6KbJwNvFFMQrsvmbxm5JcYrHbwkCTr4pump,2026-08-21T16:30:10.472069+00:00,2026-08-21T16:40:15.747707+00:00,2.7982808091798253e-08,2.794202046009197e-08,-7.288e-05,time_stop,0,0.6711191162109374,7351.029234424906,8151.611893747127,101,70,171,1.6025784721709277,4703.67479313063,,100.0,,,,,,,,,,,,,,,,,,,,
2026-08-21,2aafcffd-8bc6-41dd-955e-2e4b9ab96d2f,6rpr4mmLCUKhixoQ9HpYQmDWTHDNdtcVYqPhA6efS9rR,2026-08-21T16:39:28.036032+00:00,2026-08-21T16:40:16.272531+00:00,3.0645471583971485e-07,2.819383385725377e-07,-0.004,hard_stop,0,0.5548457560221354,28573.38960337264,1398.1296470410916,45,50,95,3.1879794467776046,770.3276453455966,,97.52697373220047,1787330370000,122.787,40479.656832181085,9.867014932,75.5,65.47,929,13277.0,1.153,83.1,1,,-28.7,-38.71,trailing_stop,4.3044440597284283e-07,1,1,live_lower,0
2026-08-21,9ba7a208-1ff9-4548-be9d-d1c50573d260,8waVXJgmBtzEXZhM6JArfThCQ9HPVWZi9vK3nFw2Sdvy,2026-08-21T16:40:31.957473+00:00,2026-08-21T16:41:16.151309+00:00,1.8798356089805976e-07,1.8971249508599785e-07,0.000459863,trailing_stop,1,0.6522330810546875,16686.004774276083,1052.2714679614865,25,11,36,8.031491968671306,819.2487355908804,,99.99773919204671,1787330430000,119.068,18364.054845758834,9.632692047,9.72,8.07,161,1675.0,1.205,74.1,1,,-3.59,-3.59,hard_stop,1.72944876026215e-07,0,1,live_lower,0
2026-08-21,1c62f751-e1d1-4468-a5bf-465f0d9f0edd,9xxbUoJvZa5W8eo5XeqQKf9Xhx7cRXtJJmQ4BNGhpump,2026-08-21T16:40:57.640956+00:00,2026-08-21T16:41:16.365376+00:00,3.795017521867187e-08,3.491416120117812e-08,-0.004,hard_stop,0,0.5839084757486979,5332.590047853396,12170.524664594912,66,69,135,1.1965577712844118,3980.3507987183957,,100.0,1787330455000,118.322,3563.3773297505527,4.898925215,88.19,88.29,207,16622.0,0.999,80.0,0,mcap;pool,0.3,18.41,hard_stop,3.491416120117812e-08,0,0,live_higher,1
2026-08-21,d32bb2d1-ce83-4d6f-974a-aa370f1efb09,3t4NqcEJPxyc3Vm8Zja7accyPFSeFxse122X9LmDpump,2026-08-21T16:41:36.385760+00:00,2026-08-21T16:42:16.056767+00:00,1.212226085773773e-07,1.1152479989118711e-07,-0.004,hard_stop,0,0.9160904947916667,10709.798585085746,25575.27817211262,221,142,363,1.2469211668571798,5552.996353095667,,73.8133399372321,1787330495000,120.379,11631.36808256099,33.526503744,187.45,154.97,527,32249.0,1.21,84.2,1,,-1.85,-2.67,hard_stop,1.1152479989118711e-07,0,1,live_lower,1
2026-08-21,f9ef0195-54be-485e-b8a9-da1cfdbcdfec,D2WVjLGE92FEmtzokUa6FQDrV2ZYKayRoNkVTaWbpump,2026-08-21T16:41:44.983427+00:00,2026-08-21T16:42:16.232372+00:00,2.6112670211995083e-07,2.402365659503548e-07,-0.004,hard_stop,0,0.9465910115559896,20297.484655141216,1903.6276371349154,43,31,74,1.0650237962698588,2955.5476960014075,,100.0,1787330505000,120.616,8832.152370552127,0.720810229,17.55,17.52,207,3303.0,1.002,74.9,0,pool,456.9,563.29,hard_stop,2.402365659503548e-07,0,0,live_higher,1
2026-08-21,e0e6b372-22e6-430a-90ae-2829c073a533,66xiuQNLKBRhTGBnCVhmphpoQmHubVozU9QNuRbrpump,2026-08-21T16:35:35.573354+00:00,2026-08-21T16:42:45.871908+00:00,2.817347872706076e-08,2.8445172808378446e-08,0.000482181,trailing_stop,1,0.8479147786458333,9508.282545478101,9222.105933869938,133,93,226,1.7725320646977543,5313.641739616778,,100.0,1787330140000,125.251,2646.941981928337,0.095658974,122.36,124.28,499,23228.0,0.985,79.7,0,mcap;pool,0.24,-0.53,no_exit_within_window,,0,0,live_higher,
2026-08-21,68b581b4-e0c7-46c0-b585-5eaefb4b6e5c,Ed9veAHMJsXg72W5EQywhhqwjjm7R14bA2BSVabD5jgi,2026-08-21T16:37:15.712931+00:00,2026-08-21T16:47:20.867669+00:00,1.336665519834131e-09,1.336665519834131e-09,0.0,time_stop,0,1.0522120930989582,42497.11243180729,3040.0939144398644,84,101,185,1.9457035083421674,976.7943126710073,,96.4385511755974,1787330235000,121.164,0.9400066653196743,0.005720143,63.98,54.07,713,11118.0,1.183,83.7,0,mcap;pool;vol_mcap,13292.16,14341.81,hard_stop,1.2297322782474006e-09,0,0,live_higher,1
2026-08-21,3ae1d411-6a3c-4d1d-af32-6e4ab5e6b8bb,2WjX5mQDKqZeop4zXyj6J76jng276fRGftfKjPkzpump,2026-08-21T16:46:00.130947+00:00,2026-08-21T16:48:01.250930+00:00,4.5545089040498664e-08,4.190148191725877e-08,-0.004,hard_stop,0,0.8466268920898438,7863.602168669714,22324.162184029785,278,219,497,1.2010985263774505,4823.7501987337855,,99.94885345136059,1787330760000,120.739,4336.159365940536,8.497609604,148.59,143.39,683,27498.0,1.036,80.7,0,mcap,-1.08,-0.97,hard_stop,4.190148191725877e-08,0,0,live_lower,1
2026-08-21,e5898ae1-bf2b-40d8-bd67-4337ad151be5,F98b1AcEMqkMssfHc2DDqzFdk4inrjp8ur9fy5Pupump,2026-08-21T16:47:33.183480+00:00,2026-08-21T16:48:01.567643+00:00,4.3927433955766516e-08,4.404644991054461e-08,0.000135469,trailing_stop,1,1.2272498006184895,13615.976739202308,20774.10434378398,155,66,221,1.419619664603032,6344.865466732681,,99.7188650282946,1787330855000,123.374,4560.185487430702,10.488833015,150.22,141.23,353,27449.0,1.064,81.3,0,mcap,-9.28,-8.24,hard_stop,4.04132392393052e-08,0,0,live_lower,0
2026-08-21,43395b70-359b-499a-be30-2e732d971573,FZZUyWKvy2MMUtYCiArjRNRx3hXyQQfDGWw1ooW4qhnX,2026-08-21T16:46:32.781961+00:00,2026-08-21T16:49:31.161873+00:00,1.205666956523721e-07,1.5440602509537257e-07,0.014033448,trailing_stop,1,1.0819877482096354,9294.112381803572,7643.45842863396,188,49,237,1.2252982060666662,8538.763859965253,,96.70022235703597,1787330795000,123.226,11013.399854739879,102.884684563,118.59,103.59,564,20925.0,1.145,82.9,1,,3.1,5.18,no_exit_within_window,,0,1,live_higher,
2026-08-21,d89a47f8-54ed-443b-87ab-f42b13c94d39,3hW9URm2Lg77ai42dX2SqafAWdpWkj659KJ3oiMCjgLh,2026-08-21T16:49:26.037089+00:00,2026-08-21T16:50:01.208929+00:00,4.024042347633877e-07,4.0872955431646575e-07,0.000785941,trailing_stop,1,1.2185569539388021,39289.35664723292,4977.0700528802045,53,70,123,1.4578480169174581,927.2848383631733,,95.6171295896105,1787330965000,119.933,40456.444066590746,9.862952282,56.65,46.67,228,9730.0,1.214,84.3,1,,-6.32,-10.06,trailing_stop,4.2097382868187434e-07,1,1,live_lower,1
2026-08-21,f3aec27d-f363-46db-af2c-475accefb132,9kL4hMCeHcNjWTtF55fRrNtnmCqanPMbw38PYvHqpump,2026-08-21T16:50:25.775233+00:00,2026-08-21T16:51:31.202039+00:00,8.32782142087819e-08,1.42774909342328e-07,0.035721644,trailing_stop,1,2.0164793701171875,7192.6564831510095,74580.82067811342,1015,924,1939,1.0964738159813243,2674.6380659716274,,74.39274208046905,1787331025000,120.121,9545.312464291894,25.941095172,447.37,405.62,2045,80334.0,1.103,82.1,1,,-17.83,-18.44,trailing_stop,1.458570292828756e-07,1,1,live_lower,1
2026-08-21,94b354ee-550f-43c2-a817-897be603750c,G4QhiVBZPWmn1XzPrnra7uFHDdCxK3NgsKa89TkfB9R5,2026-08-21T16:50:47.444192+00:00,2026-08-21T16:51:51.288018+00:00,1.3045525582495282e-07,1.4442698774740994e-07,0.00535499,trailing_stop,1,1.366328271484375,10601.406530812135,14415.100429547692,128,133,261,1.1989954434015655,9227.405348310456,,98.47406713585569,1787331045000,118.632,12207.349147565837,107.285683236,142.36,122.05,435,24902.0,1.166,83.3,1,,0.65,-0.55,no_exit_within_window,,0,1,live_higher,
2026-08-21,fbf75cc3-d45a-48ea-80ff-8b25a7916928,BgM7V5BC9524wrfx9gfsoK7sL4bmZmsrtvBkDNhmpump,2026-08-21T16:51:09.093688+00:00,2026-08-21T16:52:21.297334+00:00,2.0811722224842986e-07,1.9146784446855549e-07,-0.004,hard_stop,0,1.0833338948567708,18890.498788173732,19119.121678082538,190,123,313,1.6543726361716022,7463.136514809268,,80.04628865520391,1787331070000,121.986,18295.298050262092,50.362273288,144.2,104.99,428,23469.0,1.373,87.5,1,,7.13,9.01,hard_stop,1.9146784446855549e-07,0,1,live_higher,1
2026-08-21,025e5ae5-f7ea-4f02-9a64-49b383861dba,DgXEGtPRAzkY66GZ8ziddvsLSwGe7oGZccznUeLypump,2026-08-21T16:42:54.761155+00:00,2026-08-21T16:53:20.774499+00:00,1.310364284664666e-07,1.305488084193701e-07,-0.000186063,time_stop,0,1.0972605224609375,11978.587331068946,2915.059846598045,14,4,18,1.009233374604084,2758.7341580744383,,100.0,,,,,,,,,,,,,,,,,,,,
2026-08-21,1d15a838-a1d5-4971-b74e-a0f003218212,327QBibHY53LtawXybai2s8QhfrfB7EEzD8pmk12pump,2026-08-21T16:43:13.828329+00:00,2026-08-21T16:53:20.979997+00:00,2.8017819434748946e-08,2.7904089588437833e-08,-0.00020296,time_stop,0,0.9808904215494791,5217.530894965044,4944.475302453493,77,85,162,1.6214430468962013,3983.1842420988914,,100.0,1787330585000,113.095,2635.018213559288,0.010481045,31.81,38.16,271,6590.0,0.834,76.7,0,mcap;pool,0.14,0.18,no_exit_within_window,,0,0,live_higher,
2026-08-21,19cc9041-500b-418d-895f-ce3c357834a4,EYQrCTj4GhgrpEKA1wyNZ71UHZaMGXi7AB6Rs144pump,2026-08-21T16:52:53.633435+00:00,2026-08-21T16:54:21.254967+00:00,2.45487556865799e-07,3.187119781748102e-07,0.01491408,trailing_stop,1,1.1268965942382811,20804.205110840856,23830.734309416785,184,166,350,1.541791584344017,7831.748902756826,,63.240381674770205,1787331175000,123.167,25534.417902113775,63.420917237,244.87,181.64,510,40169.0,1.348,87.0,1,,-9.46,-3.8,trailing_stop,3.1987911474175987e-07,1,1,live_lower,1
2026-08-21,d054c26c-9c37-4245-85bf-e67439f38619,c9o77WufMGWvx6ywZvHPXFaQa1ofmAsBbiXacCApump,2026-08-21T16:56:51.819761+00:00,2026-08-21T16:57:21.358913+00:00,4.623453074601542e-08,4.253576828633419e-08,-0.004,hard_stop,0,0.7541739501953125,10180.92277102863,13152.04691942477,134,97,231,1.5232109497314412,5624.569874569903,,97.8653925953647,1787331410000,118.679,4263.619976443841,8.174239201,131.08,124.9,555,24108.0,1.049,81.0,0,mcap,2.13,2.61,hard_stop,4.253576828633419e-08,0,0,live_higher,1
2026-08-21,24b20366-5e96-4ddd-a101-bbb280ee1ac2,6KWPj6z3aLH9zdeYfq3UqGjqbgFNbzF7Qkhg6BJfiBnj,2026-08-21T16:58:06.764812+00:00,2026-08-21T16:59:51.603606+00:00,1.830474857610011e-07,2.262610743975636e-07,0.011803928,hard_stop,1,2.014363610839844,12072.37256277024,37028.27358594365,573,405,978,1.1908815723350967,5972.979153815929,,67.43145568911612,1787331485000,118.642,16571.41599505097,48.579130572,239.25,199.81,1092,41351.0,1.197,83.9,1,,4.03,4.31,trailing_stop,2.304273138458368e-07,1,1,live_higher,1
2026-08-21,30ad8168-bc2c-466b-911b-5410d5d25e72,Bs2R1QNPbk3nCdisnHTceL4pPEAC7pXxKhiPWwBupump,2026-08-21T16:51:52.755342+00:00,2026-08-21T17:02:20.905487+00:00,7.262860828135176e-08,7.274417553106941e-08,7.956e-05,time_stop,1,1.0710271443684896,6662.936380371951,1095.631676379719,15,13,28,0.9999397644063743,2747.256389002523,,100.0,,,,,,,,,,,,,,,,,,,,
2026-08-21,7fda145d-b41c-4301-91c0-8d0a808499ee,7c5ZcNPTwj9rbnUKVYim1enZbYYfBQGyeyc27Qoopump,2026-08-21T16:52:06.340243+00:00,2026-08-21T17:02:21.062853+00:00,5.6022103951821617e-08,5.6183120472068005e-08,0.000143708,time_stop,1,1.1991820475260417,5146.04165382667,1190.3036239939204,6,3,9,1.0000000001538598,2747.256389002523,,100.0,,,,,,,,,,,,,,,,,,,,
2026-08-21,03a9874d-faba-4d39-b8a7-60c41a07d548,fQYbiQHaiXqGjgXgG15c1RfHkG8LPdTDz8mVvLdpump,2026-08-21T17:00:13.799061+00:00,2026-08-21T17:02:21.605537+00:00,3.717298027584168e-08,3.7333488360334034e-08,0.000215893,trailing_stop,1,1.0026064615885417,12200.180845596791,37801.108122405436,467,304,771,1.190094905960308,6039.946229119427,,98.41615834280769,1787331615000,122.285,3346.329078441742,3.841327304,265.67,263.83,1135,49869.0,1.007,80.1,0,mcap;pool,4.62,4.7,trailing_stop,3.723073123024703e-08,1,0,live_higher,1
2026-08-21,93ad2e79-b215-4917-b763-970b6f09d6e5,Cov693xi4CB6EdTtEFcrQizXAyCau8qPShist2M8pump,2026-08-21T16:57:22.679160+00:00,2026-08-21T17:02:51.169071+00:00,0.0006300849564853041,0.0006719468982966056,0.003321928,trailing_stop,1,0.7034283406575521,46229.92107095674,11031.942402050445,44,15,59,1.6519798485255794,43442.89040588255,,96.44929577066667,1787331445000,124.11,59388.247189710215,500.754916945,132.04,72.65,137,19278.0,1.817,96.3,0,mcap,-0.08,-0.12,trailing_stop,0.0006710370080802233,1,0,live_lower,1
2026-08-21,719a9dfc-b53a-4215-805c-5bafd33521ac,51Rpr5QoMh4PgG5RJcfPcSF5VeXzFvbLe5RwPvmHpump,2026-08-21T17:02:46.489369+00:00,2026-08-21T17:04:21.178866+00:00,3.261745887125221e-08,3.000806216155203e-08,-0.004,hard_stop,0,0.5769663696289062,11371.395302589413,22567.114197552943,240,103,343,1.3130617464698033,6230.812248287158,,100.0,1787331765000,120.605,3033.7074781166552,2.200899029,160.07,164.87,518,30603.0,0.971,79.4,0,mcap;pool,1.26,6.16,hard_stop,3.000806216155203e-08,0,0,live_higher,1
2026-08-21,65eb596b-57ac-4f61-ba36-21810a869926,FGejgDdaJnGczVu14YGaLmLnnqdBjS1HnVL9uH7bpump,2026-08-21T16:54:30.003016+00:00,2026-08-21T17:04:50.791131+00:00,2.8931816857236374e-08,2.8063828198224573e-08,-0.001500059,time_stop,0,0.9530271525065104,8036.89960191269,10171.415048070408,171,112,283,1.5131952066227654,4919.350826391554,,100.0,1787331275000,126.931,2709.0222136710677,0.428982442,114.52,116.5,576,21758.0,0.983,79.7,0,mcap;pool,0.58,0.65,no_exit_within_window,,0,0,live_higher,
2026-08-21,adec4f1d-ec44-40cc-96cd-88d4542b0a55,DqngJiEMKgs29HadzbHa2mHWLN6SxpHTBBn13rFd1zb4,2026-08-21T17:04:22.209807+00:00,2026-08-21T17:05:21.354294+00:00,9.211221680310775e-08,1.0247309669189338e-07,0.005624053,trailing_stop,1,0.6219974812825521,7874.669165070609,1355.0206427625396,31,11,42,2.283087731818533,7303.423633736034,,99.8620956488872,1787331860000,118.898,8693.829358771076,84.441437234,145.03,136.46,769,26512.0,1.063,81.3,1,,-0.22,-2.82,trailing_stop,1.0803896335812237e-07,1,1,live_lower,1
2026-08-21,f070a9d4-2bb8-440e-81e5-2561368678aa,2jbdBWTK2MYpuRsmEDJqETU3UMM2nN3WGtete4HUpump,2026-08-21T17:03:06.123783+00:00,2026-08-21T17:05:51.023229+00:00,6.90758843062113e-08,6.354981356171439e-08,-0.004,hard_stop,0,1.041001688639323,6666.731241155015,4883.232021057357,60,35,95,2.05277185866841,4431.753962390379,,99.71465082014001,1787331780000,115.181,6508.076217973151,17.163655752,39.64,22.92,105,5892.0,1.729,94.6,1,,-0.04,-2.08,hard_stop,6.354981356171439e-08,0,1,live_lower,1
2026-08-21,a5e21092-1079-415b-89ce-8488fc19804a,6KWPj6z3aLH9zdeYfq3UqGjqbgFNbzF7Qkhg6BJfiBnj,2026-08-21T17:08:00.287385+00:00,2026-08-21T17:09:29.557709+00:00,9.022404226660839e-08,8.300611888527973e-08,-0.004,hard_stop,0,11.907964290364584,8138.057125343442,70973.99529723322,1162,933,2095,1.0627366363032358,4899.152675409554,,82.07510830041538,1787332080000,713.642,8481.33400634909,23.841014122,394.56,376.54,2104,72622.0,1.048,81.0,1,,0.19,-0.17,hard_stop,8.300611888527973e-08,0,1,live_higher,1
2026-08-21,a22eef1b-d946-4173-8054-e2e6255dfafd,EYQrCTj4GhgrpEKA1wyNZ71UHZaMGXi7AB6Rs144pump,2026-08-21T17:09:29.880596+00:00,2026-08-21T17:10:29.391180+00:00,5.095198957761085e-07,5.431601163023435e-07,0.003301168,trailing_stop,1,18.642814888509115,45881.07813621453,172378.82687370636,1437,1725,3162,1.0946326636003332,7199.624599036833,,52.74616342327932,1787332170000,1118.167,51064.04061963246,80.405581116,1011.46,913.53,2913,181296.0,1.107,82.1,0,mcap,-6.03,-5.94,trailing_stop,6.176932745102591e-07,1,0,live_lower,1
2026-08-21,a6a6278a-ebe3-49e2-bfa7-6830441df27f,CtNELdBKz6fomUqLN46Nn8SENgxscLHH7skTn8ENpump,2026-08-21T17:02:34.416190+00:00,2026-08-21T17:12:58.757407+00:00,2.8014493020190576e-08,2.8105432834941494e-08,0.000162309,time_stop,1,0.6049999471028645,12241.528099980196,7062.944829144595,99,32,131,2.7547892663250066,6053.626167334744,,100.0,1787331740000,107.446,2637.4921354221387,0.024565594,104.29,106.26,336,19829.0,0.981,79.6,0,mcap;pool,0.03,0.2,no_exit_within_window,,0,0,live_higher,
2026-08-21,e8947b4b-c233-4642-b16a-77801d39f286,DqfVsPh1jCwtZwmALFoz5TCj2ez5jbzemqXPazWvNU34,2026-08-21T17:12:59.891056+00:00,2026-08-21T17:13:29.333496+00:00,9.586367434903683e-07,8.819458040111389e-07,-0.004,hard_stop,0,0.8580355305989583,37098.85967145759,15640.74817589203,242,64,306,2.1912293196583765,7214.196872513468,,97.27852439114518,1787332380000,292.284,91433.8970037804,125.585013913,678.41,570.09,3919,117584.0,1.19,83.8,0,mcap,-1.26,-1.26,hard_stop,8.819458040111389e-07,0,0,live_lower,1
2026-08-21,42531423-4b77-40c9-bff7-8eb9feddd1ca,G53AH8jpL9ZAzRnvwUgDHRmLXPJXdtHPcXFwiBbspump,2026-08-21T17:03:29.988078+00:00,2026-08-21T17:13:58.794003+00:00,7.0827087892818e-08,7.079244822915977e-08,-2.4454e-05,time_stop,0,0.9211531941731771,6602.074555330665,1444.0269826980468,11,4,15,1.4044417454740368,3249.994097142593,,100.0,,,,,,,,,,,,,,,,,,,,
2026-08-21,48c107b3-100a-47d6-b2ab-d9b04f839642,2EPZFRPr64mVj8NbpWYMkpjCC6gxdT1HwMg7Nxv8pump,2026-08-21T17:04:59.931891+00:00,2026-08-21T17:15:28.775362+00:00,2.815457244441719e-08,2.8145355679656278e-08,-1.6368e-05,time_stop,0,0.4001838745117188,5233.01980188012,895.1085894494378,27,1,28,895.0972900769084,3946.435796781499,,100.0,,,,,,,,,,,,,,,,,,,,
2026-08-21,3083906a-a629-4241-a4d5-2e8053995f04,JDJhy6irwSvoMgkY4meFRkUmsxV4Mrd6iuNZXRDmNPYY,2026-08-21T17:06:01.225927+00:00,2026-08-21T17:16:28.770452+00:00,2.8416020396221774e-08,2.8042030201009862e-08,-0.000658062,time_stop,0,1.0628633015950522,6786.390477402968,4956.369919102083,51,32,83,2.0600736328217257,4466.285957067862,,100.0,1787331955000,115.008,2676.893234910865,0.248000454,47.32,49.58,200,9126.0,0.955,79.1,0,mcap;pool,-0.03,0.56,no_exit_within_window,,0,0,live_lower,
2026-08-21,0ab61cde-106d-4f71-9d2b-adf1eb9b0448,C96JghsM6A8LD1RrrGfVvrjhaHijWCkH9gwrGrpjpump,2026-08-21T17:15:29.936642+00:00,2026-08-21T17:16:59.360434+00:00,7.193594277697372e-08,7.794959820262367e-08,0.004179868,hard_stop,1,5.368468371582031,10341.46000744268,95301.77946816897,755,631,1386,1.1524216284399533,5519.008829961874,,75.8225232066232,1787332530000,372.002,7052.546989120847,19.096907922,455.92,446.82,1577,85021.0,1.02,80.4,1,,-3.94,-4.17,trailing_stop,7.338602728114705e-08,1,1,live_lower,1
2026-08-21,7ac166f5-400a-4f94-b990-06e387610921,7u98K61NN6RdrDKU2nazWTcT8fzKbEhrMzikVy1Cpump,2026-08-21T17:16:30.242535+00:00,2026-08-21T17:16:59.660101+00:00,9.438884080952542e-08,8.683773354476339e-08,-0.004,hard_stop,0,1.2521081705729167,7780.859289801123,8399.067983299263,51,32,83,1.6511226231312683,4817.58366597906,,84.8494605666674,1787332610000,439.383,7980.0542128556235,24.033757606,99.49,78.13,214,16728.0,1.273,85.5,1,,11.4,15.26,hard_stop,8.683773354476339e-08,0,1,live_higher,1
2026-08-21,38975c26-05cf-409a-ab20-069fa9a8a485,C96JghsM6A8LD1RrrGfVvrjhaHijWCkH9gwrGrpjpump,2026-08-21T17:17:00.263091+00:00,2026-08-21T17:17:29.356772+00:00,7.135641504180357e-08,6.564790183845928e-08,-0.004,hard_stop,0,5.368468371582031,10341.46000744268,95301.77946816897,755,631,1386,1.1524216284399533,5519.008829961874,,75.8225232066232,1787332620000,462.002,6750.507325318831,18.034066376,463.34,455.3,1638,86518.0,1.018,80.4,1,,-0.45,-0.24,hard_stop,6.564790183845928e-08,0,1,live_lower,1
2026-08-21,9574c48f-5dd6-4b0d-a9b2-af0c9e82a521,5DxQuzw9e1h2XQkC1hG7XRZTwdEHkV8J2kUKi5fgpump,2026-08-21T17:10:30.628453+00:00,2026-08-21T17:20:33.785177+00:00,5.947603674263734e-08,5.976449360146443e-08,0.000242498,time_stop,1,0.8574950602213541,5460.584951167843,1853.057459462007,12,10,22,0.9998156516054734,3336.0222842410794,,100.0,,,,,,,,,,,,,,,,,,,,
2026-08-21,263aaeab-47de-4f72-aa4b-1ba0f95f3b8c,MEMEsmesPz3gTrRjBch5J7KjBWj5inT4jxyV3Qdfwok,2026-08-21T17:13:30.712673+00:00,2026-08-21T17:23:33.711360+00:00,2.8864224525921054e-08,2.8974980801634244e-08,0.000191857,time_stop,1,0.8120816446940105,6116.2440575842165,1581.6071636366007,31,5,36,49.13253047427998,4270.69045014568,,100.0,1787332250000,118.363,2712.4914203225103,0.448460002,10.7,18.25,66,2727.0,0.586,64.9,0,mcap;pool,0.22,0.51,no_exit_within_window,,0,0,live_higher,
2026-08-21,c50e7ab8-7296-4b80-9951-9e618380b79e,EyhqjLLuW6tnpmri3kJbzk7K7U3a8R4Qeb2SjggGpump,2026-08-21T17:17:01.184010+00:00,2026-08-21T17:23:43.893482+00:00,3.288568699707934e-08,3.0254832037312994e-08,-0.004,hard_stop,0,1.3573707885742188,9462.997486674802,13600.728131749556,167,117,284,1.4446007656954372,5391.44787658874,,79.1380564302705,1787332620000,403.556,3000.099759843341,2.022039963,144.79,144.73,724,27267.0,1.0,80.0,0,mcap;pool,3.24,3.27,no_exit_within_window,,0,0,live_higher,
2026-08-21,36a1bb5c-d8f2-4c62-806a-ad1dd845468e,7RY9w8brhM4DgQwiwn4D9cVnk4L7RJuZESS3mEKmpump,2026-08-21T17:23:34.463564+00:00,2026-08-21T17:23:54.395806+00:00,1.0518731524661056e-07,9.677233002688172e-08,-0.004,hard_stop,0,18.212045540364585,20457.88095865399,658831.5239424774,5396,4478,9874,1.0062768011404923,4446.1813371766875,,67.70861748923627,1787333015000,1197.552,9676.174663510237,26.575701584,3310.73,3263.98,10127,619206.0,1.014,80.3,0,vol_mcap,2.38,2.7,hard_stop,9.677233002688172e-08,0,0,live_higher,1
2026-08-21,c3c46f0a-b826-4f4a-babd-c9a4739d2fe3,vEdSdeDgSMtKWX8ZDxt62TPr5jTf2jS9N1t95FSZory,2026-08-21T17:13:59.811444+00:00,2026-08-21T17:24:03.697730+00:00,0.00011718773167294387,0.00010974870608665351,-0.003173978,time_stop,0,1.0838026204427083,5602.644817751512,2580.452107887349,25,17,42,1.3005942880434138,646.0889091159555,,100.0,1787332440000,287.39,472162.1455651435,7.440259,2501.34,1973.91,61,421479.0,1.267,85.3,0,mcap,-98.83,-98.83,take_profit,0.00029296932918235967,1,0,live_lower,0
2026-08-21,f22d89bc-fa75-4ae2-812f-7cf869b19117,6w6oWxxBMJsBD5z5Y4xa72mnKPk2XCewxj3U1F55pump,2026-08-21T17:17:31.213311+00:00,2026-08-21T17:27:33.719580+00:00,9.514197932979965e-08,9.525667183636522e-08,6.0274e-05,time_stop,1,1.3987297973632813,8711.770931343559,3557.8024709402807,14,11,25,1.0000035956876658,2753.683872478125,,100.0,,,,,,,,,,,,,,,,,,,,
2026-08-21,92d5e6e6-a9f4-4671-b606-090d197007df,5DxQuzw9e1h2XQkC1hG7XRZTwdEHkV8J2kUKi5fgpump,2026-08-21T17:20:35.239868+00:00,2026-08-21T17:31:03.831747+00:00,5.976096758333666e-08,5.959124692412189e-08,-0.000142,time_stop,0,0.8574950602213541,5460.584951167843,1853.057459462007,12,10,22,0.9998156516054734,3336.0222842410794,,100.0,,,,,,,,,,,,,,,,,,,,
2026-08-21,d71b8849-a50f-4731-8d63-3c3818429ba1,5sPagwndnLfqMMT9jAjDB5eN5ZLgpYCeHoqoH3uHpump,2026-08-21T17:24:05.291748+00:00,2026-08-21T17:33:34.157316+00:00,8.413868106755542e-08,7.7407586582151e-08,-0.004,hard_stop,0,1.210734061686198,7678.292030286754,780.1013776639663,19,15,34,1.0001141628609937,2753.751396343101,,100.0,1787333595000,1297.711,13376.014822627507,0.196134267,4.4,4.29,40,818.0,1.026,62.3,0,pool,18.48,106.53,hard_stop,7.7407586582151e-08,0,0,live_higher,1
2026-08-21,f15c1695-16ff-4465-958e-df033c88bf48,MEMEsmesPz3gTrRjBch5J7KjBWj5inT4jxyV3Qdfwok,2026-08-21T17:23:45.680397+00:00,2026-08-21T17:34:03.850032+00:00,2.8979334367771854e-08,2.8376006798012835e-08,-0.001040962,time_stop,0,0.8120816446940105,6116.2440575842165,1581.6071636366007,31,5,36,49.13253047427998,4270.69045014568,,100.0,1787333110000,978.363,2704.6878903316697,0.404630074,10.7,18.3,67,2731.0,0.585,64.9,0,mcap;pool,0.91,2.34,no_exit_within_window,,0,0,live_higher,
2026-08-21,bba08ab5-35e6-437b-b378-144209b611e8,Aq1oYBw1GmcKrbapwufRQ6sdKbi5oCHnmYy82xjggoat,2026-08-21T17:23:56.038125+00:00,2026-08-21T17:34:04.017937+00:00,6.105739224934597e-08,6.065631634681079e-08,-0.000328442,time_stop,0,1.2637251220703125,8281.313872564238,2452.7300877787616,32,5,37,13.03135685398745,2102.9778951952558,,100.0,1787332865000,580.392,5691.928570757267,8.624808607,30.45,21.62,63,4904.0,1.408,87.9,1,,1.03,1.3,no_exit_within_window,,0,1,live_higher,
2026-08-21,8ea7f1d9-7408-463a-bb92-0fa77ffe84c4,GHYgUM3uwPo9T2S65mGZg8FwZmWdC4qDxzSBxvXp6Ro,2026-08-21T17:31:04.752616+00:00,2026-08-21T17:35:04.119350+00:00,3.061429686597097e-07,3.3490955828940597e-07,0.004698228,trailing_stop,1,1.1440673950195313,9881.154492551117,2142.616881223064,74,22,96,2.629493259543697,8761.76394806279,,77.27482471564467,1787333465000,1164.04,28995.247964422095,163.421009457,328.92,251.23,2098,54638.0,1.309,86.2,1,,-0.56,-1.6,trailing_stop,3.6319478011024466e-07,1,1,live_lower,1
2026-08-21,eab82991-888f-421b-9134-825fce6ac5a0,2UFzAVVLYgK5Ykj2iQPFnAdnD5pssm2ktf3CW9CMpump,2026-08-21T17:33:35.277450+00:00,2026-08-21T17:35:33.917543+00:00,7.683596276770149e-08,1.1192431413679665e-07,0.022833287,trailing_stop,1,0.8640888753255208,5471.422644448827,7848.978079747893,111,76,187,1.379938114742526,4014.893414635023,,88.6443606080329,1787333615000,1261.185,7327.870892318713,20.046078391,184.87,168.82,957,33310.0,1.095,81.9,1,,-1.25,2.8,trailing_stop,1.2136985740569238e-07,1,1,live_lower,1
2026-08-21,23742952-8266-4847-a73d-5eebd0bf5d04,3XbQ6DAcJwjgcCFZbgjyCY4i6syjYsrt2zYhCpMYLyFB,2026-08-21T17:34:05.882110+00:00,2026-08-21T17:36:34.095521+00:00,2.874143583208906e-07,3.1080582502971324e-07,0.004069293,trailing_stop,1,0.6906538289388021,7906.888644337061,3792.855238166628,60,39,99,1.2234766630949094,7734.049351738174,,76.62626726034111,1787333645000,1196.371,27373.7253170781,152.524369973,631.77,557.15,3256,111972.0,1.134,82.7,1,,-1.11,0.39,hard_stop,2.6442120965521934e-07,0,1,live_lower,0
2026-08-21,76ff82f3-234b-4d0f-9b2a-a43ed372d7cb,6w6oWxxBMJsBD5z5Y4xa72mnKPk2XCewxj3U1F55pump,2026-08-21T17:27:35.352879+00:00,2026-08-21T17:38:03.787898+00:00,9.528797473815317e-08,9.489071660171388e-08,-0.000208451,time_stop,0,1.3987297973632813,8711.770931343559,3557.8024709402807,14,11,25,1.0000035956876658,2753.683872478125,,100.0,,,,,,,,,,,,,,,,,,,,
2026-08-21,055f2a03-05e7-4d38-b8e6-0001b97e6bae,DCunNZU5bbw3dgp44apcKYzgtj6vmfzfQWCcxsFKpump,2026-08-21T17:36:34.949167+00:00,2026-08-21T17:38:04.473883+00:00,2.3246704403899294e-07,2.359215562842706e-07,0.000743011,trailing_stop,1,0.9890688720703125,6452.664584240697,2609.478914332475,43,7,50,7.026236215972609,4364.150772825737,,91.021617576045,1787333795000,1290.942,21995.025010979014,56.704846975,100.39,55.52,595,14684.0,1.808,96.2,1,,-0.46,-0.77,trailing_stop,2.3810473574803848e-07,1,1,live_lower,1
2026-08-21,64fef696-3506-490a-abc8-2ac74b1dfa97,BTtSNwE1xTAU14aWvMACakS5896gnqiUxKWBgG67pump,2026-08-21T17:34:05.513709+00:00,2026-08-21T17:44:33.732216+00:00,2.7901671991979685e-08,2.800013797819263e-08,0.000176452,time_stop,1,0.7743907958984375,6096.532729859527,4801.752500858867,29,16,45,2.214603228859049,4243.849759195982,,100.0,,,,,,,,,,,,,,,,,,,,
2026-08-21,18d8b67c-84c2-428d-b569-3a5ded629dfb,6gagaXi4DyYiLdSQSi7ZhANqVLzvnJfgafifSgTbpump,2026-08-21T17:35:05.009531+00:00,2026-08-21T17:45:33.786921+00:00,7.163620988252029e-08,7.186578313342305e-08,0.000160235,time_stop,1,0.7410574625651042,6614.222676794322,2153.2786573612457,24,14,38,1.0159734863828151,3538.254598468877,,100.0,,,,,,,,,,,,,,,,,,,,
2026-08-21,10951764-0c06-45ec-adf5-ef5542e706fd,8Ausr8ma5NdcQFt2fMfYyfPZ1U6hVHdUiNUFt2gcpump,2026-08-21T17:35:35.066011+00:00,2026-08-21T17:46:04.148337+00:00,3.7887014596029225e-09,3.800264984945595e-09,0.000152605,time_stop,1,1.0574005859375,19608.991867327022,1686.453653195282,62,46,108,1.1362679282260646,2848.795453545552,,99.99999999999999,,,,,,,,,,,,,,,,,,,,
2026-08-21,a45480df-39c9-4a37-a1f8-17718ef56e29,veq2Sf2mDknbrk9maSesYGGUdazp9DYoZhkyaF9pump,2026-08-21T17:38:05.057101+00:00,2026-08-21T17:48:08.892100+00:00,2.7881747210195262e-08,2.789261576003519e-08,1.949e-05,time_stop,1,0.7776414835611979,10308.240557931522,7692.710698100897,74,29,103,2.1072626522248825,5492.112828427102,,100.0,,,,,,,,,,,,,,,,,,,,
2026-08-21,bb8411c4-d45c-4dd5-9e2c-a75882192a37,2b6TrUvGP1ZsRjNJ5cBuXKCQdA1X549vTSFKpmTvpump,2026-08-21T17:38:05.427796+00:00,2026-08-21T17:48:09.112921+00:00,2.7902445376506033e-08,2.7904344590665697e-08,3.403e-06,time_stop,1,0.8865658813476562,5791.845979229138,20016.902191536286,89,70,159,1.1491543497269012,4138.2885440189675,,100.0,1787332965000,370.579,2637.5505643435145,0.024898153,105.1,116.72,231,20891.0,0.9,78.0,0,mcap;pool,-0.37,-0.2,no_exit_within_window,,0,0,live_lower,
2026-08-21,cd17f420-50e5-4036-8578-9702e083717b,84jUGKCMm1xNfD5jBcxZ79ihAsqFjJeTqYsQihB8pump,2026-08-21T17:48:10.120738+00:00,2026-08-21T17:49:34.389816+00:00,2.5998412120575605e-07,2.391853915092956e-07,-0.004,hard_stop,0,19.862902286783854,24181.365221344277,96723.24419608829,1344,824,2168,1.125769672387466,8487.232145787417,,53.51246879766319,1787334490000,1245.666,24805.768383575967,62.283582103,580.82,519.31,2244,103610.0,1.118,82.4,1,,-1.29,-2.13,hard_stop,2.391853915092956e-07,0,1,live_lower,1
2026-08-21,1b7882fc-7473-4d95-b5e7-fe6c2e61baa3,8z6CMW2iZR995zxZu8F8UczxT3kFnouv4HiSyYtL9bsn,2026-08-21T17:44:35.149684+00:00,2026-08-21T17:54:48.953081+00:00,1.6098338253869052e-07,1.5839078736178082e-07,-0.000805237,time_stop,0,1.0393771728515624,8944.525865906542,937.4824861119293,34,8,42,4.0686369365632284,8341.023731975947,,92.44229128175972,1787334275000,1294.962,15402.466009769589,118.461175829,188.01,154.61,1608,32268.0,1.216,84.3,1,,-1.57,-0.49,trailing_stop,1.611333312958346e-07,1,1,live_lower,0
2026-08-21,c2cb16bc-c35a-43ef-9610-35a0b133fa97,QRScwz5Z3DYBCzkBnckyXoN9ZoVSoDGMhrmGwWCQTAS,2026-08-21T17:45:34.331183+00:00,2026-08-21T17:55:48.964106+00:00,3.6480999830929584e-08,3.637963535147128e-08,-0.000138928,time_stop,0,0.6671264892578125,6649.5834829307405,11041.131202365523,66,34,100,1.3728833230508075,1644.0575163944713,,100.0,1787334515000,1475.844,3427.4702779654167,3.293941355,161.81,153.77,382,29721.0,1.052,81.0,0,age;mcap;pool,0.24,0.27,no_exit_within_window,,0,0,live_higher,
2026-08-21,eaeb4079-a657-4381-a11e-ac0861bd62f9,651V6dzaBCR1ynyBvyqqtPFr3n8m7rmKrByvEuopump,2026-08-21T17:46:06.732860+00:00,2026-08-21T17:56:18.969903+00:00,2.912146447594928e-08,2.9032028725598473e-08,-0.000153556,time_stop,0,0.4692152913411458,9272.582031378373,8356.216391613205,81,63,144,1.8402022598039722,5450.176242944162,,100.0,,,,,,,,,,,,,,,,,,,,
2026-08-21,4351cd1e-adf6-4266-8680-acfd100775c7,CGqExC6mPW6N97JdZwKEctJvhYNQ7tHW9CS6K1cqpump,2026-08-21T17:56:20.140553+00:00,2026-08-21T17:57:49.531124+00:00,6.795892020881142e-08,6.252220659210651e-08,-0.004,hard_stop,0,3.003199491373698,9361.284994531117,47846.571309540304,691,860,1551,1.1103878428319924,5445.333898083731,,100.0,1787334980000,1310.903,5754.083151476777,14.824415179,315.96,304.61,1892,58445.0,1.037,80.7,1,,11.23,12.75,hard_stop,6.252220659210651e-08,0,1,live_higher,1
2026-08-21,cdeaf7f9-e52f-4a5a-8888-ea3ac687cbb0,FqMky6ZAyG4ToEF7eFPQJCE245QXV58w2bYdaYb4pump,2026-08-21T17:48:09.801625+00:00,2026-08-21T17:58:18.974278+00:00,7.48659881001741e-08,7.488215681135377e-08,1.0798e-05,time_stop,1,0.36586782633463544,6070.058174674645,876.3205473144619,11,7,18,1.413664448567813,3022.4716564369546,,100.0,,,,,,,,,,,,,,,,,,,,
2026-08-21,10ca367c-b41b-4e41-8df2-79af85379dbd,HogodQefc4B5y21bT7P6TkzJMrt3ML5d1kZiDCgqpump,2026-08-21T17:49:36.126240+00:00,2026-08-21T17:59:48.955991+00:00,2.8907380892252417e-08,2.8368748241388028e-08,-0.000931652,time_stop,0,0.5807713053385417,9020.726313319208,13255.569220076479,90,66,156,1.444494736917541,5630.992676950302,,100.0,1787334595000,1307.268,2633.1780100682017,5.1e-08,82.15,87.15,204,15945.0,0.943,78.9,0,mcap;pool,3.39,,no_exit_within_window,,0,0,live_higher,
2026-08-21,846c59ed-14b6-4c48-9415-c5e217c65916,49FrXSe5ybY1S8ptAFXgu98mctWy28u2eKv4J8X6pump,2026-08-21T17:57:49.985853+00:00,2026-08-21T17:59:49.408881+00:00,6.522591524356119e-08,6.000784202407629e-08,-0.004,hard_stop,0,0.9628205200195312,6063.27290907416,1482.7416093023578,15,1,16,1481.7909809722937,4236.32443600755,,100.0,1787335175000,1409.517,2635.772628815306,0.014776737,3.51,18.31,35,2056.0,0.192,48.2,0,age;mcap;pool;buy_sell,133.06,133.19,hard_stop,6.000784202407629e-08,0,0,live_higher,1
2026-08-21,e3c199b8-d8df-4f6c-9367-e52fe690124c,EdLYXpxqcyjCFizPcwBcThMairofhD6yRqRMZAfJ77vx,2026-08-21T17:58:19.719251+00:00,2026-08-21T18:01:24.125837+00:00,3.750436740909058e-08,5.014516823798662e-08,0.016852438,trailing_stop,1,0.8043175944010417,6237.444031522298,26003.53116562401,288,216,504,1.1227718900063626,4294.192553525048,,100.0,1787335125000,1339.897,3862.9788657737004,6.336434718,165.77,164.37,676,31093.0,1.009,80.2,0,age;mcap,-8.56,-3.52,trailing_stop,4.019663716774502e-08,1,0,live_lower,1
2026-08-21,d862d3d3-1365-4ead-85f8-878a68e4e790,8rLHhURNHp7GzEXmP5TdWTp6XgHvuqW7iczPMXvrpump,2026-08-21T17:54:49.516432+00:00,2026-08-21T18:04:53.804320+00:00,2.9713444877443857e-08,2.965543126944904e-08,-9.7622e-05,time_stop,0,5.398202750651041,8055.245953778569,45148.399141790935,655,577,1232,1.1001114474941225,5554.071585960395,,99.9383935055228,1787334650000,1031.963,2768.203811806662,0.759564243,264.82,266.03,1399,49996.0,0.995,79.9,0,mcap;pool,1.09,1.09,no_exit_within_window,,0,0,live_higher,
2026-08-21,eacbf9fe-ce81-40ef-ab5b-a6db30624bec,5Go3rqKz1UCVSGXWzWmsJeDt5RXkDZaK2Jdnumttpump,2026-08-21T17:55:49.833659+00:00,2026-08-21T18:05:53.805861+00:00,2.7992340905817344e-08,2.794435848519927e-08,-8.5706e-05,time_stop,0,0.6783482706705729,7802.9833218317,7860.702663131123,121,64,185,1.7104915338834517,4815.570156924113,,100.0,,,,,,,,,,,,,,,,,,,,
2026-08-21,f81f617f-0548-49c4-b1fd-bc3fa2dd8081,EjiTRLre3qL9AdUyJDe65PdJbevBeoPrVB1GTtcMpump,2026-08-21T18:05:55.104769+00:00,2026-08-21T18:06:54.617383+00:00,2.078755405405642e-07,1.9124549729731907e-07,-0.004,hard_stop,0,21.317458911132814,19975.372874239485,238801.96330237546,2187,2053,4240,1.0482961481063973,4466.759907384983,,58.536742390876455,1787335560000,1317.615,22458.05668879941,48.073505133,1365.58,1292.79,4284,250366.0,1.056,81.1,1,,-12.83,-14.13,hard_stop,1.9124549729731907e-07,0,1,live_lower,1
2026-08-21,63eadff2-879b-4490-b2b3-3ff0e45ac557,4QovehpwK8BZCpEb7CukpMvWseUAczzXbAc8hiQ9pump,2026-08-21T18:04:55.329124+00:00,2026-08-21T18:07:54.378495+00:00,2.84940065749431e-08,4.269727068242753e-08,0.024923248,trailing_stop,1,3.441121016438802,5599.539440264723,39323.34359797812,648,525,1173,1.0688527274459034,4054.68535364553,,99.9959457336541,1787335530000,1347.317,3151.3817242574737,2.819476793,226.35,226.53,1297,42652.0,0.999,80.0,0,age;mcap;pool,-14.84,-16.61,no_exit_within_window,,0,0,live_lower,
2026-08-21,fac68195-21fd-4ec2-9406-b1d827330c22,AVVJtBREXn29iszu2xEL4Q2KEU8ivhhUTjWf7sQiCt2r,2026-08-21T17:59:49.844678+00:00,2026-08-21T18:09:53.821636+00:00,2.8536670664190754e-08,2.8515178132924108e-08,-3.7658e-05,time_stop,0,0.7081686075846354,5544.4778223078465,12834.700618401697,77,30,107,1.2224842909798799,4036.378113051965,,100.0,,,,,,,,,,,,,,,,,,,,
2026-08-21,8354ae98-c215-4315-9a6b-0fe36131ab1f,8xn4fxZJQy1iXcMXdFvMyv46jwVXruTkUAvMDBfapump,2026-08-21T17:59:50.207763+00:00,2026-08-21T18:09:54.002982+00:00,4.092770901916397e-08,4.087517854677498e-08,-6.4175e-05,time_stop,0,0.44975634765625,37357.34882888812,20049.59140166633,158,114,272,1.9711588987893658,6709.916259110064,,100.0,1787335565000,1683.123,3883.5983425598697,9.36124992,252.42,229.55,635,45392.0,1.1,82.0,0,age;mcap,-0.75,-0.64,no_exit_within_window,,0,0,live_lower,
2026-08-21,79eefdaa-ef89-4ca3-8ac6-07316483c951,CNYnAwK1bd6EUtKrAZRroyz3yywctBRMVHd5XobUpzHw,2026-08-21T18:09:54.622532+00:00,2026-08-21T18:11:24.336891+00:00,9.306845126870563e-08,8.562297516720919e-08,-0.004,hard_stop,0,13.309022098795573,46526.09129789439,193131.12540744708,2870,2043,4913,1.0887165779536023,7271.833508190592,,49.5022910770703,1787335795000,1256.714,8620.070656092128,23.645722886,1381.13,1336.53,6641,255949.0,1.033,80.7,1,,1.68,1.84,hard_stop,8.562297516720919e-08,0,1,live_higher,1
2026-08-21,d050bf70-fd7f-4d98-a57b-9a65dcedd7eb,9DfdiKBcchMSEW859PSTEem94gk29nqBGz5WBX5opump,2026-08-21T18:01:25.543747+00:00,2026-08-21T18:11:53.805512+00:00,1.701555317044336e-07,1.7000876223780914e-07,-4.3128e-05,time_stop,0,0.8755993448893229,15653.289450579465,565.0256956537362,13,4,17,1.003307300044688,2756.3988311934395,,100.0,1787334385000,335.673,32101.067226923104,0.000537057,2.76,3.08,18,550.0,0.894,35.4,0,pool;score,-0.16,-0.16,no_exit_within_window,,0,0,live_lower,
2026-08-21,b8798207-bf00-4cca-bb08-106db7a7a68f,CdJPLXKamDT9PStEtTjefSdUB8TkrQRFsoop15DimpJ9,2026-08-21T18:07:55.883107+00:00,2026-08-21T18:12:24.045715+00:00,4.599317515871162e-08,4.896626889978015e-08,0.003232103,trailing_stop,1,3.828373722330729,16871.493002375177,402867.932804281,4117,3512,7629,1.0339019019426043,3876.094809676664,,86.3847078448385,1787335675000,1299.104,4380.845458375836,11.959231706,2337.25,2297.56,8528,436506.0,1.017,80.3,0,mcap;vol_mcap,-1.12,-13.63,trailing_stop,4.898905509928376e-08,1,0,live_lower,1
2026-08-21,19409b83-6d63-4c1a-850f-890a19e894bc,REVFKcuXjG2EoHKxtpXjy2CBgkENsxkgR2wJvespump,2026-08-21T18:11:54.448748+00:00,2026-08-21T18:12:59.361622+00:00,7.679485655556528e-08,7.065126803112006e-08,-0.004,hard_stop,0,0.7511234497070313,6503.840451530412,8591.3819045876,81,45,126,1.4671573699939593,4839.010886287166,,83.8825342087168,1787335935000,1291.29,7314.686320043956,20.001035658,121.5,103.48,435,21189.0,1.174,83.5,1,,-1.12,-1.13,hard_stop,7.065126803112006e-08,0,1,live_lower,1
2026-08-21,be44fa07-8248-48fa-937f-7b2636ac9cce,CsienZnXcwWVi3ps1rZsRLoUeQmQwdZyuvbNmRbVpump,2026-08-21T18:11:25.435041+00:00,2026-08-21T18:14:29.172051+00:00,7.737683352204909e-08,8.838538755187359e-08,0.007113598,trailing_stop,1,11.831971451822916,8917.985455924763,79946.9056668521,804,753,1557,1.0608797185102734,5260.727341200707,,89.3898930881175,1787335885000,1304.563,7441.274152123232,20.431838524,486.29,473.86,1741,90426.0,1.026,80.5,1,,-2.07,-2.45,trailing_stop,8.147046414734422e-08,1,1,live_lower,1
2026-08-21,fc0f08a3-52fb-40eb-a6fa-47c098ebddd8,SYNDCqJu8sz5Ytdt6kie1N9LydaFwkhPnRs3p3Nmwkx,2026-08-21T18:06:55.350944+00:00,2026-08-21T18:16:58.961615+00:00,2.816930378413842e-08,2.8025878283557994e-08,-0.000254578,time_stop,0,0.9296536092122396,6341.872656077789,1653.4647532604265,29,6,35,43.822778326338735,4328.504955391482,,100.0,1787335570000,1231.122,2637.2366149489,0.023111139,11.22,18.5,63,2799.0,0.606,65.3,0,mcap;pool,0.6,0.75,no_exit_within_window,,0,0,live_higher,
2026-08-21,6bc991d2-a970-4cf7-830e-ec7dc35b1900,FEa2a3VJHVdU2dfZnc44L7goT7KBruYYLUcvRsQ5Vo2R,2026-08-21T18:16:59.668576+00:00,2026-08-21T18:17:29.669101+00:00,1.320743533177942e-06,1.2150840505237067e-06,-0.004,hard_stop,0,0.7901744547526042,38224.304429393604,16641.493028730438,275,68,343,2.1019055332534555,7289.651243493007,,93.87611543146305,1787336220000,1312.151,129341.79510283557,155.479907954,3328.41,3188.98,12746,613808.0,1.044,80.9,0,mcap,-3.83,-4.33,hard_stop,1.2150840505237067e-06,0,0,live_lower,1
2026-08-21,505e2a55-d0c1-41fa-bff1-1b64b65c91c7,7BEnr9kXaZKZoMNCw693HPAr9hE74RU8qPAYyS2Wpump,2026-08-21T18:09:55.147077+00:00,2026-08-21T18:19:58.901485+00:00,2.821706156693904e-08,2.8196057955040747e-08,-3.7218e-05,time_stop,0,0.5883167154947917,7118.554635491012,8626.796432010879,67,58,125,1.545946632210026,5120.6539934698085,,100.0,1787335475000,917.167,2656.8632363606725,0.134621878,210.71,216.08,813,40195.0,0.975,79.5,0,mcap;pool,0.02,-0.62,no_exit_within_window,,0,0,live_higher,
2026-08-21,e7ffa475-feaa-4a98-858c-fa67fc0d2f00,rya2vjvx2Qcpbv5P1xu78zgFvAD4Vfh2YpU5esipump,2026-08-21T18:17:31.087334+00:00,2026-08-21T18:20:29.327910+00:00,8.084296326227352e-08,1.0651919938115168e-07,0.015880316,trailing_stop,1,12.885233247884115,19933.538661656155,63370.38649356782,702,648,1350,1.1712224570546343,4246.34219903495,,83.23076823955506,1787336250000,1301.871,7684.825465549094,20.337475476,435.0,395.7,1642,78236.0,1.099,82.0,1,,-0.92,-11.31,trailing_stop,1.0646724647966372e-07,1,1,live_lower,1
2026-08-21,f02dab90-931e-44ae-87f5-f226359cc79f,BEb2nBHuAXw4bnpPrP6Zbs62Hyb3Z6RMM63niTpxpump,2026-08-21T18:12:25.232418+00:00,2026-08-21T18:22:28.981950+00:00,2.8403699430627194e-08,2.8305872013706066e-08,-0.000172209,time_stop,0,0.6737560343424479,6327.0265961376035,10983.636987402639,125,92,217,1.3332104344753308,4321.650892838273,,82.5770921760778,1787336070000,1405.578,2667.519297618807,0.194992896,184.15,185.88,792,34849.0,0.991,79.8,0,age;mcap;pool,0.28,0.32,no_exit_within_window,,0,0,live_higher,
2026-08-21,d103a2ab-c6b3-41d3-91bd-71d326d8f09b,Fm6qaYxV1CRjexQom9m77pdcdTRLHv6KL7MU5T4Lpump,2026-08-21T18:13:00.533875+00:00,2026-08-21T18:23:03.826059+00:00,2.9105847205830757e-08,2.9074419682648605e-08,-5.3988e-05,time_stop,0,0.9305006673177083,6456.150151102664,5254.115763682009,36,21,57,1.8887803215882746,4370.5683970033915,,100.0,1787335575000,871.534,2849.9646506107692,2.281826745,68.51,69.01,173,12952.0,0.993,79.9,0,mcap;pool,-3.82,-1.89,no_exit_within_window,,0,0,live_lower,
2026-08-21,1742effa-8408-4bc3-a84b-06901fb9f4c7,bidxMMbPbmxNSyzGqBdxbPtzJMnqdBUbcS3eNid84nV,2026-08-21T18:19:59.404403+00:00,2026-08-21T18:23:19.067388+00:00,3.921869432066197e-08,3.6081198775009015e-08,-0.004,hard_stop,0,1.1206148966471354,7324.8512671248245,3775.903554792249,43,11,54,3.0497088683539526,1911.1615198378452,,100.0,1787336335000,1198.659,3689.8641484813857,6.077001218,90.98,71.12,254,15267.0,1.279,85.6,0,mcap,0.1,6.22,no_exit_within_window,,0,0,live_higher,
2026-08-21,241a5319-1520-42a6-aad2-d1d4fbb08325,FcfR1Q19YfswdvLhgdjT7ix2XpURhPVNeKGGfF7kpump,2026-08-21T18:20:29.767008+00:00,2026-08-21T18:23:59.144210+00:00,1.2076918564814082e-07,1.1110765079628956e-07,-0.004,hard_stop,0,1.4445602986653645,5953.537226612528,4129.679086725105,53,25,78,1.9934945407851434,4259.623510029552,,85.9478993469171,1787336425000,1281.385,11624.877011328828,33.034067126,128.41,96.86,452,21216.0,1.326,86.5,1,,-2.16,0.03,hard_stop,1.1110765079628956e-07,0,1,live_lower,1
2026-08-21,a7c36b2d-d7ad-4b02-b5ab-b398746b4bb0,FN88Cjy5GFA8D2ZFwwWCkVTTUGrGSxkwAB637KxZpump,2026-08-21T18:14:30.139960+00:00,2026-08-21T18:24:58.923197+00:00,2.8069398515757606e-08,2.8048733723014472e-08,-3.681e-05,time_stop,0,0.8480604410807292,12571.625216930976,3355.642241773039,15,2,17,548.6730094337826,6096.674004493938,,100.0,1787335900000,1134.154,2637.3571342463547,0.076575966,30.26,56.9,118,8209.0,0.532,70.6,0,mcap;pool,0.24,0.39,no_exit_within_window,,0,0,live_higher,
2026-08-21,71854e52-f86d-45ef-b20f-a8261d5e0b21,C2CbmGjbHfjqrcBskTVBajmnp6Rdq2vrL9Mm5sgSpump,2026-08-21T18:24:59.806165+00:00,2026-08-21T18:26:29.496269+00:00,8.697278562641602e-08,1.346446150396216e-07,0.027406176,trailing_stop,1,0.9987380208333333,6290.03792931572,10920.594146563706,106,89,195,1.3320785178979415,4307.928471127225,,76.1506848939115,1787336700000,1316.6,6156.554976991483,23.021386224,286.9,275.02,1159,52922.0,1.043,80.9,1,,33.05,28.15,hard_stop,8.001496277630274e-08,0,1,live_higher,0
2026-08-21,2ab0ff5c-71d3-40e2-8b83-cb99611b3d26,4QfouTagbJcpii5H7oMBszpEt44jeEjvJq6yD3wTpump,2026-08-21T18:22:30.655425+00:00,2026-08-21T18:30:08.871987+00:00,3.1175977924025486e-08,2.8681899690103447e-08,-0.004,hard_stop,0,8.538551973470051,22928.988804731285,141992.77186684858,2082,1587,3669,1.0814981099199685,4608.441415674266,,85.17534314413545,1787336550000,1295.286,2918.6641408714922,5.798482293,901.86,878.42,4534,167666.0,1.027,80.5,0,mcap;vol_mcap,0.6,0.74,hard_stop,2.8681899690103447e-08,0,0,live_higher,1
2026-08-21,3ad842c4-4c6b-4538-b2d6-7d2d1dae659d,BfH8CKaVFBTUJaesJsr18jARDVgsvULFgWWAaBatpump,2026-08-21T18:23:04.497353+00:00,2026-08-21T18:31:38.889700+00:00,3.5516978589138393e-08,3.2675620302007326e-08,-0.004,hard_stop,0,3.1236629191080727,13874.868276269885,49337.53096623373,605,505,1110,1.1597854382277886,6540.396450161167,,99.74657931393106,1787336590000,1302.562,3269.1308512943806,3.426992227,338.94,339.51,1755,63896.0,0.998,80.0,0,mcap;pool,2.32,3.43,no_exit_within_window,,0,0,live_higher,
2026-08-21,320b03ff-e97d-4331-8470-4fd2c9cee77d,BjdLzD9F4o3RLvGWii1qqey8QCuTUKQPpffamNDapump,2026-08-21T18:31:40.107155+00:00,2026-08-21T18:32:39.519249+00:00,3.4638833277626134e-07,3.649386180755397e-07,0.002677672,hard_stop,1,20.392818229166668,31917.028113131717,125903.2393656168,1749,1383,3132,1.1170001162709309,9717.781910951344,,59.26329817827161,1787337100000,1223.164,31434.034381719975,74.275019533,719.5,649.85,3139,128965.0,1.107,82.1,1,,3.78,4.09,trailing_stop,3.7142796737632813e-07,1,1,live_higher,1
2026-08-21,cd8b1506-3d33-4b4e-9fb9-c02f80337608,BjdLzD9F4o3RLvGWii1qqey8QCuTUKQPpffamNDapump,2026-08-21T18:32:40.508721+00:00,2026-08-21T18:33:09.505400+00:00,3.59988522691449e-07,3.311894408761331e-07,-0.004,hard_stop,0,21.40317575683594,33018.45144058523,127977.421395821,1783,1408,3191,1.1178351421426709,9889.396172984301,,59.26329817827161,1787337160000,1283.164,30489.087317876834,75.469929921,734.69,666.6,3203,131973.0,1.102,82.0,1,,11.2,11.14,hard_stop,3.311894408761331e-07,0,1,live_higher,1
2026-08-21,ec5b2b31-e856-4124-87b0-15df340979fd,HUWB9jT31WheSWAwPwQp3dQhzRdJhq7yvMaP4hXupump,2026-08-21T18:23:20.705729+00:00,2026-08-21T18:33:38.884991+00:00,2.846957542700401e-08,2.8489734587815064e-08,3.5405e-05,time_stop,1,0.8428320475260417,7604.767151450792,8178.268022243497,126,288,414,1.6512744171783575,4762.274129567988,,100.0,,,,,,,,,,,,,,,,,,,,
2026-08-21,967207e5-2d74-4a35-94f9-51320bcaf5ce,HseZkrDQLbSbkVNScFb7H9yS1XYeCUe4Aj89CtMJpump,2026-08-21T18:24:00.470304+00:00,2026-08-21T18:34:03.898821+00:00,5.956610654994404e-08,5.9568532455513446e-08,2.036e-06,time_stop,1,0.9544342895507812,5472.064493433375,1381.7344022687194,10,8,18,1.0000000001328349,2753.293969334679,,100.0,,,,,,,,,,,,,,,,,,,,
2026-08-21,88001208-daf5-4680-b917-39dfc1797c09,48EPLn5FuZLCEjF77oc7PpGv7GGB4X2XFeuesUVNpump,2026-08-21T18:26:31.118843+00:00,2026-08-21T18:36:33.844033+00:00,7.612988020168901e-07,7.621368239455477e-07,5.5039e-05,time_stop,1,1.2289708821614582,17390.127633389195,4202.901520573103,93,77,170,1.022717020979904,2859.5636879925737,,100.0,,,,,,,,,,,,,,,,,,,,
2026-08-21,27460e35-a7d5-4873-a981-9e17e1bbd4f6,8GYniL3ucaxVk9Y2tgeVZm9DTKVXdNhT6oPhmbWCbBHe,2026-08-21T18:34:05.067673+00:00,2026-08-21T18:36:54.638402+00:00,3.1142192735836066e-07,3.8704224259993404e-07,0.012141135,trailing_stop,1,1.4814830322265624,19664.260054248323,37019.64910071836,358,169,527,1.313036197858907,9857.123943666616,,75.4211054974825,1787337245000,1190.533,29448.154513625002,129.047390903,1065.16,986.78,4400,193251.0,1.079,81.6,1,,-0.4,0.71,trailing_stop,3.7944201808305807e-07,1,1,live_lower,1
2026-08-21,12acd5c0-917e-4ad0-b450-3eb700cf25f8,ELpx2Dwo42WkhtyswyPtZfkeRA6VaBwY8iraUJfCpump,2026-08-21T18:30:09.510607+00:00,2026-08-21T18:37:18.905737+00:00,3.424690837255664e-08,3.150715570275211e-08,-0.004,hard_stop,0,1.218856034342448,11979.81106437597,15993.366054945553,206,112,318,1.4979056337544687,6000.520456647693,,81.8295076301344,1787337010000,1291.288,3218.2309280045147,3.165752985,246.33,246.57,2198,46421.0,0.999,80.0,0,mcap;pool,0.22,0.22,hard_stop,3.150715570275211e-08,0,0,live_higher,1
2026-08-21,4da13ec7-199f-4e82-97af-ec7b62d270b6,92wvJurhJQ1CShzrXatLTqKacJNtFVLwELgJJEpynTev,2026-08-21T18:33:10.266931+00:00,2026-08-21T18:43:13.962047+00:00,2.9603821481604876e-08,2.9691112139681682e-08,0.000147431,time_stop,1,0.8484175618489583,7679.988410361056,8291.635253798098,80,38,118,1.6417141138610791,4770.165665798428,,100.0,,,,,,,,,,,,,,,,,,,,
2026-08-21,b9c7f8c1-adbe-4e9d-a266-05b721e51b57,EoeSnr2b5jaxYpxRhfmc22puuYVCNxWfKjAuq3fom2Lq,2026-08-21T18:33:39.552246+00:00,2026-08-21T18:43:43.987940+00:00,2.8591115239422407e-08,2.872423368463421e-08,0.000232797,time_stop,1,0.2534725382486979,6157.595994404548,2653.1939883251607,19,5,24,3.842393475810691,4313.380230326631,,100.0,,,,,,,,,,,,,,,,,,,,
2026-08-21,fb806510-84c7-4097-97ac-737389b24374,Gq8e6pv5d7ehEqfbWyzSzr2a1nLdau52GUxvHh9xpump,2026-08-21T18:36:55.183323+00:00,2026-08-21T18:43:44.316766+00:00,3.4835152440668046e-08,3.204834024541461e-08,-0.004,hard_stop,0,6.965565474446614,9025.195953894983,78825.21602248037,1329,1003,2332,1.062835715252824,5321.456429319813,,87.38086107349686,1787337430000,1289.903,3260.9826671136875,3.385308564,479.41,479.06,2709,90269.0,1.001,80.0,0,mcap;pool,0.61,0.62,hard_stop,3.204834024541461e-08,0,0,live_higher,1
2026-08-21,650a9f61-4b88-421c-b251-b0d90f9900d7,EmCKsGVs4qCt6kdE5B3saWYvj1ibdALLZGcdJQHxory,2026-08-21T18:43:45.276902+00:00,2026-08-21T18:46:14.652960+00:00,0.0006810629159951968,0.0006265778827155811,-0.004,hard_stop,0,0.7908363159179688,11839.165209348423,3709.2330934227707,28,5,33,8.897008633052108,3188.1251024234402,,89.177122071,1787337820000,1293.835,2913297.9752059006,8262.775882,24978.12,14882.52,390,3754075.0,1.678,93.6,0,mcap,-98.9,-98.89,take_profit,0.001702657289987992,1,0,live_lower,0
2026-08-21,5ed557af-d9f5-4741-a51a-b01b5244e684,5EcYYFMCJ8jtFC8bcmQo1ED2U5QzQSRM2kg1qGE5pump,2026-08-21T18:36:34.628902+00:00,2026-08-21T18:46:44.025401+00:00,3.011510763956737e-08,3.030298243795195e-08,0.000311928,time_stop,1,1.3729459187825521,5587.357816204679,17818.449857976615,301,291,592,1.1578858228943498,4198.222541497781,,100.0,1787337370000,1294.203,2831.863669445341,1.111239764,128.01,131.9,790,24479.0,0.971,79.4,0,mcap;pool,0.15,0.36,no_exit_within_window,,0,0,live_higher,
2026-08-21,691e3a82-b129-4200-af98-83b1cab1b1ff,contPr8i1zfzuiEBWJNmjZtvT7j3WKhAUkwUapBg1TW,2026-08-21T18:37:19.718623+00:00,2026-08-21T18:47:43.995389+00:00,3.115052653325228e-08,3.052865286942298e-08,-0.000998175,time_stop,0,7.011389013671875,12433.589132426834,59044.817978660125,1008,775,1783,1.1190606373355527,6078.859890824674,,98.54907019833848,1787337440000,1256.497,2930.780644539784,1.649933757,366.92,375.17,2144,69890.0,0.978,79.6,0,mcap;pool,0.1,0.07,no_exit_within_window,,0,0,live_higher,
2026-08-21,acac4edf-9ecd-45c6-8ccb-e0807925dda1,2HaMsuBif4JJwGcu8hRAu2Nro7x2BzqvKWXAjYCvpump,2026-08-21T18:47:44.416364+00:00,2026-08-21T18:49:14.760968+00:00,5.7861649318163994e-08,5.8569748221595016e-08,0.00061189,trailing_stop,1,1.2097554850260417,5731.65375860402,7149.49382592473,115,60,175,1.4702753488926394,4118.80863935965,,100.0,1787338065000,1193.076,6016.157348822481,16.01192784,83.17,69.83,337,14410.0,1.191,83.8,1,,-9.42,-9.62,trailing_stop,6.260176472548345e-08,1,1,live_lower,1
2026-08-21,e096d713-60f0-4f1d-abde-dafcd1b754ee,ASPqWjrpvFCePNh1HjJjJtAndjPUD7LfQ4fgqNYzpump,2026-08-21T18:43:15.056247+00:00,2026-08-21T18:50:43.935584+00:00,3.21327621368482e-08,2.956214116590035e-08,-0.004,hard_stop,0,0.8524501383463542,5559.823148463567,3055.0144727060647,93,43,136,2.4597535660134233,4046.9410508601723,,100.0,1787337995000,1482.657,2839.9083062324103,1.155398134,52.99,55.0,423,10171.0,0.964,79.3,0,age;mcap;pool,6.56,13.24,no_exit_within_window,,0,0,live_higher,
2026-08-21,59859d83-d7b9-4900-9d42-0fbd7d8eb81c,2HaMsuBif4JJwGcu8hRAu2Nro7x2BzqvKWXAjYCvpump,2026-08-21T18:49:15.448609+00:00,2026-08-21T18:50:44.605177+00:00,5.655111356401846e-08,5.690822696543819e-08,0.000315744,trailing_stop,1,1.2097554850260417,5731.65375860402,7149.49382592473,115,60,175,1.4702753488926394,4118.80863935965,,100.0,1787338150000,1278.076,5314.633798674508,12.620429198,86.62,76.0,352,15315.0,1.14,82.8,1,,0.21,5.96,hard_stop,5.2027024478896984e-08,0,1,live_higher,0
2026-08-21,13b03682-1ed9-497b-8259-9bfe1095355b,7HHdY5r9pqhnXV68TLgfobefKzGnArxEUZvEQZULGAau,2026-08-21T18:43:44.932851+00:00,2026-08-21T18:51:13.970444+00:00,2.1031297613617071e-07,2.5325507078141377e-07,0.010209093,trailing_stop,1,0.8888172078450521,11664.7956501001,7667.180901970689,108,64,172,1.571018333702499,9514.009170040585,,91.9709076622382,1787337825000,1308.674,19952.33115364435,138.144152343,1264.24,1211.08,5787,233126.0,1.044,80.9,1,,-0.73,-0.07,trailing_stop,2.50938095317373e-07,1,1,live_lower,1
2026-08-21,f1399156-6538-4638-ad51-031816b9916a,7zr3BxkgKCk1AYuMDeknHSZy7td8cnEZYQCtF6GBv1gP,2026-08-21T18:51:15.334463+00:00,2026-08-21T18:53:14.588663+00:00,1.3782712229732556e-07,1.617198664766532e-07,0.00866765,trailing_stop,1,0.8189183837890625,8510.816468259129,3243.6447495301068,118,32,150,1.2186517389073024,8332.862057984348,,89.73158323987761,1787338275000,1279.837,13043.767965429193,110.957430177,963.14,937.18,4793,178972.0,1.028,80.6,1,,-0.48,-0.13,trailing_stop,1.688713949964064e-07,1,1,live_lower,1
2026-08-21,8d9e7ca5-de54-4b64-9784-0c6ea3485e03,En5ggWPFypLuJxuzrCUjpnHkotvAAinmnCJzxs5pump,2026-08-21T18:53:15.220467+00:00,2026-08-21T18:55:54.554630+00:00,3.5482296491504494e-08,5.155561585576198e-08,0.022649773,trailing_stop,1,1.1481405151367188,10403.88421554362,23586.271420887162,336,217,553,1.2685865623715398,5545.813633057691,,99.8618326198087,1787338400000,1311.185,3138.9425862131366,2.754640207,255.19,254.21,1123,47975.0,1.004,80.1,0,mcap;pool,6.46,6.73,trailing_stop,5.136376385123336e-08,1,0,live_higher,1
2026-08-21,7045588a-5c79-425e-a4ba-d3b1aee1e7e5,5sKgvRYmCHC1YNnzrG956pdHQoATwHEgXDXvkFiqpump,2026-08-21T18:46:15.068398+00:00,2026-08-21T18:56:23.941963+00:00,2.8332992492287807e-08,2.8283082158405983e-08,-8.8078e-05,time_stop,0,0.9748861653645833,16145.312964419936,16071.52591166552,241,85,326,1.7024546304732275,6933.419845308704,,99.94458801766879,1787337950000,1284.464,2658.970933298178,0.146572587,488.07,489.93,2095,92108.0,0.996,79.9,0,mcap;pool,0.35,0.37,no_exit_within_window,,0,0,live_higher,
2026-08-21,08a9e285-19c6-44a3-9a78-5598ef59c885,3iKxULVAZ7gCTLhyVpfmM2dDjwbf1fT9AedJzTcmpump,2026-08-21T18:46:44.767263+00:00,2026-08-21T18:56:53.946955+00:00,3.1712161190140727e-08,3.0554841420170035e-08,-0.001824725,time_stop,0,3.8913130981445314,7224.551334415703,47258.49046809502,875,835,1710,1.0818642294316747,4732.162176172561,,99.7755939079044,1787338045000,1227.728,2925.3671893740507,1.620689897,276.56,277.94,1923,52223.0,0.995,79.9,0,mcap;pool,2.09,3.64,no_exit_within_window,,0,0,live_higher,
2026-08-21,fcf88687-f21d-48a3-a285-c19fa8b4663e,5mH6W9832aYJfSxWSZoHD4uPZjYh3gMF123ZAnFwpump,2026-08-21T18:55:55.067771+00:00,2026-08-21T18:56:54.458113+00:00,4.784856331247164e-07,6.075445467996774e-07,0.013486185,trailing_stop,1,20.054720853678386,41643.00154831689,307208.60095159104,4174,3596,7770,1.0554432137247274,6937.564640875366,,50.12884330520435,1787338555000,1297.941,45149.3924801605,76.642715789,1795.77,1698.11,8064,329053.0,1.058,81.2,1,,-0.19,1.44,hard_stop,4.402067824747391e-07,0,1,live_lower,0
2026-08-21,c0237735-56f3-4927-a55c-2ffbe970cbc7,AxJLiEPVFyfiSzFJvKRJTH5GwedpyWs84fKMvsLVpump,2026-08-21T18:50:45.116935+00:00,2026-08-21T19:00:54.017895+00:00,2.9957644401931826e-08,2.9777825537113466e-08,-0.000300122,time_stop,0,5.184773994954427,6857.523859137586,58574.076433951115,1041,748,1789,1.0623346750025509,4525.8088951936825,,99.5858551650963,1787338275000,1348.934,2809.0481027809924,0.985658912,335.95,337.96,1946,63469.0,0.994,79.9,0,age;mcap;pool,0.44,0.5,no_exit_within_window,,0,0,live_higher,
2026-08-21,8c32c07d-509b-4f30-ae92-49213825b057,KezNS6Xh6t5f1KR5XbXYMbtp258TafhLJAmrVe8pump,2026-08-21T18:50:45.668752+00:00,2026-08-21T19:00:54.165215+00:00,2.859239385818726e-08,2.831100728589091e-08,-0.000492065,time_stop,0,1.4928059244791667,7857.5314654137355,43945.71652337402,536,402,938,1.0985664730169904,4820.015151026896,,100.0,1787338055000,1062.946,2673.7296202835414,0.230121376,267.57,270.34,1257,50660.0,0.99,79.8,0,mcap;pool,0.71,0.93,no_exit_within_window,,0,0,live_higher,
2026-08-21,79b5b1b9-0cc9-4271-900e-db87514af610,H1cSN4cgGoqHzKvdB32kigyxB3fCWjAe89vvXjRgRFyQ,2026-08-21T18:56:55.574280+00:00,2026-08-21T19:00:54.700672+00:00,2.0745500541909458e-07,2.3141906399949423e-07,0.005775724,trailing_stop,1,0.7748157796223958,8758.326771846361,3323.592528399717,76,39,115,1.3926107569830208,8240.436688377513,,97.9633060333159,1787338615000,1278.039,18747.067721268853,136.483608013,1634.42,1583.67,7897,303080.0,1.032,80.6,1,,4.22,3.02,trailing_stop,2.719482313866864e-07,1,1,live_higher,1
2026-08-21,acb46a33-9e9d-476e-8d23-099a3265e54b,EpX4eRMSiYFefrUri3VMJdnD9DtL1bXj22gewjSdpump,2026-08-21T18:56:24.468329+00:00,2026-08-21T19:06:54.034314+00:00,1.7322449428351525e-09,1.7447771915506635e-09,0.000361734,time_stop,1,0.7427894368489584,21222.43615328253,1396.4029414424074,38,27,65,1.2354517356548413,2902.195046942908,,100.0,1787338530000,1223.044,326.98310114831935,0.004641277,34.93,35.02,308,6588.0,0.997,79.9,0,mcap;pool,-0.21,0.1,no_exit_within_window,,0,0,live_lower,
2026-08-21,c91854e1-0daf-4436-85d7-3026f5693577,6vLdoeCym4Xoz4CciU1Qsw6ZwbiAwUarBjNkP13Umoon,2026-08-21T18:56:55.227780+00:00,2026-08-21T19:07:03.593867+00:00,3.611099436620053e-07,3.7020005148071623e-07,0.001258634,time_stop,1,0.809456103515625,31874.136558794642,7662.772454743287,22,0,22,7662.772454743287,7662.772454743286,,99.790958008453,1787338640000,1336.375,3116316.4932923215,7902.041284,442.66,0.91,45,41776.0,442.665,73.6,0,age;mcap,-98.91,-98.91,take_profit,9.027748591550133e-07,1,0,live_lower,1
2026-08-21,bc1fcb72-0d6c-46ca-ad4f-da1a36893f7f,G4oRwB2tS6ERYLFR5Bxn1cT5WBPNxsrxhrb5jGktpump,2026-08-21T22:00:41.421887+00:00,2026-08-21T22:02:09.690220+00:00,2.0098872735898486e-07,2.462332049063927e-07,0.011255476,hard_stop,1,16.30784084879557,16925.35312887801,209264.54077292292,3566,2416,5982,1.047743191345984,3905.712835213258,,63.03144767202874,1787349640000,976.665,18978.192747062254,42.243562341,1170.46,1109.33,6018,214710.0,1.055,81.1,1,,-0.26,-0.59,trailing_stop,2.2649594654163822e-07,1,1,live_lower,1
2026-08-21,6ec80564-c8ff-4049-ab0b-528e9b811dfd,2we6gs22d831KSjzQo9wcZV5W1e8hayHrSdZpa7Tpump,2026-08-21T22:01:41.154354+00:00,2026-08-21T22:02:39.620311+00:00,9.891790444230598e-08,9.10044720869215e-08,-0.004,hard_stop,0,10.239086869303385,9282.061789511761,87235.53137179054,1121,795,1916,1.0582647621165915,5298.354417164246,,86.5465244885853,1787349700000,613.254,9145.918927918765,26.495314353,475.01,454.1,1928,87503.0,1.046,80.9,1,,1.86,1.86,hard_stop,9.10044720869215e-08,0,1,live_higher,1
2026-08-21,3f0d3a08-8675-406f-b00a-ccdd1db41c57,G4oRwB2tS6ERYLFR5Bxn1cT5WBPNxsrxhrb5jGktpump,2026-08-21T22:02:10.451238+00:00,2026-08-21T22:03:39.660537+00:00,1.856302697561895e-07,1.7077984817569436e-07,-0.004,hard_stop,0,17.80046842854818,18145.265932592654,212861.7427649264,3622,2453,6075,1.0479658992234573,4070.8953620026246,,63.03144767202874,1787349730000,1066.665,18340.220418051944,41.234039433,1195.51,1135.14,6128,219501.0,1.053,81.1,1,,-4.68,-4.71,hard_stop,1.7077984817569436e-07,0,1,live_lower,1
2026-08-21,c5808090-22ec-43b5-874c-4fb07cad03e7,D13273yatPoSgDVEYDVkSSTuzeqjzZi86c7PQ8B1pump,2026-08-21T22:04:33.289973+00:00,2026-08-21T22:05:09.668123+00:00,1.5032470204451793e-07,1.382987258809565e-07,-0.004,hard_stop,0,13.77328837483724,14154.465990421722,54782.06625454986,1092,534,1626,1.161000505212516,6570.789149457003,,65.906149290369,1787349875000,827.503,14201.379039648384,39.670095713,311.02,271.35,1635,54848.0,1.146,82.9,1,,-0.31,-0.28,hard_stop,1.382987258809565e-07,0,1,live_lower,1
2026-08-21,a2a2abce-fe6d-4d7e-af6f-e45e7eba1519,8g2Z9sPJb3x5PN1P1GZbh6a9pu6naTycV1ACErKypump,2026-08-21T22:05:19.959945+00:00,2026-08-21T22:05:39.722425+00:00,1.929530188569812e-07,1.7751677734842271e-07,-0.004,hard_stop,0,2.7696966796875,16508.937344453545,44052.48891361062,675,477,1152,1.1747178036932173,7053.093430982641,,69.4185724543737,1787349920000,165.847,19028.24403597035,50.798938354,252.61,206.91,1192,43278.0,1.221,84.4,1,,-4.5,-4.47,hard_stop,1.7751677734842271e-07,0,1,live_lower,1
2026-08-21,e08ba4f5-6eb8-440e-b8f5-658713660bae,6zin4MsxH4MAmQABkbovLZBQcLpnfvo5oqTMW8WBpump,2026-08-21T22:08:41.113602+00:00,2026-08-21T22:09:09.557294+00:00,2.712442579072626e-07,2.495447172746816e-07,-0.004,hard_stop,0,3.801363818359375,26060.404068947544,47843.81780760229,656,481,1137,1.2711969581680038,8884.61177083879,,63.501013572032846,1787350120000,227.219,23389.44402503496,64.158020861,284.95,226.04,1162,48125.0,1.261,85.2,1,,9.22,10.0,hard_stop,2.495447172746816e-07,0,1,live_higher,1
2026-08-21,12aaf658-4f75-4023-a34d-4f87d48c3ab0,BCfkWN3gV1sum67Dwt5esQetv3sQHPa1Ww4kVzZ5HRoV,2026-08-21T22:13:08.542202+00:00,2026-08-21T22:13:39.686119+00:00,9.364581161008322e-08,8.615414668127656e-08,-0.004,hard_stop,0,2.0216545735677083,8833.724408785502,62128.388300125865,651,605,1256,1.0779693132123849,5188.254201313544,,85.1870872274118,1787350390000,122.669,7437.457029940218,23.420917254,332.41,323.85,1286,61807.0,1.026,80.5,1,,18.58,19.48,hard_stop,8.615414668127656e-08,0,1,live_higher,1
2026-08-21,89183a80-cb6f-4edb-a219-c3e93263f329,By8q5uwWKMzKGNTJwajsr4mzsCCGTAu4Kd3DFD3Upump,2026-08-21T22:13:51.297690+00:00,2026-08-21T22:15:19.600175+00:00,4.523012470184834e-07,5.033093102131868e-07,0.005638727,hard_stop,1,2.075171980794271,43412.7879596553,58971.309530682214,571,294,865,1.3365278615214782,6833.7643163680505,,33.07696253291846,1787350430000,123.371,46378.035365912285,75.656785338,375.68,284.63,915,62188.0,1.32,86.4,1,,-8.15,-2.18,trailing_stop,4.825915763282442e-07,1,1,live_lower,1
2026-08-21,67683f65-5bac-4b9b-9ef2-07ad9e10c80c,By8q5uwWKMzKGNTJwajsr4mzsCCGTAu4Kd3DFD3Upump,2026-08-21T22:15:20.811707+00:00,2026-08-21T22:16:49.663020+00:00,4.39303937820931e-07,4.510120333085075e-07,0.001332573,hard_stop,1,3.573102490234375,42665.62548020529,90616.40904991148,835,505,1340,1.2015373389221466,6843.508998901324,,33.07696253291846,1787350520000,213.371,40153.78856598681,72.285677405,565.65,479.36,1458,98419.0,1.18,83.6,1,,3.04,3.0,trailing_stop,4.616855378203303e-07,1,1,live_higher,1
2026-08-21,e96dd7fc-00a8-446d-bf78-6e7d454b0a5d,By8q5uwWKMzKGNTJwajsr4mzsCCGTAu4Kd3DFD3Upump,2026-08-21T22:16:50.079290+00:00,2026-08-21T22:17:59.559832+00:00,4.078534503734985e-07,3.7522517434361863e-07,-0.004,hard_stop,0,5.061787215169271,37860.54144262067,118454.88857923467,1052,719,1771,1.126562807749158,6789.017456787922,,33.07696253291846,1787350610000,303.371,39558.65999046396,69.559820795,687.12,600.23,1835,121242.0,1.145,82.9,1,,-2.9,-3.4,trailing_stop,4.1163184105600634e-07,1,1,live_lower,0
2026-08-21,e14ab42d-fea3-4456-a608-c7b6028c95e3,8j8yR1cbV5biKDC88f7yYcNC32U8YVgFieGZvStSpump,2026-08-21T22:17:58.840501+00:00,2026-08-21T22:19:09.630015+00:00,2.6644597139833525e-07,2.4513029368646846e-07,-0.004,hard_stop,0,11.282466471354166,24626.927291106666,50521.62124479505,494,337,831,1.3847100013696878,8642.697061632705,,71.2915570712653,1787350680000,678.14,26222.578019923967,67.045134965,256.26,196.46,845,42638.0,1.304,86.1,1,,-4.3,-5.0,trailing_stop,2.7286182267493614e-07,1,1,live_lower,0
2026-08-21,1b1e7ef6-4ae3-4b04-a264-f16a1586ee04,J1RNDQEj3HzznA5kGrVuv7DFUeBQ7dpgMKLPsHzkpump,2026-08-21T22:19:47.839402+00:00,2026-08-21T22:22:09.686537+00:00,8.659596264521918e-08,1.0202383791454562e-07,0.008907965,hard_stop,1,5.130691866048177,8144.29261749126,33621.476505364335,482,379,861,1.145447337007947,4948.725752254747,,85.45173540271972,1787350790000,309.632,8606.306004357017,24.236235576,174.7,153.46,869,30906.0,1.138,82.8,1,,-5.24,-5.2,hard_stop,7.966828563360165e-08,0,1,live_lower,0
2026-08-21,00808324-63a4-4b73-95db-d5a0c7ade3da,J1RNDQEj3HzznA5kGrVuv7DFUeBQ7dpgMKLPsHzkpump,2026-08-21T22:23:09.626470+00:00,2026-08-21T22:24:49.783698+00:00,1.2972782919817958e-07,1.1934960286232523e-07,-0.004,hard_stop,0,8.504826603190104,12164.360708381471,38594.160829450746,546,426,972,1.1953231597659626,6107.224778437551,,85.45173540271972,1787350990000,509.632,10755.083051133928,31.036505158,205.93,178.3,980,36188.0,1.155,83.1,1,,13.6,13.21,hard_stop,1.1934960286232523e-07,0,1,live_higher,1
2026-08-21,3c05fa28-c98b-45c5-9f83-cba2d4ef808a,2UjFsGRByjTXuU216mabiKVj39Q2DaAoDXiCbARbpump,2026-08-21T22:22:55.133387+00:00,2026-08-21T22:25:19.612496+00:00,6.341117671137929e-08,7.516307174639277e-08,0.009266422,trailing_stop,1,3.287450077311198,6189.6136754987565,65112.808075556946,654,372,1026,1.1018762186396482,6774.901970083123,,99.12122890535451,1787350975000,197.032,5866.925516566748,15.580199757,369.32,335.9,1066,66418.0,1.099,82.0,1,,1.79,1.81,hard_stop,5.833828257446895e-08,0,1,live_higher,0
2026-08-21,c28f9f84-2431-4fb1-ab04-f32c4feaeef0,Df7L153sotuTi3gmqFzZWnPLsqwRfxDmvfciRFdbpump,2026-08-21T22:23:19.130703+00:00,2026-08-21T22:25:19.810081+00:00,2.3032661825990326e-07,3.4658034814743584e-07,0.025236712,hard_stop,1,2.0240930135091144,21597.976156018554,53973.76487260389,562,458,1020,1.216153979182761,8080.886828624993,,53.3145761086554,1787351000000,122.079,30562.731900090184,61.694075661,357.83,307.11,1235,62624.0,1.165,83.3,1,,-29.02,-29.0,trailing_stop,3.1802375517188766e-07,1,1,live_lower,1
2026-08-21,27a24c15-4e0d-4a62-9bc0-830bb6259748,Df7L153sotuTi3gmqFzZWnPLsqwRfxDmvfciRFdbpump,2026-08-21T22:25:20.858974+00:00,2026-08-21T22:26:19.722280+00:00,2.3628279187792501e-07,2.1738016852769102e-07,-0.004,hard_stop,0,4.057156575520834,30650.214653276544,104420.0364473116,1250,980,2230,1.143179633355753,5536.437956546037,,53.3145761086554,1787351120000,242.079,26202.119399647923,55.891737324,604.16,556.16,2400,109279.0,1.086,81.7,1,,-15.07,-17.41,trailing_stop,2.7264893832719216e-07,1,1,live_lower,0
2026-08-21,422c3b8a-5d2d-48d3-8779-7c18974764d0,FuX82dbNCUSh7vhR8RrzhJjGs8HFmxS7CoaMjiSgpump,2026-08-21T22:28:39.234511+00:00,2026-08-21T22:29:19.639886+00:00,8.771470675211835e-08,1.7892909984452048e-07,0.051994926,hard_stop,1,2.2054963256835936,8257.186217374092,48987.93314038159,586,469,1055,1.0895167086388908,6280.243578976474,,71.3023133389077,1787351320000,132.74,13450.353911081125,38.838804928,295.55,258.0,1126,52133.0,1.146,82.9,1,,-38.58,-38.76,trailing_stop,1.4378438699089062e-07,1,1,live_lower,1
2026-08-21,2208107c-4276-453c-8be7-885bcdce404c,FuX82dbNCUSh7vhR8RrzhJjGs8HFmxS7CoaMjiSgpump,2026-08-21T22:29:20.229391+00:00,2026-08-21T22:31:19.730459+00:00,1.47637456570346e-07,1.493293661196614e-07,0.000572995,hard_stop,1,2.8975411783854166,15010.73411903986,56372.6232945563,687,533,1220,1.1490989669448974,6738.298081413899,,71.3023133389077,1787351360000,172.74,14284.724416795589,40.741536608,328.24,288.61,1269,58095.0,1.137,82.7,1,,-2.66,-2.94,hard_stop,1.3582646004471833e-07,0,1,live_lower,0
2026-08-21,c683d2fd-aa24-488f-b4af-c52c9bdb9653,FuX82dbNCUSh7vhR8RrzhJjGs8HFmxS7CoaMjiSgpump,2026-08-21T22:31:20.592821+00:00,2026-08-21T22:31:49.658362+00:00,1.3908045373184901e-07,1.279540174333011e-07,-0.004,hard_stop,0,4.903542569986979,12930.112501092144,63130.87592109006,789,629,1418,1.1147012697996084,6259.789600874746,,71.3023133389077,1787351480000,292.74,13241.25526162839,37.273763805,355.12,318.1,1424,63404.0,1.116,82.3,1,,-1.08,-1.09,hard_stop,1.279540174333011e-07,0,1,live_lower,1
2026-08-21,a31c1cbb-93f6-474a-b2f7-e49d547deb47,HonB9U1Ng4mjbh5S2V7Sn9T8fBwtuD3nedRx9z4sYBnK,2026-08-21T22:31:24.263843+00:00,2026-08-21T22:31:49.798389+00:00,1.4476752597641264e-07,1.3318612389829962e-07,-0.004,hard_stop,0,2.024057393391927,13830.936472555355,49712.43806449212,612,518,1130,1.195734354508472,4077.734363278079,,74.9598932683347,1787351485000,121.894,10679.166355640778,34.23737618,309.07,274.76,1338,54985.0,1.125,82.5,1,,27.67,27.67,hard_stop,1.3318612389829962e-07,0,1,live_higher,1
2026-08-21,d0ce9df4-de33-4f1f-862f-a8240d423ceb,AaTnenSiRPtst2wGjPyfXDAwtiThHWs84AFbZz1bpump,2026-08-21T22:33:33.213683+00:00,2026-08-21T22:33:49.642425+00:00,3.747298547153599e-07,3.4475146633813114e-07,-0.004,hard_stop,0,3.188168135579427,36034.69650782115,40230.87889738099,533,390,923,1.4621141181314796,10431.613239922775,,59.0510621976265,1787351615000,192.495,28098.406281133844,68.870842568,271.08,209.98,1048,45307.0,1.291,85.8,1,,25.6,25.58,hard_stop,3.4475146633813114e-07,0,1,live_higher,1
2026-08-21,76218985-b58e-4be0-8ab3-6e29faccc84d,HgYYCGTV5jk3GiYFuzH1u3aqcpaYaAncWCbna1QApump,2026-08-21T22:36:00.239329+00:00,2026-08-21T22:36:19.603584+00:00,1.4126181220612866e-07,1.2996086722963836e-07,-0.004,hard_stop,0,2.0198053141276042,15427.454380914822,68182.76182067386,607,738,1345,1.162821701512839,4316.5805622518465,,71.07139237044119,1787351760000,120.569,13233.58134964567,34.74684836,418.61,369.39,1444,74214.0,1.133,82.7,1,,0.53,0.55,hard_stop,1.2996086722963836e-07,0,1,live_higher,1
2026-08-21,c673b755-d021-430b-9d4e-8b7e8df65ab0,DDVu6Hys3PoBQEPYfnPuogUbepTooqDa2vSUEPi7X4PG,2026-08-21T22:39:01.322798+00:00,2026-08-21T22:39:19.608156+00:00,1.0951236923618335e-07,1.0075137969728869e-07,-0.004,hard_stop,0,2.639199405924479,11218.276391193487,44018.76915077247,379,317,696,1.1463590142287055,7556.625777461281,,75.5270755195923,1787351940000,156.655,8156.62375561721,39.267818142,255.91,239.05,749,46615.0,1.071,81.4,1,,26.45,26.4,hard_stop,1.0075137969728869e-07,0,1,live_higher,1
2026-08-21,bf8abcc6-fe32-4e4c-867e-1b6abbb0aa34,7X19ieF5G1bvWqKb1g7yoCo8LguQFjaGaVM1fXpWpump,2026-08-21T22:42:32.620878+00:00,2026-08-21T22:42:59.986948+00:00,9.334299206951316e-08,8.587555270395211e-08,-0.004,hard_stop,0,2.014048404947917,17538.696377881366,64329.46655191161,820,594,1414,1.1496786933534189,7297.608649834807,,69.5267468344997,1787352155000,123.177,7558.954725033703,23.30679146,387.51,371.62,1594,71495.0,1.043,80.9,1,,16.3,17.33,hard_stop,8.587555270395211e-08,0,1,live_higher,1
2026-08-21,9d586cbc-ae54-4d0f-a1c4-9a2f1e7f9382,AyDHJj5auU8oWBiw8MMKjCbCFuWL17oCSm1Cz5Zpump,2026-08-21T22:41:52.003067+00:00,2026-08-21T22:43:29.826993+00:00,4.6400992942532303e-07,5.441103372059528e-07,0.008631325,trailing_stop,1,14.502712927246094,42553.495441014966,167607.37513238005,1294,1459,2753,1.094428973132612,6988.080888330929,,56.51899958082304,1787352110000,868.217,45905.5382791494,76.535580043,956.71,864.01,2392,171475.0,1.107,82.1,1,,-4.8,-3.27,trailing_stop,5.931980407197598e-07,1,1,live_lower,1
2026-08-21,f954f80d-a3ff-43d2-ae68-b56176b58fc8,6J6ZEdcmMPmHoLvRKyuZLxuUF1BCTiVfZtSEQCLgpump,2026-08-21T22:40:18.210780+00:00,2026-08-21T22:43:59.654340+00:00,1.3536144389802357e-07,2.9326211115483694e-07,0.05832557,trailing_stop,1,15.304767488606771,12720.114639585878,80159.37731035007,785,569,1354,1.0879392226751792,6208.101087694187,,69.4835307699908,1787352020000,919.764,13666.910736794653,38.346507307,447.11,409.05,1359,80633.0,1.093,81.9,1,,-6.72,-6.75,trailing_stop,2.802598747161405e-07,1,1,live_lower,1
2026-08-21,4b421203-a948-4100-8cd3-ad1c64a93e96,6J6ZEdcmMPmHoLvRKyuZLxuUF1BCTiVfZtSEQCLgpump,2026-08-21T22:44:00.224010+00:00,2026-08-21T22:45:59.920226+00:00,2.4299963175850766e-07,2.786553226602867e-07,0.007336573,trailing_stop,1,19.01499268391927,22652.3680601457,91901.35460855633,938,651,1589,1.1259071609334168,8883.659810728403,,69.4835307699908,1787352240000,1139.764,21929.744698839593,57.478580129,519.85,463.56,1610,92617.0,1.121,82.4,1,,4.36,6.5,trailing_stop,2.7755105706338873e-07,1,1,live_higher,1
2026-08-21,f7de5a90-cf2c-4823-8a8b-a5bba012f3c8,AyDHJj5auU8oWBiw8MMKjCbCFuWL17oCSm1Cz5Zpump,2026-08-21T22:43:31.037321+00:00,2026-08-21T22:46:29.720602+00:00,5.382944656713785e-07,6.164804033755152e-07,0.007262376,trailing_stop,1,16.160551635742188,48349.711110210985,188579.01570506743,1412,1613,3025,1.0913635973263938,7664.682937440822,,56.51899958082304,1787352210000,968.217,51464.73567348877,82.531517244,1079.16,981.14,2635,194040.0,1.1,82.0,0,mcap,-1.49,0.44,trailing_stop,6.2458540298547e-07,1,0,live_lower,1
2026-08-21,4920bd42-9eab-4c59-b1a7-12fe6d06b0b0,9YJzAMEeVsXnArkQxW2FAT8kprAes7LWa6PmDs5Epump,2026-08-21T22:44:56.958451+00:00,2026-08-21T22:46:29.914677+00:00,4.2396898616036253e-07,4.619001043599309e-07,0.004473336,trailing_stop,1,2.719026212565104,38125.34261255131,263016.5083084631,1431,1031,2462,1.0697579343877177,7029.368865610825,,54.692604199688304,1787352295000,160.626,41478.669109227034,74.351422711,1408.47,1371.2,2500,261790.0,1.027,80.5,1,,-3.74,-3.54,trailing_stop,4.6000702719652966e-07,1,1,live_lower,1
2026-08-21,d7b025db-8eba-44d5-a423-cee5760f7b02,9YJzAMEeVsXnArkQxW2FAT8kprAes7LWa6PmDs5Epump,2026-08-21T22:46:30.461101+00:00,2026-08-21T22:47:29.792927+00:00,4.4744182914167325e-07,6.412424567748643e-07,0.021656517,trailing_stop,1,4.284817687988281,41079.51419312703,280685.46668194176,1653,1198,2851,1.0651893494288662,6885.2655506478695,,54.692604199688304,1787352390000,255.626,41568.219188291754,72.018941059,1504.7,1466.68,2890,279844.0,1.026,80.5,1,,1.38,0.7,trailing_stop,6.71506993334618e-07,1,1,live_higher,1
2026-08-21,280a4c92-1808-4260-b282-7d48b1cbd1c5,6J6ZEdcmMPmHoLvRKyuZLxuUF1BCTiVfZtSEQCLgpump,2026-08-21T22:46:01.234486+00:00,2026-08-21T22:47:59.672841+00:00,2.585081760355763e-07,2.636558607912614e-07,0.000995652,trailing_stop,1,21.030997961425783,24358.7090412913,98279.13341571219,1022,705,1727,1.125910324771079,8686.763103373218,,69.4835307699908,1787352360000,1259.764,26747.790804039916,65.61479681,557.57,492.24,1730,98871.0,1.133,82.7,1,,-8.98,-9.47,trailing_stop,2.783269801227343e-07,1,1,live_lower,1
2026-08-21,a71015b1-3d87-4cd1-8671-15407c1e2902,5VideYzEv6a8kuibYGQcdh8hD7vSXYUsYe55e6U1pump,2026-08-21T22:48:15.504768+00:00,2026-08-21T22:48:59.848506+00:00,7.781288067931783e-08,9.496087622096121e-08,0.011018738,hard_stop,1,2.028830078125,7135.079233003356,61359.27265811629,676,582,1258,1.0777563259330836,4764.880313131346,,92.83249753248559,1787352495000,121.213,7055.951873309755,20.865869552,339.3,325.19,1336,62582.0,1.043,80.9,1,,3.86,3.88,take_profit,1.9453220169829457e-07,1,1,live_higher,1
2026-08-21,72565b5c-c562-4678-a3df-96a78b260af3,9YJzAMEeVsXnArkQxW2FAT8kprAes7LWa6PmDs5Epump,2026-08-21T22:47:47.822593+00:00,2026-08-21T22:49:59.630281+00:00,4.503640852223043e-07,6.419536605786825e-07,0.021270521,trailing_stop,1,5.573325476074219,40568.68201985955,302999.2228201435,1892,1336,3228,1.0582342020383053,7510.316796556853,,54.692604199688304,1787352470000,335.626,48741.29978864672,79.675655058,1635.04,1588.58,3291,303601.0,1.029,80.6,1,,-12.98,-11.87,trailing_stop,6.391525186726293e-07,1,1,live_lower,1
2026-08-21,f03e8398-7b77-48fd-a93c-cb220e7cc751,5VideYzEv6a8kuibYGQcdh8hD7vSXYUsYe55e6U1pump,2026-08-21T22:49:00.753534+00:00,2026-08-21T22:50:29.662729+00:00,9.457958272675928e-08,2.3644895681689822e-07,0.075,hard_stop,1,2.790034676106771,9029.115231104228,71315.56503148093,744,653,1397,1.0766411862473853,5212.166684016145,,92.83249753248559,1787352540000,166.213,8271.325011362713,28.046421399,358.31,340.14,1422,65780.0,1.053,81.1,1,,7.69,9.02,take_profit,2.3644895681689822e-07,1,1,live_higher,1
2026-08-21,b1a9736b-7a30-4654-94cd-ea688d8a1c20,4WhGbLDkkXHrpVSzeMisnNW3284sws6uToRg1Q6gpump,2026-08-21T22:49:58.372540+00:00,2026-08-21T22:50:29.838184+00:00,1.9310577893924257e-07,1.7765731662410316e-07,-0.004,hard_stop,0,2.0270559448242187,18766.787385410153,48247.79622859635,474,393,867,1.2974817216131977,7543.20930073001,,71.7074383287524,1787352600000,123.08,19024.58583793226,54.032832107,264.42,213.78,941,45037.0,1.237,84.7,1,,-4.4,-9.01,trailing_stop,2.1252829618854548e-07,1,1,live_lower,0
2026-08-21,f50c4cef-d779-4dfa-bf49-f0ba749db7b4,5VideYzEv6a8kuibYGQcdh8hD7vSXYUsYe55e6U1pump,2026-08-21T22:50:30.659737+00:00,2026-08-21T22:50:59.723644+00:00,2.6405554182549896e-07,2.4293109847945906e-07,-0.004,hard_stop,0,4.286915974934896,17780.855656151685,116485.65356427967,946,838,1784,1.0848465650697956,7604.611233083885,,92.83249753248559,1787352630000,256.213,23738.715563750997,62.267861081,552.74,497.67,1863,98928.0,1.111,82.2,1,,4.76,4.76,hard_stop,2.4293109847945906e-07,0,1,live_higher,1
2026-08-21,6b529b8c-31cb-4db5-999a-01730ad631a2,F5pw6roEGuodK51CmfPEQhKR4A3BcauurbYn6h8adaos,2026-08-21T22:50:36.521692+00:00,2026-08-21T22:51:59.712428+00:00,1.3336058658748806e-07,1.22691739660489e-07,-0.004,hard_stop,0,2.35920205078125,12490.224329986982,56937.91685779359,431,316,747,1.0392527904552133,3758.206016299419,,72.75360604468621,1787352635000,140.319,11911.718546943594,39.162370021,254.76,209.3,749,43705.0,1.217,84.3,1,,5.44,0.9,trailing_stop,1.380766300035852e-07,1,1,live_higher,0
2026-08-21,54d6c1a9-d30d-42e9-92d5-158f20584a3e,5hcePzFSh7ZvsJyk5REd7HprKGcbc13F9cYT5Ap6pump,2026-08-21T22:53:31.547314+00:00,2026-08-21T22:53:59.804681+00:00,3.342465351977812e-07,3.075068123819587e-07,-0.004,hard_stop,0,2.1324920735677084,30799.81763483367,67957.74969939157,517,386,903,1.3466153756137227,6045.628786001301,,72.89226055903536,1787352810000,127.331,,50.882276513,372.28,310.46,1033,64300.0,1.199,54.0,0,mcap,54.94,54.46,hard_stop,3.075068123819587e-07,0,0,live_higher,1
2026-08-21,ca7b36ae-cba2-4aec-978a-4d8469013994,Eq1vCB9ZVzqFsRyUwPYCUMadsNBJsC14V47GZaDxpump,2026-08-21T22:58:58.530036+00:00,2026-08-21T22:59:29.775087+00:00,1.8746971050662687e-07,1.7247213366609672e-07,-0.004,hard_stop,0,9.713586149088542,16593.049807139167,101434.2769147544,772,690,1462,1.198474673428977,7123.545592231998,,76.098068267617,1787353140000,583.769,15637.372220968273,43.180152646,467.82,425.71,1483,84153.0,1.099,82.0,1,,12.91,12.94,hard_stop,1.7247213366609672e-07,0,1,live_higher,1
2026-08-21,ebbb5d82-94f5-4c18-8a03-340c131136db,Fp7UyvtuFpkaBVdiuSHENXkvvkbnHtP4NfdwLZBzhmzX,2026-08-21T23:12:16.468048+00:00,2026-08-21T23:12:29.671673+00:00,3.862739597600608e-07,3.55372042979256e-07,-0.004,hard_stop,0,2.0248694702148438,29789.563835701356,252867.71270937318,1946,1609,3555,1.064874122709598,6160.503712457525,,55.349352398053476,1787353935000,120.052,33278.90780546203,64.116225579,1440.32,1354.01,3700,263170.0,1.064,81.3,1,,9.32,10.19,hard_stop,3.55372042979256e-07,0,1,live_higher,1
2026-08-21,ef03b3eb-d5e5-4d22-b9f8-cee15740f8b9,4GQN66bhzi1w5JdNmg2EBSnD87iCWTYHFBQEA7tPpump,2026-08-21T23:13:14.366951+00:00,2026-08-21T23:13:59.691968+00:00,5.148918578517099e-07,5.866244885521839e-07,0.006965796,trailing_stop,1,2.022812703450521,48455.246856456324,69314.58003296985,651,310,961,1.2985285419222885,7415.124021533489,,34.66808256216242,1787353995000,121.928,55444.68862896529,87.263643177,454.07,351.57,1064,75875.0,1.292,85.8,0,mcap,-12.54,-14.16,trailing_stop,5.769356005137607e-07,1,0,live_lower,1
2026-08-21,4c668eb5-349a-4936-a063-a10c430379c4,CGtx7VrjrvnNg3zox65v3ctd3o4UdNdWbdeX9EP9pump,2026-08-21T23:16:18.443381+00:00,2026-08-21T23:16:59.698525+00:00,2.823085176624228e-07,3.1026159884857423e-07,0.004950804,hard_stop,1,2.6233967447916666,24044.113579225053,54797.622907854915,555,402,957,1.2327925435655638,9019.31507063414,,63.8476779836843,1787354180000,159.485,30212.642043357835,71.619136326,344.58,273.06,1058,58169.0,1.262,85.2,1,,-12.0,-11.02,trailing_stop,3.143808579580662e-07,1,1,live_lower,1
2026-08-21,0d26cd74-262f-4372-a037-205a9ca5c273,CGtx7VrjrvnNg3zox65v3ctd3o4UdNdWbdeX9EP9pump,2026-08-21T23:17:00.626603+00:00,2026-08-21T23:18:59.775205+00:00,2.7195511854658367e-07,5.755992612521945e-07,0.05582615,hard_stop,1,3.3383783203125,29287.139291670763,66968.20292302295,745,527,1272,1.218543034342385,9885.813228158724,,63.8476779836843,1787354220000,199.485,25291.97063068353,63.234861905,413.33,350.46,1378,71934.0,1.179,83.6,1,,1.27,1.3,take_profit,6.798877963664592e-07,1,1,live_higher,1
2026-08-21,f4236ebd-db95-4a3a-b621-e7b7d8dd98ec,CGtx7VrjrvnNg3zox65v3ctd3o4UdNdWbdeX9EP9pump,2026-08-21T23:19:09.038910+00:00,2026-08-21T23:19:59.820274+00:00,4.985331548635992e-07,5.449553247959891e-07,0.004655876,hard_stop,1,5.478035335286458,48724.93260996666,139943.84815389835,1580,1477,3057,1.1373589020400994,7667.589272102539,,63.8476779836843,1787354350000,329.485,48396.91401040048,80.325199369,827.16,729.99,3188,146652.0,1.133,82.7,1,,-2.99,-3.12,trailing_stop,5.050070832316363e-07,1,1,live_lower,1
2026-08-21,77ac14af-ee21-4ce4-b946-db98bbc87974,CGtx7VrjrvnNg3zox65v3ctd3o4UdNdWbdeX9EP9pump,2026-08-21T23:20:10.425864+00:00,2026-08-21T23:20:29.681273+00:00,4.871868154366062e-07,4.482118702016777e-07,-0.004,hard_stop,0,6.4992245524088545,45474.966485429046,161648.63448084358,1884,1746,3630,1.1118128024153529,7266.366171596645,,63.8476779836843,1787354410000,389.485,45651.73406009966,76.808762768,916.9,821.82,3675,163753.0,1.116,82.3,1,,0.51,0.3,trailing_stop,5.774592084569076e-07,1,1,live_higher,0
2026-08-21,5dcaf785-7e24-41cd-a55c-8deec830b564,64qLJzh2hZjXmQY8a3LaYECdWdzVnR5PKfxCmfK4XFrh,2026-08-21T23:23:48.577207+00:00,2026-08-21T23:24:29.723288+00:00,1.440263095747037e-07,1.3250420480872742e-07,-0.004,hard_stop,0,2.0261795450846356,13079.344161507783,83235.74915403797,836,719,1555,1.1216922269898946,3533.546066955358,,72.5879375881197,1787354630000,123.012,14987.933854562509,41.574481469,466.88,417.85,1585,83324.0,1.117,82.3,1,,-9.5,-8.89,hard_stop,1.3250420480872742e-07,0,1,live_lower,1
2026-08-21,0f240399-3da7-4a78-a4c1-7b43c0ba956e,64rDNd8tVoobA91UE8UZRapk3Emqn7DxtXbhvhioA5ek,2026-08-21T23:24:03.164558+00:00,2026-08-21T23:24:29.870655+00:00,1.145899747368583e-07,1.0542277675790963e-07,-0.004,hard_stop,0,10.873827185058595,10952.568885639968,52068.24459548858,1046,478,1524,1.1182024367191734,5748.198372192952,,78.3535729293001,1787354645000,654.424,10873.14833374884,31.752407186,289.24,263.22,1522,52031.0,1.099,82.0,1,,-0.75,-0.72,hard_stop,1.0542277675790963e-07,0,1,live_lower,1
2026-08-21,09441088-2472-4912-bb31-1a587e899e53,3BJGrMooDU1SVnExKRd19KwydvGfaYWB8JGQynbzpump,2026-08-21T23:28:57.386544+00:00,2026-08-21T23:29:29.830291+00:00,2.2101267199377875e-07,2.0333165823427646e-07,-0.004,hard_stop,0,2.023532067871094,22027.81126733614,43049.57936963986,647,447,1094,1.2841334382898197,8200.92945902901,,67.2951824406732,1787354935000,118.611,22127.35219447382,62.943164182,271.11,217.64,1178,46030.0,1.246,84.9,1,,-5.93,-5.97,hard_stop,2.0333165823427646e-07,0,1,live_lower,1
2026-08-21,dbab3e9f-eeda-447f-8daa-58aae1e91fd9,CqqgHwTEAR6AXLfjQyxLUkZwpYvYCLuJBXbxYj7fqZy6,2026-08-21T23:31:32.131196+00:00,2026-08-21T23:32:39.687020+00:00,2.823100877795858e-07,3.4944470710276136e-07,0.011890227,hard_stop,1,3.7355745361328125,30448.46623788046,45562.352350019995,540,398,938,1.369349160385583,5504.483794954611,,64.19690894736253,1787355090000,221.697,27153.596958871723,58.64260629,278.67,212.05,970,46216.0,1.314,86.3,1,,-2.08,-10.84,hard_stop,2.5972528075721896e-07,0,1,live_lower,0
2026-08-21,edffb50e-1b3c-4296-8959-62203122db2d,CqqgHwTEAR6AXLfjQyxLUkZwpYvYCLuJBXbxYj7fqZy6,2026-08-21T23:32:40.505594+00:00,2026-08-21T23:33:39.731071+00:00,2.837965939441127e-07,2.610928664285837e-07,-0.004,hard_stop,0,4.885713273111979,34061.93312160883,60714.053400739474,676,631,1307,1.270128391198943,6012.407994420785,,64.19690894736253,1787355160000,291.697,32959.1822087492,66.408752566,409.15,333.83,1455,69974.0,1.226,84.5,1,,-18.91,-19.01,trailing_stop,3.4296027356736266e-07,1,1,live_lower,0
2026-08-21,2f3ed41a-7e11-42dd-b342-71bf7712f180,EaurvJEjWT74bYaG1f3eHx2mWRUZzDrFJz8fgB7c8nV9,2026-08-21T23:38:44.274055+00:00,2026-08-21T23:40:03.408345+00:00,1.0254583397933709e-07,9.434216726099012e-08,-0.004,hard_stop,0,3.2191682373046877,10564.101876742801,38309.52588922066,566,463,1029,1.1601715067107052,5658.813355975781,,82.5476749010395,1787355525000,193.875,9751.452808988923,28.21778774,208.32,192.44,1040,37744.0,1.083,81.7,1,,-0.96,4.95,hard_stop,9.434216726099012e-08,0,1,live_lower,1
2026-08-21,9bba4d84-ee89-41d7-9626-50d92b4cb699,99qDvLDoUNJ7EvHWUWDhHoiPDYjuokdPnWYqU8ngpump,2026-08-21T23:41:12.184370+00:00,2026-08-21T23:42:33.401613+00:00,2.2980727282210868e-07,2.1142269099634e-07,-0.004,hard_stop,0,2.0206351318359377,19900.362842770435,39143.240907686704,498,394,892,1.2884307261489416,7753.128501324626,,67.8993689263381,1787355670000,118.865,22182.373263164685,57.10910391,251.92,198.5,990,42421.0,1.269,85.4,1,,-2.43,-2.17,hard_stop,2.1142269099634e-07,0,1,live_lower,1
2026-08-21,888a122a-7b61-407b-98ff-76d743b7fcd0,4Cd3561ucBDvVhvEdxSTMv9EwLNvM8mPZW5maY8dYMiq,2026-08-21T23:41:49.857115+00:00,2026-08-21T23:43:18.441691+00:00,4.1270478798551054e-07,3.796884049466697e-07,-0.004,hard_stop,0,8.685054166666667,33553.178201066876,20457.42117669027,126,104,230,0.6873964376323332,6708.517477000005,,67.81256229285204,1787355710000,520.831,,71.332263216,278.1,251.61,588,49888.0,1.105,52.1,0,mcap,-1.19,0.16,hard_stop,3.796884049466697e-07,0,0,live_lower,1
2026-08-21,5da9a6a5-8525-44a6-ac62-0bfb653bc561,EGBdLLQT7KCWwZZ3AbqYs3zuXhq6xGi7gi5UNvhypump,2026-08-21T23:45:00.832131+00:00,2026-08-21T23:45:48.390904+00:00,1.4493291589003538e-07,1.3333828261883255e-07,-0.004,hard_stop,0,2.015416357421875,13927.39730895575,50645.09415986588,698,537,1235,1.1568533104414969,6564.618231884124,,76.7693129337577,1787355900000,119.615,16642.822969157027,45.915236521,297.46,255.54,1279,52081.0,1.164,83.3,1,,-17.98,-19.04,hard_stop,1.3333828261883255e-07,0,1,live_lower,1
2026-08-21,02c718b8-0963-4d9d-88ca-558835949a0d,9ZyxX9mFakQunLsdKweT76PFixLTermyKypMaZjqpump,2026-08-21T23:46:28.769170+00:00,2026-08-21T23:46:48.365633+00:00,1.1686918746299553e-07,1.0751965246595589e-07,-0.004,hard_stop,0,2.3463336385091145,11158.265661595698,38162.3302357295,972,432,1404,1.1696372791446619,5807.32653605027,,77.7339411663127,1787355990000,141.577,8922.678772775818,29.908345713,221.55,199.33,1440,39638.0,1.111,82.2,1,,23.36,29.21,hard_stop,1.0751965246595589e-07,0,1,live_higher,1
2026-08-21,b006882d-adb4-4c92-95b5-81a40d074165,Esx8jKTMoSk4JenGQcTcV8eEQsdL16NXS42kSSPVpump,2026-08-21T23:50:10.817065+00:00,2026-08-21T23:50:53.402389+00:00,3.870656484795326e-07,5.798648185732171e-07,0.024905229,hard_stop,1,12.997619360351562,30069.771996087118,50126.84494827083,663,453,1116,1.3106628054261764,9534.042729896464,,63.9135162579287,1787356210000,778.632,38696.69459936377,85.005360144,337.9,253.18,1182,55668.0,1.335,86.7,1,,-5.8,-5.1,hard_stop,3.5610039660117e-07,0,1,live_lower,0
2026-08-21,ae183b7e-5dd5-45a0-b42f-f5ebe00622ad,GYDqnArinZo7HQAM1VumajPySmUM4panxU61uxqXpump,2026-08-21T23:50:27.472565+00:00,2026-08-21T23:50:53.565370+00:00,1.3036546033472547e-07,1.1993622350794743e-07,-0.004,hard_stop,0,2.014231290690104,11689.957886161856,55446.32931266716,647,687,1334,1.1198632032760474,5942.626636858033,,78.45847232949531,1787356225000,118.226,12715.558915089197,36.934537243,314.71,281.78,1358,56177.0,1.117,82.3,1,,-3.44,0.79,hard_stop,1.1993622350794743e-07,0,1,live_lower,1
2026-08-21,bed8b9c5-75ca-4744-8c76-6395b00d141b,Esx8jKTMoSk4JenGQcTcV8eEQsdL16NXS42kSSPVpump,2026-08-21T23:50:56.626970+00:00,2026-08-21T23:51:23.380794+00:00,4.7072134427589544e-07,4.330636367338238e-07,-0.004,hard_stop,0,13.771987280273438,45134.55460982302,90043.19605485523,981,721,1702,1.2158780384898333,7643.8559314916,,63.9135162579287,1787356255000,823.632,40703.18184638581,75.960534805,536.74,448.43,1751,92783.0,1.197,83.9,1,,8.92,24.67,hard_stop,4.330636367338238e-07,0,1,live_higher,1
2026-08-21,c24080e9-4a6d-40eb-a7ba-f8274fb4bab7,FYJptd1r1QSLq5o65iYMF97MRz3Ym8RQSexJhBgrpump,2026-08-21T23:52:14.419056+00:00,2026-08-21T23:54:53.400290+00:00,5.118425097613374e-07,7.239758338421882e-07,0.020722519,hard_stop,1,3.3092022054036456,44252.31905068025,67596.87424036502,741,370,1111,1.2843361013322512,7910.7197228965415,,31.11497775077521,1787356335000,198.764,46427.818576625854,84.232316805,424.3,331.29,1163,71161.0,1.281,85.6,1,,3.83,3.91,trailing_stop,7.560352154624879e-07,1,1,live_higher,1
2026-08-21,40cbb191-d4c3-4595-81ad-83c21ddfbca0,FYJptd1r1QSLq5o65iYMF97MRz3Ym8RQSexJhBgrpump,2026-08-21T23:54:54.743034+00:00,2026-08-21T23:55:53.354395+00:00,5.597612648600082e-07,5.149803636712076e-07,-0.004,hard_stop,0,5.989567370605469,45677.77118814613,116803.7675675734,1250,718,1968,1.1585848601081044,8252.804396101945,,31.11497775077521,1787356495000,358.764,59542.62463316545,88.813018661,704.25,596.35,2057,122490.0,1.181,83.6,0,mcap,-11.46,-12.37,hard_stop,5.149803636712076e-07,0,0,live_lower,1
